# Aspose.3D Wavefront OBJ Exporter
# Copyright 2004-2025 Aspose Pty Ltd.
# File created: 11/19/2025 22:53:12

mtllib material.lib
g Bulbasaur

#
# object Bulbasaur
#

v 0 38.107605 2.82306
v 0 38.450905 5.8937
v 4.233991 38.004906 3.21586
v 3.92461 38.342403 6.079511
v 1E-06 38.734703 8.587621
v 4.153201 38.609104 8.769031
v 6.868031 37.7483 4.36675
v 7.26436 37.972504 6.493441
v 9.11275 37.2427 3.374321
v 7.86717 38.204205 9.048901
v 10.3599 37.4573 6.436881
v 10.7069 37.717003 9.41724
v 12.9524 35.944702 3.12846
v 14.038 36.140404 6.707751
v 16.8521 33.9439 3.587131
v 14.531101 36.450504 10.277901
v 17.3894 34.285202 7.617071
v 17.7313 34.742702 11.4384
v 20.158 31.222605 4.40014
v 20.3203 31.891006 8.903041
v 23.0093 27.765602 5.36047
v 20.0539 32.988403 12.630501
v 23.0381 28.471203 10.860201
v 21.9659 30.401104 14.388601
v 24.7115 24.398102 11.0369
v 24.876198 23.652699 5.97036
v 23.7259 26.850403 14.5163
v 23.2182 27.499205 16.3605
v 24.099102 24.582703 15.491901
v 23.556398 24.494402 18.4024
v 25.558 21.3256 11.7631
v 24.6479 21.5788 17.1179
v 23.215597 22.015001 20.0872
v 25.1997 19.586597 6.60773
v 25.953201 19.215 12.561201
v 25.4899 17.787998 9.00522
v 23.5909 15.0022 5.56659
v 23.053303 14.499 7.1667
v 20.474003 11.1205 5.12561
v 19.441898 11.1597 6.69944
v 16.671 8.38636 6.27797
v 15.7816 8.562009 8.14054
v 11.4183 6.337701 10.1882
v 11.6693 6.902969 11.852901
v 24.876 19.538898 17.4037
v 22.1955 19.215199 21.0936
v 22.9077 18.095798 20.9824
v 22.1897 19.708702 21.659101
v 18.7279 17.6504 22.5107
v 18.7408 16.5252 22.114002
v 15.0133 16.1039 22.8463
v 18.782 15.1629 21.982399
v 14.6197 13.883699 22.0314
v 14.677101 12.024799 21.582897
v 12.521999 15.2159 23.0389
v 10.7229 10.180399 20.396
v 11.625901 9.380239 19.7085
v 12.5071 13.931801 22.397001
v 10.3588 14.558001 23.181702
v 10.2794 12.579701 22.142101
v 7.43726 13.9093 23.3162
v 7.3727 11.6026 21.981503
v 3.75204 13.5783 23.3694
v 9.43602 7.14859 15.790701
v 10.412401 7.515779 16.0399
v 7.717351 4.949171 9.897822
v 7.186901 6.465611 15.319403
v 7.42474 8.810932 19.160402
v 3.58086 11.029801 21.783102
v 3.64326 8.283291 18.930101
v 3.73494 5.901441 14.814002
v 0 13.3816 23.4141
v 0 10.749201 21.689302
v 0 8.178061 18.890202
v 0 5.735661 14.750302
v -4.233991 38.004906 3.21586
v -3.92461 38.342403 6.079511
v -6.868031 37.7483 4.36675
v -4.153199 38.609104 8.769031
v -7.26436 37.972504 6.493441
v -7.867169 38.204205 9.048901
v -9.11275 37.2427 3.374321
v -10.3599 37.4573 6.436881
v -12.9524 35.944702 3.12846
v -10.706899 37.717 9.417241
v -14.038 36.140404 6.707751
v -14.5311 36.4505 10.277901
v -16.8521 33.9439 3.587131
v -17.3894 34.285202 7.617071
v -20.158 31.222605 4.40014
v -17.7313 34.742702 11.438401
v -20.3203 31.891005 8.903041
v -20.0539 32.9884 12.630502
v -23.0093 27.765602 5.360471
v -23.038097 28.471205 10.860201
v -21.9659 30.4011 14.388601
v -24.711498 24.398102 11.036901
v -24.876198 23.652702 5.970361
v -23.7259 26.8504 14.516301
v -23.2182 27.499203 16.360502
v -24.0991 24.582703 15.491901
v -23.5564 24.4944 18.402401
v -25.557999 21.325602 11.763101
v -24.6479 21.578802 17.1179
v -23.2156 22.014997 20.0872
v -25.199697 19.586601 6.607731
v -25.9532 19.215002 12.561201
v -25.489899 17.788 9.005221
v -23.5909 15.002202 5.566591
v -23.053299 14.499002 7.166701
v -20.474 11.120501 5.125611
v -19.441896 11.159701 6.699441
v -16.670998 8.386361 6.27797
v -15.781599 8.562011 8.140541
v -11.4183 6.337701 10.188201
v -11.669299 6.902971 11.852901
v -24.875996 19.5389 17.4037
v -22.195498 19.215202 21.0936
v -22.907698 18.0958 20.982403
v -22.1897 19.7087 21.659101
v -18.7279 17.6504 22.510702
v -18.740799 16.525202 22.114002
v -15.0133 16.103903 22.846302
v -18.781998 15.162901 21.982399
v -14.619699 13.883702 22.0314
v -14.6771 12.024801 21.5829
v -12.521999 15.2159 23.0389
v -12.507099 13.931801 22.397003
v -10.358801 14.557999 23.181702
v -10.2794 12.579702 22.142101
v -7.437261 13.9093 23.3162
v -10.7229 10.180402 20.396
v -7.372701 11.6026 21.981503
v -3.75204 13.5783 23.3694
v -11.6259 9.380241 19.7085
v -7.42474 8.810932 19.160402
v -3.58086 11.029801 21.783102
v -9.43602 7.148591 15.790701
v -7.717351 4.949171 9.897822
v -10.412401 7.515781 16.0399
v -7.186901 6.465611 15.319403
v -3.64326 8.283291 18.930101
v -3.73494 5.901441 14.814002
v 22.943398 21.548002 26.756798
v 22.7458 20.5601 25.1474
v 23.268497 22.245304 25.2475
v 23.571098 22.183401 24.094498
v 22.5237 20.0672 23.2286
v 23.730398 24.073103 24.992298
v 23.6079 22.100002 22.3236
v 23.873398 24.638205 23.588697
v 24.046799 24.852304 21.4171
v 23.854498 26.511303 25.209297
v 23.815098 25.487503 26.024296
v 23.7563 27.782904 23.059797
v 23.72 28.777306 18.7992
v 23.422798 27.609404 27.776598
v 23.5133 28.821903 25.002098
v 23.6783 30.195604 21.545698
v 23.2979 31.014004 24.392197
v 22.7469 31.083303 27.535498
v 23.0208 31.762804 16.8611
v 23.1001 33.182404 19.763199
v 22.7267 33.932205 23.483196
v 21.8143 34.216805 27.457798
v 21.9624 37.037903 22.181698
v 21.951601 36.094105 18.227299
v 21.354202 34.600105 15.0805
v 21.943398 30.846905 30.426998
v 22.686098 27.412304 30.182396
v 23.518497 25.960203 27.919096
v 22.864998 25.781605 29.8908
v 20.7751 33.959705 30.828598
v 20.4617 37.834003 27.7266
v 18.9338 37.179905 31.688202
v 20.418201 39.001305 17.455797
v 19.0512 36.651104 13.784
v 21.644201 38.760002 21.665396
v 20.596598 39.5634 26.521097
v 18.4476 39.270203 30.399998
v 17.215 41.165302 29.485998
v 17.2636 38.912903 32.3783
v 14.948201 40.680405 32.8111
v 12.474001 43.726204 29.2212
v 11.454601 42.292503 33.0768
v 16.619802 40.7439 15.442999
v 15.572401 38.447605 12.4332
v 12.388202 42.602905 15.595098
v 11.412601 40.079002 11.8267
v 8.268332 43.3243 14.8589
v 10.610603 44.297 18.5434
v 8.070482 40.9038 11.6548
v 4.170872 41.4123 11.440001
v 7.958083 45.0179 18.371498
v 10.130301 45.2055 22.2279
v 4.224723 43.8794 14.6149
v 2E-06 41.6614 11.2665
v 7.803413 45.879 22.283596
v 4.088614 45.6724 18.297302
v 3E-06 44.0698 14.539
v -4.170868 41.4123 11.440001
v -4.224717 43.8794 14.614901
v 3.922933 46.5639 22.278599
v 3E-06 45.8569 18.258999
v -4.088607 45.6724 18.297302
v -8.070478 40.9038 11.654801
v -8.268327 43.3243 14.8589
v -11.412599 40.079 11.826701
v -7.958077 45.0179 18.371502
v 7.923482 46.0047 26.311005
v 10.832701 45.099403 26.3193
v 3.897933 46.6557 26.2613
v 3E-06 46.8022 22.2407
v 3E-06 46.912 26.250004
v -3.922927 46.5639 22.278599
v -7.803407 45.879 22.283604
v -3.897927 46.6557 26.2613
v 2E-06 46.0662 30.047798
v 3.958762 45.7842 30.039898
v 8.087742 45.0571 29.950798
v 7.680801 43.4411 33.310196
v 3.849322 44.1306 33.4636
v 2E-06 44.3989 33.529095
v -3.958758 45.7842 30.039898
v -3.849318 44.1306 33.4636
v -7.680799 43.4411 33.310196
v -7.923478 46.0047 26.311005
v -8.087738 45.0571 29.950806
v -11.454599 42.292496 33.0768
v -10.130299 45.205498 22.227901
v -10.832699 45.099396 26.319302
v -12.473999 43.726196 29.221203
v -14.948199 40.680397 32.8111
v -17.215 41.165295 29.486002
v -17.2636 38.912895 32.3783
v -10.610598 44.297 18.543402
v -12.388198 42.602898 15.5951
v -15.572399 38.4476 12.433202
v -16.619799 40.743893 15.443002
v -19.0512 36.6511 13.784002
v -20.418198 39.001297 17.455801
v -21.3542 34.6001 15.080502
v -21.951597 36.094097 18.227303
v -21.644197 38.759995 21.6654
v -23.0208 31.7628 16.861101
v -21.9624 37.037895 22.181702
v -20.5966 39.563396 26.521101
v -23.1001 33.182396 19.763203
v -23.72 28.7773 18.799202
v -18.4476 39.270195 30.399998
v -20.4617 37.833996 27.7266
v -18.9338 37.179897 31.688202
v -20.7751 33.959698 30.828598
v -21.8143 34.216797 27.457802
v -21.943401 30.846897 30.427002
v -22.7267 33.932198 23.483204
v -23.6783 30.195597 21.545702
v -23.2979 31.013996 24.392204
v -23.7563 27.782896 23.059801
v -24.046803 24.852297 21.4171
v -22.7469 31.083296 27.535501
v -23.5133 28.821896 25.002102
v -23.422802 27.609396 27.776602
v -23.854502 26.511295 25.209301
v -23.873402 24.638197 23.588701
v -23.607903 22.099998 22.323603
v -22.5237 20.067198 23.2286
v -23.5711 22.183395 24.0945
v -22.7458 20.560099 25.147402
v -23.730402 24.073097 24.992302
v -23.815102 25.487495 26.024303
v -23.268501 22.245296 25.247503
v -22.9434 21.547997 26.756802
v -22.686102 27.412296 30.182404
v -23.518501 25.960196 27.919104
v -22.865002 25.781597 29.8908
v -24.000801 24.819996 26.509602
v -23.308903 24.528296 29.7302
v -23.833801 24.737097 27.881704
v -24.007002 23.808096 25.929703
v -23.781902 23.408697 27.5427
v -23.5421 22.429096 25.752703
v -23.384802 21.955698 27.170002
v -23.342302 23.088196 29.474503
v -22.988602 21.710396 29.134804
v -22.364302 21.303299 28.547005
v -21.6012 21.598396 26.5271
v -21.256302 21.426596 28.134003
v -20.501202 21.103897 30.677303
v -21.389204 20.914696 31.186302
v -22.144001 21.276796 31.717203
v -22.445902 22.644695 32.109905
v -22.320202 24.077896 32.292603
v -21.863401 25.334396 32.477005
v -20.876204 20.814796 34.521503
v -21.043104 22.121496 34.922203
v -20.723501 23.545897 35.07721
v -20.476202 24.721497 35.227703
v -18.967703 20.311396 37.294098
v -19.033705 21.543797 37.6617
v -18.844105 22.909197 37.7787
v -18.410105 24.027096 37.8267
v -16.573605 22.416296 40.130203
v -15.848702 23.459497 40.163
v -20.186504 20.504396 33.964104
v -18.594404 19.971796 36.9382
v -16.903605 19.802197 39.8387
v -16.842703 20.992395 40.109596
v -16.517803 19.435797 39.408905
v -14.180203 21.949099 42.104
v -14.414504 20.372599 42.2544
v -14.490504 19.273897 42.1443
v -13.618704 23.236498 41.7719
v -11.078403 21.548597 43.843796
v -10.550303 23.065998 42.9282
v -7.401783 22.951298 44.4132
v -11.234004 19.942198 44.2209
v -7.697494 21.353899 45.2347
v -3.853913 22.817 45.4945
v -19.317804 20.621197 33.5734
v -17.911505 20.101496 36.159798
v -15.931904 19.560698 38.602
v -13.564204 19.050299 40.8385
v -14.170504 18.898197 41.7669
v -10.619104 18.523397 42.9536
v -11.315605 18.830297 44.2899
v -11.078705 18.350498 43.910797
v -7.407444 18.051998 44.3631
v -7.715484 19.624598 45.696796
v -7.739654 18.424997 45.823795
v -7.644904 17.851799 45.3668
v -3.957754 17.7042 45.3599
v -4.167954 17.423 46.2729
v -4E-06 17.3832 46.059196
v -3.933414 21.24 46.5916
v -4.027824 19.5195 47.037704
v -4.146874 18.1151 46.9101
v -5E-06 16.9556 47.0076
v -4E-06 17.7628 47.716095
v -3E-06 22.7663 45.865795
v -4E-06 21.1669 47.1877
v -4E-06 19.4596 47.919495
v 4.027816 19.5195 47.037704
v 3.933406 21.24 46.5916
v 3.853907 22.817 45.4945
v 4.146866 18.1151 46.9101
v 4.167946 17.423 46.2729
v 7.739645 18.425001 45.823795
v 7.715476 19.624601 45.696796
v 7.697487 21.353903 45.2347
v 7.401777 22.951302 44.4132
v 3.957746 17.7042 45.3599
v 7.644896 17.851803 45.3668
v 7.407436 18.052002 44.3631
v 11.078695 18.350502 43.910797
v 10.619095 18.523401 42.9536
v 11.315596 18.830301 44.2899
v 14.170496 18.898201 41.7669
v 13.564197 19.050303 40.8385
v 11.233996 19.942202 44.2209
v 14.490497 19.273901 42.1443
v 16.517796 19.435804 39.408905
v 15.931896 19.560701 38.602
v 11.078396 21.548601 43.843796
v 14.414496 20.372602 42.2544
v 16.903597 19.802204 39.8387
v 10.550296 23.066002 42.9282
v 13.618696 23.236502 41.7719
v 14.180196 21.949102 42.104
v 15.848697 23.459501 40.163
v 16.842695 20.992403 40.109596
v 16.573597 22.416304 40.130203
v 19.033697 21.543804 37.6617
v 18.967695 20.311403 37.294098
v 18.594397 19.971804 36.9382
v 17.911497 20.101503 36.159798
v 18.410097 24.027103 37.8267
v 18.844097 22.909204 37.7787
v 20.476198 24.721504 35.2277
v 20.723497 23.545904 35.0772
v 21.863398 25.334404 32.477
v 21.043097 22.121504 34.922203
v 22.320198 24.077904 32.2926
v 20.876196 20.814804 34.5215
v 22.445898 22.644703 32.1099
v 23.308899 24.528303 29.7302
v 20.186497 20.504404 33.964096
v 22.143997 21.276804 31.717196
v 23.342299 23.088203 29.474499
v 23.833797 24.737104 27.881697
v 19.317797 20.621204 33.5734
v 21.389196 20.914703 31.186298
v 20.501198 21.103905 30.677296
v 22.988598 21.710403 29.1348
v 22.364298 21.303305 28.547
v 21.256298 21.426603 28.133999
v 21.601198 21.598402 26.527098
v 23.384798 21.955704 27.169998
v 23.781898 23.408705 27.5427
v 23.542099 22.429102 25.752699
v 24.006998 23.808104 25.929699
v 24.000797 24.820004 26.509598
v 12.618302 -0.004545 17.471199
v 11.490803 1.27234 17.0806
v 12.991102 -0.005305 15.448898
v 12.358602 0.862281 14.753899
v 10.995102 2.715 16.752398
v 14.330602 -3.87282E-15 13.671498
v 12.078602 2.31916 13.957799
v 10.676901 4.20759 16.403297
v 14.399702 0.822197 12.499898
v 16.976002 -0.003073 13.069298
v 11.939301 3.86721 13.146299
v 10.521603 5.58088 16.1369
v 14.514603 2.20026 11.417898
v 17.615301 0.788639 12.037498
v 19.495302 -0.003001 13.645998
v 11.823202 5.351981 12.5445
v 10.492801 6.59714 16.0441
v 14.734503 3.96226 10.464299
v 18.282202 2.56202 10.566199
v 20.647001 1.18102 12.667598
v 21.276602 -4.3638807E-15 15.404998
v 11.803501 6.33431 12.163499
v 15.025101 5.78062 9.51267
v 15.314502 7.370649 8.72514
v 18.813803 4.58909 9.3916
v 19.090303 6.795179 8.317639
v 19.2733 9.280409 7.370199
v 21.543503 3.10838 11.620399
v 22.288603 5.51706 10.367799
v 22.647203 8.30615 9.064199
v 22.7258 11.8066 7.87827
v 22.770803 1.53406 14.5979
v 23.806501 3.92007 13.558699
v 23.5448 1.89022 17.0201
v 21.723602 -4.9457034E-15 17.458899
v 24.792402 6.802441 12.5542
v 24.767204 4.64606 16.36
v 25.449604 10.0584 11.4751
v 25.637804 7.6754 15.655999
v 25.5476 14.116 10.192099
v 26.145903 11.0869 14.8525
v 26.383202 15.2266 13.7534
v 25.0014 15.5251 18.1722
v 24.762503 11.4752 19.131699
v 22.8364 14.520599 20.996098
v 24.206999 8.07043 19.690397
v 22.0895 10.9423 21.614597
v 18.7838 12.7507 22.414299
v 23.563902 5.13893 19.8904
v 21.432802 7.77311 21.998302
v 18.338203 9.889731 22.610102
v 14.505501 10.349199 21.7205
v 22.665401 2.35662 19.9801
v 20.7365 5.037899 22.0302
v 17.8266 7.19704 22.645
v 14.328903 8.35087 21.758303
v 11.590702 8.14903 19.5529
v 11.653803 6.78819 19.649302
v 14.224102 6.332271 21.722797
v 11.782302 5.14762 19.7551
v 17.401102 4.73901 22.4931
v 14.155301 4.2127 21.5805
v 12.015802 3.3993 19.7667
v 20.042 2.41579 21.8856
v 17.0496 2.38652 22.1975
v 14.1758 2.14985 21.4158
v 12.4041 1.72447 19.7714
v 13.178999 -5.5482903E-15 19.5861
v 14.584599 -6.0075668E-15 21.207397
v 17.0333 -6.1801963E-15 21.8168
v 19.495 -6.0166038E-15 21.2393
v 21.0313 -5.6632437E-15 19.991898
v 20.7821 0.102892 19.6711
v 20.6445 0.094524 21.1807
v 19.5061 0.082906 20.2956
v 19.6335 0.090767 20.8773
v 18.4731 0.104712 20.8836
v 18.8386 0.100363 21.534298
v 19.847202 0.107892 21.9073
v 19.440702 0.114823 22.297901
v 20.0357 0.111471 22.7993
v 20.3832 0.111471 22.1161
v 18.4043 0.102892 20.9898
v 17.941898 0.094524 22.4334
v 17.0231 0.082906 21.322199
v 17.021 0.090767 21.9177
v 16.1024 0.100363 22.3862
v 15.6715 0.10906 20.9571
v 17.005901 0.107892 22.9694
v 16.5242 0.114823 23.2624
v 16.996 0.111471 23.8811
v 17.4837 0.111471 23.2897
v 15.563 0.098708 20.912899
v 15.1803 0.094524 21.567
v 14.393799 0.090767 20.863197
v 14.546601 0.111471 22.303
v 14.150001 0.107892 21.8864
v 13.942 0.111471 22.7741
v 13.616101 0.114823 22.067501
v 13.3951 0.100363 21.120499
v 13.2857 0.10906 19.6318
v -12.618302 -0.004545 17.471199
v -12.991102 -0.005305 15.448899
v -11.490801 1.27234 17.0806
v -12.358601 0.862281 14.7539
v -14.330602 -3.8728206E-15 13.671499
v -10.995101 2.715 16.752398
v -14.399701 0.822197 12.499899
v -16.976002 -0.003073 13.069299
v -12.0786 2.31916 13.9578
v -10.676901 4.20759 16.4033
v -17.6153 0.788639 12.037499
v -19.495302 -0.003002 13.645999
v -14.514601 2.20026 11.417899
v -11.9393 3.867209 13.1463
v -10.521601 5.58088 16.136902
v -20.647 1.18102 12.667599
v -21.276602 -4.363881E-15 15.404999
v -18.2822 2.56202 10.566199
v -14.734501 3.96226 10.4643
v -11.823201 5.35198 12.544501
v -10.492801 6.59714 16.044102
v -22.770803 1.53406 14.5979
v -21.543503 3.10838 11.620399
v -18.8138 4.589089 9.3916
v -15.025101 5.78062 9.51267
v -11.8035 6.33431 12.1635
v -15.3145 7.370649 8.72514
v -19.0903 6.795179 8.31764
v -19.2733 9.280409 7.3702
v -22.2886 5.517059 10.3678
v -22.647202 8.306149 9.0642
v -22.7258 11.8066 7.878271
v -23.8065 3.92007 13.5587
v -24.792402 6.80244 12.5542
v -25.4496 10.058399 11.4751
v -25.5476 14.116 10.192101
v -23.544802 1.89022 17.020098
v -24.767202 4.64606 16.36
v -25.6378 7.675399 15.656001
v -26.1459 11.0869 14.852501
v -26.3832 15.226601 13.7534
v -25.0014 15.525101 18.1722
v -24.7625 11.475199 19.1317
v -22.8364 14.520599 20.9961
v -24.206999 8.070429 19.690397
v -22.089499 10.942299 21.6146
v -18.783798 12.7507 22.414303
v -23.5639 5.13893 19.8904
v -21.4328 7.77311 21.9983
v -18.338202 9.88973 22.610102
v -14.5055 10.3492 21.7205
v -21.723602 -4.9457034E-15 17.458899
v -22.665401 2.35662 19.9801
v -21.031301 -5.6632437E-15 19.991898
v -20.736502 5.0379 22.030201
v -20.042 2.41579 21.885597
v -19.495003 -6.0166033E-15 21.239298
v -17.826601 7.19704 22.645
v -17.4011 4.73901 22.4931
v -17.049603 2.38652 22.1975
v -17.033302 -6.180195E-15 21.816795
v -14.584601 -6.0075664E-15 21.207396
v -14.328901 8.35087 21.758303
v -14.224101 6.332271 21.722801
v -14.1553 4.2127 21.5805
v -14.175802 2.14985 21.4158
v -13.179001 -5.54829E-15 19.586098
v -11.5907 8.14903 19.5529
v -11.653801 6.78819 19.649302
v -11.782301 5.147619 19.7551
v -12.015801 3.3993 19.7667
v -12.404102 1.72447 19.7714
v -20.782103 0.102892 19.671099
v -19.5061 0.082906 20.295599
v -20.6445 0.094524 21.180698
v -18.473103 0.104712 20.883598
v -19.633501 0.090767 20.877298
v -18.8386 0.100363 21.534296
v -19.847202 0.107892 21.907299
v -19.440702 0.114823 22.2979
v -20.035702 0.111471 22.799297
v -20.383202 0.111471 22.116098
v -15.671502 0.10906 20.957096
v -16.102402 0.100363 22.386196
v -17.023102 0.082906 21.322197
v -17.021002 0.090767 21.917698
v -17.9419 0.094524 22.433397
v -18.4043 0.102892 20.989798
v -17.005903 0.107892 22.969398
v -17.483702 0.111471 23.289698
v -16.996002 0.111471 23.881098
v -16.524202 0.114823 23.262398
v -13.285702 0.10906 19.631798
v -13.395101 0.100363 21.120497
v -14.393801 0.090767 20.863195
v -13.616103 0.114823 22.0675
v -14.150002 0.107892 21.886398
v -13.942002 0.111471 22.774097
v -14.546603 0.111471 22.303
v -15.180302 0.094524 21.566998
v -15.563002 0.098708 20.912899
v 19.889997 21.900703 30.3792
v 20.818098 22.236904 27.900898
v 21.286198 22.413702 26.138597
v 21.129 21.652403 25.387499
v 21.3918 20.9223 26.140999
v 21.0026 21.004 27.8937
v 19.3056 22.137505 22.178099
v 19.531998 20.314203 22.336199
v 20.7899 20.300098 27.6255
v 19.7029 20.039198 30.354801
v 19.514 19.4876 26.102999
v 15.555898 20.338701 19.773796
v 15.386498 19.585102 22.122698
v 19.5706 19.354599 30.1452
v 16.914 18.780096 33.962402
v 18.8916 18.644299 28.6837
v 14.921999 18.9267 25.0441
v 17.6822 18.4109 29.712002
v 16.759 18.085596 33.8311
v 14.169 17.737597 36.844
v 16.641397 23.341204 25.673998
v 15.376698 22.779102 19.7348
v 11.936297 19.241102 22.521297
v 11.776198 19.718102 20.299898
v 11.445598 20.283201 18.002499
v 16.6178 18.4292 29.5474
v 14.174198 20.0222 25.939
v 16.5117 17.585596 33.0067
v 15.670801 19.2891 30.2034
v 13.238798 23.968502 25.125097
v 11.082399 23.222801 17.926798
v 7.447429 19.869303 19.120499
v 7.155408 20.390202 16.975798
v 7.532238 19.449001 21.163801
v 10.965399 20.445303 23.5765
v 13.8792 17.121696 36.7491
v 11.0731 16.911196 39.334297
v 13.9641 16.748396 35.6361
v 15.5957 18.629797 33.2732
v 17.841898 22.954103 27.259195
v 16.115997 22.996204 28.385696
v 3.664669 19.9502 18.438297
v 3.718778 19.5722 20.6652
v 7.226008 20.810001 22.414501
v 12.568399 20.7612 28.6879
v 12.9269 20.2383 31.0317
v 10.134199 21.2072 26.992203
v 10.1478 20.898499 31.483803
v 12.9262 19.576397 33.518
v 13.6782 17.757397 35.5551
v 11.0299 15.987297 37.7784
v 10.8151 16.337397 39.040695
v 7.74937 16.319696 40.819397
v 6.934159 21.5183 26.1843
v 6.88675 21.2371 31.5998
v 10.1591 20.007095 34.1904
v 12.5233 18.807297 34.9778
v 10.4249 18.492897 36.3789
v 6.9014 20.244097 34.880196
v 10.6448 16.913996 37.7862
v 6.98486 18.341196 37.5147
v 7.40787 15.409197 39.3802
v 7.28976 16.405895 39.2964
v 7.59456 15.731197 40.4311
v 3.69182 15.167698 40.1643
v 3.92001 15.860497 41.9122
v 3.84244 15.194298 41.497
v 0 15.703497 42.1904
v 3.606769 21.0159 22.085
v 3.49298 21.7617 26.2085
v 3.47261 21.375797 31.872501
v 3.49529 20.309795 35.375
v 3.537 18.151796 38.3928
v 3.64084 16.201296 40.264496
v 0 15.054197 40.4565
v 0 15.028597 41.7496
v -3.84244 15.194298 41.497
v -3.92001 15.860497 41.9122
v -2E-06 19.63 20.6154
v -2E-06 21.0986 22.0829
v -1E-06 21.842897 26.2207
v 0 21.412798 31.9797
v 0 20.288897 35.575897
v 0 18.079897 38.7604
v 0 16.156996 40.482002
v -3.64084 16.201296 40.264496
v -3.537 18.151796 38.3928
v -3.49529 20.309795 35.375
v -3.47261 21.375797 31.872501
v -3.49298 21.7617 26.2085
v -3.606772 21.0159 22.085
v -3.69182 15.167698 40.1643
v -7.28976 16.405895 39.2964
v -6.98486 18.341196 37.5147
v -6.9014 20.244097 34.880196
v -6.886751 21.237099 31.5998
v -6.934161 21.518297 26.1843
v -7.59456 15.731197 40.4311
v -7.40787 15.409197 39.3802
v -10.6448 16.913996 37.7862
v -10.4249 18.492897 36.3789
v -10.1591 20.007095 34.1904
v -7.74937 16.319696 40.819397
v -10.8151 16.337397 39.040695
v -11.0731 16.911196 39.334297
v -11.0299 15.987297 37.7784
v -13.8792 17.121696 36.7491
v -14.169 17.737597 36.844
v -13.6782 17.757397 35.5551
v -13.9641 16.748396 35.6361
v -16.759 18.085596 33.8311
v -16.914 18.780096 33.962402
v -12.5233 18.807297 34.9778
v -12.9262 19.576397 33.518
v -15.5957 18.629797 33.2732
v -16.5117 17.585596 33.0067
v -10.1478 20.898499 31.483803
v -12.926901 20.2383 31.0317
v -15.670801 19.2891 30.2034
v -12.568401 20.761198 28.6879
v -10.134201 21.207197 26.992203
v -14.174202 20.022198 25.939
v -10.965403 20.4453 23.576502
v -16.617802 18.429197 29.5474
v -17.682201 18.410898 29.712002
v -14.922003 18.9267 25.044102
v -11.936303 19.241098 22.521301
v -19.5706 19.354599 30.1452
v -18.891602 18.644299 28.6837
v -19.7029 20.039198 30.354801
v -20.789902 20.300098 27.6255
v -21.0026 21.003998 27.8937
v -19.514 19.487598 26.103
v -21.3918 20.922297 26.141
v -15.386502 19.585098 22.122702
v -19.532001 20.314196 22.336203
v -21.129002 21.652397 25.387503
v -21.286201 22.413696 26.138601
v -19.305603 22.137497 22.178102
v -15.555902 20.338697 19.773804
v -11.776202 19.718098 20.299902
v -7.532242 19.448997 21.163801
v -7.226011 20.809998 22.414501
v -3.718782 19.5722 20.6652
v -7.447432 19.869299 19.120499
v -3.664671 19.9502 18.438297
v -11.445601 20.283197 18.002502
v -7.155411 20.390198 16.975798
v -15.376702 22.779099 19.7348
v -11.082401 23.222797 17.926802
v -16.641401 23.341196 25.674002
v -13.238802 23.968498 25.125101
v -1E-06 19.8611 18.3717
v -3.414321 20.4837 16.3656
v -6.877201 23.544298 16.921398
v -17.841902 22.954096 27.259203
v -16.116001 22.996197 28.385704
v 3.414319 20.4837 16.3656
v -1E-06 20.419 16.2629
v -1E-06 23.7435 16.1022
v -3.41202 23.7259 16.2368
v -6.489261 24.930298 24.111502
v -9.791352 24.528399 24.6162
v -3.236651 25.2428 23.728102
v -1E-06 25.2925 23.2715
v 3.412019 23.7259 16.2368
v 6.8772 23.544302 16.921398
v 3.236649 25.2428 23.728102
v -2E-06 24.2077 30.1752
v -3.939532 24.063 30.4907
v -8.745482 23.464098 31.467701
v -13.539402 23.172298 30.310602
v 6.489259 24.930302 24.111502
v 3.939528 24.063 30.4907
v -2E-06 22.8789 35.6101
v -3.763492 22.6212 35.7097
v -20.818102 22.236897 27.900902
v -19.890001 21.900696 30.3792
v -18.631104 21.487396 33.2199
v 9.791348 24.528402 24.6162
v 8.745477 23.464102 31.467701
v 13.539398 23.172302 30.310598
v 3.763488 22.6212 35.7097
v -3E-06 20.7192 40.1963
v -7.450943 22.158197 36.3338
v -12.297003 21.871698 35.1328
v -3.594763 20.6534 40.1634
v -14.334403 21.959198 33.646103
v 12.296997 21.871702 35.1328
v 7.450937 22.158201 36.3338
v 3.594757 20.6534 40.1634
v -6.802703 20.431398 40.0849
v -10.448503 21.049198 37.9002
v -15.270204 20.450397 37.914597
v -17.236504 20.968395 35.6964
v 18.631096 21.487404 33.2199
v 14.334397 21.959202 33.646103
v 17.236496 20.968403 35.6964
v 15.270196 20.450401 37.914597
v 10.448496 21.049202 37.9002
v 12.923296 19.955301 39.9881
v 6.802697 20.431402 40.0849
v 9.105696 20.240103 40.0586
v 10.125096 19.484802 42.074196
v 7.031016 19.024502 43.471
v 3.713036 18.7277 44.2557
v -4E-06 18.5941 44.4778
v -3.713044 18.7277 44.2557
v -7.031024 19.024498 43.471
v -10.125104 19.484798 42.074196
v -9.105703 20.240099 40.0586
v -12.923304 19.955297 39.9881
v 7.356227 25.989502 43.8808
v 3.767227 26.5538 44.851196
v 6.266688 30.588602 43.408104
v -3E-06 26.5823 45.1369
v 3.555798 30.5924 44.102898
v -3.767233 26.5538 44.851196
v -2E-06 30.4953 44.3603
v -3.555802 30.5924 44.102898
v 6.005389 33.9532 42.2305
v 7.745099 31.548302 42.6845
v 8.078348 33.7353 41.6837
v 3.198489 34.0139 42.827805
v -7.356232 25.989498 43.8808
v -6.266692 30.588598 43.408104
v -1E-06 34.0139 43.058
v -3.198491 34.0139 42.827805
v 0 37.087 41.277805
v 3.215389 37.0303 41.079105
v 6.18681 36.7969 40.5415
v 8.662169 36.1861 40.1244
v -6.005391 33.9532 42.2305
v -3.21539 37.0303 41.079105
v 0 39.8057 39.1097
v 3.37135 39.6724 38.973
v 6.58751 39.2647 38.5794
v 9.4431 38.4493 38.2167
v -7.745101 31.548298 42.6845
v -8.078352 33.7353 41.6837
v -6.18681 36.7969 40.5415
v -8.662171 36.1861 40.1244
v -3.37135 39.6724 38.973
v -6.58751 39.2647 38.5794
v -9.4431 38.4493 38.2167
v 1E-06 42.2239 36.527596
v -3.615369 42.0247 36.4372
v -7.147279 41.4895 36.210102
v -10.4594 40.5358 35.927303
v 3.615371 42.0247 36.4372
v 7.147281 41.4895 36.210102
v 10.4594 40.5358 35.927303
v 19.458698 17.7626 24.2229
v 16.0877 16.1153 24.9556
v 19.9954 18.084398 26.1239
v 16.8056 16.161898 27.2223
v 13.2118 14.898199 25.552
v 22.1492 19.845198 27.4216
v 20.0666 18.156998 28.0882
v 10.3733 13.982699 26.0215
v 13.708601 14.735398 28.2362
v 17.1124 16.265697 29.6172
v 22.446 20.9702 28.0854
v 20.8919 18.772497 30.2167
v 20.9745 20.0242 30.973803
v 19.7687 17.945498 29.742802
v 17.3218 16.589499 31.9431
v 17.9752 17.515896 33.9164
v 17.9718 18.737297 34.6305
v 14.0361 14.856798 31.116001
v 14.4162 15.367697 34.0625
v 15.1048 16.328596 37.0029
v 14.985 17.679796 37.597595
v 10.5556 13.661098 29.084
v 10.8644 13.764198 32.373703
v 11.2203 14.330196 35.8734
v 11.7541 15.222097 39.6562
v 11.6007 16.665195 40.3155
v 7.09804 13.259698 26.3796
v 6.99013 12.861898 29.7307
v 7.14722 12.929298 33.3711
v 7.48302 13.487198 37.197
v 8.10295 14.556297 41.0975
v 8.13419 15.965496 41.9572
v 4.0652 15.488497 43.0062
v 0 15.279697 43.3665
v 3.95306 14.001896 42.0693
v 0 13.908697 42.3202
v 0 12.971197 38.357
v 3.77441 13.123497 38.0007
v 0 12.357998 34.115097
v 3.62027 12.578197 33.9514
v 0 12.346598 30.102602
v 3.55724 12.474797 30.0606
v 0 12.783998 26.627502
v 3.63115 12.932398 26.5821
v -19.4587 17.762598 24.2229
v -19.9954 18.084398 26.1239
v -16.0877 16.115297 24.9556
v -16.8056 16.161898 27.2223
v -13.2118 14.898199 25.552002
v -22.1492 19.845198 27.4216
v -20.0666 18.156998 28.0882
v -10.373301 13.982699 26.0215
v -13.708601 14.735398 28.2362
v -17.1124 16.265697 29.6172
v -22.446 20.970198 28.085402
v -20.8919 18.772497 30.2167
v -20.9745 20.024199 30.973803
v -19.7687 17.945498 29.742802
v -17.3218 16.589499 31.9431
v -17.9752 17.515896 33.9164
v -17.9718 18.737297 34.6305
v -14.0361 14.856798 31.116001
v -14.4162 15.367697 34.0625
v -15.1048 16.328596 37.0029
v -14.985 17.679796 37.597595
v -10.5556 13.661098 29.084
v -10.8644 13.764198 32.373703
v -11.2203 14.330196 35.8734
v -11.7541 15.222097 39.6562
v -11.6007 16.665195 40.3155
v -7.098041 13.259698 26.3796
v -6.99013 12.861897 29.7307
v -7.14722 12.929298 33.3711
v -7.48302 13.487198 37.197
v -8.10295 14.556297 41.0975
v -8.13419 15.965496 41.9572
v -4.0652 15.488497 43.0062
v -3.95306 14.001896 42.0693
v -3.77441 13.123497 38.0007
v -3.62027 12.578197 33.9514
v -3.55724 12.474797 30.0606
v -3.63115 12.932398 26.5821
v 19.182 1.10754 21.5773
v 17.9952 2.23455 18.8464
v 19.8094 1.51981 21.5054
v 19.1317 3.09123 18.639
v 20.3855 2.2109 18.3266
v 19.5725 0.535023 22.187
v 19.9708 0.695499 22.451
v 20.225 0.541229 22.0595
v 20.3667 1.122061 21.3427
v 18.3092 2.2109 19.5913
v 17.6356 1.122061 22.5312
v 17.043 1.51981 22.5673
v 17.0175 3.09123 19.6237
v 15.8631 2.23455 19.5793
v 17.3415 0.541229 23.2001
v 17.0084 0.695499 23.527
v 16.677 0.535023 23.1828
v 16.4283 1.10754 22.5028
v 16.1575 2.2109 18.873
v 14.86 1.122061 21.5958
v 14.2604 1.51981 21.5003
v 14.8897 3.09123 18.6235
v 13.7726 2.23455 18.3288
v 14.4274 0.541229 22.1846
v 14.0311 0.695499 22.4312
v 13.7825 0.535023 22.0231
v 13.6878 1.10754 21.3053
v 20.139101 -3.1E-05 16.017199
v 18.838701 -0.000744 14.919198
v 17.006601 -0.000483 16.028898
v 16.988802 -0.00071 14.518098
v 15.181902 -3.1E-05 14.932498
v 14.111402 -3.1E-05 16.039497
v 17.023901 -0.000259 17.496698
v 13.818802 -3.1E-05 17.498398
v 14.2344 -3.2E-05 19.0053
v 20.503801 -3.1E-05 17.494698
v 20.1425 -3E-05 19.0279
v 17.0418 -3E-05 19.016
v 15.3466 -3E-05 20.1713
v 17.0511 -3E-05 20.612799
v 18.8512 -3E-05 20.1954
v -20.366701 1.122061 21.342697
v -20.385502 2.2109 18.326597
v -19.809402 1.51981 21.505398
v -19.131702 3.09123 18.639
v -17.995201 2.23455 18.846397
v -20.225002 0.541229 22.059498
v -19.970802 0.695499 22.450998
v -19.572502 0.535023 22.186998
v -19.182001 1.10754 21.577297
v -15.863102 2.23455 19.579298
v -16.428303 1.10754 22.502798
v -17.043001 1.51981 22.567299
v -17.017502 3.09123 19.623697
v -18.309202 2.2109 19.591297
v -16.677002 0.535023 23.182798
v -17.008402 0.695499 23.526999
v -17.341501 0.541229 23.200098
v -17.635601 1.122061 22.531199
v -14.860002 1.122061 21.595798
v -16.157501 2.2109 18.872997
v -14.260401 1.51981 21.500298
v -14.889702 3.09123 18.623499
v -13.772602 2.23455 18.328798
v -14.427402 0.541229 22.184599
v -14.031102 0.695499 22.431198
v -13.782502 0.535023 22.023098
v -13.687802 1.10754 21.305298
v -20.139101 -3.1E-05 16.017199
v -18.838701 -0.000744 14.919199
v -17.006601 -0.000483 16.028898
v -16.988802 -0.000711 14.518099
v -15.181902 -3.1E-05 14.932499
v -14.111402 -3.1E-05 16.039497
v -17.023901 -0.000259 17.496698
v -13.818802 -3.1E-05 17.498398
v -14.234401 -3.2E-05 19.005299
v -20.503801 -3.1E-05 17.494698
v -20.142502 -3E-05 19.027899
v -17.041801 -3E-05 19.015999
v -15.346601 -3E-05 20.171299
v -17.051102 -3E-05 20.612797
v -18.851202 -3E-05 20.195396
v 15.699401 45.0261 17.215899
v 13.936001 46.2267 19.1861
v 13.394901 46.7576 22.1596
v 17.084799 47.526 20.328499
v 16.770998 47.822 22.340298
v 18.532 43.366302 17.042997
v 18.356798 46.6187 18.861797
v 20.504297 48.2173 21.670998
v 20.476599 48.3082 22.224798
v 20.743797 47.9421 21.191198
v 20.1321 45.4311 18.951097
v 21.2208 41.6671 18.518698
v 21.021297 48.1538 21.950897
v 21.017097 48.199398 22.224897
v 21.413097 48.0499 22.130596
v 21.120298 48.0339 21.710098
v 21.304598 47.6432 21.201698
v 21.392899 47.9055 21.722898
v 21.617498 47.7146 21.859398
v 21.666899 44.4468 19.906399
v 21.820099 47.2815 21.491898
v 22.0461 41.3721 21.746597
v 22.157497 44.212 21.929897
v 21.877098 47.1684 22.165699
v 21.630396 47.6318 22.174599
v 21.583797 47.6627 22.373497
v 21.767199 47.2625 22.654598
v 21.448599 47.8071 22.559097
v 21.703098 44.6153 24.392597
v 21.436798 47.5544 23.071598
v 21.195099 48.0173 22.573196
v 21.3568 41.950005 25.527098
v 20.249498 45.6382 25.663097
v 20.892597 47.9661 23.093597
v 18.8252 43.6083 27.721498
v 18.450499 46.8396 25.588497
v 15.6427 45.576805 27.555698
v 20.610899 48.196896 22.764797
v 17.196098 47.626503 24.399797
v 13.9475 46.5439 25.4141
v 21.078897 48.135498 22.435898
v -15.6994 45.026096 17.2159
v -13.935999 46.226696 19.1861
v -13.394899 46.757595 22.1596
v -17.0848 47.525997 20.328499
v -16.771002 47.82199 22.340298
v -18.532 43.366295 17.043
v -18.3568 46.61869 18.861797
v -20.504301 48.2173 21.670998
v -20.476603 48.3082 22.224798
v -20.743801 47.942097 21.191198
v -20.1321 45.43109 18.951097
v -21.2208 41.667095 18.5187
v -21.021301 48.1538 21.950897
v -21.0171 48.199398 22.224897
v -21.4131 48.0499 22.130596
v -21.120302 48.0339 21.710098
v -21.304602 47.643196 21.201698
v -21.392902 47.905495 21.722898
v -21.617502 47.714596 21.859398
v -21.6669 44.446796 19.906399
v -21.820103 47.281498 21.491898
v -22.0461 41.372097 21.7466
v -22.1575 44.211994 21.929897
v -21.877102 47.168396 22.165699
v -21.6304 47.631798 22.174599
v -21.583801 47.662697 22.373497
v -21.767202 47.262497 22.654598
v -21.448603 47.807095 22.559097
v -21.7031 44.615295 24.392597
v -21.436802 47.554398 23.071598
v -21.1951 48.0173 22.573196
v -21.3568 41.949997 25.5271
v -20.2495 45.638195 25.663097
v -20.892601 47.966095 23.093597
v -18.8252 43.608295 27.7215
v -18.4505 46.839592 25.588497
v -15.6427 45.576797 27.5557
v -20.6109 48.196896 22.764797
v -17.1961 47.626495 24.399797
v -13.9475 46.543896 25.4141
v -21.0789 48.135498 22.435898
v 15.413496 20.998402 38.523605
v 14.514496 19.008102 37.1232
v 15.822397 21.309002 36.623405
v 13.412896 21.135101 38.772995
v 14.739697 19.140902 36.2673
v 14.778997 21.658602 35.2
v 13.460297 18.994701 37.1576
v 12.146696 21.412203 37.7979
v 13.423296 18.218002 36.0037
v 12.732796 19.104101 36.6482
v 12.844597 21.674603 35.945503
v 13.031897 19.389301 35.859505
v 14.111496 19.299702 35.5775
v -15.413504 20.998398 38.523605
v -15.822403 21.308998 36.623405
v -14.514503 19.008099 37.1232
v -13.412904 21.135098 38.772995
v -13.460304 18.994698 37.1576
v -12.146704 21.412199 37.7979
v -14.739704 19.140898 36.2673
v -14.779003 21.658598 35.2
v -13.423304 18.217999 36.0037
v -14.111504 19.299698 35.5775
v -12.844603 21.674599 35.945503
v -13.031904 19.389297 35.859505
v -12.732803 19.104097 36.6482
v -7.48907 6.82862 -22.442
v -7.8251 5.24065 -18.0312
v -8.94885 5.61286 -18.2018
v -6.06927 4.87303 -18.0408
v -8.71373 7.05964 -22.330797
v -5.81345 6.609341 -22.5385
v -9.632921 9.380341 -26.077803
v -6.36633 9.42752 -26.7087
v -8.65099 9.76426 -26.7539
v -3.09103 6.310671 -22.662498
v -3.18544 4.475389 -17.8529
v -12.8884 12.760798 -28.2637
v -3.32498 9.147171 -26.7229
v -7.4895 13.6568 -29.0445
v -3.75121 13.293999 -29.2795
v 0 6.16264 -22.6118
v 0 4.33346 -17.8053
v -11.608299 14.250499 -28.4494
v -16.9445 15.412199 -27.548199
v 0 13.115 -29.3602
v -4.04771 17.938498 -30.5824
v 0 17.855103 -30.8013
v 0 9.012102 -26.69
v 3.18544 4.475389 -17.8529
v -16.311 17.164799 -27.634499
v -20.659801 17.0732 -24.1361
v -8.01738 18.2446 -30.070602
v 3.75121 13.293999 -29.2795
v 0 22.580902 -30.6269
v 4.04771 17.938498 -30.5824
v 3.09103 6.310671 -22.662498
v 3.32498 9.147171 -26.7229
v -19.9808 18.8289 -24.1097
v -22.9436 18.8488 -19.402
v -23.4532 17.0349 -19.3732
v -11.9894 18.8869 -29.1692
v -4.19633 22.6188 -30.3744
v 7.4895 13.6568 -29.0445
v 4.19633 22.6188 -30.3744
v 8.01738 18.2446 -30.070602
v 5.81345 6.60934 -22.5385
v 6.36633 9.42752 -26.7087
v 6.06927 4.87303 -18.0408
v -21.5111 22.0453 -19.5517
v -15.7764 20.246 -27.2939
v -18.8416 21.4866 -23.9225
v -8.2178 22.6834 -29.64
v 0 26.8693 -28.4972
v 11.608299 14.250499 -28.4494
v 8.2178 22.6834 -29.64
v 11.9894 18.8869 -29.1692
v 7.48907 6.828619 -22.442
v 8.65099 9.76426 -26.7539
v -19.269798 25.2551 -19.522198
v -11.929999 22.8999 -28.511198
v -15.062 23.452 -26.6041
v -4.29584 26.808702 -28.4112
v 4.29584 26.808702 -28.4112
v 16.311 17.164799 -27.634499
v 11.929999 22.8999 -28.511198
v 15.7764 20.246 -27.2939
v 9.632921 9.380339 -26.077803
v 12.8884 12.760798 -28.2637
v 7.8251 5.24065 -18.0312
v -17.3596 24.4335 -23.567398
v -16.4146 28.0201 -19.6108
v -8.31448 26.489498 -27.6069
v -11.7898 26.0509 -26.713102
v 0 30.2462 -25.2599
v 8.31448 26.489498 -27.6069
v 19.9808 18.828897 -24.1097
v 16.9445 15.412199 -27.548199
v 20.659801 17.073198 -24.1361
v 8.71373 7.059639 -22.330797
v 8.94885 5.612859 -18.2018
v -15.2461 26.8152 -23.3651
v -13.6412 29.698 -19.8673
v -14.1899 25.5964 -25.7906
v -4.44148 30.015697 -25.0386
v -8.5878 29.397303 -24.4018
v 11.7898 26.0509 -26.713102
v 15.062 23.452 -26.6041
v 4.44148 30.015697 -25.0386
v 22.9436 18.8488 -19.402
v 18.8416 21.486599 -23.9225
v 21.5111 22.045298 -19.5517
v -12.2625 28.3355 -23.7805
v -9.01785 31.523197 -20.3391
v 0 32.660797 -20.8617
v -4.63733 32.3594 -20.7387
v 8.5878 29.397303 -24.4018
v 14.1899 25.5964 -25.7906
v 12.2625 28.3355 -23.7805
v 23.4532 17.0349 -19.3732
v 19.269798 25.255098 -19.522198
v 4.63733 32.3594 -20.7387
v 17.3596 24.4335 -23.567398
v 9.01785 31.523197 -20.3391
v 15.2461 26.8152 -23.3651
v 13.6412 29.698 -19.8673
v 16.4146 28.0201 -19.6108
v 3.90054 4.39393 9.72813
v 7.96555 4.2152 4.20781
v 0 4.253881 9.71137
v 11.9238 5.416491 3.96581
v 4.00456 3.47435 4.2261
v 7.91263 3.79948 -1.34381
v 0 3.21812 4.26861
v 4.00755 3.11862 -1.36499
v 11.8536 4.95553 -1.38572
v 7.59058 3.87324 -6.87327
v 11.3241 4.8572 -6.50788
v 0 2.8597 -1.33624
v 16.8888 7.70528 2.54767
v 10.2186 4.85135 -11.752999
v 3.8159 3.27341 -6.96158
v 6.94791 4.08338 -12.4851
v 21.2585 10.743601 1.67493
v 24.0948 14.218501 1.43761
v 16.455702 6.97378 -6.078331
v 16.8592 7.21192 -1.81777
v 15.187399 6.793009 -9.16743
v 10.778399 5.447528 -13.773499
v 14.1299 6.284099 -11.2563
v 0 3.11356 -6.98138
v 25.64 18.5973 1.3109
v 24.1633 13.5787 -2.99264
v 25.7515 18.022 -3.68363
v 20.9653 9.8631 -6.506041
v 21.3351 10.1786 -2.42975
v 3.50597 3.54847 -12.4792
v 18.900997 9.157829 -10.704799
v 23.7398 13.241201 -7.436231
v 25.1991 22.9695 0.810128
v 25.222 17.557302 -8.614241
v 25.2067 22.5071 -4.34308
v 20.211903 9.693079 -9.39843
v 0 3.39018 -12.5368
v 24.561901 22.033901 -9.42785
v 22.8451 13.246999 -11.198
v 24.2614 17.4534 -13.707
v 22.9268 27.168102 0.245829
v 22.104702 12.212699 -12.107299
v 23.4062 21.937899 -14.4668
v 22.6779 26.6863 -4.92637
v 21.9893 26.251902 -10.007001
v 23.9546 15.060699 -14.685799
v 20.8933 25.7853 -14.9103
v 19.675 30.7598 -0.336391
v 19.1425 30.3128 -5.34956
v 18.510302 29.811703 -10.398001
v 17.5683 29.030998 -15.198301
v 15.8938 33.635 -0.841666
v 15.1889 33.2502 -5.60498
v 14.533601 32.5286 -10.6822
v 14.5001 30.9988 -15.4419
v 11.474 35.705803 -0.99089
v 10.6505 35.1866 -5.79404
v 9.48863 33.0644 -15.7672
v 6.085401 37.0637 -0.264598
v 10.029801 34.2794 -10.849701
v 5.4856 36.1948 -5.82236
v 4.85922 33.965 -16.0543
v 5.12592 35.2156 -11.050901
v 0 37.3373 -0.93783
v 0 36.4936 -5.95701
v 0 34.2193 -16.1323
v 0 35.4489 -11.1475
v -6.085401 37.0637 -0.264598
v -5.4856 36.1948 -5.82236
v -5.12592 35.2156 -11.050901
v -10.6505 35.1866 -5.79404
v -11.474 35.705803 -0.99089
v -4.85922 33.965 -16.0543
v -10.029801 34.2794 -10.849701
v -14.533601 32.5286 -10.6822
v -15.1889 33.2502 -5.60498
v -9.48863 33.0644 -15.7672
v -15.8938 33.635 -0.841666
v -18.510302 29.811703 -10.398001
v -14.5001 30.9988 -15.4419
v -17.5683 29.030998 -15.198301
v -19.675 30.7598 -0.336391
v -19.1425 30.3128 -5.34956
v -20.8933 25.785301 -14.9103
v -22.9268 27.168102 0.245829
v -21.9893 26.251902 -10.007001
v -22.677898 26.6863 -4.92637
v -25.1991 22.9695 0.810128
v -24.561901 22.033901 -9.42785
v -25.2067 22.5071 -4.34308
v -23.4062 21.937899 -14.4668
v -25.222 17.557302 -8.614241
v -25.7515 18.022 -3.68363
v -24.2614 17.4534 -13.707
v -25.64 18.5973 1.3109
v -23.9546 15.0607 -14.685799
v -23.7398 13.241201 -7.436231
v -22.8451 13.247 -11.198
v -24.094799 14.218502 1.43761
v -20.211903 9.69308 -9.39843
v -24.1633 13.5787 -2.99264
v -20.9653 9.8631 -6.506041
v -22.104702 12.2127 -12.107299
v -21.2585 10.743601 1.67493
v -16.8888 7.70528 2.54767
v -16.455702 6.97378 -6.07833
v -21.3351 10.1786 -2.42975
v -16.8592 7.21192 -1.81777
v -18.900997 9.15783 -10.704799
v -11.9238 5.416491 3.96581
v -11.8536 4.95553 -1.38572
v -15.187399 6.793009 -9.16743
v -11.3241 4.8572 -6.50788
v -7.96555 4.2152 4.20781
v -7.91263 3.79948 -1.34381
v -10.2186 4.85135 -11.752999
v -7.59058 3.87324 -6.87327
v -14.1299 6.2841 -11.256298
v -3.90054 4.39393 9.72813
v -4.00755 3.11862 -1.36499
v -6.94791 4.08338 -12.4851
v -3.8159 3.27341 -6.96158
v -10.778399 5.447529 -13.773499
v -4.00456 3.47435 4.2261
v -3.50597 3.54847 -12.4792
v -11.329 5.1903418E-15 -18.3225
v -10.911599 0.586734 -18.354797
v -11.6648 4.4618384E-15 -15.7508
v -11.2899 0.455549 -15.3554
v -10.543599 1.31971 -18.303299
v -13.308 3.995933E-15 -14.1061
v -11.0606 1.11925 -15.091499
v -10.092099 2.340009 -18.282198
v -13.1776 0.585853 -13.2316
v -15.9132 3.7221457E-15 -13.1396
v -10.8505 2.19496 -14.818199
v -9.62088 3.517439 -18.294697
v -15.922 0.958633 -12.3683
v -18.7146 1.09786 -13.1078
v -18.573997 3.9770666E-15 -14.039499
v -13.155899 1.33623 -12.779099
v -10.718999 3.32092 -14.541098
v -9.25816 4.61984 -18.2882
v -20.661598 1.12212 -15.333799
v -16.004 2.01941 -11.857499
v -19.110798 2.79524 -12.5053
v -13.170799 2.54931 -12.458598
v -10.6747 4.423409 -14.263398
v -20.0544 4.4634532E-15 -15.7565
v -16.3168 3.33256 -11.341499
v -21.586 3.36111 -14.899199
v -19.5471 4.558169 -11.989299
v -13.356299 3.895879 -12.066298
v -20.7363 5.1632604E-15 -18.2269
v -22.486298 5.9733 -14.516298
v -16.820702 5.16338 -10.936899
v -20.2426 7.005939 -11.706498
v -13.6746 5.12226 -11.706998
v -21.3795 1.12228 -18.3796
v -23.110199 8.971989 -14.347898
v -22.3572 3.71505 -18.6217
v -23.219498 6.78115 -18.902498
v -17.3374 6.886879 -10.710899
v -20.1068 5.8500085E-15 -20.6512
v -23.727901 10.2372 -19.142097
v -21.007698 9.36201 -11.774299
v -23.5772 11.876999 -14.391197
v -20.5081 1.11936 -21.110998
v -21.375 3.85548 -22.070997
v -23.7556 13.529899 -19.314398
v -21.989998 7.01589 -22.863298
v -21.9877 10.326099 -23.493498
v -18.3696 6.3407294E-15 -22.3835
v -18.5065 1.11903 -23.1596
v -21.5412 13.636099 -24.046299
v -18.690498 6.24507 -25.535398
v -18.4411 9.3003 -26.3885
v -16.0087 6.5178626E-15 -23.0088
v -18.6548 3.41046 -24.438698
v -15.714699 1.03096 -23.9462
v -14.308999 7.57667 -26.9392
v -17.82 12.317499 -27.101099
v -13.623199 10.1236 -27.710398
v -13.6947 6.3248945E-15 -22.3276
v -14.8899 5.10217 -25.992397
v -15.345599 2.80005 -24.866398
v -10.5089 7.467939 -25.645899
v -13.167799 0.850185 -23.155397
v -11.466099 0.64576 -21.070799
v -12.0351 5.8346272E-15 -20.5969
v -11.958799 3.77795 -24.542799
v -12.558399 2.20268 -23.868797
v -11.243899 5.601069 -25.222298
v -10.928699 1.67151 -21.405998
v -9.69121 4.244689 -22.165699
v -9.119 5.63097 -22.422298
v -10.275199 2.91592 -21.786396
v -19.7538 0.120485 -15.6249
v -18.4535 0.096316 -14.203599
v -19.6194 0.107933 -13.3551
v -18.5993 0.104177 -13.6262
v -17.4396 0.118121 -13.583099
v -18.845602 0.121301 -12.6036
v -19.3879 0.124881 -12.411901
v -17.8256 0.113772 -12.9444
v -19.0623 0.12488 -11.718
v -18.4517 0.128232 -12.2003
v -14.3809 0.113409 -14.1368
v -15.0272 0.100363 -11.993
v -15.949899 0.075046 -13.6526
v -15.9459 0.090767 -12.461599
v -15.9307 0.107892 -11.4099
v -15.4491 0.114823 -11.1169
v -16.8668 0.094524 -11.9458
v -17.5603 0.107076 -14.1112
v -15.9209 0.111471 -10.4982
v -16.4085 0.111471 -11.089601
v -12.1558 0.113409 -15.4918
v -12.32 0.100363 -13.258699
v -13.5818 0.075046 -14.6776
v -13.318599 0.090767 -13.5161
v -13.0748 0.107892 -12.492901
v -12.541001 0.114823 -12.311801
v -14.870599 0.102892 -14.120599
v -12.8668 0.111471 -11.6052
v -14.1051 0.094524 -12.812199
v -13.471501 0.111471 -12.076301
v 11.329 5.1903418E-15 -18.3225
v 11.6648 4.4618384E-15 -15.7508
v 10.9116 0.586734 -18.354797
v 11.289901 0.455549 -15.3554
v 13.308 3.995933E-15 -14.1061
v 10.543601 1.319709 -18.303299
v 13.177601 0.585853 -13.2316
v 15.9132 3.7221457E-15 -13.1396
v 11.060601 1.11925 -15.0915
v 10.0921 2.340008 -18.282198
v 15.922001 0.958633 -12.3683
v 18.714602 1.09786 -13.1078
v 18.573997 3.9770666E-15 -14.039499
v 10.850501 2.194959 -14.818199
v 9.620881 3.517439 -18.294697
v 13.155901 1.33623 -12.7791
v 20.661598 1.12212 -15.333799
v 20.0544 4.4634532E-15 -15.7565
v 10.719 3.320918 -14.541098
v 9.25816 4.619838 -18.2882
v 16.004 2.019409 -11.8575
v 20.7363 5.1632604E-15 -18.2269
v 13.1708 2.549309 -12.458598
v 10.6747 4.423408 -14.263398
v 19.110802 2.795239 -12.5053
v 21.3795 1.12228 -18.3796
v 20.1068 5.8500085E-15 -20.6512
v 13.356301 3.895878 -12.066298
v 16.3168 3.332559 -11.341499
v 21.586 3.361109 -14.8992
v 20.5081 1.119359 -21.111
v 18.3696 6.3407294E-15 -22.3835
v 16.820702 5.163379 -10.936899
v 19.547102 4.558168 -11.989299
v 13.674601 5.122258 -11.706998
v 22.3572 3.715049 -18.6217
v 18.5065 1.11903 -23.1596
v 16.0087 6.5178626E-15 -23.0088
v 20.242601 7.005939 -11.706498
v 22.4863 5.973299 -14.516298
v 21.375 3.855479 -22.070997
v 15.7147 1.030959 -23.9462
v 13.6947 6.3248945E-15 -22.3276
v 17.337402 6.886878 -10.710899
v 23.219501 6.781149 -18.9025
v 23.1102 8.971988 -14.347899
v 18.6548 3.410459 -24.438698
v 13.1678 0.850185 -23.1554
v 11.4661 0.64576 -21.0708
v 12.0351 5.8346272E-15 -20.5969
v 21.0077 9.362008 -11.774299
v 21.99 7.015889 -22.863298
v 23.727901 10.237198 -19.142097
v 15.3456 2.800049 -24.8664
v 18.690502 6.245069 -25.535398
v 14.889901 5.102169 -25.992397
v 10.928701 1.671509 -21.405998
v 12.558401 2.202679 -23.868797
v 23.5772 11.876998 -14.391197
v 14.309001 7.576669 -26.9392
v 11.958801 3.777949 -24.5428
v 11.2439 5.601068 -25.222298
v 21.987701 10.326098 -23.493498
v 18.441101 9.300299 -26.3885
v 10.275201 2.915919 -21.786398
v 23.7556 13.529898 -19.314398
v 10.5089 7.467938 -25.645899
v 9.691211 4.244689 -22.165699
v 9.119001 5.630968 -22.422298
v 21.5412 13.636098 -24.046299
v 13.6232 10.123598 -27.710398
v 17.82 12.317498 -27.101099
v 19.7538 0.120486 -15.6249
v 19.6194 0.107934 -13.3551
v 18.4535 0.096316 -14.203599
v 18.5993 0.104177 -13.6262
v 18.845602 0.121301 -12.6036
v 19.3879 0.124881 -12.411901
v 17.4396 0.118121 -13.583099
v 19.0623 0.124881 -11.718
v 17.8256 0.113773 -12.9444
v 18.4517 0.128233 -12.2003
v 17.5603 0.107076 -14.1112
v 16.8668 0.094524 -11.9458
v 15.949899 0.075046 -13.6526
v 15.9459 0.090767 -12.461599
v 15.9307 0.107892 -11.4099
v 16.4085 0.111471 -11.089601
v 15.0272 0.100363 -11.993
v 14.3809 0.113409 -14.1368
v 15.9209 0.111471 -10.4982
v 15.4491 0.114823 -11.1169
v 12.1558 0.113409 -15.4918
v 13.5818 0.075046 -14.6776
v 12.32 0.100363 -13.258699
v 13.318599 0.090767 -13.5161
v 14.870599 0.102892 -14.120599
v 13.0748 0.107892 -12.492901
v 12.541001 0.114823 -12.311801
v 14.1051 0.094524 -12.812199
v 12.8668 0.111471 -11.6052
v 13.471501 0.111471 -12.076301
v -18.9864 0.70891 -12.0641
v -19.228 0.554639 -12.4635
v -18.5799 0.548432 -12.3153
v -19.3469 1.06521 -13.1843
v -18.7962 1.47303 -12.9426
v -18.1702 1.0507 -12.9123
v -16.8973 2.24796 -15.604099
v -19.269798 2.22431 -16.1995
v -18.0266 3.10464 -15.8475
v -15.9332 0.6955 -10.8522
v -16.2663 0.54123 -11.1792
v -15.6018 0.535023 -11.1964
v -16.5604 1.0518 -11.848
v -15.9669 1.45962 -11.7505
v -15.3531 1.03729 -11.8764
v -14.7879 2.23455 -14.7999
v -17.234 2.2109 -14.787999
v -15.9424 3.09123 -14.755499
v -12.9559 0.6955 -11.9481
v -13.3522 0.54123 -12.1947
v -12.7074 0.535023 -12.3562
v -13.7849 1.0518 -12.7835
v -13.1844 1.45962 -12.8174
v -12.6126 1.03729 -13.074
v -12.6974 2.23455 -16.0504
v -15.0823 2.2109 -15.506299
v -13.814499 3.09123 -15.755799
v -18.8447 5.641687E-15 -19.9158
v -17.6249 5.9862364E-15 -21.1321
v -19.2867 5.1594645E-15 -18.2135
v -15.9672 6.110595E-15 -21.5711
v -15.9344 5.1695213E-15 -18.249
v -15.9507 5.6361348E-15 -19.8962
v -18.8079 4.6680926E-15 -16.4789
v -14.3339 5.975104E-15 -21.0928
v -17.6042 4.309407E-15 -15.2127
v -13.1307 5.630866E-15 -19.8776
v -15.9176 4.68795E-15 -16.549
v -12.698 5.1784723E-15 -18.2806
v -13.2037 4.7043515E-15 -16.6069
v -15.9002 4.1904588E-15 -14.792799
v -14.3039 4.339095E-15 -15.3175
v 18.0266 3.10464 -15.8475
v 18.7962 1.47303 -12.9426
v 19.269798 2.22431 -16.1995
v 16.8973 2.24796 -15.604099
v 19.3469 1.065209 -13.1843
v 18.1702 1.0507 -12.9123
v 19.228 0.55464 -12.4635
v 18.9864 0.70891 -12.0641
v 18.5799 0.548433 -12.3153
v 15.9332 0.6955 -10.8522
v 16.2663 0.54123 -11.1792
v 15.6018 0.535023 -11.1964
v 16.5604 1.0518 -11.848
v 15.9669 1.45962 -11.7505
v 15.3531 1.03729 -11.8764
v 17.234 2.2109 -14.787999
v 14.7879 2.23455 -14.7999
v 15.9424 3.09123 -14.755499
v 12.9559 0.6955 -11.9481
v 13.3522 0.54123 -12.1947
v 12.7074 0.535023 -12.3562
v 13.7849 1.0518 -12.7835
v 13.1844 1.45962 -12.8174
v 12.6126 1.03729 -13.074
v 15.0823 2.2109 -15.506299
v 12.6974 2.23455 -16.0504
v 13.814499 3.09123 -15.755799
v 18.8447 5.641687E-15 -19.9158
v 17.6249 5.9862364E-15 -21.1321
v 19.2867 5.1594645E-15 -18.2135
v 15.9672 6.110595E-15 -21.5711
v 15.9507 5.6361348E-15 -19.8962
v 18.8079 4.6680926E-15 -16.4789
v 15.9344 5.1695213E-15 -18.249
v 17.6042 4.309407E-15 -15.2127
v 14.3339 5.975104E-15 -21.0928
v 15.9176 4.68795E-15 -16.549
v 13.1307 5.630866E-15 -19.8776
v 13.2037 4.7043515E-15 -16.6069
v 12.698 5.1784723E-15 -18.2806
v 15.9002 4.1904588E-15 -14.792799
v 14.3039 4.339095E-15 -15.3175
v 14.372997 27.873901 40.1923
v 12.116199 28.632801 41.162903
v 12.312297 27.167202 41.5222
v 13.266898 29.921001 40.2507
v 12.646697 25.130701 41.760902
v 14.979398 31.315702 38.785
v 15.169297 25.440102 40.1746
v 16.588799 28.771904 38.2913
v 10.541897 28.649403 41.833504
v 11.589098 31.068602 40.6078
v 10.222198 27.221203 42.377403
v 9.817107 25.152502 43.106396
v 16.968397 32.496803 36.8057
v 13.145599 33.208305 38.986904
v 15.101999 34.714005 37.104298
v 17.747398 25.843304 38.0019
v 9.592557 27.351002 42.852104
v 17.2395 36.253403 34.3645
v 18.760899 29.709303 36.278305
v 19.3472 33.585903 33.942406
v 11.131998 31.819801 40.972496
v 12.719199 34.263905 39.104797
v 8.763808 30.424702 42.600204
v 10.157798 29.248503 42.1872
v 15.9036 37.477005 34.873203
v 19.952497 26.426403 35.6174
v 20.705797 30.377504 33.324196
v 9.732878 33.0534 41.253
v 14.141899 35.885403 37.2825
v 11.080499 35.482803 39.465397
v 12.296199 37.446304 37.650105
v 13.4855 39.144302 35.566395
v 21.603998 27.101404 32.792496
v -14.373003 27.873898 40.1923
v -12.312303 27.167198 41.5222
v -12.116202 28.632797 41.162903
v -12.646703 25.130697 41.760902
v -13.266902 29.920998 40.2507
v -15.169303 25.440098 40.1746
v -14.979402 31.315699 38.785
v -16.588802 28.771896 38.2913
v -10.541903 28.649399 41.833504
v -10.222203 27.221199 42.377403
v -13.145601 33.208298 38.986904
v -11.589102 31.068598 40.6078
v -17.747402 25.843296 38.0019
v -9.592563 27.350998 42.852104
v -9.817113 25.152498 43.106396
v -15.102001 34.713997 37.104298
v -16.968401 32.496796 36.8057
v -10.157802 29.248499 42.1872
v -11.132002 31.819798 40.972496
v -18.760902 29.709295 36.278305
v -19.952501 26.426395 35.617405
v -12.719201 34.263897 39.104797
v -17.2395 36.253395 34.3645
v -14.141901 35.885395 37.2825
v -15.9036 37.476997 34.873203
v -8.763812 30.424698 42.600204
v -19.3472 33.585896 33.942406
v -20.705801 30.377497 33.324203
v -13.4855 39.144295 35.566395
v -12.296201 37.446297 37.650105
v -9.732882 33.0534 41.253
v -21.604002 27.101397 32.792503
v -11.080501 35.482796 39.465397
v 12.0822 30.3297 -13.3405
v 11.2006 30.232199 -10.292198
v 9.65831 30.887503 -14.198898
v 0 30.469997 -8.314058
v 12.7265 30.5234 -8.328379
v 7.30829 28.4874 -16.8041
v 11.2006 31.253101 -6.482109
v 10.2772 29.520498 -16.360298
v 9.65833 33.7739 -3.42643
v 6.36325 27.6708 -18.9743
v 12.0822 32.8617 -3.890959
v 7.30829 32.998 0.029808
v 3.89227 27.9769 -18.709099
v 10.2772 33.6708 -0.871143
v 6.36325 33.3759 2.317539
v 0 29.4442 -19.585098
v 3.89227 33.5084 1.934841
v 1.80499 28.254501 -21.085
v 0 35.2172 1.959789
v -3.89227 27.9769 -18.709099
v 1.80499 34.9368 3.8536
v -1.80499 28.254501 -21.085
v -11.2006 30.232199 -10.292198
v -9.65831 30.887503 -14.198898
v -3.89227 33.5084 1.934841
v -6.36325 27.6708 -18.9743
v -12.0822 30.3297 -13.3405
v -1.80499 34.9368 3.8536
v -11.2006 31.253101 -6.482109
v -12.7265 30.5234 -8.328379
v -7.30829 28.4874 -16.8041
v -6.36325 33.3759 2.317539
v -9.65833 33.7739 -3.42643
v -10.2772 29.520498 -16.360298
v -7.30829 32.998 0.029808
v -12.0822 32.8617 -3.890959
v -10.2772 33.6708 -0.871143
v 15.1826 31.4425 -17.649597
v 17.9577 33.0911 -19.7501
v 17.5068 30.480198 -15.639299
v 21 32.245 -17.3466
v 19.6065 30.420097 -11.892698
v 19.7488 35.4036 -21.4402
v 20.5175 38.5107 -22.7322
v 23.3008 35.1298 -18.9211
v 23.2214 32.4849 -13.2966
v 24.3537 38.7089 -20.0979
v 25.7376 35.468 -14.745499
v 20.3838 31.0952 -8.481609
v 24.3777 42.6724 -21.151398
v 27.1039 39.4815 -16.004898
v 26.4678 36.5381 -9.94001
v 23.7733 33.357 -9.087639
v 19.6065 32.2161 -5.189919
v 20.5925 41.936096 -23.6949
v 27.0276 43.7382 -17.1344
v 23.2214 34.7062 -5.00651
v 27.9112 40.6903 -11.052601
v 19.7953 45.647705 -24.212898
v 23.4988 46.592705 -21.811798
v 25.8699 47.9678 -18.0181
v 21 36.5234 -1.379158
v 25.7376 38.0142 -5.24329
v 27.8932 45.0735 -12.2271
v 21.8541 50.131397 -22.0498
v 23.901 51.5354 -18.512798
v 17.5068 34.1414 -1.97538
v 23.3008 39.809 -1.458
v 27.1039 42.1197 -6.159359
v 26.6673 49.3093 -13.362099
v 18.5504 48.84 -24.3242
v 21.1323 54.463406 -18.672
v 17.9577 38.458 0.279198
v 15.1826 35.9799 -0.715557
v 24.3537 43.497 -2.228401
v 20.5175 44.6425 0.152046
v 24.6256 52.796 -14.296299
v 27.0276 46.3708 -7.309608
v 16.5587 51.696 -23.898998
v 19.2207 53.1811 -21.7445
v 19.7488 41.3057 0.586731
v 21.6947 55.5665 -15.0387
v 25.8699 50.4756 -8.659081
v 24.3777 47.4562 -3.297791
v 13.815 54.3049 -22.9581
v 16.0941 55.748 -21.155499
v 17.7378 56.940895 -18.622799
v 18.3241 57.9481 -15.6768
v 23.901 53.8126 -10.0144
v 20.5925 48.0904 -0.726971
v 11.4007 58.694004 -20.0276
v 12.9013 59.7058 -18.3961
v 13.4403 60.436802 -16.3437
v 21.1323 56.427902 -11.3405
v 23.4988 51.1815 -4.68605
v 9.28253 57.811905 -21.188599
v 8.94521 62.673798 -16.9431
v 17.7378 58.5488 -12.621899
v 21.8541 54.3651 -6.24929
v 19.7953 51.5637 -2.134159
v 6.97903 61.408997 -19.096699
v 8.36205 62.136803 -18.112999
v 12.9013 60.83 -14.200699
v 19.2207 56.853596 -8.03854
v 18.5504 54.384 -3.633938
v 5.24249 60.599503 -19.520798
v 5.76402 64.465 -18.3555
v 6.24272 64.9159 -17.5438
v 8.36205 62.7937 -15.6614
v 16.0941 58.782097 -9.832058
v 16.5587 56.6447 -5.430161
v 3.87592 63.402496 -19.454998
v 4.87372 63.9859 -19.0728
v 4.45779 66.8501 -18.7803
v 4.69771 67.2455 -18.168
v 5.76402 64.9313 -16.615402
v 11.4007 60.7695 -12.281898
v 13.815 58.433704 -7.54945
v 3.1369 65.5773 -19.5961
v 4.64487 69.6014 -19.535702
v 4.92897 70.2624 -18.976402
v 4.45779 67.2091 -17.440102
v 6.97903 62.6553 -14.445599
v 9.28253 60.585995 -10.8353
v 3.89186 66.190506 -19.3055
v 4.64487 69.9696 -18.161503
v 4.87372 64.8749 -15.7547
v 5.24249 62.166298 -13.6735
v 3.2442 68.3464 -20.402203
v 4.03976 68.9435 -20.0831
v 4.03976 69.6735 -17.358501
v 3.89186 66.900604 -16.6554
v 3.87592 64.56079 -15.132
v 3.2442 69.316 -16.783703
v 3.13693 66.5148 -16.097301
v 14.8788 35.3196 2.42144
v 17.658 38.0216 4.212082
v 12.808 35.2638 6.184132
v 19.4789 41.5223 4.93618
v 15.3271 38.2452 8.200989
v 20.1875 45.3646 4.741692
v 17.1285 41.873497 9.159962
v 10.1919 35.6641 8.56974
v 20.1924 49.3324 3.70435
v 17.9656 46.2162 9.12928
v 13.2339 42.4706 12.200699
v 11.8867 38.6856 10.799099
v 6.79846 36.1618 9.535542
v 17.9181 50.4544 7.93082
v 7.89435 39.3558 12.3461
v 13.9556 46.9464 12.295601
v 19.4267 53.007 2.126751
v 17.1305 54.3934 5.96228
v 3.34198 40.1608 12.195801
v 8.60907 43.1466 13.911102
v 13.9466 51.3256 11.105999
v 18.0102 56.0883 0.181629
v 15.7602 57.462 3.605331
v 2.62805 37.1502 9.25338
v 3.8219 43.8619 13.667702
v 9.13828 47.5353 14.052101
v 13.3336 55.2866 8.945541
v 13.8528 59.6912 0.838375
v 0 41.1414 10.2938
v 0 38.2487 7.75145
v 4.16614 47.7587 13.676399
v 0 47.7084 11.5942
v 12.3128 58.3156 6.303387
v 9.10947 51.7707 12.843201
v 15.7545 58.4074 -2.239571
v 0 44.2567 11.600201
v 10.8473 60.4292 3.109268
v 8.73944 55.6472 10.6418
v 4.1853 51.7244 12.631199
v 13.1232 60.113895 -4.86166
v 11.559 61.3187 -2.284649
v 9.16208 62.0553 -0.348385
v 8.14075 58.600494 7.854542
v 0 51.1675 10.757
v 9.17264 61.768303 -8.554272
v 8.33142 62.878605 -6.555119
v 6.72015 63.4493 -5.100651
v 7.27957 60.6734 4.504112
v 4.07214 55.3014 10.689598
v 4.4726 64.6788 -9.460258
v 6.17874 62.1227 0.715809
v 3.84387 58.2051 8.081871
v 0 54.5217 8.905209
v 5.57455 63.284897 -12.095898
v 5.28003 64.17531 -10.5051
v 4.56989 63.440697 -4.45739
v 3.46616 60.2437 4.613411
v 0 57.1559 6.71117
v 3.66208 65.8735 -13.098801
v 3.12137 66.3152 -12.321701
v 3.08203 64.5038 -9.27932
v 2.97089 61.631 0.80006
v 0 59.1191 3.80423
v 3.92429 65.3006 -14.166298
v 2.82968 67.939 -14.716202
v 2.34885 68.29851 -14.2383
v 2.10196 66.1067 -12.228798
v 2.22809 62.806 -4.68145
v 0 60.498 0.154877
v 2.93848 70.7346 -15.306702
v 2.46448 71.3672 -14.853302
v 1.62811 68.1186 -14.046101
v 1.40448 63.908 -9.77029
v 0 61.973103 -5.658649
v 3.13394 67.2403 -15.387398
v 1.70639 70.9187 -14.619598
v 0.949432 65.7451 -12.507301
v 0 62.9497 -10.749901
v 3.24127 70.0315 -16.022602
v 0.798492 70.3965 -14.6604
v 0.757935 67.5954 -14.062401
v 0 65.14 -12.970501
v 0 69.8008 -14.974499
v 0 66.9836 -14.3479
v 0 29.173798 -26.1166
v 0 30.407701 -29.764698
v 2.62805 27.4715 -26.868
v 3.34198 28.607597 -30.9216
v 6.79846 26.474398 -26.618198
v 0 32.452503 -32.4537
v 0 35.4448 -34.1743
v 3.8219 31.076797 -34.0468
v 7.89435 27.8353 -30.6492
v 4.16614 34.447197 -36.0028
v 8.60907 30.335598 -33.8999
v 10.1919 26.526302 -25.533
v 4.1853 38.404205 -37.0804
v 9.13828 34.065903 -36.2164
v 13.2339 30.6055 -32.0808
v 11.8867 28.028301 -28.9744
v 12.808 27.372498 -23.2668
v 0 38.858997 -35.1788
v 9.10947 38.338303 -37.2872
v 15.3271 28.946 -26.5041
v 13.9556 34.4342 -34.4008
v 0 42.6897 -35.2523
v 4.07213 42.4728 -37.1875
v 8.73943 42.796204 -37.319
v 17.658 30.746801 -22.937798
v 17.1285 31.6087 -29.1488
v 13.9466 38.8214 -35.5602
v 3.84387 46.2913 -36.3809
v 8.14075 46.7475 -36.3818
v 14.8788 29.3021 -20.036098
v 19.4789 33.4164 -25.3153
v 17.9656 35.384995 -31.293598
v 13.3336 43.332 -35.6697
v 0 46.068096 -34.6693
v 7.27956 50.217796 -34.5167
v 20.1875 36.8412 -27.068
v 12.3128 47.276302 -34.896
v 17.9181 39.654602 -32.3748
v 0 49.221596 -33.1334
v 3.46614 49.791 -34.3964
v 10.8473 50.703705 -33.1866
v 17.1305 44.0501 -32.6395
v 20.1924 40.796097 -28.153599
v 0 52.2406 -30.6624
v 2.97089 52.8991 -31.787598
v 6.17874 53.367096 -31.960499
v 9.16205 53.8409 -31.0052
v 15.7602 47.886 -32.1326
v 2.22807 56.6575 -27.627998
v 4.56989 57.095097 -28.1394
v 6.72012 57.424194 -27.5867
v 13.8528 51.200104 -30.850899
v 19.4267 44.7672 -28.6246
v 0 56.4248 -26.3653
v 4.4726 60.668797 -24.4259
v 11.559 54.171005 -28.960098
v 18.0102 48.408203 -28.480698
v 1.40446 60.1563 -23.772
v 3.08202 60.426697 -24.495098
v 8.33141 57.657196 -26.041698
v 15.7545 51.627197 -27.543499
v 0 59.816097 -22.4444
v 2.10194 63.289597 -22.742199
v 3.12135 63.5166 -22.765999
v 5.28001 60.755196 -23.269299
v 13.1232 54.4162 -26.1259
v 0 62.823303 -21.6165
v 0.949417 63.1157 -22.320198
v 1.62811 65.9406 -22.174301
v 2.34885 66.1926 -22.097801
v 3.66208 63.522705 -21.8721
v 9.17264 57.6952 -23.7552
v 0 65.1086 -21.345402
v 1.70638 68.6523 -23.077702
v 2.46448 69.1576 -23.099602
v 2.82968 66.12021 -21.5042
v 5.57455 60.7794 -21.4464
v 0.757919 65.4957 -21.898602
v 2.93848 68.8364 -22.390602
v 3.92429 63.560295 -20.661198
v 0 67.86171 -22.2114
v 0.798477 68.220505 -22.7813
v 3.24127 68.5855 -21.419003
v 3.13394 65.8507 -20.5736
v -15.1826 31.4425 -17.649597
v -17.5068 30.480198 -15.639299
v -19.6065 30.420097 -11.892698
v -17.9577 33.0911 -19.7501
v -21 32.245 -17.3466
v -23.2214 32.4849 -13.2966
v -19.7488 35.4036 -21.4402
v -20.3838 31.0952 -8.481609
v -23.3008 35.1298 -18.9211
v -19.6065 32.2161 -5.189919
v -25.7376 35.468 -14.745499
v -20.5175 38.5107 -22.7322
v -23.7733 33.357 -9.087639
v -27.1039 39.4815 -16.004898
v -24.3537 38.7089 -20.0979
v -23.2214 34.7062 -5.00651
v -26.4678 36.5381 -9.94001
v -27.0276 43.7382 -17.1344
v -24.3777 42.6724 -21.151398
v -15.1826 35.9799 -0.715557
v -17.5068 34.1414 -1.97538
v -21 36.5234 -1.379158
v -27.9112 40.6903 -11.052601
v -20.5925 41.936096 -23.6949
v -25.8699 47.9678 -18.0181
v -17.9577 38.458 0.279198
v -23.3008 39.809 -1.458
v -25.7376 38.0142 -5.24329
v -27.8932 45.0735 -12.2271
v -23.4988 46.592705 -21.811798
v -19.7953 45.647705 -24.212898
v -19.7488 41.3057 0.586731
v -24.3537 43.497 -2.228401
v -27.1039 42.1197 -6.159359
v -26.6673 49.3093 -13.362099
v -21.8541 50.131397 -22.0498
v -18.5504 48.84 -24.3242
v -20.5175 44.6425 0.152046
v -27.0276 46.3708 -7.309608
v -23.901 51.5354 -18.512798
v -19.2207 53.1811 -21.7445
v -16.5587 51.696 -23.898998
v -24.3777 47.4562 -3.297791
v -24.6256 52.796 -14.296299
v -16.0941 55.748 -21.155499
v -13.815 54.3049 -22.9581
v -21.1323 54.463406 -18.672
v -20.5925 48.0904 -0.726971
v -25.8699 50.4756 -8.659081
v -11.4007 58.694004 -20.0276
v -9.28253 57.811905 -21.188599
v -17.7378 56.940895 -18.622799
v -21.6947 55.5665 -15.0387
v -19.7953 51.5637 -2.134159
v -23.4988 51.1815 -4.68605
v -6.97903 61.408997 -19.096699
v -12.9013 59.7058 -18.3961
v -18.3241 57.9481 -15.6768
v -23.901 53.8126 -10.0144
v -21.8541 54.3651 -6.24929
v -5.24249 60.599503 -19.520798
v -13.4403 60.436802 -16.3437
v -8.94521 62.673798 -16.9431
v -8.36205 62.136803 -18.112999
v -21.1323 56.427902 -11.3405
v -18.5504 54.384 -3.633938
v -4.87372 63.9859 -19.0728
v -3.87592 63.402496 -19.454998
v -12.9013 60.83 -14.200699
v -6.24272 64.9159 -17.5438
v -5.76402 64.465 -18.3555
v -17.7378 58.5488 -12.621899
v -16.5587 56.6447 -5.430161
v -19.2207 56.853596 -8.03854
v -3.1369 65.5773 -19.5961
v -4.45779 66.8501 -18.7803
v -8.36205 62.7937 -15.6614
v -13.815 58.433704 -7.54945
v -16.0941 58.782097 -9.832058
v -3.89186 66.190506 -19.3055
v -5.76402 64.9313 -16.615402
v -11.4007 60.7695 -12.281898
v -3.2442 68.3464 -20.402203
v -4.69771 67.2455 -18.168
v -4.45779 67.2091 -17.440102
v -9.28253 60.585995 -10.8353
v -6.97903 62.6553 -14.445599
v -4.03976 68.9435 -20.0831
v -4.64487 69.9696 -18.161503
v -5.24249 62.166298 -13.6735
v -4.87372 64.8749 -15.7547
v -4.64487 69.6014 -19.535702
v -3.89186 66.900604 -16.6554
v -4.92897 70.2624 -18.976402
v -3.87592 64.56079 -15.132
v -4.03976 69.6735 -17.358501
v -3.13693 66.5148 -16.097301
v -3.2442 69.316 -16.783703
v -14.8788 35.3196 2.42144
v -12.808 35.2638 6.184132
v -17.658 38.0216 4.212082
v -15.3271 38.2452 8.200989
v -10.1919 35.6641 8.56974
v -19.4789 41.5223 4.93618
v -6.79846 36.1618 9.535542
v -17.1285 41.873497 9.159962
v -11.8867 38.6856 10.799099
v -17.9656 46.2162 9.12928
v -20.1875 45.3646 4.741692
v -7.89435 39.3558 12.3461
v -13.2339 42.4706 12.200699
v -17.9181 50.4544 7.93082
v -20.1924 49.3324 3.70435
v -2.62805 37.1502 9.25338
v -3.34198 40.1608 12.195801
v -13.9556 46.9464 12.295601
v -17.1305 54.3934 5.96228
v -3.8219 43.8619 13.667702
v -8.60907 43.1466 13.911102
v -13.9466 51.3256 11.105999
v -19.4267 53.007 2.126751
v -4.16614 47.7587 13.676399
v -9.13828 47.5353 14.052101
v -13.3336 55.2866 8.945541
v -18.0102 56.0883 0.181629
v -9.10947 51.7707 12.843201
v -15.7602 57.462 3.605331
v -15.7545 58.4074 -2.239571
v -4.1853 51.7244 12.631199
v -12.3128 58.3156 6.303387
v -13.1232 60.113895 -4.86166
v -13.8528 59.6912 0.838375
v -8.73944 55.6472 10.6418
v -9.17264 61.768303 -8.554272
v -11.559 61.3187 -2.284649
v -10.8473 60.4292 3.109268
v -4.07214 55.3014 10.689598
v -5.57455 63.284897 -12.095898
v -8.33142 62.878605 -6.555119
v -9.16208 62.0553 -0.348385
v -8.14075 58.600494 7.854542
v -3.84387 58.2051 8.081871
v -6.72015 63.4493 -5.100651
v -4.4726 64.6788 -9.460258
v -5.28003 64.17531 -10.5051
v -7.27957 60.6734 4.504112
v -3.92429 65.3006 -14.166298
v -4.56989 63.440697 -4.45739
v -3.12137 66.3152 -12.321701
v -3.66208 65.8735 -13.098801
v -6.17874 62.1227 0.715809
v -3.46616 60.2437 4.613411
v -2.82968 67.939 -14.716202
v -3.08203 64.5038 -9.27932
v -2.97089 61.631 0.80006
v -3.13394 67.2403 -15.387398
v -2.10196 66.1067 -12.228798
v -2.22809 62.806 -4.68145
v -2.34885 68.29851 -14.2383
v -1.62811 68.1186 -14.046101
v -1.40448 63.908 -9.77029
v -3.24127 70.0315 -16.022602
v -1.70639 70.9187 -14.619598
v -0.949432 65.7451 -12.507301
v -2.93848 70.7346 -15.306702
v -0.757935 67.5954 -14.062401
v -2.46448 71.3672 -14.853302
v -0.798492 70.3965 -14.6604
v -2.62805 27.4715 -26.868
v -6.79846 26.474398 -26.618198
v -3.34198 28.607597 -30.9216
v -7.89435 27.8353 -30.6492
v -10.1919 26.526302 -25.533
v -3.8219 31.076797 -34.0468
v -12.808 27.372498 -23.2668
v -8.60907 30.335598 -33.8999
v -11.8867 28.028301 -28.9744
v -9.13828 34.065903 -36.2164
v -4.16614 34.447197 -36.0028
v -15.3271 28.946 -26.5041
v -13.2339 30.6055 -32.0808
v -9.10947 38.338303 -37.2872
v -4.1853 38.404205 -37.0804
v -14.8788 29.3021 -20.036098
v -17.658 30.746801 -22.937798
v -13.9556 34.4342 -34.4008
v -8.73943 42.796204 -37.319
v -19.4789 33.4164 -25.3153
v -17.1285 31.6087 -29.1488
v -13.9466 38.8214 -35.5602
v -4.07213 42.4728 -37.1875
v -20.1875 36.8412 -27.068
v -17.9656 35.384995 -31.293598
v -13.3336 43.332 -35.6697
v -3.84387 46.2913 -36.3809
v -17.9181 39.654602 -32.3748
v -8.14075 46.7475 -36.3818
v -3.46614 49.791 -34.3964
v -20.1924 40.796097 -28.153599
v -12.3128 47.276302 -34.896
v -2.97089 52.8991 -31.787598
v -7.27956 50.217796 -34.5167
v -17.1305 44.0501 -32.6395
v -2.22807 56.6575 -27.627998
v -6.17874 53.367096 -31.960499
v -10.8473 50.703705 -33.1866
v -19.4267 44.7672 -28.6246
v -1.40446 60.1563 -23.772
v -4.56989 57.095097 -28.1394
v -9.16205 53.8409 -31.0052
v -15.7602 47.886 -32.1326
v -18.0102 48.408203 -28.480698
v -6.72012 57.424194 -27.5867
v -4.4726 60.668797 -24.4259
v -3.08202 60.426697 -24.495098
v -13.8528 51.200104 -30.850899
v -0.949417 63.1157 -22.320198
v -8.33141 57.657196 -26.041698
v -3.12135 63.5166 -22.765999
v -2.10194 63.289597 -22.742199
v -11.559 54.171005 -28.960098
v -15.7545 51.627197 -27.543499
v -1.62811 65.9406 -22.174301
v -5.28001 60.755196 -23.269299
v -13.1232 54.4162 -26.1259
v -0.757919 65.4957 -21.898602
v -3.66208 63.522705 -21.8721
v -9.17264 57.6952 -23.7552
v -2.34885 66.1926 -22.097801
v -2.82968 66.12021 -21.5042
v -5.57455 60.7794 -21.4464
v -0.798477 68.220505 -22.7813
v -2.93848 68.8364 -22.390602
v -3.92429 63.560295 -20.661198
v -1.70638 68.6523 -23.077702
v -3.13394 65.8507 -20.5736
v -2.46448 69.1576 -23.099602
v -3.24127 68.5855 -21.419003
v 3.3295 68.0801 -18.3917
v 2.65617 67.58899 -18.6638
v 2.65617 67.7908 -17.9105
v 2.84785 67.41481 -19.2056
v 0 66.3918 -17.9393
v 2.84785 67.910904 -17.3541
v 2.0473 67.0496 -19.339302
v 2.0473 67.6614 -17.055801
v 2.25392 67.1486 -20.199303
v 1.66577 68.2348 -16.253502
v 2.25394 68.1772 -16.3605
v 1.66577 67.145 -20.320702
v 1.66473 67.3338 -21.176903
v 0.990387 68.3357 -15.8769
v 1.66476 68.8264 -15.606499
v 0.990387 67.0441 -20.6974
v 0 67.9673 -15.914101
v 0 66.7436 -20.481003
v 0.593933 68.4252 -15.4347
v 0.593933 66.9005 -21.125
v -2.0473 67.0496 -19.339302
v -2.65617 67.58899 -18.6638
v -0.593933 68.4252 -15.4347
v -2.65617 67.7908 -17.9105
v -2.84785 67.41481 -19.2056
v -0.990387 68.3357 -15.8769
v -0.593933 66.9005 -21.125
v -3.3295 68.0801 -18.3917
v -2.0473 67.6614 -17.055801
v -1.66577 68.2348 -16.253502
v -1.66476 68.8264 -15.606499
v -0.990387 67.0441 -20.6974
v -2.25392 67.1486 -20.199303
v -2.84785 67.910904 -17.3541
v -1.66473 67.3338 -21.176903
v -1.66577 67.145 -20.320702
v -2.25394 68.1772 -16.3605
v 14.490197 27.918903 40.372894
v 12.205198 28.690504 41.3557
v 12.407997 27.214705 41.714497
v 13.367498 29.982103 40.4366
v 12.745197 25.169205 41.953796
v 15.094998 31.381304 38.960197
v 15.294097 25.482004 40.350792
v 16.723698 28.815706 38.459396
v 10.662797 28.687204 42.013397
v 11.712898 31.111404 40.78459
v 13.722897 23.277603 41.961197
v 10.327797 27.259104 42.566597
v 10.634896 23.093403 43.129395
v 9.903897 25.184404 43.306
v 17.104599 32.567703 36.96329
v 13.2687 33.266003 39.159897
v 15.2299 34.792305 37.265194
v 15.976997 23.504204 40.33599
v 17.893099 25.879107 38.162697
v 7.486317 22.978004 44.614594
v 9.691047 27.383104 43.046196
v 7.438377 26.022003 44.08229
v 17.3862 36.344006 34.501198
v 18.918299 29.754705 36.425095
v 19.5129 33.661003 34.066097
v 11.254899 31.865503 41.1491
v 12.8391 34.330605 39.27679
v 18.561296 24.062605 37.9825
v 8.845559 30.474705 42.798195
v 6.335669 30.627903 43.613297
v 10.277798 29.280603 42.368797
v 19.0941 37.272102 31.807499
v 16.0342 37.580105 35.017097
v 17.4003 39.021904 32.511898
v 20.123999 26.456705 35.751694
v 20.889997 30.426105 33.434097
v 9.822849 33.1292 41.4389
v 14.2647 35.971302 37.443497
v 11.1717 35.578304 39.641296
v 12.392 37.559303 37.8128
v 7.822769 31.605003 42.882393
v 20.9566 34.032604 30.929298
v 15.054702 40.819004 32.944595
v 20.654299 24.747107 35.354195
v 9.521111 38.5727 38.381294
v 13.586701 39.275906 35.710793
v 10.541301 40.6807 36.071194
v 8.160739 33.8175 41.870296
v 8.74116 36.2891 40.3021
v 22.137697 30.896105 30.517797
v 21.797897 27.128407 32.892998
v 11.539202 42.449203 33.20589
v 22.887098 27.436506 30.2684
v 22.060898 25.350407 32.572796
v 23.068298 25.793005 29.973997
v -14.490204 27.918898 40.372894
v -12.408004 27.214699 41.7145
v -12.205203 28.690498 41.355705
v -12.745204 25.169199 41.9538
v -13.367503 29.982098 40.4366
v -15.294104 25.481998 40.3508
v -15.095003 31.381298 38.960197
v -16.723703 28.815697 38.4594
v -10.662804 28.687199 42.013397
v -10.327804 27.259098 42.566597
v -13.268702 33.265995 39.159904
v -11.712903 31.111399 40.784595
v -17.893103 25.879097 38.1627
v -13.722905 23.277597 41.9612
v -15.977004 23.504198 40.336
v -9.691053 27.383099 43.046196
v -9.903904 25.184399 43.306
v -15.229902 34.792297 37.2652
v -17.104605 32.567696 36.9633
v -10.277802 29.280598 42.368797
v -11.254903 31.865498 41.1491
v -18.561306 24.062595 37.9825
v -18.918303 29.754696 36.425102
v -20.124002 26.456696 35.751705
v -10.634905 23.093397 43.129395
v -12.839102 34.330597 39.2768
v -17.3862 36.343998 34.501198
v -14.264702 35.971294 37.443497
v -16.034203 37.580097 35.017097
v -8.845563 30.474699 42.798203
v -7.438384 26.021997 44.082294
v -20.654303 24.747097 35.354202
v -19.512901 33.660995 34.066105
v -20.890001 30.426096 33.434105
v -7.486324 22.977999 44.614605
v -13.586701 39.275898 35.7108
v -12.392002 37.559296 37.8128
v -9.822853 33.1292 41.4389
v -6.335673 30.627897 43.613297
v -7.822773 31.604998 42.882397
v -21.797903 27.128397 32.893005
v -22.060904 25.350397 32.5728
v -19.0941 37.272095 31.807507
v -17.4003 39.021896 32.511898
v -10.541301 40.6807 36.0712
v -11.171701 35.578297 39.641304
v -9.521111 38.5727 38.3813
v -8.160743 33.8175 41.870304
v -22.887102 27.436497 30.268402
v -23.068304 25.792995 29.974003
v -20.9566 34.032597 30.929298
v -22.137701 30.896095 30.517803
v -15.0547 40.818996 32.944595
v -11.5392 42.449196 33.2059
v -8.741162 36.2891 40.3021
# 2398 vertices

vn 2.37845E-09 0.98735356 -0.15853304
vn -5.3394067E-09 0.99409604 -0.10850328
vn 0.095670864 0.9829031 -0.1573168
vn 0.095670864 0.9829031 -0.1573168
vn -5.3394067E-09 0.99409604 -0.10850328
vn 0.078129254 0.990957 -0.109086335
vn -5.3394067E-09 0.99409604 -0.10850328
vn -3.136224E-09 0.8977734 -0.4404574
vn 0.078129254 0.990957 -0.109086335
vn -3.136224E-09 0.8977734 -0.4404574
vn 0.09144007 0.8925464 -0.44158763
vn 0.078129254 0.990957 -0.109086335
vn 0.095670864 0.9829031 -0.1573168
vn 0.078129254 0.990957 -0.109086335
vn 0.1491554 0.97872704 -0.14087623
vn 0.078129254 0.990957 -0.109086335
vn 0.09144007 0.8925464 -0.44158763
vn 0.140665 0.9821823 -0.12462455
vn 0.078129254 0.990957 -0.109086335
vn 0.140665 0.9821823 -0.12462455
vn 0.1491554 0.97872704 -0.14087623
vn 0.1491554 0.97872704 -0.14087623
vn 0.140665 0.9821823 -0.12462455
vn 0.21905139 0.96003103 -0.17423213
vn 0.09144007 0.8925464 -0.44158763
vn 0.16798225 0.882158 -0.43997627
vn 0.140665 0.9821823 -0.12462455
vn 0.140665 0.9821823 -0.12462455
vn 0.25663108 0.9564378 -0.13916534
vn 0.21905139 0.96003103 -0.17423213
vn 0.140665 0.9821823 -0.12462455
vn 0.16798225 0.882158 -0.43997627
vn 0.25663108 0.9564378 -0.13916534
vn 0.16798225 0.882158 -0.43997627
vn 0.29245296 0.8495574 -0.43900263
vn 0.25663108 0.9564378 -0.13916534
vn 0.21905139 0.96003103 -0.17423213
vn 0.25663108 0.9564378 -0.13916534
vn 0.38648748 0.9051542 -0.1769836
vn 0.25663108 0.9564378 -0.13916534
vn 0.29245296 0.8495574 -0.43900263
vn 0.42338637 0.89371634 -0.14837492
vn 0.25663108 0.9564378 -0.13916534
vn 0.42338637 0.89371634 -0.14837492
vn 0.38648748 0.9051542 -0.1769836
vn 0.38648748 0.9051542 -0.1769836
vn 0.42338637 0.89371634 -0.14837492
vn 0.56312025 0.8106341 -0.16052401
vn 0.29245296 0.8495574 -0.43900263
vn 0.45870957 0.7658286 -0.45065743
vn 0.42338637 0.89371634 -0.14837492
vn 0.42338637 0.89371634 -0.14837492
vn 0.5873934 0.7963786 -0.14404917
vn 0.56312025 0.8106341 -0.16052401
vn 0.42338637 0.89371634 -0.14837492
vn 0.45870957 0.7658286 -0.45065743
vn 0.5873934 0.7963786 -0.14404917
vn 0.45870957 0.7658286 -0.45065743
vn 0.61664337 0.64946705 -0.44490856
vn 0.5873934 0.7963786 -0.14404917
vn 0.56312025 0.8106341 -0.16052401
vn 0.5873934 0.7963786 -0.14404917
vn 0.71664274 0.685616 -0.12788218
vn 0.5873934 0.7963786 -0.14404917
vn 0.61664337 0.64946705 -0.44490856
vn 0.737233 0.6639577 -0.12509048
vn 0.5873934 0.7963786 -0.14404917
vn 0.737233 0.6639577 -0.12509048
vn 0.71664274 0.685616 -0.12788218
vn 0.71664274 0.685616 -0.12788218
vn 0.737233 0.6639577 -0.12509048
vn 0.85343534 0.51715726 -0.064780176
vn 0.61664337 0.64946705 -0.44490856
vn 0.7706497 0.5050893 -0.3885665
vn 0.737233 0.6639577 -0.12509048
vn 0.737233 0.6639577 -0.12509048
vn 0.87643343 0.479387 -0.045304656
vn 0.85343534 0.51715726 -0.064780176
vn 0.737233 0.6639577 -0.12509048
vn 0.7706497 0.5050893 -0.3885665
vn 0.87643343 0.479387 -0.045304656
vn 0.7706497 0.5050893 -0.3885665
vn 0.901644 0.34872723 -0.2557878
vn 0.87643343 0.479387 -0.045304656
vn 0.87643343 0.479387 -0.045304656
vn 0.9476521 0.31841165 0.023865402
vn 0.85343534 0.51715726 -0.064780176
vn 0.85343534 0.51715726 -0.064780176
vn 0.9476521 0.31841165 0.023865402
vn 0.96441334 0.26421574 -0.009844184
vn 0.87643343 0.479387 -0.045304656
vn 0.901644 0.34872723 -0.2557878
vn 0.9377074 0.33483684 0.092677325
vn 0.87643343 0.479387 -0.045304656
vn 0.9377074 0.33483684 0.092677325
vn 0.9476521 0.31841165 0.023865402
vn 0.901644 0.34872723 -0.2557878
vn 0.9799161 0.18931872 -0.06263226
vn 0.9377074 0.33483684 0.092677325
vn 0.9377074 0.33483684 0.092677325
vn 0.9559694 0.24719962 0.1581607
vn 0.9476521 0.31841165 0.023865402
vn 0.9377074 0.33483684 0.092677325
vn 0.9799161 0.18931872 -0.06263226
vn 0.9559694 0.24719962 0.1581607
vn 0.9799161 0.18931872 -0.06263226
vn 0.9960928 0.06799397 0.05635523
vn 0.9559694 0.24719962 0.1581607
vn 0.9476521 0.31841165 0.023865402
vn 0.98014706 0.19735558 0.019041166
vn 0.96441334 0.26421574 -0.009844184
vn 0.9476521 0.31841165 0.023865402
vn 0.9559694 0.24719962 0.1581607
vn 0.98014706 0.19735558 0.019041166
vn 0.9559694 0.24719962 0.1581607
vn 0.9960928 0.06799397 0.05635523
vn 0.9344517 0.16865 0.31361976
vn 0.9559694 0.24719962 0.1581607
vn 0.9344517 0.16865 0.31361976
vn 0.98014706 0.19735558 0.019041166
vn 0.9960928 0.06799397 0.05635523
vn 0.9697825 -0.1936122 0.14844614
vn 0.9344517 0.16865 0.31361976
vn 0.96441334 0.26421574 -0.009844184
vn 0.98014706 0.19735558 0.019041166
vn 0.99612194 -0.072351515 -0.050063644
vn 0.98014706 0.19735558 0.019041166
vn 0.9344517 0.16865 0.31361976
vn 0.98933834 0.14510629 0.012402266
vn 0.98933834 0.14510629 0.012402266
vn 0.9642642 -0.09802906 -0.24613973
vn 0.98014706 0.19735558 0.019041166
vn 0.98014706 0.19735558 0.019041166
vn 0.9642642 -0.09802906 -0.24613973
vn 0.99612194 -0.072351515 -0.050063644
vn 0.99612194 -0.072351515 -0.050063644
vn 0.9642642 -0.09802906 -0.24613973
vn 0.85155433 -0.5161892 0.091673136
vn 0.9642642 -0.09802906 -0.24613973
vn 0.80140895 -0.51202327 -0.3091536
vn 0.85155433 -0.5161892 0.091673136
vn 0.85155433 -0.5161892 0.091673136
vn 0.80140895 -0.51202327 -0.3091536
vn 0.6548278 -0.70101744 0.28244513
vn 0.80140895 -0.51202327 -0.3091536
vn 0.61963636 -0.73364455 -0.2789557
vn 0.6548278 -0.70101744 0.28244513
vn 0.6548278 -0.70101744 0.28244513
vn 0.61963636 -0.73364455 -0.2789557
vn 0.5630963 -0.7839706 0.26136678
vn 0.61963636 -0.73364455 -0.2789557
vn 0.28838784 -0.87021995 -0.3994364
vn 0.5630963 -0.7839706 0.26136678
vn 0.5630963 -0.7839706 0.26136678
vn 0.28838784 -0.87021995 -0.3994364
vn 0.4094112 -0.8893319 0.20364505
vn 0.28838784 -0.87021995 -0.3994364
vn -0.15381294 -0.97506094 -0.15999329
vn 0.4094112 -0.8893319 0.20364505
vn 0.98933834 0.14510629 0.012402266
vn 0.9344517 0.16865 0.31361976
vn 0.9034286 0.15586239 0.39940414
vn 0.9344517 0.16865 0.31361976
vn 0.9697825 -0.1936122 0.14844614
vn 0.7142547 -0.1405952 0.6856189
vn 0.9344517 0.16865 0.31361976
vn 0.7142547 -0.1405952 0.6856189
vn 0.9034286 0.15586239 0.39940414
vn 0.9034286 0.15586239 0.39940414
vn 0.7142547 -0.1405952 0.6856189
vn 0.59729034 0.14401299 0.7889895
vn 0.9697825 -0.1936122 0.14844614
vn 0.7943534 -0.5850751 0.1633699
vn 0.7142547 -0.1405952 0.6856189
vn 0.7943534 -0.5850751 0.1633699
vn 0.49982142 -0.74974537 0.43365937
vn 0.7142547 -0.1405952 0.6856189
vn 0.7142547 -0.1405952 0.6856189
vn 0.25854912 -0.19944859 0.9451838
vn 0.59729034 0.14401299 0.7889895
vn 0.7142547 -0.1405952 0.6856189
vn 0.49982142 -0.74974537 0.43365937
vn 0.25854912 -0.19944859 0.9451838
vn 0.49982142 -0.74974537 0.43365937
vn 0.35490853 -0.8137485 0.46027547
vn 0.25854912 -0.19944859 0.9451838
vn 0.59729034 0.14401299 0.7889895
vn 0.25854912 -0.19944859 0.9451838
vn 0.11942117 0.0108459 0.9927843
vn 0.25854912 -0.19944859 0.9451838
vn 0.35490853 -0.8137485 0.46027547
vn 0.10654338 -0.33101952 0.93758976
vn 0.25854912 -0.19944859 0.9451838
vn 0.10654338 -0.33101952 0.93758976
vn 0.11942117 0.0108459 0.9927843
vn 0.11942117 0.0108459 0.9927843
vn 0.10654338 -0.33101952 0.93758976
vn -0.20933414 -0.08134329 0.9744549
vn 0.35490853 -0.8137485 0.46027547
vn 0.29662552 -0.8500644 0.43520528
vn 0.10654338 -0.33101952 0.93758976
vn 0.10654338 -0.33101952 0.93758976
vn 0.039763644 -0.67119235 0.7402159
vn -0.20933414 -0.08134329 0.9744549
vn -0.20933414 -0.08134329 0.9744549
vn 0.039763644 -0.67119235 0.7402159
vn -0.43869662 -0.4581519 0.7730731
vn 0.10654338 -0.33101952 0.93758976
vn 0.29662552 -0.8500644 0.43520528
vn 0.1593719 -0.43305755 0.88716507
vn 0.29662552 -0.8500644 0.43520528
vn 0.25222912 -0.8708732 0.42185324
vn 0.1593719 -0.43305755 0.88716507
vn 0.1593719 -0.43305755 0.88716507
vn 0.15880997 -0.5141667 0.84285945
vn 0.10654338 -0.33101952 0.93758976
vn 0.10654338 -0.33101952 0.93758976
vn 0.15880997 -0.5141667 0.84285945
vn 0.039763644 -0.67119235 0.7402159
vn 0.1593719 -0.43305755 0.88716507
vn 0.25222912 -0.8708732 0.42185324
vn 0.15880997 -0.5141667 0.84285945
vn 0.25222912 -0.8708732 0.42185324
vn 0.14991839 -0.89654565 0.41680968
vn 0.15880997 -0.5141667 0.84285945
vn 0.15880997 -0.5141667 0.84285945
vn 0.078591846 -0.5982449 0.7974499
vn 0.039763644 -0.67119235 0.7402159
vn 0.15880997 -0.5141667 0.84285945
vn 0.14991839 -0.89654565 0.41680968
vn 0.078591846 -0.5982449 0.7974499
vn 0.14991839 -0.89654565 0.41680968
vn 0.06558548 -0.91369224 0.40107965
vn 0.078591846 -0.5982449 0.7974499
vn 0.039763644 -0.67119235 0.7402159
vn 0.21678561 -0.90356123 0.36956865
vn -0.43869662 -0.4581519 0.7730731
vn 0.4094112 -0.8893319 0.20364505
vn -0.15381294 -0.97506094 -0.15999329
vn 0.21678561 -0.90356123 0.36956865
vn -0.15381294 -0.97506094 -0.15999329
vn -0.48493665 -0.81865275 0.307643
vn 0.21678561 -0.90356123 0.36956865
vn -0.48493665 -0.81865275 0.307643
vn -0.43869662 -0.4581519 0.7730731
vn 0.21678561 -0.90356123 0.36956865
vn 0.4094112 -0.8893319 0.20364505
vn 0.21678561 -0.90356123 0.36956865
vn 0.2267263 -0.95286757 0.20159
vn 0.2267263 -0.95286757 0.20159
vn 0.21678561 -0.90356123 0.36956865
vn 0.14229047 -0.9080503 0.39395177
vn 0.21678561 -0.90356123 0.36956865
vn 0.039763644 -0.67119235 0.7402159
vn 0.09563385 -0.7943493 0.59988606
vn 0.039763644 -0.67119235 0.7402159
vn 0.078591846 -0.5982449 0.7974499
vn 0.09563385 -0.7943493 0.59988606
vn 0.21678561 -0.90356123 0.36956865
vn 0.09563385 -0.7943493 0.59988606
vn 0.14229047 -0.9080503 0.39395177
vn 0.078591846 -0.5982449 0.7974499
vn 0.06558548 -0.91369224 0.40107965
vn 0.042909734 -0.63179904 0.7739436
vn 0.078591846 -0.5982449 0.7974499
vn 0.042909734 -0.63179904 0.7739436
vn 0.09563385 -0.7943493 0.59988606
vn 0.09563385 -0.7943493 0.59988606
vn 0.046202894 -0.8001276 0.59804755
vn 0.14229047 -0.9080503 0.39395177
vn 0.09563385 -0.7943493 0.59988606
vn 0.042909734 -0.63179904 0.7739436
vn 0.046202894 -0.8001276 0.59804755
vn 0.14229047 -0.9080503 0.39395177
vn 0.046202894 -0.8001276 0.59804755
vn 0.06405785 -0.91841507 0.39039767
vn 0.06558548 -0.91369224 0.40107965
vn -3.516315E-09 -0.9176324 0.39743024
vn 0.042909734 -0.63179904 0.7739436
vn 0.042909734 -0.63179904 0.7739436
vn -7.03376E-09 -0.6467564 0.76269674
vn 0.046202894 -0.8001276 0.59804755
vn 0.042909734 -0.63179904 0.7739436
vn -3.516315E-09 -0.9176324 0.39743024
vn -7.03376E-09 -0.6467564 0.76269674
vn -7.03376E-09 -0.6467564 0.76269674
vn -4.478277E-09 -0.80572 0.5922965
vn 0.046202894 -0.8001276 0.59804755
vn 0.046202894 -0.8001276 0.59804755
vn -4.478277E-09 -0.80572 0.5922965
vn 0.06405785 -0.91841507 0.39039767
vn 0.06405785 -0.91841507 0.39039767
vn -4.478277E-09 -0.80572 0.5922965
vn -5.393617E-09 -0.9179486 0.39669943
vn 2.37845E-09 0.98735356 -0.15853304
vn -0.095670864 0.9829031 -0.1573168
vn -5.3394067E-09 0.99409604 -0.10850328
vn -5.3394067E-09 0.99409604 -0.10850328
vn -0.095670864 0.9829031 -0.1573168
vn -0.07812927 0.990957 -0.109086335
vn -0.095670864 0.9829031 -0.1573168
vn -0.1491554 0.97872704 -0.14087623
vn -0.07812927 0.990957 -0.109086335
vn -5.3394067E-09 0.99409604 -0.10850328
vn -0.07812927 0.990957 -0.109086335
vn -3.136224E-09 0.8977734 -0.4404574
vn -3.136224E-09 0.8977734 -0.4404574
vn -0.07812927 0.990957 -0.109086335
vn -0.09144007 0.8925464 -0.4415874
vn -0.07812927 0.990957 -0.109086335
vn -0.1491554 0.97872704 -0.14087623
vn -0.14066496 0.9821822 -0.12462449
vn -0.07812927 0.990957 -0.109086335
vn -0.14066496 0.9821822 -0.12462449
vn -0.09144007 0.8925464 -0.4415874
vn -0.09144007 0.8925464 -0.4415874
vn -0.14066496 0.9821822 -0.12462449
vn -0.16798273 0.88215804 -0.43997592
vn -0.1491554 0.97872704 -0.14087623
vn -0.21905139 0.96003103 -0.17423218
vn -0.14066496 0.9821822 -0.12462449
vn -0.14066496 0.9821822 -0.12462449
vn -0.25663123 0.9564378 -0.13916487
vn -0.16798273 0.88215804 -0.43997592
vn -0.14066496 0.9821822 -0.12462449
vn -0.21905139 0.96003103 -0.17423218
vn -0.25663123 0.9564378 -0.13916487
vn -0.21905139 0.96003103 -0.17423218
vn -0.38648754 0.9051543 -0.17698348
vn -0.25663123 0.9564378 -0.13916487
vn -0.16798273 0.88215804 -0.43997592
vn -0.25663123 0.9564378 -0.13916487
vn -0.2924535 0.84955764 -0.43900192
vn -0.25663123 0.9564378 -0.13916487
vn -0.38648754 0.9051543 -0.17698348
vn -0.4233863 0.8937165 -0.14837438
vn -0.25663123 0.9564378 -0.13916487
vn -0.4233863 0.8937165 -0.14837438
vn -0.2924535 0.84955764 -0.43900192
vn -0.2924535 0.84955764 -0.43900192
vn -0.4233863 0.8937165 -0.14837438
vn -0.45870933 0.76582897 -0.4506569
vn -0.38648754 0.9051543 -0.17698348
vn -0.56312037 0.810634 -0.16052401
vn -0.4233863 0.8937165 -0.14837438
vn -0.4233863 0.8937165 -0.14837438
vn -0.5873933 0.7963787 -0.14404899
vn -0.45870933 0.76582897 -0.4506569
vn -0.4233863 0.8937165 -0.14837438
vn -0.56312037 0.810634 -0.16052401
vn -0.5873933 0.7963787 -0.14404899
vn -0.56312037 0.810634 -0.16052401
vn -0.71664274 0.685616 -0.12788206
vn -0.5873933 0.7963787 -0.14404899
vn -0.45870933 0.76582897 -0.4506569
vn -0.5873933 0.7963787 -0.14404899
vn -0.6166433 0.64946723 -0.44490826
vn -0.5873933 0.7963787 -0.14404899
vn -0.71664274 0.685616 -0.12788206
vn -0.737233 0.6639578 -0.12509024
vn -0.5873933 0.7963787 -0.14404899
vn -0.737233 0.6639578 -0.12509024
vn -0.6166433 0.64946723 -0.44490826
vn -0.6166433 0.64946723 -0.44490826
vn -0.737233 0.6639578 -0.12509024
vn -0.77064985 0.5050894 -0.38856602
vn -0.71664274 0.685616 -0.12788206
vn -0.8534353 0.5171574 -0.06478006
vn -0.737233 0.6639578 -0.12509024
vn -0.737233 0.6639578 -0.12509024
vn -0.8764334 0.47938704 -0.045304507
vn -0.77064985 0.5050894 -0.38856602
vn -0.737233 0.6639578 -0.12509024
vn -0.8534353 0.5171574 -0.06478006
vn -0.8764334 0.47938704 -0.045304507
vn -0.77064985 0.5050894 -0.38856602
vn -0.8764334 0.47938704 -0.045304507
vn -0.90164405 0.3487275 -0.25578746
vn -0.8764334 0.47938704 -0.045304507
vn -0.8534353 0.5171574 -0.06478006
vn -0.94765204 0.31841165 0.02386567
vn -0.8534353 0.5171574 -0.06478006
vn -0.96441334 0.26421583 -0.009844065
vn -0.94765204 0.31841165 0.02386567
vn -0.8764334 0.47938704 -0.045304507
vn -0.9377074 0.33483657 0.092677355
vn -0.90164405 0.3487275 -0.25578746
vn -0.8764334 0.47938704 -0.045304507
vn -0.94765204 0.31841165 0.02386567
vn -0.9377074 0.33483657 0.092677355
vn -0.90164405 0.3487275 -0.25578746
vn -0.9377074 0.33483657 0.092677355
vn -0.9799161 0.18931875 -0.062632516
vn -0.9377074 0.33483657 0.092677355
vn -0.94765204 0.31841165 0.02386567
vn -0.9559695 0.24719955 0.15816018
vn -0.9377074 0.33483657 0.092677355
vn -0.9559695 0.24719955 0.15816018
vn -0.9799161 0.18931875 -0.062632516
vn -0.9799161 0.18931875 -0.062632516
vn -0.9559695 0.24719955 0.15816018
vn -0.99609286 0.06799397 0.056354355
vn -0.94765204 0.31841165 0.02386567
vn -0.96441334 0.26421583 -0.009844065
vn -0.98014706 0.19735561 0.01904118
vn -0.94765204 0.31841165 0.02386567
vn -0.98014706 0.19735561 0.01904118
vn -0.9559695 0.24719955 0.15816018
vn -0.9559695 0.24719955 0.15816018
vn -0.9344519 0.1686494 0.3136195
vn -0.99609286 0.06799397 0.056354355
vn -0.9559695 0.24719955 0.15816018
vn -0.98014706 0.19735561 0.01904118
vn -0.9344519 0.1686494 0.3136195
vn -0.99609286 0.06799397 0.056354355
vn -0.9344519 0.1686494 0.3136195
vn -0.9697823 -0.19361341 0.14844584
vn -0.96441334 0.26421583 -0.009844065
vn -0.996122 -0.07235143 -0.050063405
vn -0.98014706 0.19735561 0.01904118
vn -0.98014706 0.19735561 0.01904118
vn -0.98933834 0.14510618 0.012402266
vn -0.9344519 0.1686494 0.3136195
vn -0.98933834 0.14510618 0.012402266
vn -0.98014706 0.19735561 0.01904118
vn -0.9642643 -0.09802897 -0.24613975
vn -0.98014706 0.19735561 0.01904118
vn -0.996122 -0.07235143 -0.050063405
vn -0.9642643 -0.09802897 -0.24613975
vn -0.996122 -0.07235143 -0.050063405
vn -0.85155416 -0.5161893 0.09167385
vn -0.9642643 -0.09802897 -0.24613975
vn -0.9642643 -0.09802897 -0.24613975
vn -0.85155416 -0.5161893 0.09167385
vn -0.80140895 -0.51202357 -0.3091532
vn -0.85155416 -0.5161893 0.09167385
vn -0.65482783 -0.7010172 0.28244537
vn -0.80140895 -0.51202357 -0.3091532
vn -0.80140895 -0.51202357 -0.3091532
vn -0.65482783 -0.7010172 0.28244537
vn -0.6196363 -0.7336446 -0.27895585
vn -0.65482783 -0.7010172 0.28244537
vn -0.5630963 -0.7839706 0.26136696
vn -0.6196363 -0.7336446 -0.27895585
vn -0.6196363 -0.7336446 -0.27895585
vn -0.5630963 -0.7839706 0.26136696
vn -0.28838792 -0.8702198 -0.39943716
vn -0.5630963 -0.7839706 0.26136696
vn -0.4094116 -0.8893315 0.20364547
vn -0.28838792 -0.8702198 -0.39943716
vn -0.28838792 -0.8702198 -0.39943716
vn -0.4094116 -0.8893315 0.20364547
vn 0.15381214 -0.97506106 -0.15999293
vn -0.98933834 0.14510618 0.012402266
vn -0.90342873 0.15586188 0.39940414
vn -0.9344519 0.1686494 0.3136195
vn -0.9344519 0.1686494 0.3136195
vn -0.7142561 -0.14059699 0.6856171
vn -0.9697823 -0.19361341 0.14844584
vn -0.9344519 0.1686494 0.3136195
vn -0.90342873 0.15586188 0.39940414
vn -0.7142561 -0.14059699 0.6856171
vn -0.90342873 0.15586188 0.39940414
vn -0.5972901 0.14401346 0.7889896
vn -0.7142561 -0.14059699 0.6856171
vn -0.9697823 -0.19361341 0.14844584
vn -0.7142561 -0.14059699 0.6856171
vn -0.79435265 -0.5850767 0.16336775
vn -0.79435265 -0.5850767 0.16336775
vn -0.7142561 -0.14059699 0.6856171
vn -0.4998215 -0.7497465 0.43365747
vn -0.7142561 -0.14059699 0.6856171
vn -0.5972901 0.14401346 0.7889896
vn -0.2585494 -0.19944948 0.9451836
vn -0.7142561 -0.14059699 0.6856171
vn -0.2585494 -0.19944948 0.9451836
vn -0.4998215 -0.7497465 0.43365747
vn -0.4998215 -0.7497465 0.43365747
vn -0.2585494 -0.19944948 0.9451836
vn -0.3549085 -0.8137491 0.46027422
vn -0.5972901 0.14401346 0.7889896
vn -0.119420834 0.010846555 0.99278444
vn -0.2585494 -0.19944948 0.9451836
vn -0.2585494 -0.19944948 0.9451836
vn -0.106543414 -0.33101964 0.9375897
vn -0.3549085 -0.8137491 0.46027422
vn -0.2585494 -0.19944948 0.9451836
vn -0.119420834 0.010846555 0.99278444
vn -0.106543414 -0.33101964 0.9375897
vn -0.119420834 0.010846555 0.99278444
vn 0.20933452 -0.081343174 0.97445476
vn -0.106543414 -0.33101964 0.9375897
vn -0.3549085 -0.8137491 0.46027422
vn -0.106543414 -0.33101964 0.9375897
vn -0.2966264 -0.85006404 0.43520546
vn -0.2966264 -0.85006404 0.43520546
vn -0.106543414 -0.33101964 0.9375897
vn -0.15937272 -0.4330584 0.88716435
vn -0.2966264 -0.85006404 0.43520546
vn -0.15937272 -0.4330584 0.88716435
vn -0.25222895 -0.87087315 0.42185354
vn -0.15937272 -0.4330584 0.88716435
vn -0.106543414 -0.33101964 0.9375897
vn -0.15881011 -0.5141671 0.842859
vn -0.15937272 -0.4330584 0.88716435
vn -0.15881011 -0.5141671 0.842859
vn -0.25222895 -0.87087315 0.42185354
vn -0.25222895 -0.87087315 0.42185354
vn -0.15881011 -0.5141671 0.842859
vn -0.1499183 -0.89654565 0.4168095
vn -0.106543414 -0.33101964 0.9375897
vn 0.20933452 -0.081343174 0.97445476
vn -0.03976381 -0.67119235 0.7402159
vn -0.106543414 -0.33101964 0.9375897
vn -0.03976381 -0.67119235 0.7402159
vn -0.15881011 -0.5141671 0.842859
vn -0.15881011 -0.5141671 0.842859
vn -0.07859201 -0.59824485 0.7974498
vn -0.1499183 -0.89654565 0.4168095
vn -0.15881011 -0.5141671 0.842859
vn -0.03976381 -0.67119235 0.7402159
vn -0.07859201 -0.59824485 0.7974498
vn -0.1499183 -0.89654565 0.4168095
vn -0.07859201 -0.59824485 0.7974498
vn -0.06558548 -0.9136923 0.40107954
vn 0.20933452 -0.081343174 0.97445476
vn 0.43869695 -0.45815173 0.7730731
vn -0.03976381 -0.67119235 0.7402159
vn -0.07859201 -0.59824485 0.7974498
vn -0.09563416 -0.79434913 0.59988606
vn -0.04290973 -0.6317989 0.77394354
vn -0.07859201 -0.59824485 0.7974498
vn -0.04290973 -0.6317989 0.77394354
vn -0.06558548 -0.9136923 0.40107954
vn -0.07859201 -0.59824485 0.7974498
vn -0.03976381 -0.67119235 0.7402159
vn -0.09563416 -0.79434913 0.59988606
vn -0.03976381 -0.67119235 0.7402159
vn 0.43869695 -0.45815173 0.7730731
vn -0.21678616 -0.90356106 0.36956888
vn -0.03976381 -0.67119235 0.7402159
vn -0.21678616 -0.90356106 0.36956888
vn -0.09563416 -0.79434913 0.59988606
vn 0.15381214 -0.97506106 -0.15999293
vn -0.4094116 -0.8893315 0.20364547
vn -0.21678616 -0.90356106 0.36956888
vn -0.4094116 -0.8893315 0.20364547
vn -0.22672631 -0.95286757 0.20159012
vn -0.21678616 -0.90356106 0.36956888
vn -0.21678616 -0.90356106 0.36956888
vn 0.43869695 -0.45815173 0.7730731
vn 0.4849367 -0.8186527 0.3076427
vn 0.4849367 -0.8186527 0.3076427
vn 0.15381214 -0.97506106 -0.15999293
vn -0.21678616 -0.90356106 0.36956888
vn -0.21678616 -0.90356106 0.36956888
vn -0.14229067 -0.9080503 0.39395177
vn -0.09563416 -0.79434913 0.59988606
vn -0.21678616 -0.90356106 0.36956888
vn -0.22672631 -0.95286757 0.20159012
vn -0.14229067 -0.9080503 0.39395177
vn -0.09563416 -0.79434913 0.59988606
vn -0.04620289 -0.8001276 0.59804755
vn -0.04290973 -0.6317989 0.77394354
vn -0.09563416 -0.79434913 0.59988606
vn -0.14229067 -0.9080503 0.39395177
vn -0.04620289 -0.8001276 0.59804755
vn -0.14229067 -0.9080503 0.39395177
vn -0.064057864 -0.91841507 0.39039767
vn -0.04620289 -0.8001276 0.59804755
vn -0.06558548 -0.9136923 0.40107954
vn -0.04290973 -0.6317989 0.77394354
vn -3.516315E-09 -0.9176324 0.39743024
vn -3.516315E-09 -0.9176324 0.39743024
vn -0.04290973 -0.6317989 0.77394354
vn -7.03376E-09 -0.6467564 0.76269674
vn -0.04290973 -0.6317989 0.77394354
vn -0.04620289 -0.8001276 0.59804755
vn -7.03376E-09 -0.6467564 0.76269674
vn -7.03376E-09 -0.6467564 0.76269674
vn -0.04620289 -0.8001276 0.59804755
vn -4.478277E-09 -0.80572 0.5922965
vn -0.04620289 -0.8001276 0.59804755
vn -0.064057864 -0.91841507 0.39039767
vn -4.478277E-09 -0.80572 0.5922965
vn -4.478277E-09 -0.80572 0.5922965
vn -0.064057864 -0.91841507 0.39039767
vn -5.393617E-09 -0.9179486 0.39669943
vn 0.82230675 -0.5600999 0.100497365
vn 0.8452409 -0.52928305 0.07367015
vn 0.9371075 -0.34737277 0.03408146
vn 0.9371075 -0.34737277 0.03408146
vn 0.8452409 -0.52928305 0.07367015
vn 0.95464647 -0.27657622 0.110253215
vn 0.8452409 -0.52928305 0.07367015
vn 0.7751747 -0.6314917 0.01795733
vn 0.95464647 -0.27657622 0.110253215
vn 0.9371075 -0.34737277 0.03408146
vn 0.95464647 -0.27657622 0.110253215
vn 0.99358684 -0.091908984 -0.06586317
vn 0.95464647 -0.27657622 0.110253215
vn 0.7751747 -0.6314917 0.01795733
vn 0.94656473 -0.31892687 -0.04796794
vn 0.7751747 -0.6314917 0.01795733
vn 0.7943534 -0.5850751 0.1633699
vn 0.94656473 -0.31892687 -0.04796794
vn 0.7943534 -0.5850751 0.1633699
vn 0.9697825 -0.1936122 0.14844614
vn 0.94656473 -0.31892687 -0.04796794
vn 0.95464647 -0.27657622 0.110253215
vn 0.9971909 -0.05212763 0.05378723
vn 0.99358684 -0.091908984 -0.06586317
vn 0.95464647 -0.27657622 0.110253215
vn 0.94656473 -0.31892687 -0.04796794
vn 0.9971909 -0.05212763 0.05378723
vn 0.94656473 -0.31892687 -0.04796794
vn 0.9697825 -0.1936122 0.14844614
vn 0.99717104 -0.064556755 -0.038502716
vn 0.94656473 -0.31892687 -0.04796794
vn 0.99717104 -0.064556755 -0.038502716
vn 0.9971909 -0.05212763 0.05378723
vn 0.9697825 -0.1936122 0.14844614
vn 0.9960928 0.06799397 0.05635523
vn 0.99717104 -0.064556755 -0.038502716
vn 0.9971909 -0.05212763 0.05378723
vn 0.9964603 0.0635359 0.055046454
vn 0.99358684 -0.091908984 -0.06586317
vn 0.99358684 -0.091908984 -0.06586317
vn 0.9964603 0.0635359 0.055046454
vn 0.9954368 0.09513243 0.007436
vn 0.9971909 -0.05212763 0.05378723
vn 0.99717104 -0.064556755 -0.038502716
vn 0.9956827 0.08477622 0.037800044
vn 0.9971909 -0.05212763 0.05378723
vn 0.9956827 0.08477622 0.037800044
vn 0.9964603 0.0635359 0.055046454
vn 0.99717104 -0.064556755 -0.038502716
vn 0.9960928 0.06799397 0.05635523
vn 0.9899132 0.06785614 -0.12436768
vn 0.99717104 -0.064556755 -0.038502716
vn 0.9899132 0.06785614 -0.12436768
vn 0.9956827 0.08477622 0.037800044
vn 0.9960928 0.06799397 0.05635523
vn 0.9799161 0.18931872 -0.06263226
vn 0.9899132 0.06785614 -0.12436768
vn 0.9964603 0.0635359 0.055046454
vn 0.9684153 0.13861984 0.20725901
vn 0.9954368 0.09513243 0.007436
vn 0.9964603 0.0635359 0.055046454
vn 0.9956827 0.08477622 0.037800044
vn 0.9844783 0.14813909 0.094113216
vn 0.9964603 0.0635359 0.055046454
vn 0.9844783 0.14813909 0.094113216
vn 0.9684153 0.13861984 0.20725901
vn 0.9956827 0.08477622 0.037800044
vn 0.9899132 0.06785614 -0.12436768
vn 0.99145985 0.12830967 0.023326144
vn 0.9956827 0.08477622 0.037800044
vn 0.9741455 0.186342 0.12773925
vn 0.9844783 0.14813909 0.094113216
vn 0.9956827 0.08477622 0.037800044
vn 0.99145985 0.12830967 0.023326144
vn 0.9741455 0.186342 0.12773925
vn 0.9844783 0.14813909 0.094113216
vn 0.94781804 0.2369958 0.21324643
vn 0.9684153 0.13861984 0.20725901
vn 0.9844783 0.14813909 0.094113216
vn 0.9741455 0.186342 0.12773925
vn 0.94781804 0.2369958 0.21324643
vn 0.9899132 0.06785614 -0.12436768
vn 0.9799161 0.18931872 -0.06263226
vn 0.93548286 0.19062577 -0.2975458
vn 0.9799161 0.18931872 -0.06263226
vn 0.901644 0.34872723 -0.2557878
vn 0.93548286 0.19062577 -0.2975458
vn 0.9899132 0.06785614 -0.12436768
vn 0.96817213 0.24292529 -0.060250953
vn 0.99145985 0.12830967 0.023326144
vn 0.9899132 0.06785614 -0.12436768
vn 0.93548286 0.19062577 -0.2975458
vn 0.96817213 0.24292529 -0.060250953
vn 0.99145985 0.12830967 0.023326144
vn 0.9571563 0.2603933 0.12667681
vn 0.9741455 0.186342 0.12773925
vn 0.99145985 0.12830967 0.023326144
vn 0.96817213 0.24292529 -0.060250953
vn 0.9571563 0.2603933 0.12667681
vn 0.9741455 0.186342 0.12773925
vn 0.9226649 0.30055198 0.24157412
vn 0.94781804 0.2369958 0.21324643
vn 0.9741455 0.186342 0.12773925
vn 0.9571563 0.2603933 0.12667681
vn 0.9226649 0.30055198 0.24157412
vn 0.9571563 0.2603933 0.12667681
vn 0.96817213 0.24292529 -0.060250953
vn 0.9661136 0.24559548 0.07941823
vn 0.9571563 0.2603933 0.12667681
vn 0.9661136 0.24559548 0.07941823
vn 0.9226649 0.30055198 0.24157412
vn 0.96817213 0.24292529 -0.060250953
vn 0.93548286 0.19062577 -0.2975458
vn 0.9143507 0.33848554 -0.22223917
vn 0.96817213 0.24292529 -0.060250953
vn 0.9143507 0.33848554 -0.22223917
vn 0.9661136 0.24559548 0.07941823
vn 0.93548286 0.19062577 -0.2975458
vn 0.901644 0.34872723 -0.2557878
vn 0.80648005 0.33368716 -0.48810115
vn 0.93548286 0.19062577 -0.2975458
vn 0.80648005 0.33368716 -0.48810115
vn 0.9143507 0.33848554 -0.22223917
vn 0.901644 0.34872723 -0.2557878
vn 0.7706497 0.5050893 -0.3885665
vn 0.80648005 0.33368716 -0.48810115
vn 0.94781804 0.2369958 0.21324643
vn 0.90762836 0.2342734 0.34831998
vn 0.9684153 0.13861984 0.20725901
vn 0.94781804 0.2369958 0.21324643
vn 0.9226649 0.30055198 0.24157412
vn 0.90762836 0.2342734 0.34831998
vn 0.90762836 0.2342734 0.34831998
vn 0.9310274 0.114742994 0.34644195
vn 0.9684153 0.13861984 0.20725901
vn 0.9684153 0.13861984 0.20725901
vn 0.9626428 0.15575893 0.22149047
vn 0.9954368 0.09513243 0.007436
vn 0.9684153 0.13861984 0.20725901
vn 0.9310274 0.114742994 0.34644195
vn 0.9626428 0.15575893 0.22149047
vn 0.9310274 0.114742994 0.34644195
vn 0.92305046 0.15503308 0.35205472
vn 0.9626428 0.15575893 0.22149047
vn 0.90762836 0.2342734 0.34831998
vn 0.9226649 0.30055198 0.24157412
vn 0.87018275 0.3212841 0.37357518
vn 0.9226649 0.30055198 0.24157412
vn 0.9661136 0.24559548 0.07941823
vn 0.8927013 0.29092273 0.34416333
vn 0.9226649 0.30055198 0.24157412
vn 0.8927013 0.29092273 0.34416333
vn 0.87018275 0.3212841 0.37357518
vn 0.87018275 0.3212841 0.37357518
vn 0.8927013 0.29092273 0.34416333
vn 0.76856303 0.42213815 0.48073933
vn 0.9143507 0.33848554 -0.22223917
vn 0.80648005 0.33368716 -0.48810115
vn 0.7925807 0.2905207 -0.53610957
vn 0.80648005 0.33368716 -0.48810115
vn 0.7706497 0.5050893 -0.3885665
vn 0.6167092 0.4791179 -0.6245925
vn 0.80648005 0.33368716 -0.48810115
vn 0.6167092 0.4791179 -0.6245925
vn 0.7925807 0.2905207 -0.53610957
vn 0.7925807 0.2905207 -0.53610957
vn 0.9980314 0.060158797 -0.017730009
vn 0.9143507 0.33848554 -0.22223917
vn 0.9143507 0.33848554 -0.22223917
vn 0.9980314 0.060158797 -0.017730009
vn 0.9661136 0.24559548 0.07941823
vn 0.9661136 0.24559548 0.07941823
vn 0.89124095 0.11567673 0.43852982
vn 0.8927013 0.29092273 0.34416333
vn 0.9661136 0.24559548 0.07941823
vn 0.9980314 0.060158797 -0.017730009
vn 0.89124095 0.11567673 0.43852982
vn 0.8927013 0.29092273 0.34416333
vn 0.71479636 0.53292894 0.45282754
vn 0.76856303 0.42213815 0.48073933
vn 0.8927013 0.29092273 0.34416333
vn 0.89124095 0.11567673 0.43852982
vn 0.71479636 0.53292894 0.45282754
vn 0.89124095 0.11567673 0.43852982
vn 0.5309286 0.56119597 0.6349596
vn 0.71479636 0.53292894 0.45282754
vn 0.71479636 0.53292894 0.45282754
vn 0.6306837 0.5418162 0.5555838
vn 0.76856303 0.42213815 0.48073933
vn 0.71479636 0.53292894 0.45282754
vn 0.5309286 0.56119597 0.6349596
vn 0.6306837 0.5418162 0.5555838
vn 0.6306837 0.5418162 0.5555838
vn 0.5309286 0.56119597 0.6349596
vn 0.47938082 0.7020567 0.5266027
vn 0.5309286 0.56119597 0.6349596
vn 0.2184415 0.8297654 0.51358813
vn 0.47938082 0.7020567 0.5266027
vn 0.47938082 0.7020567 0.5266027
vn 0.2184415 0.8297654 0.51358813
vn 0.34555128 0.7941271 0.49995643
vn 0.7925807 0.2905207 -0.53610957
vn 0.6167092 0.4791179 -0.6245925
vn 0.3922406 0.50234216 -0.7705839
vn 0.7706497 0.5050893 -0.3885665
vn 0.61664337 0.64946705 -0.44490856
vn 0.6167092 0.4791179 -0.6245925
vn 0.6167092 0.4791179 -0.6245925
vn 0.4354514 0.60063267 -0.67053896
vn 0.3922406 0.50234216 -0.7705839
vn 0.6167092 0.4791179 -0.6245925
vn 0.61664337 0.64946705 -0.44490856
vn 0.4354514 0.60063267 -0.67053896
vn 0.61664337 0.64946705 -0.44490856
vn 0.45870957 0.7658286 -0.45065743
vn 0.4354514 0.60063267 -0.67053896
vn 0.3922406 0.50234216 -0.7705839
vn 0.4354514 0.60063267 -0.67053896
vn 0.14178587 0.754803 -0.64044446
vn 0.4354514 0.60063267 -0.67053896
vn 0.45870957 0.7658286 -0.45065743
vn 0.28951705 0.69936955 -0.65349966
vn 0.4354514 0.60063267 -0.67053896
vn 0.28951705 0.69936955 -0.65349966
vn 0.14178587 0.754803 -0.64044446
vn 0.45870957 0.7658286 -0.45065743
vn 0.29245296 0.8495574 -0.43900263
vn 0.28951705 0.69936955 -0.65349966
vn 0.28951705 0.69936955 -0.65349966
vn 0.19312537 0.8405254 -0.5061815
vn 0.14178587 0.754803 -0.64044446
vn 0.14178587 0.754803 -0.64044446
vn 0.19312537 0.8405254 -0.5061815
vn -0.020375736 0.9158413 -0.4010234
vn 0.28951705 0.69936955 -0.65349966
vn 0.29245296 0.8495574 -0.43900263
vn 0.17306599 0.7320914 -0.65885544
vn 0.28951705 0.69936955 -0.65349966
vn 0.17306599 0.7320914 -0.65885544
vn 0.19312537 0.8405254 -0.5061815
vn 0.29245296 0.8495574 -0.43900263
vn 0.16798225 0.882158 -0.43997627
vn 0.17306599 0.7320914 -0.65885544
vn 0.16798225 0.882158 -0.43997627
vn 0.09144007 0.8925464 -0.44158763
vn 0.17306599 0.7320914 -0.65885544
vn 0.17306599 0.7320914 -0.65885544
vn 0.10076541 0.73705137 -0.6682826
vn 0.19312537 0.8405254 -0.5061815
vn 0.17306599 0.7320914 -0.65885544
vn 0.09144007 0.8925464 -0.44158763
vn 0.10076541 0.73705137 -0.6682826
vn 0.09144007 0.8925464 -0.44158763
vn -3.136224E-09 0.8977734 -0.4404574
vn 0.10076541 0.73705137 -0.6682826
vn 0.19312537 0.8405254 -0.5061815
vn 0.21339124 0.9265914 -0.30966508
vn -0.020375736 0.9158413 -0.4010234
vn -0.020375736 0.9158413 -0.4010234
vn 0.21339124 0.9265914 -0.30966508
vn -0.04903658 0.99311477 -0.10638785
vn 0.19312537 0.8405254 -0.5061815
vn 0.10076541 0.73705137 -0.6682826
vn 0.10255091 0.84763867 -0.5205687
vn 0.19312537 0.8405254 -0.5061815
vn 0.10255091 0.84763867 -0.5205687
vn 0.21339124 0.9265914 -0.30966508
vn 0.10076541 0.73705137 -0.6682826
vn -3.136224E-09 0.8977734 -0.4404574
vn -2.4571218E-08 0.7398059 -0.6728203
vn 0.10076541 0.73705137 -0.6682826
vn -2.4571218E-08 0.7398059 -0.6728203
vn 0.10255091 0.84763867 -0.5205687
vn 0.21339124 0.9265914 -0.30966508
vn 0.2195771 0.9684933 -0.117501795
vn -0.04903658 0.99311477 -0.10638785
vn 0.21339124 0.9265914 -0.30966508
vn 0.10255091 0.84763867 -0.5205687
vn 0.10568159 0.9404848 -0.32298565
vn 0.21339124 0.9265914 -0.30966508
vn 0.10568159 0.9404848 -0.32298565
vn 0.2195771 0.9684933 -0.117501795
vn 0.10255091 0.84763867 -0.5205687
vn -2.4571218E-08 0.7398059 -0.6728203
vn -5.1409373E-08 0.8568826 -0.5155115
vn 0.10255091 0.84763867 -0.5205687
vn -5.1409373E-08 0.8568826 -0.5155115
vn 0.10568159 0.9404848 -0.32298565
vn -2.4571218E-08 0.7398059 -0.6728203
vn -3.136224E-09 0.8977734 -0.4404574
vn -0.100765415 0.7370514 -0.66828257
vn -3.136224E-09 0.8977734 -0.4404574
vn -0.09144007 0.8925464 -0.4415874
vn -0.100765415 0.7370514 -0.66828257
vn -2.4571218E-08 0.7398059 -0.6728203
vn -0.102550946 0.84763885 -0.52056867
vn -5.1409373E-08 0.8568826 -0.5155115
vn -2.4571218E-08 0.7398059 -0.6728203
vn -0.100765415 0.7370514 -0.66828257
vn -0.102550946 0.84763885 -0.52056867
vn 0.10568159 0.9404848 -0.32298565
vn 0.11491819 0.98611057 -0.119915485
vn 0.2195771 0.9684933 -0.117501795
vn 0.10568159 0.9404848 -0.32298565
vn -5.1409373E-08 0.8568826 -0.5155115
vn -7.789138E-09 0.94398385 -0.32999152
vn 0.10568159 0.9404848 -0.32298565
vn -7.789138E-09 0.94398385 -0.32999152
vn 0.11491819 0.98611057 -0.119915485
vn -5.1409373E-08 0.8568826 -0.5155115
vn -0.102550946 0.84763885 -0.52056867
vn -0.10568176 0.94048476 -0.32298577
vn -5.1409373E-08 0.8568826 -0.5155115
vn -0.10568176 0.94048476 -0.32298577
vn -7.789138E-09 0.94398385 -0.32999152
vn -0.100765415 0.7370514 -0.66828257
vn -0.09144007 0.8925464 -0.4415874
vn -0.17306644 0.73209125 -0.6588553
vn -0.09144007 0.8925464 -0.4415874
vn -0.16798273 0.88215804 -0.43997592
vn -0.17306644 0.73209125 -0.6588553
vn -0.16798273 0.88215804 -0.43997592
vn -0.2924535 0.84955764 -0.43900192
vn -0.17306644 0.73209125 -0.6588553
vn -0.100765415 0.7370514 -0.66828257
vn -0.1931259 0.8405254 -0.50618124
vn -0.102550946 0.84763885 -0.52056867
vn -0.100765415 0.7370514 -0.66828257
vn -0.17306644 0.73209125 -0.6588553
vn -0.1931259 0.8405254 -0.50618124
vn -0.17306644 0.73209125 -0.6588553
vn -0.2924535 0.84955764 -0.43900192
vn -0.28951755 0.6993697 -0.65349954
vn -0.17306644 0.73209125 -0.6588553
vn -0.28951755 0.6993697 -0.65349954
vn -0.1931259 0.8405254 -0.50618124
vn -0.2924535 0.84955764 -0.43900192
vn -0.45870933 0.76582897 -0.4506569
vn -0.28951755 0.6993697 -0.65349954
vn -0.102550946 0.84763885 -0.52056867
vn -0.2133913 0.9265915 -0.30966467
vn -0.10568176 0.94048476 -0.32298577
vn -0.102550946 0.84763885 -0.52056867
vn -0.1931259 0.8405254 -0.50618124
vn -0.2133913 0.9265915 -0.30966467
vn 0.2195771 0.9684933 -0.117501795
vn 0.2266068 0.9688971 0.09943682
vn -0.04903658 0.99311477 -0.10638785
vn -0.04903658 0.99311477 -0.10638785
vn 0.2266068 0.9688971 0.09943682
vn 0.023363514 0.972295 0.2325865
vn 0.2195771 0.9684933 -0.117501795
vn 0.11491819 0.98611057 -0.119915485
vn 0.11336509 0.9887806 0.097268164
vn 0.2195771 0.9684933 -0.117501795
vn 0.11336509 0.9887806 0.097268164
vn 0.2266068 0.9688971 0.09943682
vn -7.789138E-09 0.94398385 -0.32999152
vn -1.1991352E-09 0.9915168 -0.12997824
vn 0.11491819 0.98611057 -0.119915485
vn 0.11491819 0.98611057 -0.119915485
vn 6.0160663E-09 0.99536103 0.096209705
vn 0.11336509 0.9887806 0.097268164
vn 0.11491819 0.98611057 -0.119915485
vn -1.1991352E-09 0.9915168 -0.12997824
vn 6.0160663E-09 0.99536103 0.096209705
vn -1.1991352E-09 0.9915168 -0.12997824
vn -7.789138E-09 0.94398385 -0.32999152
vn -0.11491829 0.98611057 -0.119915605
vn -7.789138E-09 0.94398385 -0.32999152
vn -0.10568176 0.94048476 -0.32298577
vn -0.11491829 0.98611057 -0.119915605
vn -1.1991352E-09 0.9915168 -0.12997824
vn -0.11491829 0.98611057 -0.119915605
vn 6.0160663E-09 0.99536103 0.096209705
vn -0.10568176 0.94048476 -0.32298577
vn -0.2133913 0.9265915 -0.30966467
vn -0.2195776 0.96849316 -0.117501736
vn -0.10568176 0.94048476 -0.32298577
vn -0.2195776 0.96849316 -0.117501736
vn -0.11491829 0.98611057 -0.119915605
vn -0.11491829 0.98611057 -0.119915605
vn -0.11336507 0.9887806 0.097268164
vn 6.0160663E-09 0.99536103 0.096209705
vn -0.11491829 0.98611057 -0.119915605
vn -0.2195776 0.96849316 -0.117501736
vn -0.11336507 0.9887806 0.097268164
vn 6.0160663E-09 0.99536103 0.096209705
vn -2.4035414E-09 0.9450745 0.3268547
vn 0.11336509 0.9887806 0.097268164
vn 6.0160663E-09 0.99536103 0.096209705
vn -0.11336507 0.9887806 0.097268164
vn -2.4035414E-09 0.9450745 0.3268547
vn 0.11336509 0.9887806 0.097268164
vn 0.1187673 0.9354007 0.33304608
vn 0.2266068 0.9688971 0.09943682
vn 0.11336509 0.9887806 0.097268164
vn -2.4035414E-09 0.9450745 0.3268547
vn 0.1187673 0.9354007 0.33304608
vn 0.2266068 0.9688971 0.09943682
vn 0.24146453 0.9080287 0.34231353
vn 0.023363514 0.972295 0.2325865
vn 0.2266068 0.9688971 0.09943682
vn 0.1187673 0.9354007 0.33304608
vn 0.24146453 0.9080287 0.34231353
vn 0.023363514 0.972295 0.2325865
vn 0.24146453 0.9080287 0.34231353
vn 0.2184415 0.8297654 0.51358813
vn 0.2184415 0.8297654 0.51358813
vn 0.24146453 0.9080287 0.34231353
vn 0.34555128 0.7941271 0.49995643
vn 0.34555128 0.7941271 0.49995643
vn 0.24146453 0.9080287 0.34231353
vn 0.22490032 0.8317308 0.5075862
vn 0.24146453 0.9080287 0.34231353
vn 0.1187673 0.9354007 0.33304608
vn 0.22490032 0.8317308 0.5075862
vn 0.22490032 0.8317308 0.5075862
vn 0.1187673 0.9354007 0.33304608
vn 0.11978835 0.85327053 0.5075236
vn 0.11978835 0.85327053 0.5075236
vn 0.1187673 0.9354007 0.33304608
vn -2.3951678E-09 0.8600343 0.51023626
vn 0.1187673 0.9354007 0.33304608
vn -2.4035414E-09 0.9450745 0.3268547
vn -2.3951678E-09 0.8600343 0.51023626
vn -2.4035414E-09 0.9450745 0.3268547
vn -0.11336507 0.9887806 0.097268164
vn -0.11876713 0.93540084 0.33304596
vn -2.4035414E-09 0.9450745 0.3268547
vn -0.11876713 0.93540084 0.33304596
vn -2.3951678E-09 0.8600343 0.51023626
vn -2.3951678E-09 0.8600343 0.51023626
vn -0.11876713 0.93540084 0.33304596
vn -0.119788334 0.8532704 0.5075236
vn -0.119788334 0.8532704 0.5075236
vn -0.11876713 0.93540084 0.33304596
vn -0.22490075 0.83173054 0.5075863
vn -0.11336507 0.9887806 0.097268164
vn -0.2195776 0.96849316 -0.117501736
vn -0.22660767 0.96889687 0.09943658
vn -0.11336507 0.9887806 0.097268164
vn -0.22660767 0.96889687 0.09943658
vn -0.11876713 0.93540084 0.33304596
vn -0.11876713 0.93540084 0.33304596
vn -0.24146508 0.90802854 0.34231365
vn -0.22490075 0.83173054 0.5075863
vn -0.11876713 0.93540084 0.33304596
vn -0.22660767 0.96889687 0.09943658
vn -0.24146508 0.90802854 0.34231365
vn -0.22490075 0.83173054 0.5075863
vn -0.24146508 0.90802854 0.34231365
vn -0.3455523 0.79412687 0.49995604
vn -0.2195776 0.96849316 -0.117501736
vn -0.2133913 0.9265915 -0.30966467
vn 0.049036 0.9931148 -0.10638744
vn -0.2195776 0.96849316 -0.117501736
vn 0.049036 0.9931148 -0.10638744
vn -0.22660767 0.96889687 0.09943658
vn -0.22660767 0.96889687 0.09943658
vn -0.02336443 0.972295 0.23258668
vn -0.24146508 0.90802854 0.34231365
vn -0.22660767 0.96889687 0.09943658
vn 0.049036 0.9931148 -0.10638744
vn -0.02336443 0.972295 0.23258668
vn -0.02336443 0.972295 0.23258668
vn -0.21844201 0.82976514 0.5135882
vn -0.24146508 0.90802854 0.34231365
vn -0.24146508 0.90802854 0.34231365
vn -0.21844201 0.82976514 0.5135882
vn -0.3455523 0.79412687 0.49995604
vn -0.3455523 0.79412687 0.49995604
vn -0.21844201 0.82976514 0.5135882
vn -0.47938064 0.7020567 0.52660286
vn -0.21844201 0.82976514 0.5135882
vn -0.5309283 0.561196 0.6349598
vn -0.47938064 0.7020567 0.52660286
vn -0.47938064 0.7020567 0.52660286
vn -0.5309283 0.561196 0.6349598
vn -0.6306836 0.541816 0.5555839
vn 0.049036 0.9931148 -0.10638744
vn -0.2133913 0.9265915 -0.30966467
vn 0.02037515 0.9158412 -0.4010232
vn -0.2133913 0.9265915 -0.30966467
vn -0.1931259 0.8405254 -0.50618124
vn 0.02037515 0.9158412 -0.4010232
vn 0.02037515 0.9158412 -0.4010232
vn -0.1931259 0.8405254 -0.50618124
vn -0.14178675 0.7548027 -0.6404445
vn -0.1931259 0.8405254 -0.50618124
vn -0.28951755 0.6993697 -0.65349954
vn -0.14178675 0.7548027 -0.6404445
vn -0.14178675 0.7548027 -0.6404445
vn -0.28951755 0.6993697 -0.65349954
vn -0.43545142 0.6006332 -0.67053837
vn -0.28951755 0.6993697 -0.65349954
vn -0.45870933 0.76582897 -0.4506569
vn -0.43545142 0.6006332 -0.67053837
vn -0.45870933 0.76582897 -0.4506569
vn -0.6166433 0.64946723 -0.44490826
vn -0.43545142 0.6006332 -0.67053837
vn -0.14178675 0.7548027 -0.6404445
vn -0.43545142 0.6006332 -0.67053837
vn -0.39224067 0.5023422 -0.7705838
vn -0.43545142 0.6006332 -0.67053837
vn -0.6166433 0.64946723 -0.44490826
vn -0.6167094 0.4791185 -0.6245918
vn -0.43545142 0.6006332 -0.67053837
vn -0.6167094 0.4791185 -0.6245918
vn -0.39224067 0.5023422 -0.7705838
vn -0.39224067 0.5023422 -0.7705838
vn -0.6167094 0.4791185 -0.6245918
vn -0.79258096 0.2905204 -0.53610945
vn -0.6166433 0.64946723 -0.44490826
vn -0.77064985 0.5050894 -0.38856602
vn -0.6167094 0.4791185 -0.6245918
vn -0.6167094 0.4791185 -0.6245918
vn -0.8064803 0.33368775 -0.48810062
vn -0.79258096 0.2905204 -0.53610945
vn -0.6167094 0.4791185 -0.6245918
vn -0.77064985 0.5050894 -0.38856602
vn -0.8064803 0.33368775 -0.48810062
vn -0.77064985 0.5050894 -0.38856602
vn -0.90164405 0.3487275 -0.25578746
vn -0.8064803 0.33368775 -0.48810062
vn -0.8064803 0.33368775 -0.48810062
vn -0.9143505 0.3384861 -0.2222391
vn -0.79258096 0.2905204 -0.53610945
vn -0.79258096 0.2905204 -0.53610945
vn -0.9143505 0.3384861 -0.2222391
vn -0.99803126 0.060159136 -0.01773072
vn -0.8064803 0.33368775 -0.48810062
vn -0.90164405 0.3487275 -0.25578746
vn -0.9354829 0.19062623 -0.29754564
vn -0.8064803 0.33368775 -0.48810062
vn -0.9354829 0.19062623 -0.29754564
vn -0.9143505 0.3384861 -0.2222391
vn -0.90164405 0.3487275 -0.25578746
vn -0.9799161 0.18931875 -0.062632516
vn -0.9354829 0.19062623 -0.29754564
vn -0.9143505 0.3384861 -0.2222391
vn -0.96611357 0.24559626 0.07941744
vn -0.99803126 0.060159136 -0.01773072
vn -0.99803126 0.060159136 -0.01773072
vn -0.96611357 0.24559626 0.07941744
vn -0.8912409 0.11567631 0.43853003
vn -0.9143505 0.3384861 -0.2222391
vn -0.9354829 0.19062623 -0.29754564
vn -0.96817195 0.24292564 -0.0602511
vn -0.9143505 0.3384861 -0.2222391
vn -0.96817195 0.24292564 -0.0602511
vn -0.96611357 0.24559626 0.07941744
vn -0.9354829 0.19062623 -0.29754564
vn -0.9799161 0.18931875 -0.062632516
vn -0.9899132 0.06785642 -0.12436769
vn -0.9354829 0.19062623 -0.29754564
vn -0.9899132 0.06785642 -0.12436769
vn -0.96817195 0.24292564 -0.0602511
vn -0.9799161 0.18931875 -0.062632516
vn -0.99609286 0.06799397 0.056354355
vn -0.9899132 0.06785642 -0.12436769
vn -0.5309283 0.561196 0.6349598
vn -0.7147965 0.5329284 0.452828
vn -0.6306836 0.541816 0.5555839
vn -0.5309283 0.561196 0.6349598
vn -0.8912409 0.11567631 0.43853003
vn -0.7147965 0.5329284 0.452828
vn -0.8912409 0.11567631 0.43853003
vn -0.96611357 0.24559626 0.07941744
vn -0.8927014 0.29092196 0.34416372
vn -0.8912409 0.11567631 0.43853003
vn -0.8927014 0.29092196 0.34416372
vn -0.7147965 0.5329284 0.452828
vn -0.7147965 0.5329284 0.452828
vn -0.768563 0.4221381 0.48073933
vn -0.6306836 0.541816 0.5555839
vn -0.7147965 0.5329284 0.452828
vn -0.8927014 0.29092196 0.34416372
vn -0.768563 0.4221381 0.48073933
vn -0.768563 0.4221381 0.48073933
vn -0.8927014 0.29092196 0.34416372
vn -0.87018245 0.321285 0.3735752
vn -0.8927014 0.29092196 0.34416372
vn -0.96611357 0.24559626 0.07941744
vn -0.92266476 0.30055228 0.24157418
vn -0.8927014 0.29092196 0.34416372
vn -0.92266476 0.30055228 0.24157418
vn -0.87018245 0.321285 0.3735752
vn -0.87018245 0.321285 0.3735752
vn -0.92266476 0.30055228 0.24157418
vn -0.9076283 0.23427412 0.3483196
vn -0.96611357 0.24559626 0.07941744
vn -0.96817195 0.24292564 -0.0602511
vn -0.9571563 0.26039335 0.12667689
vn -0.96611357 0.24559626 0.07941744
vn -0.9571563 0.26039335 0.12667689
vn -0.92266476 0.30055228 0.24157418
vn -0.96817195 0.24292564 -0.0602511
vn -0.9899132 0.06785642 -0.12436769
vn -0.99145985 0.12830967 0.023326136
vn -0.96817195 0.24292564 -0.0602511
vn -0.99145985 0.12830967 0.023326136
vn -0.9571563 0.26039335 0.12667689
vn -0.9571563 0.26039335 0.12667689
vn -0.9741455 0.18634188 0.12773933
vn -0.92266476 0.30055228 0.24157418
vn -0.9571563 0.26039335 0.12667689
vn -0.99145985 0.12830967 0.023326136
vn -0.9741455 0.18634188 0.12773933
vn -0.99145985 0.12830967 0.023326136
vn -0.9899132 0.06785642 -0.12436769
vn -0.9956827 0.08477696 0.03779982
vn -0.99145985 0.12830967 0.023326136
vn -0.9956827 0.08477696 0.03779982
vn -0.9741455 0.18634188 0.12773933
vn -0.9899132 0.06785642 -0.12436769
vn -0.99609286 0.06799397 0.056354355
vn -0.997171 -0.06455666 -0.03850305
vn -0.9899132 0.06785642 -0.12436769
vn -0.997171 -0.06455666 -0.03850305
vn -0.9956827 0.08477696 0.03779982
vn -0.99609286 0.06799397 0.056354355
vn -0.9697823 -0.19361341 0.14844584
vn -0.997171 -0.06455666 -0.03850305
vn -0.92266476 0.30055228 0.24157418
vn -0.94781804 0.23699616 0.21324581
vn -0.9076283 0.23427412 0.3483196
vn -0.92266476 0.30055228 0.24157418
vn -0.9741455 0.18634188 0.12773933
vn -0.94781804 0.23699616 0.21324581
vn -0.9741455 0.18634188 0.12773933
vn -0.9956827 0.08477696 0.03779982
vn -0.98447824 0.14813976 0.09411281
vn -0.9741455 0.18634188 0.12773933
vn -0.98447824 0.14813976 0.09411281
vn -0.94781804 0.23699616 0.21324581
vn -0.94781804 0.23699616 0.21324581
vn -0.9684153 0.1386206 0.2072584
vn -0.9076283 0.23427412 0.3483196
vn -0.94781804 0.23699616 0.21324581
vn -0.98447824 0.14813976 0.09411281
vn -0.9684153 0.1386206 0.2072584
vn -0.98447824 0.14813976 0.09411281
vn -0.9956827 0.08477696 0.03779982
vn -0.9964602 0.06353668 0.055045847
vn -0.98447824 0.14813976 0.09411281
vn -0.9964602 0.06353668 0.055045847
vn -0.9684153 0.1386206 0.2072584
vn -0.9956827 0.08477696 0.03779982
vn -0.997171 -0.06455666 -0.03850305
vn -0.9971909 -0.052127663 0.053786993
vn -0.9956827 0.08477696 0.03779982
vn -0.9971909 -0.052127663 0.053786993
vn -0.9964602 0.06353668 0.055045847
vn -0.997171 -0.06455666 -0.03850305
vn -0.9697823 -0.19361341 0.14844584
vn -0.94656444 -0.31892774 -0.04796791
vn -0.997171 -0.06455666 -0.03850305
vn -0.94656444 -0.31892774 -0.04796791
vn -0.9971909 -0.052127663 0.053786993
vn -0.9697823 -0.19361341 0.14844584
vn -0.79435265 -0.5850767 0.16336775
vn -0.94656444 -0.31892774 -0.04796791
vn -0.79435265 -0.5850767 0.16336775
vn -0.77517426 -0.63149214 0.01795739
vn -0.94656444 -0.31892774 -0.04796791
vn -0.94656444 -0.31892774 -0.04796791
vn -0.95464617 -0.27657756 0.11025235
vn -0.9971909 -0.052127663 0.053786993
vn -0.94656444 -0.31892774 -0.04796791
vn -0.77517426 -0.63149214 0.01795739
vn -0.95464617 -0.27657756 0.11025235
vn -0.77517426 -0.63149214 0.01795739
vn -0.84524006 -0.52928436 0.07366997
vn -0.95464617 -0.27657756 0.11025235
vn -0.9971909 -0.052127663 0.053786993
vn -0.9935868 -0.09190925 -0.06586315
vn -0.9964602 0.06353668 0.055045847
vn -0.9971909 -0.052127663 0.053786993
vn -0.95464617 -0.27657756 0.11025235
vn -0.9935868 -0.09190925 -0.06586315
vn -0.9935868 -0.09190925 -0.06586315
vn -0.9954368 0.0951328 0.007436067
vn -0.9964602 0.06353668 0.055045847
vn -0.9964602 0.06353668 0.055045847
vn -0.9954368 0.0951328 0.007436067
vn -0.9684153 0.1386206 0.2072584
vn -0.9935868 -0.09190925 -0.06586315
vn -0.95464617 -0.27657756 0.11025235
vn -0.93710726 -0.34737355 0.034081757
vn -0.95464617 -0.27657756 0.11025235
vn -0.84524006 -0.52928436 0.07366997
vn -0.93710726 -0.34737355 0.034081757
vn -0.93710726 -0.34737355 0.034081757
vn -0.84524006 -0.52928436 0.07366997
vn -0.8223058 -0.56010157 0.10049659
vn -0.9076283 0.23427412 0.3483196
vn -0.9684153 0.1386206 0.2072584
vn -0.9310275 0.1147427 0.3464419
vn -0.9684153 0.1386206 0.2072584
vn -0.9954368 0.0951328 0.007436067
vn -0.9626427 0.1557589 0.22149082
vn -0.9684153 0.1386206 0.2072584
vn -0.9626427 0.1557589 0.22149082
vn -0.9310275 0.1147427 0.3464419
vn -0.9310275 0.1147427 0.3464419
vn -0.9626427 0.1557589 0.22149082
vn -0.9230505 0.15503222 0.35205495
vn -0.9626427 0.1557589 0.22149082
vn -0.9954368 0.0951328 0.007436067
vn -0.9923471 0.12330769 0.006504521
vn -0.9626427 0.1557589 0.22149082
vn -0.9360699 0.124987364 0.32886356
vn -0.9230505 0.15503222 0.35205495
vn -0.9626427 0.1557589 0.22149082
vn -0.9923471 0.12330769 0.006504521
vn -0.9761142 0.088278055 0.19851448
vn -0.9626427 0.1557589 0.22149082
vn -0.9761142 0.088278055 0.19851448
vn -0.9360699 0.124987364 0.32886356
vn -0.9923471 0.12330769 0.006504521
vn -0.9954368 0.0951328 0.007436067
vn -0.98402536 -0.12564504 -0.12612468
vn -0.9954368 0.0951328 0.007436067
vn -0.9935868 -0.09190925 -0.06586315
vn -0.98402536 -0.12564504 -0.12612468
vn -0.9923471 0.12330769 0.006504521
vn -0.9732561 -0.18974811 0.12949225
vn -0.9761142 0.088278055 0.19851448
vn -0.9923471 0.12330769 0.006504521
vn -0.98402536 -0.12564504 -0.12612468
vn -0.9732561 -0.18974811 0.12949225
vn -0.98402536 -0.12564504 -0.12612468
vn -0.9935868 -0.09190925 -0.06586315
vn -0.8805874 -0.43952212 -0.17716113
vn -0.98402536 -0.12564504 -0.12612468
vn -0.8805874 -0.43952212 -0.17716113
vn -0.9732561 -0.18974811 0.12949225
vn -0.9935868 -0.09190925 -0.06586315
vn -0.93710726 -0.34737355 0.034081757
vn -0.8805874 -0.43952212 -0.17716113
vn -0.93710726 -0.34737355 0.034081757
vn -0.8223058 -0.56010157 0.10049659
vn -0.8805874 -0.43952212 -0.17716113
vn -0.8805874 -0.43952212 -0.17716113
vn -0.8377979 -0.544681 0.037647307
vn -0.9732561 -0.18974811 0.12949225
vn -0.8805874 -0.43952212 -0.17716113
vn -0.8223058 -0.56010157 0.10049659
vn -0.8377979 -0.544681 0.037647307
vn -0.9761142 0.088278055 0.19851448
vn -0.9541339 -0.16648303 0.24882098
vn -0.9360699 0.124987364 0.32886356
vn -0.9761142 0.088278055 0.19851448
vn -0.9732561 -0.18974811 0.12949225
vn -0.9541339 -0.16648303 0.24882098
vn -0.9732561 -0.18974811 0.12949225
vn -0.8377979 -0.544681 0.037647307
vn -0.782137 -0.60943395 0.12981504
vn -0.9732561 -0.18974811 0.12949225
vn -0.782137 -0.60943395 0.12981504
vn -0.9541339 -0.16648303 0.24882098
vn -0.8377979 -0.544681 0.037647307
vn -0.8223058 -0.56010157 0.10049659
vn -0.25888443 -0.9644632 -0.052815437
vn -0.8377979 -0.544681 0.037647307
vn -0.25888443 -0.9644632 -0.052815437
vn -0.782137 -0.60943395 0.12981504
vn -0.8223058 -0.56010157 0.10049659
vn 0.99428827 -0.07435425 0.07656561
vn -0.25888443 -0.9644632 -0.052815437
vn 0.99428827 -0.07435425 0.07656561
vn 0.4664765 -0.8523621 -0.23638648
vn -0.25888443 -0.9644632 -0.052815437
vn 0.4664765 -0.8523621 -0.23638648
vn 0.40325767 -0.87142587 -0.2792852
vn -0.25888443 -0.9644632 -0.052815437
vn -0.25888443 -0.9644632 -0.052815437
vn -0.18057416 -0.9798207 -0.0856992
vn -0.782137 -0.60943395 0.12981504
vn -0.25888443 -0.9644632 -0.052815437
vn 0.40325767 -0.87142587 -0.2792852
vn -0.18057416 -0.9798207 -0.0856992
vn -0.18057416 -0.9798207 -0.0856992
vn -0.734622 -0.6537115 0.18163651
vn -0.782137 -0.60943395 0.12981504
vn -0.782137 -0.60943395 0.12981504
vn -0.734622 -0.6537115 0.18163651
vn -0.9541339 -0.16648303 0.24882098
vn -0.9541339 -0.16648303 0.24882098
vn -0.9221974 -0.13214768 0.36344036
vn -0.9360699 0.124987364 0.32886356
vn -0.9541339 -0.16648303 0.24882098
vn -0.734622 -0.6537115 0.18163651
vn -0.9221974 -0.13214768 0.36344036
vn -0.9360699 0.124987364 0.32886356
vn -0.888686 0.14516908 0.43492895
vn -0.9230505 0.15503222 0.35205495
vn -0.9360699 0.124987364 0.32886356
vn -0.9221974 -0.13214768 0.36344036
vn -0.888686 0.14516908 0.43492895
vn -0.9230505 0.15503222 0.35205495
vn -0.888686 0.14516908 0.43492895
vn -0.8879881 0.14211825 0.43735522
vn -0.9221974 -0.13214768 0.36344036
vn -0.734622 -0.6537115 0.18163651
vn -0.70941967 -0.6451245 0.28379214
vn -0.9221974 -0.13214768 0.36344036
vn -0.8545784 -0.06773776 0.5148858
vn -0.888686 0.14516908 0.43492895
vn -0.9221974 -0.13214768 0.36344036
vn -0.70941967 -0.6451245 0.28379214
vn -0.8545784 -0.06773776 0.5148858
vn -0.888686 0.14516908 0.43492895
vn -0.83016765 0.12019497 0.54440325
vn -0.8879881 0.14211825 0.43735522
vn -0.888686 0.14516908 0.43492895
vn -0.8545784 -0.06773776 0.5148858
vn -0.83016765 0.12019497 0.54440325
vn -0.8879881 0.14211825 0.43735522
vn -0.83016765 0.12019497 0.54440325
vn -0.8268543 0.11462468 0.5506116
vn -0.8545784 -0.06773776 0.5148858
vn -0.70941967 -0.6451245 0.28379214
vn -0.7110619 -0.5543884 0.43248624
vn -0.8545784 -0.06773776 0.5148858
vn -0.7853754 -0.06603521 0.61548746
vn -0.83016765 0.12019497 0.54440325
vn -0.8545784 -0.06773776 0.5148858
vn -0.7110619 -0.5543884 0.43248624
vn -0.7853754 -0.06603521 0.61548746
vn -0.83016765 0.12019497 0.54440325
vn -0.7429326 0.1375615 0.65507853
vn -0.8268543 0.11462468 0.5506116
vn -0.83016765 0.12019497 0.54440325
vn -0.7853754 -0.06603521 0.61548746
vn -0.7429326 0.1375615 0.65507853
vn -0.8268543 0.11462468 0.5506116
vn -0.7429326 0.1375615 0.65507853
vn -0.68847245 0.21133018 0.69379044
vn -0.7429326 0.1375615 0.65507853
vn -0.7853754 -0.06603521 0.61548746
vn -0.6321028 0.23110038 0.7396205
vn -0.7429326 0.1375615 0.65507853
vn -0.6321028 0.23110038 0.7396205
vn -0.68847245 0.21133018 0.69379044
vn -0.68847245 0.21133018 0.69379044
vn -0.6321028 0.23110038 0.7396205
vn -0.57687867 0.28742975 0.76458824
vn -0.70941967 -0.6451245 0.28379214
vn -0.734622 -0.6537115 0.18163651
vn -0.18570872 -0.97962844 -0.0764218
vn -0.734622 -0.6537115 0.18163651
vn -0.18057416 -0.9798207 -0.0856992
vn -0.18570872 -0.97962844 -0.0764218
vn -0.70941967 -0.6451245 0.28379214
vn -0.29808775 -0.9539763 0.032753646
vn -0.7110619 -0.5543884 0.43248624
vn -0.70941967 -0.6451245 0.28379214
vn -0.18570872 -0.97962844 -0.0764218
vn -0.29808775 -0.9539763 0.032753646
vn -0.7853754 -0.06603521 0.61548746
vn -0.6704668 -0.5187591 0.530437
vn -0.69989824 0.0035737753 0.71423364
vn -0.7853754 -0.06603521 0.61548746
vn -0.69989824 0.0035737753 0.71423364
vn -0.6321028 0.23110038 0.7396205
vn -0.7853754 -0.06603521 0.61548746
vn -0.7110619 -0.5543884 0.43248624
vn -0.6704668 -0.5187591 0.530437
vn -0.7110619 -0.5543884 0.43248624
vn -0.29808775 -0.9539763 0.032753646
vn -0.2860719 -0.95664483 0.054712176
vn -0.7110619 -0.5543884 0.43248624
vn -0.2860719 -0.95664483 0.054712176
vn -0.6704668 -0.5187591 0.530437
vn -0.6321028 0.23110038 0.7396205
vn -0.5158612 0.2738533 0.8117213
vn -0.57687867 0.28742975 0.76458824
vn -0.6321028 0.23110038 0.7396205
vn -0.69989824 0.0035737753 0.71423364
vn -0.5158612 0.2738533 0.8117213
vn -0.69989824 0.0035737753 0.71423364
vn -0.6704668 -0.5187591 0.530437
vn -0.5868983 0.05991006 0.80744106
vn -0.69989824 0.0035737753 0.71423364
vn -0.5868983 0.05991006 0.80744106
vn -0.5158612 0.2738533 0.8117213
vn -0.6704668 -0.5187591 0.530437
vn -0.2860719 -0.95664483 0.054712176
vn -0.6043207 -0.45168978 0.65633285
vn -0.6704668 -0.5187591 0.530437
vn -0.6043207 -0.45168978 0.65633285
vn -0.5868983 0.05991006 0.80744106
vn -0.57687867 0.28742975 0.76458824
vn -0.5158612 0.2738533 0.8117213
vn -0.44429332 0.32835543 0.8335383
vn -0.5158612 0.2738533 0.8117213
vn -0.5868983 0.05991006 0.80744106
vn -0.37679738 0.38336712 0.84323967
vn -0.5158612 0.2738533 0.8117213
vn -0.37679738 0.38336712 0.84323967
vn -0.44429332 0.32835543 0.8335383
vn -0.44429332 0.32835543 0.8335383
vn -0.37679738 0.38336712 0.84323967
vn -0.36566994 0.3417127 0.8657471
vn -0.36566994 0.3417127 0.8657471
vn -0.37679738 0.38336712 0.84323967
vn -0.30925223 0.32928032 0.89215326
vn -0.5868983 0.05991006 0.80744106
vn -0.6043207 -0.45168978 0.65633285
vn -0.44482103 0.16014314 0.88118565
vn -0.5868983 0.05991006 0.80744106
vn -0.44482103 0.16014314 0.88118565
vn -0.37679738 0.38336712 0.84323967
vn -0.37679738 0.38336712 0.84323967
vn -0.31245938 0.37095255 0.87450755
vn -0.30925223 0.32928032 0.89215326
vn -0.37679738 0.38336712 0.84323967
vn -0.44482103 0.16014314 0.88118565
vn -0.31245938 0.37095255 0.87450755
vn -0.30925223 0.32928032 0.89215326
vn -0.31245938 0.37095255 0.87450755
vn -0.18007623 0.3800025 0.9072875
vn -0.18570872 -0.97962844 -0.0764218
vn -0.18057416 -0.9798207 -0.0856992
vn 0.34470853 -0.8800071 -0.32674694
vn 0.34470853 -0.8800071 -0.32674694
vn 0.25212306 -0.89770794 -0.3613233
vn -0.18570872 -0.97962844 -0.0764218
vn -0.18570872 -0.97962844 -0.0764218
vn 0.25212306 -0.89770794 -0.3613233
vn -0.29808775 -0.9539763 0.032753646
vn -0.29808775 -0.9539763 0.032753646
vn 0.18024224 -0.90790355 -0.37844908
vn -0.2860719 -0.95664483 0.054712176
vn -0.29808775 -0.9539763 0.032753646
vn 0.25212306 -0.89770794 -0.3613233
vn 0.18024224 -0.90790355 -0.37844908
vn 0.18024224 -0.90790355 -0.37844908
vn 0.142374 -0.9114213 -0.38605797
vn -0.2860719 -0.95664483 0.054712176
vn -0.2860719 -0.95664483 0.054712176
vn -0.28558832 -0.94935334 0.13102478
vn -0.6043207 -0.45168978 0.65633285
vn -0.2860719 -0.95664483 0.054712176
vn 0.142374 -0.9114213 -0.38605797
vn -0.28558832 -0.94935334 0.13102478
vn 0.142374 -0.9114213 -0.38605797
vn 0.098322876 -0.8976613 -0.42957762
vn -0.28558832 -0.94935334 0.13102478
vn -0.6043207 -0.45168978 0.65633285
vn -0.48985085 -0.32215264 0.81010103
vn -0.44482103 0.16014314 0.88118565
vn -0.6043207 -0.45168978 0.65633285
vn -0.28558832 -0.94935334 0.13102478
vn -0.48985085 -0.32215264 0.81010103
vn -0.28558832 -0.94935334 0.13102478
vn 0.098322876 -0.8976613 -0.42957762
vn -0.27612543 -0.92768204 0.25131828
vn -0.28558832 -0.94935334 0.13102478
vn -0.27612543 -0.92768204 0.25131828
vn -0.48985085 -0.32215264 0.81010103
vn 0.098322876 -0.8976613 -0.42957762
vn 0.05036365 -0.88679445 -0.45941165
vn -0.27612543 -0.92768204 0.25131828
vn -0.44482103 0.16014314 0.88118565
vn -0.3503282 0.1744138 0.9202446
vn -0.31245938 0.37095255 0.87450755
vn -0.44482103 0.16014314 0.88118565
vn -0.48985085 -0.32215264 0.81010103
vn -0.3503282 0.1744138 0.9202446
vn -0.48985085 -0.32215264 0.81010103
vn -0.27612543 -0.92768204 0.25131828
vn -0.36521274 -0.2900933 0.8845708
vn -0.48985085 -0.32215264 0.81010103
vn -0.36521274 -0.2900933 0.8845708
vn -0.3503282 0.1744138 0.9202446
vn -0.27612543 -0.92768204 0.25131828
vn 0.05036365 -0.88679445 -0.45941165
vn -0.22212331 -0.92459124 0.30950296
vn -0.27612543 -0.92768204 0.25131828
vn -0.22212331 -0.92459124 0.30950296
vn -0.36521274 -0.2900933 0.8845708
vn 0.05036365 -0.88679445 -0.45941165
vn 0.016787687 -0.87621903 -0.48162025
vn -0.22212331 -0.92459124 0.30950296
vn -0.22212331 -0.92459124 0.30950296
vn -0.16350497 -0.95267063 0.25629056
vn -0.36521274 -0.2900933 0.8845708
vn -0.22212331 -0.92459124 0.30950296
vn 0.016787687 -0.87621903 -0.48162025
vn -0.16350497 -0.95267063 0.25629056
vn 0.016787687 -0.87621903 -0.48162025
vn 1.1935319E-08 -0.8699944 -0.4930615
vn -0.16350497 -0.95267063 0.25629056
vn -0.31245938 0.37095255 0.87450755
vn -0.20531237 0.41939545 0.88428175
vn -0.18007623 0.3800025 0.9072875
vn -0.31245938 0.37095255 0.87450755
vn -0.3503282 0.1744138 0.9202446
vn -0.20531237 0.41939545 0.88428175
vn -0.3503282 0.1744138 0.9202446
vn -0.36521274 -0.2900933 0.8845708
vn -0.24740383 0.10899478 0.96276236
vn -0.3503282 0.1744138 0.9202446
vn -0.24740383 0.10899478 0.96276236
vn -0.20531237 0.41939545 0.88428175
vn -0.36521274 -0.2900933 0.8845708
vn -0.16350497 -0.95267063 0.25629056
vn -0.25292414 -0.37645614 0.8912407
vn -0.36521274 -0.2900933 0.8845708
vn -0.25292414 -0.37645614 0.8912407
vn -0.24740383 0.10899478 0.96276236
vn -0.16350497 -0.95267063 0.25629056
vn 1.1935319E-08 -0.8699944 -0.4930615
vn -1.1257452E-07 -0.96553826 0.26026076
vn -0.16350497 -0.95267063 0.25629056
vn -1.1257452E-07 -0.96553826 0.26026076
vn -0.25292414 -0.37645614 0.8912407
vn -0.25292414 -0.37645614 0.8912407
vn 8.1953516E-08 -0.4032076 0.91510844
vn -0.24740383 0.10899478 0.96276236
vn -0.25292414 -0.37645614 0.8912407
vn -1.1257452E-07 -0.96553826 0.26026076
vn 8.1953516E-08 -0.4032076 0.91510844
vn -0.18007623 0.3800025 0.9072875
vn -0.20531237 0.41939545 0.88428175
vn 1.9365354E-08 0.42249727 0.90636414
vn -0.20531237 0.41939545 0.88428175
vn -0.24740383 0.10899478 0.96276236
vn -1.1663774E-08 0.49731344 0.867571
vn -0.20531237 0.41939545 0.88428175
vn -1.1663774E-08 0.49731344 0.867571
vn 1.9365354E-08 0.42249727 0.90636414
vn -0.24740383 0.10899478 0.96276236
vn 8.1953516E-08 -0.4032076 0.91510844
vn 5.1957088E-09 0.13536286 0.990796
vn -0.24740383 0.10899478 0.96276236
vn 5.1957088E-09 0.13536286 0.990796
vn -1.1663774E-08 0.49731344 0.867571
vn 5.1957088E-09 0.13536286 0.990796
vn 8.1953516E-08 -0.4032076 0.91510844
vn 0.24740383 0.10899466 0.96276236
vn 5.1957088E-09 0.13536286 0.990796
vn 0.24740383 0.10899466 0.96276236
vn -1.1663774E-08 0.49731344 0.867571
vn -1.1663774E-08 0.49731344 0.867571
vn 0.20531219 0.4193952 0.8842818
vn 1.9365354E-08 0.42249727 0.90636414
vn -1.1663774E-08 0.49731344 0.867571
vn 0.24740383 0.10899466 0.96276236
vn 0.20531219 0.4193952 0.8842818
vn 1.9365354E-08 0.42249727 0.90636414
vn 0.20531219 0.4193952 0.8842818
vn 0.18007605 0.38000256 0.90728754
vn 8.1953516E-08 -0.4032076 0.91510844
vn -1.1257452E-07 -0.96553826 0.26026076
vn 0.25292435 -0.3764562 0.8912406
vn 8.1953516E-08 -0.4032076 0.91510844
vn 0.25292435 -0.3764562 0.8912406
vn 0.24740383 0.10899466 0.96276236
vn -1.1257452E-07 -0.96553826 0.26026076
vn 1.1935319E-08 -0.8699944 -0.4930615
vn 0.16350545 -0.9526706 0.25629044
vn -1.1257452E-07 -0.96553826 0.26026076
vn 0.16350545 -0.9526706 0.25629044
vn 0.25292435 -0.3764562 0.8912406
vn 0.25292435 -0.3764562 0.8912406
vn 0.36521292 -0.29009318 0.8845707
vn 0.24740383 0.10899466 0.96276236
vn 0.25292435 -0.3764562 0.8912406
vn 0.16350545 -0.9526706 0.25629044
vn 0.36521292 -0.29009318 0.8845707
vn 0.24740383 0.10899466 0.96276236
vn 0.35032812 0.17441362 0.9202447
vn 0.20531219 0.4193952 0.8842818
vn 0.24740383 0.10899466 0.96276236
vn 0.36521292 -0.29009318 0.8845707
vn 0.35032812 0.17441362 0.9202447
vn 0.20531219 0.4193952 0.8842818
vn 0.31245917 0.3709523 0.87450755
vn 0.18007605 0.38000256 0.90728754
vn 0.20531219 0.4193952 0.8842818
vn 0.35032812 0.17441362 0.9202447
vn 0.31245917 0.3709523 0.87450755
vn 0.18007605 0.38000256 0.90728754
vn 0.31245917 0.3709523 0.87450755
vn 0.30925214 0.3292802 0.89215344
vn 1.1935319E-08 -0.8699944 -0.4930615
vn -0.016787222 -0.876219 -0.48162043
vn 0.16350545 -0.9526706 0.25629044
vn 0.16350545 -0.9526706 0.25629044
vn 0.22212385 -0.92459106 0.30950302
vn 0.36521292 -0.29009318 0.8845707
vn 0.16350545 -0.9526706 0.25629044
vn -0.016787222 -0.876219 -0.48162043
vn 0.22212385 -0.92459106 0.30950302
vn -0.016787222 -0.876219 -0.48162043
vn -0.05036321 -0.88679445 -0.4594118
vn 0.22212385 -0.92459106 0.30950302
vn 0.22212385 -0.92459106 0.30950302
vn 0.27612543 -0.9276819 0.2513184
vn 0.36521292 -0.29009318 0.8845707
vn 0.22212385 -0.92459106 0.30950302
vn -0.05036321 -0.88679445 -0.4594118
vn 0.27612543 -0.9276819 0.2513184
vn -0.05036321 -0.88679445 -0.4594118
vn -0.09832289 -0.89766115 -0.42957774
vn 0.27612543 -0.9276819 0.2513184
vn 0.36521292 -0.29009318 0.8845707
vn 0.48985064 -0.32215294 0.81010103
vn 0.35032812 0.17441362 0.9202447
vn 0.36521292 -0.29009318 0.8845707
vn 0.27612543 -0.9276819 0.2513184
vn 0.48985064 -0.32215294 0.81010103
vn 0.27612543 -0.9276819 0.2513184
vn -0.09832289 -0.89766115 -0.42957774
vn 0.28558856 -0.9493533 0.13102448
vn 0.27612543 -0.9276819 0.2513184
vn 0.28558856 -0.9493533 0.13102448
vn 0.48985064 -0.32215294 0.81010103
vn -0.09832289 -0.89766115 -0.42957774
vn -0.14237365 -0.9114213 -0.38605803
vn 0.28558856 -0.9493533 0.13102448
vn 0.35032812 0.17441362 0.9202447
vn 0.4448211 0.16014284 0.8811858
vn 0.31245917 0.3709523 0.87450755
vn 0.35032812 0.17441362 0.9202447
vn 0.48985064 -0.32215294 0.81010103
vn 0.4448211 0.16014284 0.8811858
vn 0.48985064 -0.32215294 0.81010103
vn 0.28558856 -0.9493533 0.13102448
vn 0.6043208 -0.45168993 0.65633255
vn 0.48985064 -0.32215294 0.81010103
vn 0.6043208 -0.45168993 0.65633255
vn 0.4448211 0.16014284 0.8811858
vn 0.28558856 -0.9493533 0.13102448
vn -0.14237365 -0.9114213 -0.38605803
vn 0.28607324 -0.95664436 0.05471313
vn 0.28558856 -0.9493533 0.13102448
vn 0.28607324 -0.95664436 0.05471313
vn 0.6043208 -0.45168993 0.65633255
vn -0.14237365 -0.9114213 -0.38605803
vn -0.18024069 -0.90790427 -0.37844813
vn 0.28607324 -0.95664436 0.05471313
vn 0.31245917 0.3709523 0.87450755
vn 0.37679744 0.38336724 0.84323967
vn 0.30925214 0.3292802 0.89215344
vn 0.31245917 0.3709523 0.87450755
vn 0.4448211 0.16014284 0.8811858
vn 0.37679744 0.38336724 0.84323967
vn 0.4448211 0.16014284 0.8811858
vn 0.6043208 -0.45168993 0.65633255
vn 0.5868983 0.05991 0.8074411
vn 0.4448211 0.16014284 0.8811858
vn 0.5868983 0.05991 0.8074411
vn 0.37679744 0.38336724 0.84323967
vn 0.6043208 -0.45168993 0.65633255
vn 0.28607324 -0.95664436 0.05471313
vn 0.6704671 -0.51875883 0.5304368
vn 0.6043208 -0.45168993 0.65633255
vn 0.6704671 -0.51875883 0.5304368
vn 0.5868983 0.05991 0.8074411
vn 0.30925214 0.3292802 0.89215344
vn 0.37679744 0.38336724 0.84323967
vn 0.36567006 0.34171253 0.865747
vn 0.36567006 0.34171253 0.865747
vn 0.37679744 0.38336724 0.84323967
vn 0.44429326 0.3283552 0.8335384
vn 0.37679744 0.38336724 0.84323967
vn 0.5868983 0.05991 0.8074411
vn 0.51586115 0.27385318 0.8117214
vn 0.37679744 0.38336724 0.84323967
vn 0.51586115 0.27385318 0.8117214
vn 0.44429326 0.3283552 0.8335384
vn 0.44429326 0.3283552 0.8335384
vn 0.51586115 0.27385318 0.8117214
vn 0.5768785 0.28742975 0.7645884
vn 0.5868983 0.05991 0.8074411
vn 0.6704671 -0.51875883 0.5304368
vn 0.69989824 0.0035737753 0.71423364
vn 0.5868983 0.05991 0.8074411
vn 0.69989824 0.0035737753 0.71423364
vn 0.51586115 0.27385318 0.8117214
vn 0.51586115 0.27385318 0.8117214
vn 0.63210267 0.23110056 0.7396207
vn 0.5768785 0.28742975 0.7645884
vn 0.51586115 0.27385318 0.8117214
vn 0.69989824 0.0035737753 0.71423364
vn 0.63210267 0.23110056 0.7396207
vn 0.69989824 0.0035737753 0.71423364
vn 0.6704671 -0.51875883 0.5304368
vn 0.7853755 -0.06603515 0.61548734
vn 0.69989824 0.0035737753 0.71423364
vn 0.7853755 -0.06603515 0.61548734
vn 0.63210267 0.23110056 0.7396207
vn 0.6704671 -0.51875883 0.5304368
vn 0.28607324 -0.95664436 0.05471313
vn 0.711062 -0.5543884 0.43248612
vn 0.6704671 -0.51875883 0.5304368
vn 0.711062 -0.5543884 0.43248612
vn 0.7853755 -0.06603515 0.61548734
vn 0.28607324 -0.95664436 0.05471313
vn -0.18024069 -0.90790427 -0.37844813
vn 0.29808813 -0.9539763 0.032753706
vn 0.28607324 -0.95664436 0.05471313
vn 0.29808813 -0.9539763 0.032753706
vn 0.711062 -0.5543884 0.43248612
vn -0.18024069 -0.90790427 -0.37844813
vn -0.25212288 -0.89770776 -0.36132354
vn 0.29808813 -0.9539763 0.032753706
vn 0.5768785 0.28742975 0.7645884
vn 0.63210267 0.23110056 0.7396207
vn 0.6884728 0.2113297 0.6937903
vn 0.63210267 0.23110056 0.7396207
vn 0.7853755 -0.06603515 0.61548734
vn 0.74293274 0.1375615 0.65507853
vn 0.63210267 0.23110056 0.7396207
vn 0.74293274 0.1375615 0.65507853
vn 0.6884728 0.2113297 0.6937903
vn 0.6884728 0.2113297 0.6937903
vn 0.74293274 0.1375615 0.65507853
vn 0.8268544 0.11462408 0.5506115
vn 0.74293274 0.1375615 0.65507853
vn 0.7853755 -0.06603515 0.61548734
vn 0.8301678 0.120194614 0.54440314
vn 0.74293274 0.1375615 0.65507853
vn 0.8301678 0.120194614 0.54440314
vn 0.8268544 0.11462408 0.5506115
vn 0.8268544 0.11462408 0.5506115
vn 0.8301678 0.120194614 0.54440314
vn 0.8879879 0.14211863 0.43735552
vn 0.7853755 -0.06603515 0.61548734
vn 0.711062 -0.5543884 0.43248612
vn 0.8545782 -0.067738 0.51488614
vn 0.7853755 -0.06603515 0.61548734
vn 0.8545782 -0.067738 0.51488614
vn 0.8301678 0.120194614 0.54440314
vn 0.8301678 0.120194614 0.54440314
vn 0.88868576 0.14516896 0.43492946
vn 0.8879879 0.14211863 0.43735552
vn 0.8301678 0.120194614 0.54440314
vn 0.8545782 -0.067738 0.51488614
vn 0.88868576 0.14516896 0.43492946
vn 0.8879879 0.14211863 0.43735552
vn 0.88868576 0.14516896 0.43492946
vn 0.92305046 0.15503308 0.35205472
vn 0.711062 -0.5543884 0.43248612
vn 0.29808813 -0.9539763 0.032753706
vn 0.7094192 -0.6451252 0.28379184
vn 0.711062 -0.5543884 0.43248612
vn 0.7094192 -0.6451252 0.28379184
vn 0.8545782 -0.067738 0.51488614
vn 0.8545782 -0.067738 0.51488614
vn 0.9221972 -0.13214825 0.3634407
vn 0.88868576 0.14516896 0.43492946
vn 0.8545782 -0.067738 0.51488614
vn 0.7094192 -0.6451252 0.28379184
vn 0.9221972 -0.13214825 0.3634407
vn 0.88868576 0.14516896 0.43492946
vn 0.9360701 0.124987155 0.32886317
vn 0.92305046 0.15503308 0.35205472
vn 0.88868576 0.14516896 0.43492946
vn 0.9221972 -0.13214825 0.3634407
vn 0.9360701 0.124987155 0.32886317
vn 0.92305046 0.15503308 0.35205472
vn 0.9360701 0.124987155 0.32886317
vn 0.9626428 0.15575893 0.22149047
vn 0.29808813 -0.9539763 0.032753706
vn -0.25212288 -0.89770776 -0.36132354
vn 0.18570781 -0.97962856 -0.076422155
vn 0.29808813 -0.9539763 0.032753706
vn 0.18570781 -0.97962856 -0.076422155
vn 0.7094192 -0.6451252 0.28379184
vn 0.7094192 -0.6451252 0.28379184
vn 0.73462135 -0.65371233 0.18163621
vn 0.9221972 -0.13214825 0.3634407
vn 0.7094192 -0.6451252 0.28379184
vn 0.18570781 -0.97962856 -0.076422155
vn 0.73462135 -0.65371233 0.18163621
vn 0.9221972 -0.13214825 0.3634407
vn 0.9541339 -0.16648328 0.2488209
vn 0.9360701 0.124987155 0.32886317
vn 0.9221972 -0.13214825 0.3634407
vn 0.73462135 -0.65371233 0.18163621
vn 0.9541339 -0.16648328 0.2488209
vn 0.9360701 0.124987155 0.32886317
vn 0.9761143 0.08827829 0.19851428
vn 0.9626428 0.15575893 0.22149047
vn 0.9360701 0.124987155 0.32886317
vn 0.9541339 -0.16648328 0.2488209
vn 0.9761143 0.08827829 0.19851428
vn -0.25212288 -0.89770776 -0.36132354
vn -0.34470907 -0.8800067 -0.32674712
vn 0.18570781 -0.97962856 -0.076422155
vn 0.18570781 -0.97962856 -0.076422155
vn 0.18057342 -0.97982085 -0.0856992
vn 0.73462135 -0.65371233 0.18163621
vn 0.18570781 -0.97962856 -0.076422155
vn -0.34470907 -0.8800067 -0.32674712
vn 0.18057342 -0.97982085 -0.0856992
vn -0.34470907 -0.8800067 -0.32674712
vn -0.40325853 -0.8714253 -0.27928543
vn 0.18057342 -0.97982085 -0.0856992
vn 0.73462135 -0.65371233 0.18163621
vn 0.7821372 -0.60943353 0.12981576
vn 0.9541339 -0.16648328 0.2488209
vn 0.73462135 -0.65371233 0.18163621
vn 0.18057342 -0.97982085 -0.0856992
vn 0.7821372 -0.60943353 0.12981576
vn 0.18057342 -0.97982085 -0.0856992
vn -0.40325853 -0.8714253 -0.27928543
vn 0.25888434 -0.9644634 -0.052814662
vn 0.18057342 -0.97982085 -0.0856992
vn 0.25888434 -0.9644634 -0.052814662
vn 0.7821372 -0.60943353 0.12981576
vn -0.40325853 -0.8714253 -0.27928543
vn -0.4664775 -0.8523615 -0.23638654
vn 0.25888434 -0.9644634 -0.052814662
vn -0.4664775 -0.8523615 -0.23638654
vn -0.99428797 -0.07435745 0.076566264
vn 0.25888434 -0.9644634 -0.052814662
vn -0.99428797 -0.07435745 0.076566264
vn 0.82230675 -0.5600999 0.100497365
vn 0.25888434 -0.9644634 -0.052814662
vn 0.25888434 -0.9644634 -0.052814662
vn 0.83779806 -0.5446806 0.03764838
vn 0.7821372 -0.60943353 0.12981576
vn 0.25888434 -0.9644634 -0.052814662
vn 0.82230675 -0.5600999 0.100497365
vn 0.83779806 -0.5446806 0.03764838
vn 0.7821372 -0.60943353 0.12981576
vn 0.9732562 -0.18974753 0.12949282
vn 0.9541339 -0.16648328 0.2488209
vn 0.9541339 -0.16648328 0.2488209
vn 0.9732562 -0.18974753 0.12949282
vn 0.9761143 0.08827829 0.19851428
vn 0.7821372 -0.60943353 0.12981576
vn 0.83779806 -0.5446806 0.03764838
vn 0.9732562 -0.18974753 0.12949282
vn 0.83779806 -0.5446806 0.03764838
vn 0.82230675 -0.5600999 0.100497365
vn 0.8805869 -0.4395227 -0.17716256
vn 0.83779806 -0.5446806 0.03764838
vn 0.8805869 -0.4395227 -0.17716256
vn 0.9732562 -0.18974753 0.12949282
vn 0.82230675 -0.5600999 0.100497365
vn 0.9371075 -0.34737277 0.03408146
vn 0.8805869 -0.4395227 -0.17716256
vn 0.9371075 -0.34737277 0.03408146
vn 0.99358684 -0.091908984 -0.06586317
vn 0.8805869 -0.4395227 -0.17716256
vn 0.8805869 -0.4395227 -0.17716256
vn 0.9840255 -0.12564434 -0.12612446
vn 0.9732562 -0.18974753 0.12949282
vn 0.8805869 -0.4395227 -0.17716256
vn 0.99358684 -0.091908984 -0.06586317
vn 0.9840255 -0.12564434 -0.12612446
vn 0.99358684 -0.091908984 -0.06586317
vn 0.9954368 0.09513243 0.007436
vn 0.9840255 -0.12564434 -0.12612446
vn 0.9840255 -0.12564434 -0.12612446
vn 0.9923471 0.123307824 0.0065049827
vn 0.9732562 -0.18974753 0.12949282
vn 0.9923471 0.123307824 0.0065049827
vn 0.9761143 0.08827829 0.19851428
vn 0.9732562 -0.18974753 0.12949282
vn 0.9923471 0.123307824 0.0065049827
vn 0.9840255 -0.12564434 -0.12612446
vn 0.9954368 0.09513243 0.007436
vn 0.9954368 0.09513243 0.007436
vn 0.9626428 0.15575893 0.22149047
vn 0.9923471 0.123307824 0.0065049827
vn 0.9923471 0.123307824 0.0065049827
vn 0.9626428 0.15575893 0.22149047
vn 0.9761143 0.08827829 0.19851428
vn -0.18057416 -0.9798207 -0.0856992
vn 0.40325767 -0.87142587 -0.2792852
vn 0.34470853 -0.8800071 -0.32674694
vn -0.4866077 -0.8702359 0.07682645
vn -0.8813748 -0.46682417 0.072482646
vn -0.40074363 -0.9024112 -0.15829879
vn -0.40074363 -0.9024112 -0.15829879
vn -0.8813748 -0.46682417 0.072482646
vn -0.7416409 -0.55323887 -0.3793355
vn -0.8813748 -0.46682417 0.072482646
vn -0.9663335 -0.25565043 0.029024392
vn -0.7416409 -0.55323887 -0.3793355
vn -0.40074363 -0.9024112 -0.15829879
vn -0.7416409 -0.55323887 -0.3793355
vn -0.26172233 -0.90545034 -0.3341571
vn -0.7416409 -0.55323887 -0.3793355
vn -0.9663335 -0.25565043 0.029024392
vn -0.8043456 -0.36221957 -0.47098318
vn -0.9663335 -0.25565043 0.029024392
vn -0.9870411 -0.16045935 -0.0016356856
vn -0.8043456 -0.36221957 -0.47098318
vn -0.7416409 -0.55323887 -0.3793355
vn -0.38858974 -0.64068496 -0.662209
vn -0.26172233 -0.90545034 -0.3341571
vn -0.7416409 -0.55323887 -0.3793355
vn -0.8043456 -0.36221957 -0.47098318
vn -0.38858974 -0.64068496 -0.662209
vn -0.26172233 -0.90545034 -0.3341571
vn -0.38858974 -0.64068496 -0.662209
vn -0.012784099 -0.93348 -0.35840112
vn -0.8043456 -0.36221957 -0.47098318
vn -0.9870411 -0.16045935 -0.0016356856
vn -0.80733985 -0.2928242 -0.5123049
vn -0.9870411 -0.16045935 -0.0016356856
vn -0.9966885 -0.07852463 -0.021119222
vn -0.80733985 -0.2928242 -0.5123049
vn -0.8043456 -0.36221957 -0.47098318
vn -0.41450554 -0.47444838 -0.77658474
vn -0.38858974 -0.64068496 -0.662209
vn -0.8043456 -0.36221957 -0.47098318
vn -0.80733985 -0.2928242 -0.5123049
vn -0.41450554 -0.47444838 -0.77658474
vn -0.38858974 -0.64068496 -0.662209
vn 0.047554187 -0.71817124 -0.6942395
vn -0.012784099 -0.93348 -0.35840112
vn -0.38858974 -0.64068496 -0.662209
vn -0.41450554 -0.47444838 -0.77658474
vn 0.047554187 -0.71817124 -0.6942395
vn -0.012784099 -0.93348 -0.35840112
vn 0.047554187 -0.71817124 -0.6942395
vn 0.18428928 -0.9252866 -0.33148468
vn -0.80733985 -0.2928242 -0.5123049
vn -0.9966885 -0.07852463 -0.021119222
vn -0.8164571 -0.2388668 -0.5256811
vn -0.9966885 -0.07852463 -0.021119222
vn -0.9981601 -0.059335142 -0.012476228
vn -0.8164571 -0.2388668 -0.5256811
vn -0.80733985 -0.2928242 -0.5123049
vn -0.42131785 -0.3825919 -0.8222618
vn -0.41450554 -0.47444838 -0.77658474
vn -0.80733985 -0.2928242 -0.5123049
vn -0.8164571 -0.2388668 -0.5256811
vn -0.42131785 -0.3825919 -0.8222618
vn -0.41450554 -0.47444838 -0.77658474
vn 0.08535314 -0.56891924 -0.81795204
vn 0.047554187 -0.71817124 -0.6942395
vn -0.41450554 -0.47444838 -0.77658474
vn -0.42131785 -0.3825919 -0.8222618
vn 0.08535314 -0.56891924 -0.81795204
vn 0.047554187 -0.71817124 -0.6942395
vn 0.41759366 -0.67966425 -0.6030524
vn 0.18428928 -0.9252866 -0.33148468
vn 0.047554187 -0.71817124 -0.6942395
vn 0.08535314 -0.56891924 -0.81795204
vn 0.41759366 -0.67966425 -0.6030524
vn 0.18428928 -0.9252866 -0.33148468
vn 0.41759366 -0.67966425 -0.6030524
vn 0.36904216 -0.9120185 -0.17896974
vn -0.8164571 -0.2388668 -0.5256811
vn -0.9981601 -0.059335142 -0.012476228
vn -0.7993232 -0.31742632 -0.5102186
vn -0.9981601 -0.059335142 -0.012476228
vn -0.48493665 -0.81865275 0.307643
vn -0.7993232 -0.31742632 -0.5102186
vn -0.48493665 -0.81865275 0.307643
vn -0.15381294 -0.97506094 -0.15999329
vn -0.7993232 -0.31742632 -0.5102186
vn -0.8164571 -0.2388668 -0.5256811
vn -0.41764066 -0.353566 -0.83699906
vn -0.42131785 -0.3825919 -0.8222618
vn -0.8164571 -0.2388668 -0.5256811
vn -0.7993232 -0.31742632 -0.5102186
vn -0.41764066 -0.353566 -0.83699906
vn -0.7993232 -0.31742632 -0.5102186
vn -0.15381294 -0.97506094 -0.15999329
vn -0.42078483 -0.29095298 -0.8592359
vn -0.7993232 -0.31742632 -0.5102186
vn -0.42078483 -0.29095298 -0.8592359
vn -0.41764066 -0.353566 -0.83699906
vn -0.15381294 -0.97506094 -0.15999329
vn 0.28838784 -0.87021995 -0.3994364
vn -0.42078483 -0.29095298 -0.8592359
vn -0.42131785 -0.3825919 -0.8222618
vn 0.10594716 -0.48264456 -0.8693845
vn 0.08535314 -0.56891924 -0.81795204
vn -0.42131785 -0.3825919 -0.8222618
vn -0.41764066 -0.353566 -0.83699906
vn 0.10594716 -0.48264456 -0.8693845
vn -0.41764066 -0.353566 -0.83699906
vn -0.42078483 -0.29095298 -0.8592359
vn 0.10124902 -0.40749836 -0.9075758
vn -0.41764066 -0.353566 -0.83699906
vn 0.10124902 -0.40749836 -0.9075758
vn 0.10594716 -0.48264456 -0.8693845
vn -0.42078483 -0.29095298 -0.8592359
vn 0.28838784 -0.87021995 -0.3994364
vn 0.10763664 -0.34695703 -0.93168396
vn -0.42078483 -0.29095298 -0.8592359
vn 0.10763664 -0.34695703 -0.93168396
vn 0.10124902 -0.40749836 -0.9075758
vn 0.28838784 -0.87021995 -0.3994364
vn 0.61963636 -0.73364455 -0.2789557
vn 0.10763664 -0.34695703 -0.93168396
vn 0.08535314 -0.56891924 -0.81795204
vn 0.50638735 -0.5431225 -0.6697685
vn 0.41759366 -0.67966425 -0.6030524
vn 0.08535314 -0.56891924 -0.81795204
vn 0.10594716 -0.48264456 -0.8693845
vn 0.50638735 -0.5431225 -0.6697685
vn 0.10594716 -0.48264456 -0.8693845
vn 0.10124902 -0.40749836 -0.9075758
vn 0.5440896 -0.4563924 -0.70404017
vn 0.10594716 -0.48264456 -0.8693845
vn 0.5440896 -0.4563924 -0.70404017
vn 0.50638735 -0.5431225 -0.6697685
vn 0.10124902 -0.40749836 -0.9075758
vn 0.10763664 -0.34695703 -0.93168396
vn 0.5498798 -0.3458838 -0.76026094
vn 0.10124902 -0.40749836 -0.9075758
vn 0.5498798 -0.3458838 -0.76026094
vn 0.5440896 -0.4563924 -0.70404017
vn 0.10763664 -0.34695703 -0.93168396
vn 0.61963636 -0.73364455 -0.2789557
vn 0.55133295 -0.27628857 -0.787208
vn 0.10763664 -0.34695703 -0.93168396
vn 0.55133295 -0.27628857 -0.787208
vn 0.5498798 -0.3458838 -0.76026094
vn 0.61963636 -0.73364455 -0.2789557
vn 0.80140895 -0.51202327 -0.3091536
vn 0.55133295 -0.27628857 -0.787208
vn 0.41759366 -0.67966425 -0.6030524
vn 0.70594037 -0.624502 -0.33413398
vn 0.36904216 -0.9120185 -0.17896974
vn 0.41759366 -0.67966425 -0.6030524
vn 0.50638735 -0.5431225 -0.6697685
vn 0.70594037 -0.624502 -0.33413398
vn 0.50638735 -0.5431225 -0.6697685
vn 0.5440896 -0.4563924 -0.70404017
vn 0.79733884 -0.4617585 -0.38862553
vn 0.50638735 -0.5431225 -0.6697685
vn 0.79733884 -0.4617585 -0.38862553
vn 0.70594037 -0.624502 -0.33413398
vn 0.70594037 -0.624502 -0.33413398
vn 0.84341824 -0.53057337 0.08448404
vn 0.36904216 -0.9120185 -0.17896974
vn 0.70594037 -0.624502 -0.33413398
vn 0.79733884 -0.4617585 -0.38862553
vn 0.84341824 -0.53057337 0.08448404
vn 0.36904216 -0.9120185 -0.17896974
vn 0.84341824 -0.53057337 0.08448404
vn 0.46032166 -0.8862983 0.05078578
vn 0.5440896 -0.4563924 -0.70404017
vn 0.5498798 -0.3458838 -0.76026094
vn 0.8500008 -0.35213485 -0.3917901
vn 0.5440896 -0.4563924 -0.70404017
vn 0.8500008 -0.35213485 -0.3917901
vn 0.79733884 -0.4617585 -0.38862553
vn 0.79733884 -0.4617585 -0.38862553
vn 0.9420336 -0.32578716 0.080221176
vn 0.84341824 -0.53057337 0.08448404
vn 0.79733884 -0.4617585 -0.38862553
vn 0.8500008 -0.35213485 -0.3917901
vn 0.9420336 -0.32578716 0.080221176
vn 0.5498798 -0.3458838 -0.76026094
vn 0.55133295 -0.27628857 -0.787208
vn 0.88373256 -0.21935189 -0.41340226
vn 0.5498798 -0.3458838 -0.76026094
vn 0.88373256 -0.21935189 -0.41340226
vn 0.8500008 -0.35213485 -0.3917901
vn 0.8500008 -0.35213485 -0.3917901
vn 0.9761115 -0.1995874 0.08585666
vn 0.9420336 -0.32578716 0.080221176
vn 0.8500008 -0.35213485 -0.3917901
vn 0.88373256 -0.21935189 -0.41340226
vn 0.9761115 -0.1995874 0.08585666
vn 0.55133295 -0.27628857 -0.787208
vn 0.80140895 -0.51202327 -0.3091536
vn 0.8870351 -0.15195075 -0.43598136
vn 0.55133295 -0.27628857 -0.787208
vn 0.8870351 -0.15195075 -0.43598136
vn 0.88373256 -0.21935189 -0.41340226
vn 0.88373256 -0.21935189 -0.41340226
vn 0.9941956 -0.07838527 0.07369357
vn 0.9761115 -0.1995874 0.08585666
vn 0.88373256 -0.21935189 -0.41340226
vn 0.8870351 -0.15195075 -0.43598136
vn 0.9941956 -0.07838527 0.07369357
vn 0.80140895 -0.51202327 -0.3091536
vn 0.9642642 -0.09802906 -0.24613973
vn 0.8870351 -0.15195075 -0.43598136
vn 0.8870351 -0.15195075 -0.43598136
vn 0.99898016 0.017272126 0.0417162
vn 0.9941956 -0.07838527 0.07369357
vn 0.8870351 -0.15195075 -0.43598136
vn 0.9642642 -0.09802906 -0.24613973
vn 0.99898016 0.017272126 0.0417162
vn 0.9642642 -0.09802906 -0.24613973
vn 0.98933834 0.14510629 0.012402266
vn 0.99898016 0.017272126 0.0417162
vn 0.98933834 0.14510629 0.012402266
vn 0.9034286 0.15586239 0.39940414
vn 0.99898016 0.017272126 0.0417162
vn 0.99898016 0.017272126 0.0417162
vn 0.8942208 0.06386322 0.44304705
vn 0.9941956 -0.07838527 0.07369357
vn 0.99898016 0.017272126 0.0417162
vn 0.9034286 0.15586239 0.39940414
vn 0.8942208 0.06386322 0.44304705
vn 0.9034286 0.15586239 0.39940414
vn 0.59729034 0.14401299 0.7889895
vn 0.8942208 0.06386322 0.44304705
vn 0.9941956 -0.07838527 0.07369357
vn 0.85076654 -0.004433751 0.525525
vn 0.9761115 -0.1995874 0.08585666
vn 0.9941956 -0.07838527 0.07369357
vn 0.8942208 0.06386322 0.44304705
vn 0.85076654 -0.004433751 0.525525
vn 0.8942208 0.06386322 0.44304705
vn 0.59729034 0.14401299 0.7889895
vn 0.5506503 0.045521617 0.83349377
vn 0.8942208 0.06386322 0.44304705
vn 0.5506503 0.045521617 0.83349377
vn 0.85076654 -0.004433751 0.525525
vn 0.59729034 0.14401299 0.7889895
vn 0.11942117 0.0108459 0.9927843
vn 0.5506503 0.045521617 0.83349377
vn 0.9761115 -0.1995874 0.08585666
vn 0.81645006 -0.09517294 0.56951857
vn 0.9420336 -0.32578716 0.080221176
vn 0.9761115 -0.1995874 0.08585666
vn 0.85076654 -0.004433751 0.525525
vn 0.81645006 -0.09517294 0.56951857
vn 0.85076654 -0.004433751 0.525525
vn 0.5506503 0.045521617 0.83349377
vn 0.47692582 0.029874504 0.87843555
vn 0.85076654 -0.004433751 0.525525
vn 0.47692582 0.029874504 0.87843555
vn 0.81645006 -0.09517294 0.56951857
vn 0.5506503 0.045521617 0.83349377
vn 0.11942117 0.0108459 0.9927843
vn 0.033851694 0.12232584 0.9919125
vn 0.5506503 0.045521617 0.83349377
vn 0.033851694 0.12232584 0.9919125
vn 0.47692582 0.029874504 0.87843555
vn 0.11942117 0.0108459 0.9927843
vn -0.20933414 -0.08134329 0.9744549
vn 0.033851694 0.12232584 0.9919125
vn 0.9420336 -0.32578716 0.080221176
vn 0.7940156 -0.19446951 0.5759521
vn 0.84341824 -0.53057337 0.08448404
vn 0.9420336 -0.32578716 0.080221176
vn 0.81645006 -0.09517294 0.56951857
vn 0.7940156 -0.19446951 0.5759521
vn 0.81645006 -0.09517294 0.56951857
vn 0.47692582 0.029874504 0.87843555
vn 0.42840797 -0.04098475 0.9026554
vn 0.81645006 -0.09517294 0.56951857
vn 0.42840797 -0.04098475 0.9026554
vn 0.7940156 -0.19446951 0.5759521
vn 0.47692582 0.029874504 0.87843555
vn 0.033851694 0.12232584 0.9919125
vn 0.0029221957 0.04901421 0.9987938
vn 0.47692582 0.029874504 0.87843555
vn 0.0029221957 0.04901421 0.9987938
vn 0.42840797 -0.04098475 0.9026554
vn 0.033851694 0.12232584 0.9919125
vn -0.20933414 -0.08134329 0.9744549
vn -0.4196127 0.081906855 0.90400016
vn 0.033851694 0.12232584 0.9919125
vn -0.4196127 0.081906855 0.90400016
vn 0.0029221957 0.04901421 0.9987938
vn -0.20933414 -0.08134329 0.9744549
vn -0.43869662 -0.4581519 0.7730731
vn -0.4196127 0.081906855 0.90400016
vn 0.84341824 -0.53057337 0.08448404
vn 0.7485499 -0.36837944 0.5513345
vn 0.46032166 -0.8862983 0.05078578
vn 0.84341824 -0.53057337 0.08448404
vn 0.7940156 -0.19446951 0.5759521
vn 0.7485499 -0.36837944 0.5513345
vn 0.7940156 -0.19446951 0.5759521
vn 0.42840797 -0.04098475 0.9026554
vn 0.38570923 -0.121135235 0.91463363
vn 0.7940156 -0.19446951 0.5759521
vn 0.38570923 -0.121135235 0.91463363
vn 0.7485499 -0.36837944 0.5513345
vn 0.42840797 -0.04098475 0.9026554
vn 0.0029221957 0.04901421 0.9987938
vn -0.036345992 -0.014787555 0.9992298
vn 0.42840797 -0.04098475 0.9026554
vn -0.036345992 -0.014787555 0.9992298
vn 0.38570923 -0.121135235 0.91463363
vn 0.0029221957 0.04901421 0.9987938
vn -0.4196127 0.081906855 0.90400016
vn -0.44271776 0.03656417 0.8959152
vn 0.0029221957 0.04901421 0.9987938
vn -0.44271776 0.03656417 0.8959152
vn -0.036345992 -0.014787555 0.9992298
vn -0.4196127 0.081906855 0.90400016
vn -0.43869662 -0.4581519 0.7730731
vn -0.82418364 -0.0132936835 0.56616646
vn -0.4196127 0.081906855 0.90400016
vn -0.82418364 -0.0132936835 0.56616646
vn -0.44271776 0.03656417 0.8959152
vn -0.43869662 -0.4581519 0.7730731
vn -0.48493665 -0.81865275 0.307643
vn -0.82418364 -0.0132936835 0.56616646
vn -0.48493665 -0.81865275 0.307643
vn -0.9981601 -0.059335142 -0.012476228
vn -0.82418364 -0.0132936835 0.56616646
vn -0.82418364 -0.0132936835 0.56616646
vn -0.82254326 -0.010264754 0.56861
vn -0.44271776 0.03656417 0.8959152
vn -0.82418364 -0.0132936835 0.56616646
vn -0.9981601 -0.059335142 -0.012476228
vn -0.82254326 -0.010264754 0.56861
vn -0.9981601 -0.059335142 -0.012476228
vn -0.9966885 -0.07852463 -0.021119222
vn -0.82254326 -0.010264754 0.56861
vn -0.44271776 0.03656417 0.8959152
vn -0.44706446 -0.015021443 0.89437556
vn -0.036345992 -0.014787555 0.9992298
vn -0.44271776 0.03656417 0.8959152
vn -0.82254326 -0.010264754 0.56861
vn -0.44706446 -0.015021443 0.89437556
vn -0.82254326 -0.010264754 0.56861
vn -0.9966885 -0.07852463 -0.021119222
vn -0.81330115 -0.061231434 0.5786121
vn -0.82254326 -0.010264754 0.56861
vn -0.81330115 -0.061231434 0.5786121
vn -0.44706446 -0.015021443 0.89437556
vn -0.9966885 -0.07852463 -0.021119222
vn -0.9870411 -0.16045935 -0.0016356856
vn -0.81330115 -0.061231434 0.5786121
vn -0.036345992 -0.014787555 0.9992298
vn -0.06286157 -0.07903409 0.99488795
vn 0.38570923 -0.121135235 0.91463363
vn -0.036345992 -0.014787555 0.9992298
vn -0.44706446 -0.015021443 0.89437556
vn -0.06286157 -0.07903409 0.99488795
vn -0.44706446 -0.015021443 0.89437556
vn -0.81330115 -0.061231434 0.5786121
vn -0.45293483 -0.06379968 0.88925785
vn -0.44706446 -0.015021443 0.89437556
vn -0.45293483 -0.06379968 0.88925785
vn -0.06286157 -0.07903409 0.99488795
vn -0.81330115 -0.061231434 0.5786121
vn -0.9870411 -0.16045935 -0.0016356856
vn -0.80930734 -0.13671958 0.5712524
vn -0.81330115 -0.061231434 0.5786121
vn -0.80930734 -0.13671958 0.5712524
vn -0.45293483 -0.06379968 0.88925785
vn -0.9870411 -0.16045935 -0.0016356856
vn -0.9663335 -0.25565043 0.029024392
vn -0.80930734 -0.13671958 0.5712524
vn -0.9663335 -0.25565043 0.029024392
vn -0.8813748 -0.46682417 0.072482646
vn -0.80930734 -0.13671958 0.5712524
vn 0.38570923 -0.121135235 0.91463363
vn 0.34740847 -0.23805153 0.90699446
vn 0.7485499 -0.36837944 0.5513345
vn 0.38570923 -0.121135235 0.91463363
vn -0.06286157 -0.07903409 0.99488795
vn 0.34740847 -0.23805153 0.90699446
vn -0.06286157 -0.07903409 0.99488795
vn -0.45293483 -0.06379968 0.88925785
vn -0.067150176 -0.14664865 0.9869067
vn -0.06286157 -0.07903409 0.99488795
vn -0.067150176 -0.14664865 0.9869067
vn 0.34740847 -0.23805153 0.90699446
vn -0.45293483 -0.06379968 0.88925785
vn -0.80930734 -0.13671958 0.5712524
vn -0.4779553 -0.14828855 0.86577666
vn -0.45293483 -0.06379968 0.88925785
vn -0.4779553 -0.14828855 0.86577666
vn -0.067150176 -0.14664865 0.9869067
vn -0.80930734 -0.13671958 0.5712524
vn -0.8813748 -0.46682417 0.072482646
vn -0.7810883 -0.30361286 0.5456375
vn -0.80930734 -0.13671958 0.5712524
vn -0.7810883 -0.30361286 0.5456375
vn -0.4779553 -0.14828855 0.86577666
vn -0.8813748 -0.46682417 0.072482646
vn -0.4866077 -0.8702359 0.07682645
vn -0.7810883 -0.30361286 0.5456375
vn -0.7810883 -0.30361286 0.5456375
vn -0.52237386 -0.7877793 0.32638836
vn -0.4779553 -0.14828855 0.86577666
vn -0.7810883 -0.30361286 0.5456375
vn -0.4866077 -0.8702359 0.07682645
vn -0.52237386 -0.7877793 0.32638836
vn -0.52237386 -0.7877793 0.32638836
vn -0.35640728 -0.7109878 0.6061932
vn -0.4779553 -0.14828855 0.86577666
vn -0.4779553 -0.14828855 0.86577666
vn -0.35640728 -0.7109878 0.6061932
vn -0.067150176 -0.14664865 0.9869067
vn -0.35640728 -0.7109878 0.6061932
vn -0.0055588074 -0.7150962 0.6990039
vn -0.067150176 -0.14664865 0.9869067
vn -0.067150176 -0.14664865 0.9869067
vn 0.2544266 -0.7627525 0.5945382
vn 0.34740847 -0.23805153 0.90699446
vn -0.067150176 -0.14664865 0.9869067
vn -0.0055588074 -0.7150962 0.6990039
vn 0.2544266 -0.7627525 0.5945382
vn 0.2544266 -0.7627525 0.5945382
vn 0.45938057 -0.8088271 0.36710793
vn 0.34740847 -0.23805153 0.90699446
vn 0.34740847 -0.23805153 0.90699446
vn 0.45938057 -0.8088271 0.36710793
vn 0.7485499 -0.36837944 0.5513345
vn 0.7485499 -0.36837944 0.5513345
vn 0.45938057 -0.8088271 0.36710793
vn 0.46032166 -0.8862983 0.05078578
vn 0.9666351 -0.24002635 0.08946529
vn 0.7888141 -0.5929796 0.1617015
vn -8.455087E-05 -0.99996674 0.008148611
vn -8.455087E-05 -0.99996674 0.008148611
vn 0.7888141 -0.5929796 0.1617015
vn -0.0040001054 -0.9998981 0.013704658
vn -8.455087E-05 -0.99996674 0.008148611
vn -0.0040001054 -0.9998981 0.013704658
vn -0.801304 -0.39256576 0.4514466
vn -0.801304 -0.39256576 0.4514466
vn -0.0040001054 -0.9998981 0.013704658
vn -0.6656838 -0.5863439 0.46159065
vn -0.0040001054 -0.9998981 0.013704658
vn 0.7888141 -0.5929796 0.1617015
vn -0.0008290514 -0.9999105 0.013354063
vn -0.0040001054 -0.9998981 0.013704658
vn -0.0008290514 -0.9999105 0.013354063
vn -0.6656838 -0.5863439 0.46159065
vn -0.6656838 -0.5863439 0.46159065
vn -0.0008290514 -0.9999105 0.013354063
vn -0.61232686 -0.52741915 0.5889693
vn -0.61232686 -0.52741915 0.5889693
vn -0.0008290514 -0.9999105 0.013354063
vn 0.18194562 -0.36610794 0.91261196
vn 0.18194562 -0.36610794 0.91261196
vn -0.0008290514 -0.9999105 0.013354063
vn 0.7859424 -0.5372219 0.3060835
vn 0.7859424 -0.5372219 0.3060835
vn -0.0008290514 -0.9999105 0.013354063
vn 0.7888141 -0.5929796 0.1617015
vn 0.92410946 -0.23998511 0.29737002
vn 0.734805 -0.59301627 0.32923138
vn -0.002948481 -0.999985 0.0046156645
vn -0.002948481 -0.999985 0.0046156645
vn 0.734805 -0.59301627 0.32923138
vn -0.0035318292 -0.9998925 0.014232695
vn -0.0035318292 -0.9998925 0.014232695
vn -0.7500764 -0.58538955 0.30774057
vn -0.002948481 -0.999985 0.0046156645
vn -0.002948481 -0.999985 0.0046156645
vn -0.7500764 -0.58538955 0.30774057
vn -0.9344454 -0.21879517 0.28096366
vn -0.0035318292 -0.9998925 0.014232695
vn 0.734805 -0.59301627 0.32923138
vn -0.0037103791 -0.9999105 0.012855411
vn -0.0035318292 -0.9998925 0.014232695
vn -0.0037103791 -0.9999105 0.012855411
vn -0.7500764 -0.58538955 0.30774057
vn -0.7500764 -0.58538955 0.30774057
vn -0.0037103791 -0.9999105 0.012855411
vn -0.72569656 -0.52738875 0.44184333
vn -0.72569656 -0.52738875 0.44184333
vn -0.0037103791 -0.9999105 0.012855411
vn -0.020755392 -0.36609805 0.9303448
vn -0.020755392 -0.36609805 0.9303448
vn -0.0037103791 -0.9999105 0.012855411
vn 0.7007225 -0.5371789 0.46949637
vn 0.7007225 -0.5371789 0.46949637
vn -0.0037103791 -0.9999105 0.012855411
vn 0.734805 -0.59301627 0.32923138
vn 0.84105486 -0.22064888 0.49390364
vn 0.64595836 -0.5939896 0.47949362
vn -0.005665965 -0.99996305 0.0064533353
vn 0.64595836 -0.5939896 0.47949362
vn 0.58168685 -0.53724605 0.6107431
vn -0.006419841 -0.9999105 0.011739373
vn 0.64595836 -0.5939896 0.47949362
vn -0.006419841 -0.9999105 0.011739373
vn -0.005665965 -0.99996305 0.0064533353
vn 0.58168685 -0.53724605 0.6107431
vn -0.22264661 -0.36610913 0.9035444
vn -0.006419841 -0.9999105 0.011739373
vn -0.22264661 -0.36610913 0.9035444
vn -0.80442417 -0.5274356 0.27333748
vn -0.006419841 -0.9999105 0.011739373
vn -0.006419841 -0.9999105 0.011739373
vn -0.7986825 -0.5863383 0.13532758
vn -0.005665965 -0.99996305 0.0064533353
vn -0.006419841 -0.9999105 0.011739373
vn -0.80442417 -0.5274356 0.27333748
vn -0.7986825 -0.5863383 0.13532758
vn -0.7986825 -0.5863383 0.13532758
vn -0.9960086 -0.050714415 0.0734504
vn -0.005665965 -0.99996305 0.0064533353
vn 0.4866075 -0.870236 0.07682675
vn 0.40074337 -0.90241146 -0.15829873
vn 0.88137466 -0.4668243 0.072482765
vn 0.88137466 -0.4668243 0.072482765
vn 0.40074337 -0.90241146 -0.15829873
vn 0.74164075 -0.5532392 -0.3793355
vn 0.40074337 -0.90241146 -0.15829873
vn 0.26172218 -0.9054506 -0.334157
vn 0.74164075 -0.5532392 -0.3793355
vn 0.88137466 -0.4668243 0.072482765
vn 0.74164075 -0.5532392 -0.3793355
vn 0.9663336 -0.25565007 0.029024214
vn 0.74164075 -0.5532392 -0.3793355
vn 0.26172218 -0.9054506 -0.334157
vn 0.3885897 -0.6406853 -0.6622088
vn 0.26172218 -0.9054506 -0.334157
vn 0.012784152 -0.93348 -0.35840124
vn 0.3885897 -0.6406853 -0.6622088
vn 0.74164075 -0.5532392 -0.3793355
vn 0.8043457 -0.36221954 -0.470983
vn 0.9663336 -0.25565007 0.029024214
vn 0.74164075 -0.5532392 -0.3793355
vn 0.3885897 -0.6406853 -0.6622088
vn 0.8043457 -0.36221954 -0.470983
vn 0.9663336 -0.25565007 0.029024214
vn 0.8043457 -0.36221954 -0.470983
vn 0.98704106 -0.16045968 -0.0016353577
vn 0.3885897 -0.6406853 -0.6622088
vn 0.012784152 -0.93348 -0.35840124
vn -0.047554046 -0.7181713 -0.6942395
vn 0.012784152 -0.93348 -0.35840124
vn -0.1842893 -0.92528665 -0.33148474
vn -0.047554046 -0.7181713 -0.6942395
vn 0.3885897 -0.6406853 -0.6622088
vn 0.41450566 -0.47444844 -0.7765846
vn 0.8043457 -0.36221954 -0.470983
vn 0.3885897 -0.6406853 -0.6622088
vn -0.047554046 -0.7181713 -0.6942395
vn 0.41450566 -0.47444844 -0.7765846
vn 0.8043457 -0.36221954 -0.470983
vn 0.80733997 -0.29282415 -0.5123048
vn 0.98704106 -0.16045968 -0.0016353577
vn 0.8043457 -0.36221954 -0.470983
vn 0.41450566 -0.47444844 -0.7765846
vn 0.80733997 -0.29282415 -0.5123048
vn 0.98704106 -0.16045968 -0.0016353577
vn 0.80733997 -0.29282415 -0.5123048
vn 0.9966885 -0.078524314 -0.02111924
vn -0.047554046 -0.7181713 -0.6942395
vn -0.1842893 -0.92528665 -0.33148474
vn -0.4175934 -0.6796642 -0.6030524
vn -0.1842893 -0.92528665 -0.33148474
vn -0.36904216 -0.91201854 -0.1789698
vn -0.4175934 -0.6796642 -0.6030524
vn -0.047554046 -0.7181713 -0.6942395
vn -0.08535296 -0.56891954 -0.817952
vn 0.41450566 -0.47444844 -0.7765846
vn -0.047554046 -0.7181713 -0.6942395
vn -0.4175934 -0.6796642 -0.6030524
vn -0.08535296 -0.56891954 -0.817952
vn 0.41450566 -0.47444844 -0.7765846
vn 0.42131808 -0.38259196 -0.8222618
vn 0.80733997 -0.29282415 -0.5123048
vn 0.41450566 -0.47444844 -0.7765846
vn -0.08535296 -0.56891954 -0.817952
vn 0.42131808 -0.38259196 -0.8222618
vn 0.80733997 -0.29282415 -0.5123048
vn 0.8164571 -0.23886663 -0.52568096
vn 0.9966885 -0.078524314 -0.02111924
vn 0.80733997 -0.29282415 -0.5123048
vn 0.42131808 -0.38259196 -0.8222618
vn 0.8164571 -0.23886663 -0.52568096
vn 0.9966885 -0.078524314 -0.02111924
vn 0.8164571 -0.23886663 -0.52568096
vn 0.99816024 -0.059334256 -0.012476224
vn -0.4175934 -0.6796642 -0.6030524
vn -0.36904216 -0.91201854 -0.1789698
vn -0.70594025 -0.6245018 -0.3341344
vn -0.4175934 -0.6796642 -0.6030524
vn -0.5063875 -0.5431224 -0.6697684
vn -0.08535296 -0.56891954 -0.817952
vn -0.4175934 -0.6796642 -0.6030524
vn -0.70594025 -0.6245018 -0.3341344
vn -0.5063875 -0.5431224 -0.6697684
vn -0.08535296 -0.56891954 -0.817952
vn -0.10594716 -0.48264426 -0.8693845
vn 0.42131808 -0.38259196 -0.8222618
vn -0.08535296 -0.56891954 -0.817952
vn -0.5063875 -0.5431224 -0.6697684
vn -0.10594716 -0.48264426 -0.8693845
vn 0.42131808 -0.38259196 -0.8222618
vn 0.41764054 -0.35356623 -0.83699906
vn 0.8164571 -0.23886663 -0.52568096
vn 0.42131808 -0.38259196 -0.8222618
vn -0.10594716 -0.48264426 -0.8693845
vn 0.41764054 -0.35356623 -0.83699906
vn 0.8164571 -0.23886663 -0.52568096
vn 0.7993234 -0.3174259 -0.5102185
vn 0.99816024 -0.059334256 -0.012476224
vn 0.8164571 -0.23886663 -0.52568096
vn 0.41764054 -0.35356623 -0.83699906
vn 0.7993234 -0.3174259 -0.5102185
vn 0.99816024 -0.059334256 -0.012476224
vn 0.7993234 -0.3174259 -0.5102185
vn 0.4849367 -0.8186527 0.3076427
vn 0.4849367 -0.8186527 0.3076427
vn 0.7993234 -0.3174259 -0.5102185
vn 0.15381214 -0.97506106 -0.15999293
vn 0.7993234 -0.3174259 -0.5102185
vn 0.41764054 -0.35356623 -0.83699906
vn 0.4207851 -0.29095244 -0.859236
vn 0.7993234 -0.3174259 -0.5102185
vn 0.4207851 -0.29095244 -0.859236
vn 0.15381214 -0.97506106 -0.15999293
vn 0.15381214 -0.97506106 -0.15999293
vn 0.4207851 -0.29095244 -0.859236
vn -0.28838792 -0.8702198 -0.39943716
vn 0.41764054 -0.35356623 -0.83699906
vn -0.10594716 -0.48264426 -0.8693845
vn -0.10124883 -0.40749818 -0.9075757
vn 0.41764054 -0.35356623 -0.83699906
vn -0.10124883 -0.40749818 -0.9075757
vn 0.4207851 -0.29095244 -0.859236
vn 0.4207851 -0.29095244 -0.859236
vn -0.10763672 -0.34695703 -0.9316839
vn -0.28838792 -0.8702198 -0.39943716
vn 0.4207851 -0.29095244 -0.859236
vn -0.10124883 -0.40749818 -0.9075757
vn -0.10763672 -0.34695703 -0.9316839
vn -0.28838792 -0.8702198 -0.39943716
vn -0.10763672 -0.34695703 -0.9316839
vn -0.6196363 -0.7336446 -0.27895585
vn -0.10594716 -0.48264426 -0.8693845
vn -0.5063875 -0.5431224 -0.6697684
vn -0.54408944 -0.45639235 -0.7040402
vn -0.10594716 -0.48264426 -0.8693845
vn -0.54408944 -0.45639235 -0.7040402
vn -0.10124883 -0.40749818 -0.9075757
vn -0.10124883 -0.40749818 -0.9075757
vn -0.54987967 -0.3458839 -0.76026094
vn -0.10763672 -0.34695703 -0.9316839
vn -0.10124883 -0.40749818 -0.9075757
vn -0.54408944 -0.45639235 -0.7040402
vn -0.54987967 -0.3458839 -0.76026094
vn -0.10763672 -0.34695703 -0.9316839
vn -0.5513329 -0.2762881 -0.7872082
vn -0.6196363 -0.7336446 -0.27895585
vn -0.10763672 -0.34695703 -0.9316839
vn -0.54987967 -0.3458839 -0.76026094
vn -0.5513329 -0.2762881 -0.7872082
vn -0.6196363 -0.7336446 -0.27895585
vn -0.5513329 -0.2762881 -0.7872082
vn -0.80140895 -0.51202357 -0.3091532
vn -0.5063875 -0.5431224 -0.6697684
vn -0.70594025 -0.6245018 -0.3341344
vn -0.79733896 -0.46175835 -0.38862562
vn -0.5063875 -0.5431224 -0.6697684
vn -0.79733896 -0.46175835 -0.38862562
vn -0.54408944 -0.45639235 -0.7040402
vn -0.54408944 -0.45639235 -0.7040402
vn -0.85000104 -0.35213456 -0.39178997
vn -0.54987967 -0.3458839 -0.76026094
vn -0.54408944 -0.45639235 -0.7040402
vn -0.79733896 -0.46175835 -0.38862562
vn -0.85000104 -0.35213456 -0.39178997
vn -0.54987967 -0.3458839 -0.76026094
vn -0.88373256 -0.21935204 -0.4134023
vn -0.5513329 -0.2762881 -0.7872082
vn -0.54987967 -0.3458839 -0.76026094
vn -0.85000104 -0.35213456 -0.39178997
vn -0.88373256 -0.21935204 -0.4134023
vn -0.5513329 -0.2762881 -0.7872082
vn -0.88703513 -0.15195048 -0.4359814
vn -0.80140895 -0.51202357 -0.3091532
vn -0.5513329 -0.2762881 -0.7872082
vn -0.88373256 -0.21935204 -0.4134023
vn -0.88703513 -0.15195048 -0.4359814
vn -0.80140895 -0.51202357 -0.3091532
vn -0.88703513 -0.15195048 -0.4359814
vn -0.9642643 -0.09802897 -0.24613975
vn -0.70594025 -0.6245018 -0.3341344
vn -0.36904216 -0.91201854 -0.1789698
vn -0.8434184 -0.53057325 0.08448374
vn -0.70594025 -0.6245018 -0.3341344
vn -0.8434184 -0.53057325 0.08448374
vn -0.79733896 -0.46175835 -0.38862562
vn -0.79733896 -0.46175835 -0.38862562
vn -0.94203365 -0.32578677 0.08022112
vn -0.85000104 -0.35213456 -0.39178997
vn -0.79733896 -0.46175835 -0.38862562
vn -0.8434184 -0.53057325 0.08448374
vn -0.94203365 -0.32578677 0.08022112
vn -0.85000104 -0.35213456 -0.39178997
vn -0.9761115 -0.1995871 0.085856736
vn -0.88373256 -0.21935204 -0.4134023
vn -0.85000104 -0.35213456 -0.39178997
vn -0.94203365 -0.32578677 0.08022112
vn -0.9761115 -0.1995871 0.085856736
vn -0.88373256 -0.21935204 -0.4134023
vn -0.99419564 -0.07838567 0.07369348
vn -0.88703513 -0.15195048 -0.4359814
vn -0.88373256 -0.21935204 -0.4134023
vn -0.9761115 -0.1995871 0.085856736
vn -0.99419564 -0.07838567 0.07369348
vn -0.88703513 -0.15195048 -0.4359814
vn -0.99898016 0.017272308 0.04171622
vn -0.9642643 -0.09802897 -0.24613975
vn -0.88703513 -0.15195048 -0.4359814
vn -0.99419564 -0.07838567 0.07369348
vn -0.99898016 0.017272308 0.04171622
vn -0.9642643 -0.09802897 -0.24613975
vn -0.99898016 0.017272308 0.04171622
vn -0.98933834 0.14510618 0.012402266
vn -0.98933834 0.14510618 0.012402266
vn -0.99898016 0.017272308 0.04171622
vn -0.90342873 0.15586188 0.39940414
vn -0.99898016 0.017272308 0.04171622
vn -0.99419564 -0.07838567 0.07369348
vn -0.894221 0.063863486 0.44304657
vn -0.99898016 0.017272308 0.04171622
vn -0.894221 0.063863486 0.44304657
vn -0.90342873 0.15586188 0.39940414
vn -0.90342873 0.15586188 0.39940414
vn -0.894221 0.063863486 0.44304657
vn -0.5972901 0.14401346 0.7889896
vn -0.99419564 -0.07838567 0.07369348
vn -0.9761115 -0.1995871 0.085856736
vn -0.8507666 -0.0044338703 0.525525
vn -0.99419564 -0.07838567 0.07369348
vn -0.8507666 -0.0044338703 0.525525
vn -0.894221 0.063863486 0.44304657
vn -0.894221 0.063863486 0.44304657
vn -0.5506505 0.045521796 0.8334937
vn -0.5972901 0.14401346 0.7889896
vn -0.894221 0.063863486 0.44304657
vn -0.8507666 -0.0044338703 0.525525
vn -0.5506505 0.045521796 0.8334937
vn -0.5972901 0.14401346 0.7889896
vn -0.5506505 0.045521796 0.8334937
vn -0.119420834 0.010846555 0.99278444
vn -0.9761115 -0.1995871 0.085856736
vn -0.94203365 -0.32578677 0.08022112
vn -0.81645006 -0.09517318 0.56951845
vn -0.9761115 -0.1995871 0.085856736
vn -0.81645006 -0.09517318 0.56951845
vn -0.8507666 -0.0044338703 0.525525
vn -0.8507666 -0.0044338703 0.525525
vn -0.47692576 0.029873908 0.87843573
vn -0.5506505 0.045521796 0.8334937
vn -0.8507666 -0.0044338703 0.525525
vn -0.81645006 -0.09517318 0.56951845
vn -0.47692576 0.029873908 0.87843573
vn -0.5506505 0.045521796 0.8334937
vn -0.03385145 0.12232596 0.9919125
vn -0.119420834 0.010846555 0.99278444
vn -0.5506505 0.045521796 0.8334937
vn -0.47692576 0.029873908 0.87843573
vn -0.03385145 0.12232596 0.9919125
vn -0.119420834 0.010846555 0.99278444
vn -0.03385145 0.12232596 0.9919125
vn 0.20933452 -0.081343174 0.97445476
vn -0.94203365 -0.32578677 0.08022112
vn -0.8434184 -0.53057325 0.08448374
vn -0.7940157 -0.1944693 0.575952
vn -0.94203365 -0.32578677 0.08022112
vn -0.7940157 -0.1944693 0.575952
vn -0.81645006 -0.09517318 0.56951845
vn -0.81645006 -0.09517318 0.56951845
vn -0.4284081 -0.04098457 0.9026554
vn -0.47692576 0.029873908 0.87843573
vn -0.81645006 -0.09517318 0.56951845
vn -0.7940157 -0.1944693 0.575952
vn -0.4284081 -0.04098457 0.9026554
vn -0.47692576 0.029873908 0.87843573
vn -0.0029221564 0.049013495 0.9987938
vn -0.03385145 0.12232596 0.9919125
vn -0.47692576 0.029873908 0.87843573
vn -0.4284081 -0.04098457 0.9026554
vn -0.0029221564 0.049013495 0.9987938
vn -0.03385145 0.12232596 0.9919125
vn 0.4196127 0.08190638 0.90400034
vn 0.20933452 -0.081343174 0.97445476
vn -0.03385145 0.12232596 0.9919125
vn -0.0029221564 0.049013495 0.9987938
vn 0.4196127 0.08190638 0.90400034
vn 0.20933452 -0.081343174 0.97445476
vn 0.4196127 0.08190638 0.90400034
vn 0.43869695 -0.45815173 0.7730731
vn -0.36904216 -0.91201854 -0.1789698
vn -0.46032146 -0.8862984 0.05078584
vn -0.8434184 -0.53057325 0.08448374
vn -0.8434184 -0.53057325 0.08448374
vn -0.7485499 -0.36837927 0.5513344
vn -0.7940157 -0.1944693 0.575952
vn -0.8434184 -0.53057325 0.08448374
vn -0.46032146 -0.8862984 0.05078584
vn -0.7485499 -0.36837927 0.5513344
vn -0.46032146 -0.8862984 0.05078584
vn -0.45938075 -0.80882686 0.36710817
vn -0.7485499 -0.36837927 0.5513344
vn -0.7940157 -0.1944693 0.575952
vn -0.38570943 -0.121135116 0.91463345
vn -0.4284081 -0.04098457 0.9026554
vn -0.7940157 -0.1944693 0.575952
vn -0.7485499 -0.36837927 0.5513344
vn -0.38570943 -0.121135116 0.91463345
vn -0.7485499 -0.36837927 0.5513344
vn -0.45938075 -0.80882686 0.36710817
vn -0.34740826 -0.23805201 0.9069943
vn -0.7485499 -0.36837927 0.5513344
vn -0.34740826 -0.23805201 0.9069943
vn -0.38570943 -0.121135116 0.91463345
vn -0.45938075 -0.80882686 0.36710817
vn -0.2544265 -0.7627525 0.5945382
vn -0.34740826 -0.23805201 0.9069943
vn -0.4284081 -0.04098457 0.9026554
vn 0.03634547 -0.014787376 0.9992298
vn -0.0029221564 0.049013495 0.9987938
vn -0.4284081 -0.04098457 0.9026554
vn -0.38570943 -0.121135116 0.91463345
vn 0.03634547 -0.014787376 0.9992298
vn -0.38570943 -0.121135116 0.91463345
vn -0.34740826 -0.23805201 0.9069943
vn 0.062861614 -0.07903451 0.99488795
vn -0.38570943 -0.121135116 0.91463345
vn 0.062861614 -0.07903451 0.99488795
vn 0.03634547 -0.014787376 0.9992298
vn -0.34740826 -0.23805201 0.9069943
vn -0.2544265 -0.7627525 0.5945382
vn 0.067149855 -0.14664924 0.9869067
vn -0.34740826 -0.23805201 0.9069943
vn 0.067149855 -0.14664924 0.9869067
vn 0.062861614 -0.07903451 0.99488795
vn -0.2544265 -0.7627525 0.5945382
vn 0.005558835 -0.7150967 0.69900316
vn 0.067149855 -0.14664924 0.9869067
vn 0.005558835 -0.7150967 0.69900316
vn 0.35640684 -0.7109882 0.6061929
vn 0.067149855 -0.14664924 0.9869067
vn -0.0029221564 0.049013495 0.9987938
vn 0.44271782 0.036564827 0.8959152
vn 0.4196127 0.08190638 0.90400034
vn -0.0029221564 0.049013495 0.9987938
vn 0.03634547 -0.014787376 0.9992298
vn 0.44271782 0.036564827 0.8959152
vn 0.03634547 -0.014787376 0.9992298
vn 0.062861614 -0.07903451 0.99488795
vn 0.44706434 -0.015021384 0.89437556
vn 0.03634547 -0.014787376 0.9992298
vn 0.44706434 -0.015021384 0.89437556
vn 0.44271782 0.036564827 0.8959152
vn 0.062861614 -0.07903451 0.99488795
vn 0.067149855 -0.14664924 0.9869067
vn 0.45293495 -0.06380057 0.88925785
vn 0.062861614 -0.07903451 0.99488795
vn 0.45293495 -0.06380057 0.88925785
vn 0.44706434 -0.015021384 0.89437556
vn 0.067149855 -0.14664924 0.9869067
vn 0.35640684 -0.7109882 0.6061929
vn 0.477955 -0.14828932 0.8657767
vn 0.067149855 -0.14664924 0.9869067
vn 0.477955 -0.14828932 0.8657767
vn 0.45293495 -0.06380057 0.88925785
vn 0.35640684 -0.7109882 0.6061929
vn 0.52237344 -0.78777945 0.32638842
vn 0.477955 -0.14828932 0.8657767
vn 0.4196127 0.08190638 0.90400034
vn 0.8241839 -0.013293266 0.5661662
vn 0.43869695 -0.45815173 0.7730731
vn 0.4196127 0.08190638 0.90400034
vn 0.44271782 0.036564827 0.8959152
vn 0.8241839 -0.013293266 0.5661662
vn 0.44271782 0.036564827 0.8959152
vn 0.44706434 -0.015021384 0.89437556
vn 0.8225433 -0.010264754 0.5686097
vn 0.44271782 0.036564827 0.8959152
vn 0.8225433 -0.010264754 0.5686097
vn 0.8241839 -0.013293266 0.5661662
vn 0.44706434 -0.015021384 0.89437556
vn 0.45293495 -0.06380057 0.88925785
vn 0.8133012 -0.06123191 0.578612
vn 0.44706434 -0.015021384 0.89437556
vn 0.8133012 -0.06123191 0.578612
vn 0.8225433 -0.010264754 0.5686097
vn 0.45293495 -0.06380057 0.88925785
vn 0.477955 -0.14828932 0.8657767
vn 0.80930716 -0.13672 0.5712526
vn 0.45293495 -0.06380057 0.88925785
vn 0.80930716 -0.13672 0.5712526
vn 0.8133012 -0.06123191 0.578612
vn 0.477955 -0.14828932 0.8657767
vn 0.52237344 -0.78777945 0.32638842
vn 0.7810876 -0.30361363 0.5456381
vn 0.477955 -0.14828932 0.8657767
vn 0.7810876 -0.30361363 0.5456381
vn 0.80930716 -0.13672 0.5712526
vn 0.52237344 -0.78777945 0.32638842
vn 0.4866075 -0.870236 0.07682675
vn 0.7810876 -0.30361363 0.5456381
vn 0.7810876 -0.30361363 0.5456381
vn 0.88137466 -0.4668243 0.072482765
vn 0.80930716 -0.13672 0.5712526
vn 0.7810876 -0.30361363 0.5456381
vn 0.4866075 -0.870236 0.07682675
vn 0.88137466 -0.4668243 0.072482765
vn 0.88137466 -0.4668243 0.072482765
vn 0.9663336 -0.25565007 0.029024214
vn 0.80930716 -0.13672 0.5712526
vn 0.80930716 -0.13672 0.5712526
vn 0.98704106 -0.16045968 -0.0016353577
vn 0.8133012 -0.06123191 0.578612
vn 0.80930716 -0.13672 0.5712526
vn 0.9663336 -0.25565007 0.029024214
vn 0.98704106 -0.16045968 -0.0016353577
vn 0.98704106 -0.16045968 -0.0016353577
vn 0.9966885 -0.078524314 -0.02111924
vn 0.8133012 -0.06123191 0.578612
vn 0.8133012 -0.06123191 0.578612
vn 0.9966885 -0.078524314 -0.02111924
vn 0.8225433 -0.010264754 0.5686097
vn 0.8225433 -0.010264754 0.5686097
vn 0.99816024 -0.059334256 -0.012476224
vn 0.8241839 -0.013293266 0.5661662
vn 0.8225433 -0.010264754 0.5686097
vn 0.9966885 -0.078524314 -0.02111924
vn 0.99816024 -0.059334256 -0.012476224
vn 0.99816024 -0.059334256 -0.012476224
vn 0.4849367 -0.8186527 0.3076427
vn 0.8241839 -0.013293266 0.5661662
vn 0.8241839 -0.013293266 0.5661662
vn 0.4849367 -0.8186527 0.3076427
vn 0.43869695 -0.45815173 0.7730731
vn -0.966635 -0.2400265 0.08946559
vn 8.456661E-05 -0.99996674 0.008148611
vn -0.7888135 -0.5929805 0.1617015
vn 8.456661E-05 -0.99996674 0.008148611
vn 0.8013042 -0.39256614 0.4514459
vn 0.004000099 -0.9998981 0.013704658
vn 8.456661E-05 -0.99996674 0.008148611
vn 0.004000099 -0.9998981 0.013704658
vn -0.7888135 -0.5929805 0.1617015
vn 0.8013042 -0.39256614 0.4514459
vn 0.66568494 -0.5863428 0.4615903
vn 0.004000099 -0.9998981 0.013704658
vn 0.004000099 -0.9998981 0.013704658
vn 0.00082905544 -0.9999105 0.013354063
vn -0.7888135 -0.5929805 0.1617015
vn 0.004000099 -0.9998981 0.013704658
vn 0.66568494 -0.5863428 0.4615903
vn 0.00082905544 -0.9999105 0.013354063
vn 0.66568494 -0.5863428 0.4615903
vn 0.6123273 -0.52741814 0.58896977
vn 0.00082905544 -0.9999105 0.013354063
vn 0.6123273 -0.52741814 0.58896977
vn -0.18194617 -0.36610794 0.91261196
vn 0.00082905544 -0.9999105 0.013354063
vn 0.00082905544 -0.9999105 0.013354063
vn -0.7859428 -0.5372217 0.30608284
vn -0.7888135 -0.5929805 0.1617015
vn -0.7859428 -0.5372217 0.30608284
vn 0.00082905544 -0.9999105 0.013354063
vn -0.18194617 -0.36610794 0.91261196
vn 0.9344454 -0.21879497 0.2809636
vn 0.7500762 -0.58539003 0.30774027
vn 0.0029484814 -0.999985 0.0046156645
vn 0.0029484814 -0.999985 0.0046156645
vn 0.7500762 -0.58539003 0.30774027
vn 0.003531844 -0.9998924 0.0142326355
vn 0.003531844 -0.9998924 0.0142326355
vn -0.73480535 -0.593016 0.32923084
vn 0.0029484814 -0.999985 0.0046156645
vn 0.0029484814 -0.999985 0.0046156645
vn -0.73480535 -0.593016 0.32923084
vn -0.9241094 -0.23998594 0.29736948
vn 0.003531844 -0.9998924 0.0142326355
vn 0.7500762 -0.58539003 0.30774027
vn 0.003710388 -0.9999105 0.012855411
vn 0.003531844 -0.9998924 0.0142326355
vn 0.003710388 -0.9999105 0.012855411
vn -0.73480535 -0.593016 0.32923084
vn -0.73480535 -0.593016 0.32923084
vn 0.003710388 -0.9999105 0.012855411
vn -0.7007225 -0.5371789 0.4694963
vn -0.7007225 -0.5371789 0.4694963
vn 0.003710388 -0.9999105 0.012855411
vn 0.020755392 -0.36609805 0.9303448
vn 0.020755392 -0.36609805 0.9303448
vn 0.003710388 -0.9999105 0.012855411
vn 0.72569674 -0.5273887 0.44184303
vn 0.72569674 -0.5273887 0.44184303
vn 0.003710388 -0.9999105 0.012855411
vn 0.7500762 -0.58539003 0.30774027
vn 0.9960086 -0.050714474 0.07345022
vn 0.79868287 -0.58633786 0.1353277
vn 0.0056659644 -0.99996305 0.0064533353
vn 0.79868287 -0.58633786 0.1353277
vn 0.8044239 -0.52743566 0.27333778
vn 0.006419854 -0.9999105 0.011739373
vn 0.79868287 -0.58633786 0.1353277
vn 0.006419854 -0.9999105 0.011739373
vn 0.0056659644 -0.99996305 0.0064533353
vn 0.8044239 -0.52743566 0.27333778
vn 0.22264741 -0.3661093 0.9035442
vn 0.006419854 -0.9999105 0.011739373
vn 0.22264741 -0.3661093 0.9035442
vn -0.5816875 -0.5372448 0.6107436
vn 0.006419854 -0.9999105 0.011739373
vn 0.006419854 -0.9999105 0.011739373
vn -0.645958 -0.5939898 0.47949362
vn 0.0056659644 -0.99996305 0.0064533353
vn 0.006419854 -0.9999105 0.011739373
vn -0.5816875 -0.5372448 0.6107436
vn -0.645958 -0.5939898 0.47949362
vn -0.645958 -0.5939898 0.47949362
vn -0.84105456 -0.22064868 0.4939041
vn 0.0056659644 -0.99996305 0.0064533353
vn -0.40325853 -0.8714253 -0.27928543
vn -0.45902604 -0.8390055 -0.2921726
vn -0.4664775 -0.8523615 -0.23638654
vn -0.4664775 -0.8523615 -0.23638654
vn -0.45902604 -0.8390055 -0.2921726
vn -0.5499369 -0.79489005 -0.25635767
vn -0.4664775 -0.8523615 -0.23638654
vn -0.5499369 -0.79489005 -0.25635767
vn -0.99428797 -0.07435745 0.076566264
vn -0.99428797 -0.07435745 0.076566264
vn -0.5499369 -0.79489005 -0.25635767
vn -0.7001378 -0.70673454 0.10165304
vn -0.7001378 -0.70673454 0.10165304
vn -0.899099 -0.078988045 0.4305599
vn -0.99428797 -0.07435745 0.076566264
vn -0.99428797 -0.07435745 0.076566264
vn -0.899099 -0.078988045 0.4305599
vn -0.87559235 0.457035 0.15638703
vn -0.99428797 -0.07435745 0.076566264
vn -0.87559235 0.457035 0.15638703
vn -0.57111776 0.81925213 0.051481545
vn -0.899099 -0.078988045 0.4305599
vn -0.7001378 -0.70673454 0.10165304
vn -0.6124748 -0.5499819 0.5677981
vn -0.899099 -0.078988045 0.4305599
vn -0.6334368 0.53711015 0.5570192
vn -0.87559235 0.457035 0.15638703
vn -0.899099 -0.078988045 0.4305599
vn -0.6124748 -0.5499819 0.5677981
vn -0.6334368 0.53711015 0.5570192
vn -0.87559235 0.457035 0.15638703
vn -0.79524463 0.5967951 -0.10687202
vn -0.57111776 0.81925213 0.051481545
vn -0.57111776 0.81925213 0.051481545
vn -0.79524463 0.5967951 -0.10687202
vn -0.60004187 0.7962317 -0.07723248
vn -0.87559235 0.457035 0.15638703
vn -0.6334368 0.53711015 0.5570192
vn -0.42043042 0.8885781 0.18348616
vn -0.87559235 0.457035 0.15638703
vn -0.42043042 0.8885781 0.18348616
vn -0.79524463 0.5967951 -0.10687202
vn -0.6334368 0.53711015 0.5570192
vn -0.6124748 -0.5499819 0.5677981
vn -0.3829448 0.56080186 0.73406714
vn -0.6334368 0.53711015 0.5570192
vn -0.1331577 0.9608877 0.24282497
vn -0.42043042 0.8885781 0.18348616
vn -0.6334368 0.53711015 0.5570192
vn -0.3829448 0.56080186 0.73406714
vn -0.1331577 0.9608877 0.24282497
vn -0.79524463 0.5967951 -0.10687202
vn -0.7406855 0.6068884 -0.288221
vn -0.60004187 0.7962317 -0.07723248
vn -0.60004187 0.7962317 -0.07723248
vn -0.7406855 0.6068884 -0.288221
vn -0.56363916 0.80307925 -0.19332504
vn -0.79524463 0.5967951 -0.10687202
vn -0.42043042 0.8885781 0.18348616
vn -0.3876712 0.9213305 0.029345214
vn -0.79524463 0.5967951 -0.10687202
vn -0.3876712 0.9213305 0.029345214
vn -0.7406855 0.6068884 -0.288221
vn -0.42043042 0.8885781 0.18348616
vn -0.1331577 0.9608877 0.24282497
vn 0.21599172 0.97527957 -0.046662927
vn -0.42043042 0.8885781 0.18348616
vn 0.21599172 0.97527957 -0.046662927
vn -0.3876712 0.9213305 0.029345214
vn -0.3876712 0.9213305 0.029345214
vn -0.21798763 0.97451174 0.052991807
vn -0.7406855 0.6068884 -0.288221
vn -0.3876712 0.9213305 0.029345214
vn 0.21599172 0.97527957 -0.046662927
vn -0.21798763 0.97451174 0.052991807
vn -0.7406855 0.6068884 -0.288221
vn -0.726319 0.5466798 -0.41665548
vn -0.56363916 0.80307925 -0.19332504
vn -0.7406855 0.6068884 -0.288221
vn -0.21798763 0.97451174 0.052991807
vn -0.726319 0.5466798 -0.41665548
vn -0.56363916 0.80307925 -0.19332504
vn -0.726319 0.5466798 -0.41665548
vn -0.48309946 0.8449248 -0.2296021
vn -0.6124748 -0.5499819 0.5677981
vn -0.7001378 -0.70673454 0.10165304
vn -0.18641962 -0.98246706 0.00249362
vn -0.6124748 -0.5499819 0.5677981
vn -0.4151872 -0.6204502 0.66532797
vn -0.3829448 0.56080186 0.73406714
vn -0.6124748 -0.5499819 0.5677981
vn -0.18641962 -0.98246706 0.00249362
vn -0.4151872 -0.6204502 0.66532797
vn -0.1331577 0.9608877 0.24282497
vn 0.14612892 0.97956717 -0.1381827
vn 0.21599172 0.97527957 -0.046662927
vn -0.1331577 0.9608877 0.24282497
vn -0.3829448 0.56080186 0.73406714
vn -0.065420106 0.96949184 0.23623198
vn -0.1331577 0.9608877 0.24282497
vn -0.065420106 0.96949184 0.23623198
vn 0.14612892 0.97956717 -0.1381827
vn -0.3829448 0.56080186 0.73406714
vn -0.4151872 -0.6204502 0.66532797
vn -0.24666 0.5940837 0.76565236
vn -0.3829448 0.56080186 0.73406714
vn -0.24666 0.5940837 0.76565236
vn -0.065420106 0.96949184 0.23623198
vn -0.21798763 0.97451174 0.052991807
vn 0.21599172 0.97527957 -0.046662927
vn 0.33459285 0.9368215 0.10204363
vn 0.21599172 0.97527957 -0.046662927
vn 0.14612892 0.97956717 -0.1381827
vn 0.49527222 0.8374458 -0.2310623
vn 0.21599172 0.97527957 -0.046662927
vn 0.49527222 0.8374458 -0.2310623
vn 0.33459285 0.9368215 0.10204363
vn -0.21798763 0.97451174 0.052991807
vn -0.12733124 0.98468804 0.11906326
vn -0.726319 0.5466798 -0.41665548
vn -0.21798763 0.97451174 0.052991807
vn 0.33459285 0.9368215 0.10204363
vn -0.12733124 0.98468804 0.11906326
vn 0.33459285 0.9368215 0.10204363
vn 0.49527222 0.8374458 -0.2310623
vn 0.56687194 0.817998 0.097649574
vn 0.33459285 0.9368215 0.10204363
vn 0.56687194 0.817998 0.097649574
vn -0.12733124 0.98468804 0.11906326
vn -0.4151872 -0.6204502 0.66532797
vn -0.18641962 -0.98246706 0.00249362
vn -0.16899884 -0.9856157 0.0010001659
vn -0.4151872 -0.6204502 0.66532797
vn -0.2894899 -0.6211919 0.7282282
vn -0.24666 0.5940837 0.76565236
vn -0.4151872 -0.6204502 0.66532797
vn -0.16899884 -0.9856157 0.0010001659
vn -0.2894899 -0.6211919 0.7282282
vn -0.065420106 0.96949184 0.23623198
vn -0.24666 0.5940837 0.76565236
vn -0.018847188 0.9756692 0.21843618
vn -0.24666 0.5940837 0.76565236
vn -0.2894899 -0.6211919 0.7282282
vn -0.14413424 0.6084037 0.78042954
vn -0.24666 0.5940837 0.76565236
vn -0.14413424 0.6084037 0.78042954
vn -0.018847188 0.9756692 0.21843618
vn -0.065420106 0.96949184 0.23623198
vn 0.09943925 0.9614912 -0.2562155
vn 0.14612892 0.97956717 -0.1381827
vn -0.065420106 0.96949184 0.23623198
vn -0.018847188 0.9756692 0.21843618
vn 0.09943925 0.9614912 -0.2562155
vn 0.14612892 0.97956717 -0.1381827
vn 0.27160826 0.8753069 -0.4000833
vn 0.49527222 0.8374458 -0.2310623
vn 0.14612892 0.97956717 -0.1381827
vn 0.09943925 0.9614912 -0.2562155
vn 0.27160826 0.8753069 -0.4000833
vn -0.726319 0.5466798 -0.41665548
vn -0.5961578 0.63797593 -0.48742408
vn -0.48309946 0.8449248 -0.2296021
vn -0.48309946 0.8449248 -0.2296021
vn -0.5961578 0.63797593 -0.48742408
vn -0.3326038 0.9222798 -0.1969133
vn -0.726319 0.5466798 -0.41665548
vn -0.12733124 0.98468804 0.11906326
vn 0.03784459 0.92924887 0.36751103
vn -0.726319 0.5466798 -0.41665548
vn 0.03784459 0.92924887 0.36751103
vn -0.5961578 0.63797593 -0.48742408
vn -0.12733124 0.98468804 0.11906326
vn 0.56687194 0.817998 0.097649574
vn 0.58115387 0.6820234 0.44396436
vn -0.12733124 0.98468804 0.11906326
vn 0.58115387 0.6820234 0.44396436
vn 0.03784459 0.92924887 0.36751103
vn -0.18641962 -0.98246706 0.00249362
vn -0.7001378 -0.70673454 0.10165304
vn -0.16669379 -0.97344506 -0.15690064
vn -0.7001378 -0.70673454 0.10165304
vn -0.5499369 -0.79489005 -0.25635767
vn -0.16669379 -0.97344506 -0.15690064
vn -0.5499369 -0.79489005 -0.25635767
vn -0.45902604 -0.8390055 -0.2921726
vn -0.16669379 -0.97344506 -0.15690064
vn -0.16669379 -0.97344506 -0.15690064
vn -0.16938344 -0.96992445 -0.17480284
vn -0.18641962 -0.98246706 0.00249362
vn -0.18641962 -0.98246706 0.00249362
vn -0.16938344 -0.96992445 -0.17480284
vn -0.16899884 -0.9856157 0.0010001659
vn -0.16669379 -0.97344506 -0.15690064
vn -0.45902604 -0.8390055 -0.2921726
vn -0.16938344 -0.96992445 -0.17480284
vn -0.018847188 0.9756692 0.21843618
vn -0.14413424 0.6084037 0.78042954
vn -0.014063773 0.9786377 0.20511049
vn -0.018847188 0.9756692 0.21843618
vn 0.037614513 0.95657384 -0.2890529
vn 0.09943925 0.9614912 -0.2562155
vn -0.018847188 0.9756692 0.21843618
vn -0.014063773 0.9786377 0.20511049
vn 0.037614513 0.95657384 -0.2890529
vn 0.09943925 0.9614912 -0.2562155
vn 0.15874194 0.8672217 -0.47193998
vn 0.27160826 0.8753069 -0.4000833
vn 0.09943925 0.9614912 -0.2562155
vn 0.037614513 0.95657384 -0.2890529
vn 0.15874194 0.8672217 -0.47193998
vn 0.49527222 0.8374458 -0.2310623
vn 0.28438127 0.95796543 0.037805915
vn 0.56687194 0.817998 0.097649574
vn 0.56687194 0.817998 0.097649574
vn 0.31257653 0.9287519 0.19928813
vn 0.58115387 0.6820234 0.44396436
vn 0.56687194 0.817998 0.097649574
vn 0.28438127 0.95796543 0.037805915
vn 0.31257653 0.9287519 0.19928813
vn 0.49527222 0.8374458 -0.2310623
vn 0.27160826 0.8753069 -0.4000833
vn 0.15842529 0.9855182 -0.060458362
vn 0.49527222 0.8374458 -0.2310623
vn 0.15842529 0.9855182 -0.060458362
vn 0.28438127 0.95796543 0.037805915
vn 0.28438127 0.95796543 0.037805915
vn 0.16307646 0.96655434 0.19793618
vn 0.31257653 0.9287519 0.19928813
vn 0.28438127 0.95796543 0.037805915
vn 0.15842529 0.9855182 -0.060458362
vn 0.16307646 0.96655434 0.19793618
vn 0.31257653 0.9287519 0.19928813
vn 0.30430058 0.8687974 0.3906306
vn 0.58115387 0.6820234 0.44396436
vn 0.31257653 0.9287519 0.19928813
vn 0.16307646 0.96655434 0.19793618
vn 0.30430058 0.8687974 0.3906306
vn 0.58115387 0.6820234 0.44396436
vn 0.51218146 0.488886 0.706159
vn 0.03784459 0.92924887 0.36751103
vn 0.58115387 0.6820234 0.44396436
vn 0.30430058 0.8687974 0.3906306
vn 0.51218146 0.488886 0.706159
vn 0.03784459 0.92924887 0.36751103
vn 0.033703163 0.9055876 0.42281798
vn -0.5961578 0.63797593 -0.48742408
vn 0.03784459 0.92924887 0.36751103
vn 0.51218146 0.488886 0.706159
vn 0.033703163 0.9055876 0.42281798
vn -0.5961578 0.63797593 -0.48742408
vn -0.42861748 0.74735564 -0.50768733
vn -0.3326038 0.9222798 -0.1969133
vn -0.5961578 0.63797593 -0.48742408
vn 0.033703163 0.9055876 0.42281798
vn -0.42861748 0.74735564 -0.50768733
vn -0.3326038 0.9222798 -0.1969133
vn -0.42861748 0.74735564 -0.50768733
vn -0.23423173 0.94130194 -0.24307644
vn 0.27160826 0.8753069 -0.4000833
vn 0.15874194 0.8672217 -0.47193998
vn 0.09420782 0.9929493 -0.07194793
vn 0.27160826 0.8753069 -0.4000833
vn 0.09420782 0.9929493 -0.07194793
vn 0.15842529 0.9855182 -0.060458362
vn 0.15842529 0.9855182 -0.060458362
vn 0.08371573 0.98062867 0.17708504
vn 0.16307646 0.96655434 0.19793618
vn 0.15842529 0.9855182 -0.060458362
vn 0.09420782 0.9929493 -0.07194793
vn 0.08371573 0.98062867 0.17708504
vn 0.16307646 0.96655434 0.19793618
vn 0.18783295 0.88726187 0.42128977
vn 0.30430058 0.8687974 0.3906306
vn 0.16307646 0.96655434 0.19793618
vn 0.08371573 0.98062867 0.17708504
vn 0.18783295 0.88726187 0.42128977
vn 0.30430058 0.8687974 0.3906306
vn 0.32617143 0.7657978 0.5542256
vn 0.51218146 0.488886 0.706159
vn 0.30430058 0.8687974 0.3906306
vn 0.18783295 0.88726187 0.42128977
vn 0.32617143 0.7657978 0.5542256
vn 0.32617143 0.7657978 0.5542256
vn 0.23748596 0.7388188 0.63067204
vn 0.51218146 0.488886 0.706159
vn 0.32617143 0.7657978 0.5542256
vn 0.18783295 0.88726187 0.42128977
vn 0.23748596 0.7388188 0.63067204
vn 0.18783295 0.88726187 0.42128977
vn 0.08371573 0.98062867 0.17708504
vn 0.1144761 0.8920299 0.437239
vn 0.18783295 0.88726187 0.42128977
vn 0.1144761 0.8920299 0.437239
vn 0.23748596 0.7388188 0.63067204
vn 0.51218146 0.488886 0.706159
vn 0.37241307 0.42717582 0.82391083
vn 0.033703163 0.9055876 0.42281798
vn 0.51218146 0.488886 0.706159
vn 0.23748596 0.7388188 0.63067204
vn 0.37241307 0.42717582 0.82391083
vn 0.23748596 0.7388188 0.63067204
vn 0.1144761 0.8920299 0.437239
vn 0.15331678 0.7455574 0.6485661
vn 0.23748596 0.7388188 0.63067204
vn 0.15331678 0.7455574 0.6485661
vn 0.37241307 0.42717582 0.82391083
vn 0.033703163 0.9055876 0.42281798
vn 0.05399928 0.8645447 0.4996464
vn -0.42861748 0.74735564 -0.50768733
vn 0.033703163 0.9055876 0.42281798
vn 0.37241307 0.42717582 0.82391083
vn 0.05399928 0.8645447 0.4996464
vn 0.37241307 0.42717582 0.82391083
vn 0.15331678 0.7455574 0.6485661
vn 0.2555593 0.4002847 0.8800349
vn 0.37241307 0.42717582 0.82391083
vn 0.2555593 0.4002847 0.8800349
vn 0.05399928 0.8645447 0.4996464
vn -0.42861748 0.74735564 -0.50768733
vn -0.28897384 0.80437005 -0.5191174
vn -0.23423173 0.94130194 -0.24307644
vn -0.42861748 0.74735564 -0.50768733
vn 0.05399928 0.8645447 0.4996464
vn -0.28897384 0.80437005 -0.5191174
vn 0.05399928 0.8645447 0.4996464
vn 0.2555593 0.4002847 0.8800349
vn 0.055895824 0.7156996 0.6961677
vn 0.05399928 0.8645447 0.4996464
vn 0.055895824 0.7156996 0.6961677
vn -0.28897384 0.80437005 -0.5191174
vn -0.23423173 0.94130194 -0.24307644
vn -0.28897384 0.80437005 -0.5191174
vn -0.13279757 0.9501093 -0.2822358
vn -0.28897384 0.80437005 -0.5191174
vn 0.055895824 0.7156996 0.6961677
vn -0.15674363 0.8589473 -0.48748416
vn -0.28897384 0.80437005 -0.5191174
vn -0.15674363 0.8589473 -0.48748416
vn -0.13279757 0.9501093 -0.2822358
vn -0.13279757 0.9501093 -0.2822358
vn -0.15674363 0.8589473 -0.48748416
vn 3.6945855E-10 0.9543606 -0.29865682
vn 0.09420782 0.9929493 -0.07194793
vn 0.15874194 0.8672217 -0.47193998
vn 0.056052417 0.88102484 -0.46973753
vn 0.15874194 0.8672217 -0.47193998
vn 0.037614513 0.95657384 -0.2890529
vn 0.056052417 0.88102484 -0.46973753
vn 0.09420782 0.9929493 -0.07194793
vn 0.044067513 0.9974053 -0.05692756
vn 0.08371573 0.98062867 0.17708504
vn 0.09420782 0.9929493 -0.07194793
vn 0.056052417 0.88102484 -0.46973753
vn 0.044067513 0.9974053 -0.05692756
vn 0.08371573 0.98062867 0.17708504
vn 0.03600967 0.9824673 0.18292433
vn 0.1144761 0.8920299 0.437239
vn 0.08371573 0.98062867 0.17708504
vn 0.044067513 0.9974053 -0.05692756
vn 0.03600967 0.9824673 0.18292433
vn 0.1144761 0.8920299 0.437239
vn 0.052528244 0.8937697 0.44543955
vn 0.15331678 0.7455574 0.6485661
vn 0.1144761 0.8920299 0.437239
vn 0.03600967 0.9824673 0.18292433
vn 0.052528244 0.8937697 0.44543955
vn 0.15331678 0.7455574 0.6485661
vn 0.08785544 0.7530693 0.65204895
vn 0.2555593 0.4002847 0.8800349
vn 0.15331678 0.7455574 0.6485661
vn 0.052528244 0.8937697 0.44543955
vn 0.08785544 0.7530693 0.65204895
vn 0.2555593 0.4002847 0.8800349
vn 0.14608149 0.31900197 0.9364282
vn 0.055895824 0.7156996 0.6961677
vn 0.2555593 0.4002847 0.8800349
vn 0.08785544 0.7530693 0.65204895
vn 0.14608149 0.31900197 0.9364282
vn 0.055895824 0.7156996 0.6961677
vn -2.506563E-09 0.7151554 0.6989655
vn -0.15674363 0.8589473 -0.48748416
vn 0.055895824 0.7156996 0.6961677
vn 0.14608149 0.31900197 0.9364282
vn -2.506563E-09 0.7151554 0.6989655
vn -0.15674363 0.8589473 -0.48748416
vn -1.3877202E-09 0.87875783 -0.47726774
vn 3.6945855E-10 0.9543606 -0.29865682
vn -0.15674363 0.8589473 -0.48748416
vn -2.506563E-09 0.7151554 0.6989655
vn -1.3877202E-09 0.87875783 -0.47726774
vn -1.3877202E-09 0.87875783 -0.47726774
vn 0.15674363 0.85894734 -0.4874841
vn 3.6945855E-10 0.9543606 -0.29865682
vn -1.3877202E-09 0.87875783 -0.47726774
vn -2.506563E-09 0.7151554 0.6989655
vn 0.15674363 0.85894734 -0.4874841
vn 3.6945855E-10 0.9543606 -0.29865682
vn 0.15674363 0.85894734 -0.4874841
vn 0.13279757 0.9501093 -0.2822358
vn 0.056052417 0.88102484 -0.46973753
vn 0.037614513 0.95657384 -0.2890529
vn -3.2859915E-10 0.9463304 -0.32320064
vn 0.037614513 0.95657384 -0.2890529
vn -0.014063773 0.9786377 0.20511049
vn -3.2859915E-10 0.9463304 -0.32320064
vn 0.056052417 0.88102484 -0.46973753
vn -5.927241E-09 0.8869697 -0.46182752
vn 0.044067513 0.9974053 -0.05692756
vn 0.056052417 0.88102484 -0.46973753
vn -3.2859915E-10 0.9463304 -0.32320064
vn -5.927241E-09 0.8869697 -0.46182752
vn 0.044067513 0.9974053 -0.05692756
vn -5.089245E-09 0.9985727 -0.053408086
vn 0.03600967 0.9824673 0.18292433
vn 0.044067513 0.9974053 -0.05692756
vn -5.927241E-09 0.8869697 -0.46182752
vn -5.089245E-09 0.9985727 -0.053408086
vn 0.03600967 0.9824673 0.18292433
vn 5.974145E-10 0.9822312 0.18767452
vn 0.052528244 0.8937697 0.44543955
vn 0.03600967 0.9824673 0.18292433
vn -5.089245E-09 0.9985727 -0.053408086
vn 5.974145E-10 0.9822312 0.18767452
vn 0.052528244 0.8937697 0.44543955
vn 0 0.89444757 0.44717255
vn 0.08785544 0.7530693 0.65204895
vn 0.052528244 0.8937697 0.44543955
vn 5.974145E-10 0.9822312 0.18767452
vn 0 0.89444757 0.44717255
vn 0.08785544 0.7530693 0.65204895
vn 0 0.75019693 0.6612145
vn 0.14608149 0.31900197 0.9364282
vn 0.08785544 0.7530693 0.65204895
vn 0 0.89444757 0.44717255
vn 0 0.75019693 0.6612145
vn 0.14608149 0.31900197 0.9364282
vn -3.2310203E-09 0.33930504 0.94067645
vn -2.506563E-09 0.7151554 0.6989655
vn 0.14608149 0.31900197 0.9364282
vn 0 0.75019693 0.6612145
vn -3.2310203E-09 0.33930504 0.94067645
vn -3.2310203E-09 0.33930504 0.94067645
vn -0.14608149 0.31900197 0.9364282
vn -2.506563E-09 0.7151554 0.6989655
vn -3.2310203E-09 0.33930504 0.94067645
vn 0 0.75019693 0.6612145
vn -0.14608149 0.31900197 0.9364282
vn 0 0.75019693 0.6612145
vn 0 0.89444757 0.44717255
vn -0.08785545 0.75306934 0.65204895
vn 0 0.75019693 0.6612145
vn -0.08785545 0.75306934 0.65204895
vn -0.14608149 0.31900197 0.9364282
vn 0 0.89444757 0.44717255
vn 5.974145E-10 0.9822312 0.18767452
vn -0.05252824 0.8937697 0.44543955
vn 0 0.89444757 0.44717255
vn -0.05252824 0.8937697 0.44543955
vn -0.08785545 0.75306934 0.65204895
vn 5.974145E-10 0.9822312 0.18767452
vn -5.089245E-09 0.9985727 -0.053408086
vn -0.036009863 0.98246723 0.18292427
vn 5.974145E-10 0.9822312 0.18767452
vn -0.036009863 0.98246723 0.18292427
vn -0.05252824 0.8937697 0.44543955
vn -5.089245E-09 0.9985727 -0.053408086
vn -5.927241E-09 0.8869697 -0.46182752
vn -0.04406776 0.99740523 -0.056927502
vn -5.089245E-09 0.9985727 -0.053408086
vn -0.04406776 0.99740523 -0.056927502
vn -0.036009863 0.98246723 0.18292427
vn -5.927241E-09 0.8869697 -0.46182752
vn -3.2859915E-10 0.9463304 -0.32320064
vn -0.056052804 0.88102484 -0.46973753
vn -5.927241E-09 0.8869697 -0.46182752
vn -0.056052804 0.88102484 -0.46973753
vn -0.04406776 0.99740523 -0.056927502
vn -2.506563E-09 0.7151554 0.6989655
vn -0.05589583 0.7156997 0.6961677
vn 0.15674363 0.85894734 -0.4874841
vn -2.506563E-09 0.7151554 0.6989655
vn -0.14608149 0.31900197 0.9364282
vn -0.05589583 0.7156997 0.6961677
vn -0.14608149 0.31900197 0.9364282
vn -0.08785545 0.75306934 0.65204895
vn -0.2555593 0.40028465 0.8800349
vn -0.14608149 0.31900197 0.9364282
vn -0.2555593 0.40028465 0.8800349
vn -0.05589583 0.7156997 0.6961677
vn -0.08785545 0.75306934 0.65204895
vn -0.05252824 0.8937697 0.44543955
vn -0.1533168 0.74555737 0.6485661
vn -0.08785545 0.75306934 0.65204895
vn -0.1533168 0.74555737 0.6485661
vn -0.2555593 0.40028465 0.8800349
vn -0.05252824 0.8937697 0.44543955
vn -0.036009863 0.98246723 0.18292427
vn -0.11447614 0.89202994 0.43723893
vn -0.05252824 0.8937697 0.44543955
vn -0.11447614 0.89202994 0.43723893
vn -0.1533168 0.74555737 0.6485661
vn -0.036009863 0.98246723 0.18292427
vn -0.04406776 0.99740523 -0.056927502
vn -0.083715826 0.98062867 0.1770848
vn -0.036009863 0.98246723 0.18292427
vn -0.083715826 0.98062867 0.1770848
vn -0.11447614 0.89202994 0.43723893
vn -0.04406776 0.99740523 -0.056927502
vn -0.056052804 0.88102484 -0.46973753
vn -0.094208196 0.9929493 -0.07194823
vn -0.04406776 0.99740523 -0.056927502
vn -0.094208196 0.9929493 -0.07194823
vn -0.083715826 0.98062867 0.1770848
vn 0.15674363 0.85894734 -0.4874841
vn 0.28897387 0.80437 -0.5191175
vn 0.13279757 0.9501093 -0.2822358
vn 0.15674363 0.85894734 -0.4874841
vn -0.05589583 0.7156997 0.6961677
vn 0.28897387 0.80437 -0.5191175
vn -0.05589583 0.7156997 0.6961677
vn -0.2555593 0.40028465 0.8800349
vn -0.053999253 0.8645447 0.4996464
vn -0.05589583 0.7156997 0.6961677
vn -0.053999253 0.8645447 0.4996464
vn 0.28897387 0.80437 -0.5191175
vn -0.2555593 0.40028465 0.8800349
vn -0.1533168 0.74555737 0.6485661
vn -0.37241307 0.42717582 0.82391083
vn -0.2555593 0.40028465 0.8800349
vn -0.37241307 0.42717582 0.82391083
vn -0.053999253 0.8645447 0.4996464
vn -0.1533168 0.74555737 0.6485661
vn -0.11447614 0.89202994 0.43723893
vn -0.23748595 0.7388187 0.6306721
vn -0.1533168 0.74555737 0.6485661
vn -0.23748595 0.7388187 0.6306721
vn -0.37241307 0.42717582 0.82391083
vn -0.11447614 0.89202994 0.43723893
vn -0.083715826 0.98062867 0.1770848
vn -0.18783286 0.8872618 0.4212898
vn -0.11447614 0.89202994 0.43723893
vn -0.18783286 0.8872618 0.4212898
vn -0.23748595 0.7388187 0.6306721
vn 0.13279757 0.9501093 -0.2822358
vn 0.28897387 0.80437 -0.5191175
vn 0.23423176 0.9413019 -0.24307644
vn 0.28897387 0.80437 -0.5191175
vn -0.053999253 0.8645447 0.4996464
vn 0.42861748 0.7473558 -0.50768733
vn 0.28897387 0.80437 -0.5191175
vn 0.42861748 0.7473558 -0.50768733
vn 0.23423176 0.9413019 -0.24307644
vn 0.23423176 0.9413019 -0.24307644
vn 0.42861748 0.7473558 -0.50768733
vn 0.33260375 0.9222798 -0.19691318
vn -0.053999253 0.8645447 0.4996464
vn -0.37241307 0.42717582 0.82391083
vn -0.033703126 0.9055877 0.42281798
vn -0.053999253 0.8645447 0.4996464
vn -0.033703126 0.9055877 0.42281798
vn 0.42861748 0.7473558 -0.50768733
vn 0.42861748 0.7473558 -0.50768733
vn 0.5961578 0.63797593 -0.4874242
vn 0.33260375 0.9222798 -0.19691318
vn 0.42861748 0.7473558 -0.50768733
vn -0.033703126 0.9055877 0.42281798
vn 0.5961578 0.63797593 -0.4874242
vn 0.33260375 0.9222798 -0.19691318
vn 0.5961578 0.63797593 -0.4874242
vn 0.48309946 0.8449248 -0.2296021
vn -0.37241307 0.42717582 0.82391083
vn -0.23748595 0.7388187 0.6306721
vn -0.51218146 0.488886 0.706159
vn -0.37241307 0.42717582 0.82391083
vn -0.51218146 0.488886 0.706159
vn -0.033703126 0.9055877 0.42281798
vn -0.033703126 0.9055877 0.42281798
vn -0.0378446 0.9292488 0.36751103
vn 0.5961578 0.63797593 -0.4874242
vn -0.033703126 0.9055877 0.42281798
vn -0.51218146 0.488886 0.706159
vn -0.0378446 0.9292488 0.36751103
vn 0.5961578 0.63797593 -0.4874242
vn 0.726319 0.5466798 -0.41665566
vn 0.48309946 0.8449248 -0.2296021
vn 0.5961578 0.63797593 -0.4874242
vn -0.0378446 0.9292488 0.36751103
vn 0.726319 0.5466798 -0.41665566
vn 0.48309946 0.8449248 -0.2296021
vn 0.726319 0.5466798 -0.41665566
vn 0.56363916 0.80307925 -0.19332504
vn -0.23748595 0.7388187 0.6306721
vn -0.18783286 0.8872618 0.4212898
vn -0.32617143 0.7657978 0.5542256
vn -0.23748595 0.7388187 0.6306721
vn -0.32617143 0.7657978 0.5542256
vn -0.51218146 0.488886 0.706159
vn -0.32617143 0.7657978 0.5542256
vn -0.18783286 0.8872618 0.4212898
vn -0.30430058 0.8687974 0.3906306
vn -0.32617143 0.7657978 0.5542256
vn -0.30430058 0.8687974 0.3906306
vn -0.51218146 0.488886 0.706159
vn -0.51218146 0.488886 0.706159
vn -0.58115387 0.6820234 0.44396442
vn -0.0378446 0.9292488 0.36751103
vn -0.51218146 0.488886 0.706159
vn -0.30430058 0.8687974 0.3906306
vn -0.58115387 0.6820234 0.44396442
vn -0.0378446 0.9292488 0.36751103
vn 0.12733082 0.98468816 0.11906296
vn 0.726319 0.5466798 -0.41665566
vn -0.0378446 0.9292488 0.36751103
vn -0.58115387 0.6820234 0.44396442
vn 0.12733082 0.98468816 0.11906296
vn -0.18783286 0.8872618 0.4212898
vn -0.083715826 0.98062867 0.1770848
vn -0.16307619 0.9665543 0.19793594
vn -0.18783286 0.8872618 0.4212898
vn -0.16307619 0.9665543 0.19793594
vn -0.30430058 0.8687974 0.3906306
vn -0.30430058 0.8687974 0.3906306
vn -0.31257653 0.9287519 0.19928789
vn -0.58115387 0.6820234 0.44396442
vn -0.30430058 0.8687974 0.3906306
vn -0.16307619 0.9665543 0.19793594
vn -0.31257653 0.9287519 0.19928789
vn -0.58115387 0.6820234 0.44396442
vn -0.5668719 0.81799805 0.097649515
vn 0.12733082 0.98468816 0.11906296
vn -0.58115387 0.6820234 0.44396442
vn -0.31257653 0.9287519 0.19928789
vn -0.5668719 0.81799805 0.097649515
vn -0.31257653 0.9287519 0.19928789
vn -0.16307619 0.9665543 0.19793594
vn -0.28438127 0.9579655 0.037805796
vn -0.31257653 0.9287519 0.19928789
vn -0.28438127 0.9579655 0.037805796
vn -0.5668719 0.81799805 0.097649515
vn -0.16307619 0.9665543 0.19793594
vn -0.083715826 0.98062867 0.1770848
vn -0.15842526 0.9855183 -0.0604586
vn -0.083715826 0.98062867 0.1770848
vn -0.094208196 0.9929493 -0.07194823
vn -0.15842526 0.9855183 -0.0604586
vn -0.16307619 0.9665543 0.19793594
vn -0.15842526 0.9855183 -0.0604586
vn -0.28438127 0.9579655 0.037805796
vn -0.28438127 0.9579655 0.037805796
vn -0.49527204 0.837446 -0.23106235
vn -0.5668719 0.81799805 0.097649515
vn -0.28438127 0.9579655 0.037805796
vn -0.15842526 0.9855183 -0.0604586
vn -0.49527204 0.837446 -0.23106235
vn -0.15842526 0.9855183 -0.0604586
vn -0.094208196 0.9929493 -0.07194823
vn -0.27160817 0.87530684 -0.40008366
vn -0.15842526 0.9855183 -0.0604586
vn -0.27160817 0.87530684 -0.40008366
vn -0.49527204 0.837446 -0.23106235
vn -0.5668719 0.81799805 0.097649515
vn -0.33459276 0.9368215 0.10204381
vn 0.12733082 0.98468816 0.11906296
vn -0.5668719 0.81799805 0.097649515
vn -0.49527204 0.837446 -0.23106235
vn -0.33459276 0.9368215 0.10204381
vn 0.12733082 0.98468816 0.11906296
vn 0.2179882 0.9745118 0.05299169
vn 0.726319 0.5466798 -0.41665566
vn 0.12733082 0.98468816 0.11906296
vn -0.33459276 0.9368215 0.10204381
vn 0.2179882 0.9745118 0.05299169
vn -0.33459276 0.9368215 0.10204381
vn -0.49527204 0.837446 -0.23106235
vn -0.2159916 0.97527957 -0.046663404
vn -0.33459276 0.9368215 0.10204381
vn -0.2159916 0.97527957 -0.046663404
vn 0.2179882 0.9745118 0.05299169
vn -0.49527204 0.837446 -0.23106235
vn -0.27160817 0.87530684 -0.40008366
vn -0.14612885 0.97956717 -0.13818294
vn -0.49527204 0.837446 -0.23106235
vn -0.14612885 0.97956717 -0.13818294
vn -0.2159916 0.97527957 -0.046663404
vn 0.726319 0.5466798 -0.41665566
vn 0.7406856 0.6068881 -0.28822142
vn 0.56363916 0.80307925 -0.19332504
vn 0.726319 0.5466798 -0.41665566
vn 0.2179882 0.9745118 0.05299169
vn 0.7406856 0.6068881 -0.28822142
vn 0.2179882 0.9745118 0.05299169
vn -0.2159916 0.97527957 -0.046663404
vn 0.38767177 0.9213303 0.029345334
vn 0.2179882 0.9745118 0.05299169
vn 0.38767177 0.9213303 0.029345334
vn 0.7406856 0.6068881 -0.28822142
vn 0.56363916 0.80307925 -0.19332504
vn 0.7406856 0.6068881 -0.28822142
vn 0.6000413 0.7962321 -0.07723248
vn 0.7406856 0.6068881 -0.28822142
vn 0.38767177 0.9213303 0.029345334
vn 0.79524493 0.59679466 -0.10687268
vn 0.7406856 0.6068881 -0.28822142
vn 0.79524493 0.59679466 -0.10687268
vn 0.6000413 0.7962321 -0.07723248
vn 0.6000413 0.7962321 -0.07723248
vn 0.79524493 0.59679466 -0.10687268
vn 0.57111794 0.81925213 0.05148059
vn 0.38767177 0.9213303 0.029345334
vn -0.2159916 0.97527957 -0.046663404
vn 0.42043 0.88857853 0.18348539
vn 0.38767177 0.9213303 0.029345334
vn 0.42043 0.88857853 0.18348539
vn 0.79524493 0.59679466 -0.10687268
vn 0.79524493 0.59679466 -0.10687268
vn 0.87559175 0.45703638 0.15638664
vn 0.57111794 0.81925213 0.05148059
vn 0.79524493 0.59679466 -0.10687268
vn 0.42043 0.88857853 0.18348539
vn 0.87559175 0.45703638 0.15638664
vn 0.57111794 0.81925213 0.05148059
vn 0.87559175 0.45703638 0.15638664
vn 0.99428827 -0.07435425 0.07656561
vn -0.2159916 0.97527957 -0.046663404
vn -0.14612885 0.97956717 -0.13818294
vn 0.13315742 0.9608876 0.24282467
vn -0.2159916 0.97527957 -0.046663404
vn 0.13315742 0.9608876 0.24282467
vn 0.42043 0.88857853 0.18348539
vn 0.42043 0.88857853 0.18348539
vn 0.6334367 0.5371108 0.5570187
vn 0.87559175 0.45703638 0.15638664
vn 0.42043 0.88857853 0.18348539
vn 0.13315742 0.9608876 0.24282467
vn 0.6334367 0.5371108 0.5570187
vn 0.87559175 0.45703638 0.15638664
vn 0.8990992 -0.078986764 0.4305598
vn 0.99428827 -0.07435425 0.07656561
vn 0.87559175 0.45703638 0.15638664
vn 0.6334367 0.5371108 0.5570187
vn 0.8990992 -0.078986764 0.4305598
vn 0.99428827 -0.07435425 0.07656561
vn 0.8990992 -0.078986764 0.4305598
vn 0.70013833 -0.7067342 0.1016528
vn 0.8990992 -0.078986764 0.4305598
vn 0.6334367 0.5371108 0.5570187
vn 0.612475 -0.54998153 0.5677981
vn 0.8990992 -0.078986764 0.4305598
vn 0.612475 -0.54998153 0.5677981
vn 0.70013833 -0.7067342 0.1016528
vn 0.6334367 0.5371108 0.5570187
vn 0.13315742 0.9608876 0.24282467
vn 0.3829447 0.560803 0.7340664
vn 0.6334367 0.5371108 0.5570187
vn 0.3829447 0.560803 0.7340664
vn 0.612475 -0.54998153 0.5677981
vn 0.13315742 0.9608876 0.24282467
vn -0.14612885 0.97956717 -0.13818294
vn 0.065420285 0.9694919 0.23623204
vn 0.13315742 0.9608876 0.24282467
vn 0.065420285 0.9694919 0.23623204
vn 0.3829447 0.560803 0.7340664
vn -0.14612885 0.97956717 -0.13818294
vn -0.27160817 0.87530684 -0.40008366
vn -0.09943968 0.9614912 -0.25621527
vn -0.14612885 0.97956717 -0.13818294
vn -0.09943968 0.9614912 -0.25621527
vn 0.065420285 0.9694919 0.23623204
vn -0.27160817 0.87530684 -0.40008366
vn -0.094208196 0.9929493 -0.07194823
vn -0.1587425 0.8672217 -0.4719401
vn -0.27160817 0.87530684 -0.40008366
vn -0.1587425 0.8672217 -0.4719401
vn -0.09943968 0.9614912 -0.25621527
vn -0.094208196 0.9929493 -0.07194823
vn -0.056052804 0.88102484 -0.46973753
vn -0.1587425 0.8672217 -0.4719401
vn -0.1587425 0.8672217 -0.4719401
vn -0.037615035 0.95657384 -0.2890529
vn -0.09943968 0.9614912 -0.25621527
vn -0.1587425 0.8672217 -0.4719401
vn -0.056052804 0.88102484 -0.46973753
vn -0.037615035 0.95657384 -0.2890529
vn -0.056052804 0.88102484 -0.46973753
vn -3.2859915E-10 0.9463304 -0.32320064
vn -0.037615035 0.95657384 -0.2890529
vn -0.09943968 0.9614912 -0.25621527
vn 0.018846804 0.9756692 0.21843618
vn 0.065420285 0.9694919 0.23623204
vn -0.09943968 0.9614912 -0.25621527
vn -0.037615035 0.95657384 -0.2890529
vn 0.018846804 0.9756692 0.21843618
vn -0.037615035 0.95657384 -0.2890529
vn -3.2859915E-10 0.9463304 -0.32320064
vn 0.014063255 0.97863775 0.20511043
vn -0.037615035 0.95657384 -0.2890529
vn 0.014063255 0.97863775 0.20511043
vn 0.018846804 0.9756692 0.21843618
vn 0.065420285 0.9694919 0.23623204
vn 0.24666017 0.59408355 0.7656522
vn 0.3829447 0.560803 0.7340664
vn 0.065420285 0.9694919 0.23623204
vn 0.018846804 0.9756692 0.21843618
vn 0.24666017 0.59408355 0.7656522
vn 0.018846804 0.9756692 0.21843618
vn 0.014063255 0.97863775 0.20511043
vn 0.14413421 0.6084036 0.78042954
vn 0.018846804 0.9756692 0.21843618
vn 0.14413421 0.6084036 0.78042954
vn 0.24666017 0.59408355 0.7656522
vn 0.3829447 0.560803 0.7340664
vn 0.41518795 -0.62044924 0.6653283
vn 0.612475 -0.54998153 0.5677981
vn 0.3829447 0.560803 0.7340664
vn 0.24666017 0.59408355 0.7656522
vn 0.41518795 -0.62044924 0.6653283
vn 0.24666017 0.59408355 0.7656522
vn 0.14413421 0.6084036 0.78042954
vn 0.2894899 -0.62119216 0.7282279
vn 0.24666017 0.59408355 0.7656522
vn 0.2894899 -0.62119216 0.7282279
vn 0.41518795 -0.62044924 0.6653283
vn 0.612475 -0.54998153 0.5677981
vn 0.18642005 -0.9824669 0.002493441
vn 0.70013833 -0.7067342 0.1016528
vn 0.612475 -0.54998153 0.5677981
vn 0.41518795 -0.62044924 0.6653283
vn 0.18642005 -0.9824669 0.002493441
vn 0.41518795 -0.62044924 0.6653283
vn 0.2894899 -0.62119216 0.7282279
vn 0.16899922 -0.9856157 0.0010001063
vn 0.41518795 -0.62044924 0.6653283
vn 0.16899922 -0.9856157 0.0010001063
vn 0.18642005 -0.9824669 0.002493441
vn 0.014063255 0.97863775 0.20511043
vn -3.2859915E-10 0.9463304 -0.32320064
vn -4.169818E-09 0.9837194 0.17971104
vn -3.2859915E-10 0.9463304 -0.32320064
vn -0.014063773 0.9786377 0.20511049
vn -4.169818E-09 0.9837194 0.17971104
vn 0.014063255 0.97863775 0.20511043
vn 0.08242909 0.6069587 0.790447
vn 0.14413421 0.6084036 0.78042954
vn 0.014063255 0.97863775 0.20511043
vn -4.169818E-09 0.9837194 0.17971104
vn 0.08242909 0.6069587 0.790447
vn 0.14413421 0.6084036 0.78042954
vn 0.19870833 -0.62456405 0.7552712
vn 0.2894899 -0.62119216 0.7282279
vn 0.14413421 0.6084036 0.78042954
vn 0.08242909 0.6069587 0.790447
vn 0.19870833 -0.62456405 0.7552712
vn 0.18642005 -0.9824669 0.002493441
vn 0.16669369 -0.97344494 -0.15690088
vn 0.70013833 -0.7067342 0.1016528
vn 0.18642005 -0.9824669 0.002493441
vn 0.16899922 -0.9856157 0.0010001063
vn 0.16938412 -0.96992415 -0.17480278
vn 0.18642005 -0.9824669 0.002493441
vn 0.16938412 -0.96992415 -0.17480278
vn 0.16669369 -0.97344494 -0.15690088
vn -4.169818E-09 0.9837194 0.17971104
vn -0.014063773 0.9786377 0.20511049
vn -0.08242931 0.6069586 0.79044694
vn -0.014063773 0.9786377 0.20511049
vn -0.14413424 0.6084037 0.78042954
vn -0.08242931 0.6069586 0.79044694
vn -4.169818E-09 0.9837194 0.17971104
vn 0 0.6277724 0.77839696
vn 0.08242909 0.6069587 0.790447
vn -4.169818E-09 0.9837194 0.17971104
vn -0.08242931 0.6069586 0.79044694
vn 0 0.6277724 0.77839696
vn 0 0.6277724 0.77839696
vn 1.968219E-09 -0.60428756 0.79676634
vn 0.08242909 0.6069587 0.790447
vn 0 0.6277724 0.77839696
vn -0.08242931 0.6069586 0.79044694
vn 1.968219E-09 -0.60428756 0.79676634
vn 0.08242909 0.6069587 0.790447
vn 0.11024496 -0.60485953 0.7886641
vn 0.19870833 -0.62456405 0.7552712
vn 0.08242909 0.6069587 0.790447
vn 1.968219E-09 -0.60428756 0.79676634
vn 0.11024496 -0.60485953 0.7886641
vn 0.2894899 -0.62119216 0.7282279
vn 0.106847264 -0.9942529 0.0066877604
vn 0.13597693 -0.9907114 -0.0011402965
vn 0.2894899 -0.62119216 0.7282279
vn 0.13597693 -0.9907114 -0.0011402965
vn 0.16899922 -0.9856157 0.0010001063
vn 0.2894899 -0.62119216 0.7282279
vn 0.19870833 -0.62456405 0.7552712
vn 0.106847264 -0.9942529 0.0066877604
vn 0.19870833 -0.62456405 0.7552712
vn 0.11024496 -0.60485953 0.7886641
vn 0.056136522 -0.9983281 0.0137735605
vn 0.19870833 -0.62456405 0.7552712
vn 0.056136522 -0.9983281 0.0137735605
vn 0.106847264 -0.9942529 0.0066877604
vn 0.11024496 -0.60485953 0.7886641
vn 1.968219E-09 -0.60428756 0.79676634
vn -1.9631012E-09 -0.9992359 0.0390836
vn 0.11024496 -0.60485953 0.7886641
vn -1.9631012E-09 -0.9992359 0.0390836
vn 0.056136522 -0.9983281 0.0137735605
vn 1.968219E-09 -0.60428756 0.79676634
vn -0.08242931 0.6069586 0.79044694
vn -0.11024469 -0.6048593 0.7886642
vn 1.968219E-09 -0.60428756 0.79676634
vn -0.11024469 -0.6048593 0.7886642
vn -1.9631012E-09 -0.9992359 0.0390836
vn -0.08242931 0.6069586 0.79044694
vn -0.14413424 0.6084037 0.78042954
vn -0.19870768 -0.6245643 0.75527126
vn -0.08242931 0.6069586 0.79044694
vn -0.19870768 -0.6245643 0.75527126
vn -0.11024469 -0.6048593 0.7886642
vn -0.11024469 -0.6048593 0.7886642
vn -0.05613599 -0.9983281 0.0137735605
vn -1.9631012E-09 -0.9992359 0.0390836
vn -0.11024469 -0.6048593 0.7886642
vn -0.19870768 -0.6245643 0.75527126
vn -0.05613599 -0.9983281 0.0137735605
vn -1.9631012E-09 -0.9992359 0.0390836
vn 1.4842041E-09 -0.9798522 -0.19972324
vn 0.056136522 -0.9983281 0.0137735605
vn -1.9631012E-09 -0.9992359 0.0390836
vn -0.05613599 -0.9983281 0.0137735605
vn 1.4842041E-09 -0.9798522 -0.19972324
vn 0.056136522 -0.9983281 0.0137735605
vn 0.05335552 -0.97595996 -0.21131784
vn 0.106847264 -0.9942529 0.0066877604
vn 0.056136522 -0.9983281 0.0137735605
vn 1.4842041E-09 -0.9798522 -0.19972324
vn 0.05335552 -0.97595996 -0.21131784
vn 0.106847264 -0.9942529 0.0066877604
vn 0.09896001 -0.9674558 -0.23288602
vn 0.13597693 -0.9907114 -0.0011402965
vn 0.106847264 -0.9942529 0.0066877604
vn 0.05335552 -0.97595996 -0.21131784
vn 0.09896001 -0.9674558 -0.23288602
vn 0.13597693 -0.9907114 -0.0011402965
vn 0.15005735 -0.96496725 -0.21522278
vn 0.16899922 -0.9856157 0.0010001063
vn 0.16899922 -0.9856157 0.0010001063
vn 0.15005735 -0.96496725 -0.21522278
vn 0.16938412 -0.96992415 -0.17480278
vn 0.13597693 -0.9907114 -0.0011402965
vn 0.09896001 -0.9674558 -0.23288602
vn 0.15005735 -0.96496725 -0.21522278
vn -0.14413424 0.6084037 0.78042954
vn -0.2894899 -0.6211919 0.7282282
vn -0.19870768 -0.6245643 0.75527126
vn -0.19870768 -0.6245643 0.75527126
vn -0.106846645 -0.994253 0.006687641
vn -0.05613599 -0.9983281 0.0137735605
vn -0.19870768 -0.6245643 0.75527126
vn -0.2894899 -0.6211919 0.7282282
vn -0.106846645 -0.994253 0.006687641
vn -0.05613599 -0.9983281 0.0137735605
vn -0.053355094 -0.97596 -0.2113179
vn 1.4842041E-09 -0.9798522 -0.19972324
vn -0.05613599 -0.9983281 0.0137735605
vn -0.106846645 -0.994253 0.006687641
vn -0.053355094 -0.97596 -0.2113179
vn 1.4842041E-09 -0.9798522 -0.19972324
vn 0 -0.9405048 -0.33978015
vn 0.05335552 -0.97595996 -0.21131784
vn 1.4842041E-09 -0.9798522 -0.19972324
vn -0.053355094 -0.97596 -0.2113179
vn 0 -0.9405048 -0.33978015
vn 0.05335552 -0.97595996 -0.21131784
vn 0.054025248 -0.9394069 -0.33852035
vn 0.09896001 -0.9674558 -0.23288602
vn 0.05335552 -0.97595996 -0.21131784
vn 0 -0.9405048 -0.33978015
vn 0.054025248 -0.9394069 -0.33852035
vn 0.16669369 -0.97344494 -0.15690088
vn 0.5499371 -0.79488957 -0.25635803
vn 0.70013833 -0.7067342 0.1016528
vn 0.5499371 -0.79488957 -0.25635803
vn 0.16669369 -0.97344494 -0.15690088
vn 0.45902538 -0.8390061 -0.29217207
vn 0.16669369 -0.97344494 -0.15690088
vn 0.16938412 -0.96992415 -0.17480278
vn 0.45902538 -0.8390061 -0.29217207
vn 0.16938412 -0.96992415 -0.17480278
vn 0.15005735 -0.96496725 -0.21522278
vn 0.41025135 -0.84166276 -0.35113734
vn 0.16938412 -0.96992415 -0.17480278
vn 0.41025135 -0.84166276 -0.35113734
vn 0.45902538 -0.8390061 -0.29217207
vn -0.106846645 -0.994253 0.006687641
vn -0.2894899 -0.6211919 0.7282282
vn -0.13597691 -0.9907114 -0.0011404157
vn -0.2894899 -0.6211919 0.7282282
vn -0.16899884 -0.9856157 0.0010001659
vn -0.13597691 -0.9907114 -0.0011404157
vn -0.106846645 -0.994253 0.006687641
vn -0.09895972 -0.9674559 -0.23288608
vn -0.053355094 -0.97596 -0.2113179
vn -0.106846645 -0.994253 0.006687641
vn -0.13597691 -0.9907114 -0.0011404157
vn -0.09895972 -0.9674559 -0.23288608
vn -0.13597691 -0.9907114 -0.0011404157
vn -0.16899884 -0.9856157 0.0010001659
vn -0.15005694 -0.9649673 -0.21522284
vn -0.13597691 -0.9907114 -0.0011404157
vn -0.15005694 -0.9649673 -0.21522284
vn -0.09895972 -0.9674559 -0.23288608
vn -0.16899884 -0.9856157 0.0010001659
vn -0.16938344 -0.96992445 -0.17480284
vn -0.15005694 -0.9649673 -0.21522284
vn -0.053355094 -0.97596 -0.2113179
vn -0.054024808 -0.9394069 -0.33852023
vn 0 -0.9405048 -0.33978015
vn -0.053355094 -0.97596 -0.2113179
vn -0.09895972 -0.9674559 -0.23288608
vn -0.054024808 -0.9394069 -0.33852023
vn 0 -0.9405048 -0.33978015
vn 3.855564E-09 -0.9057676 -0.42377463
vn 0.054025248 -0.9394069 -0.33852035
vn 0 -0.9405048 -0.33978015
vn -0.054024808 -0.9394069 -0.33852023
vn 3.855564E-09 -0.9057676 -0.42377463
vn 0.09896001 -0.9674558 -0.23288602
vn 0.093609236 -0.930131 -0.35509658
vn 0.14329201 -0.9381611 -0.31515253
vn 0.09896001 -0.9674558 -0.23288602
vn 0.14329201 -0.9381611 -0.31515253
vn 0.15005735 -0.96496725 -0.21522278
vn 0.09896001 -0.9674558 -0.23288602
vn 0.054025248 -0.9394069 -0.33852035
vn 0.093609236 -0.930131 -0.35509658
vn 0.054025248 -0.9394069 -0.33852035
vn 3.855564E-09 -0.9057676 -0.42377463
vn 0.036985666 -0.9103982 -0.41207644
vn 0.054025248 -0.9394069 -0.33852035
vn 0.036985666 -0.9103982 -0.41207644
vn 0.093609236 -0.930131 -0.35509658
vn 0.15005735 -0.96496725 -0.21522278
vn 0.15135977 -0.941934 -0.29975134
vn 0.41025135 -0.84166276 -0.35113734
vn 0.15005735 -0.96496725 -0.21522278
vn 0.14329201 -0.9381611 -0.31515253
vn 0.15135977 -0.941934 -0.29975134
vn -0.09895972 -0.9674559 -0.23288608
vn -0.15005694 -0.9649673 -0.21522284
vn -0.14329201 -0.938161 -0.3151524
vn -0.09895972 -0.9674559 -0.23288608
vn -0.093608774 -0.930131 -0.35509658
vn -0.054024808 -0.9394069 -0.33852023
vn -0.09895972 -0.9674559 -0.23288608
vn -0.14329201 -0.938161 -0.3151524
vn -0.093608774 -0.930131 -0.35509658
vn -0.054024808 -0.9394069 -0.33852023
vn -0.036985155 -0.91039824 -0.41207647
vn 3.855564E-09 -0.9057676 -0.42377463
vn -0.054024808 -0.9394069 -0.33852023
vn -0.093608774 -0.930131 -0.35509658
vn -0.036985155 -0.91039824 -0.41207647
vn 0.093609236 -0.930131 -0.35509658
vn 0.036985666 -0.9103982 -0.41207644
vn 0.07354275 -0.9155823 -0.39534843
vn 0.093609236 -0.930131 -0.35509658
vn 0.11014834 -0.917434 -0.38233775
vn 0.14329201 -0.9381611 -0.31515253
vn 0.093609236 -0.930131 -0.35509658
vn 0.07354275 -0.9155823 -0.39534843
vn 0.11014834 -0.917434 -0.38233775
vn 0.14329201 -0.9381611 -0.31515253
vn 0.27750236 -0.8447416 -0.4576068
vn 0.15135977 -0.941934 -0.29975134
vn 0.14329201 -0.9381611 -0.31515253
vn 0.11014834 -0.917434 -0.38233775
vn 0.27750236 -0.8447416 -0.4576068
vn 0.15135977 -0.941934 -0.29975134
vn 0.34665737 -0.8368702 -0.42364725
vn 0.41025135 -0.84166276 -0.35113734
vn 0.15135977 -0.941934 -0.29975134
vn 0.27750236 -0.8447416 -0.4576068
vn 0.34665737 -0.8368702 -0.42364725
vn -0.15005694 -0.9649673 -0.21522284
vn -0.16938344 -0.96992445 -0.17480284
vn -0.41025093 -0.841663 -0.35113734
vn -0.16938344 -0.96992445 -0.17480284
vn -0.45902604 -0.8390055 -0.2921726
vn -0.41025093 -0.841663 -0.35113734
vn -0.45902604 -0.8390055 -0.2921726
vn -0.40325853 -0.8714253 -0.27928543
vn -0.41025093 -0.841663 -0.35113734
vn -0.40325853 -0.8714253 -0.27928543
vn -0.34470907 -0.8800067 -0.32674712
vn -0.41025093 -0.841663 -0.35113734
vn -0.15005694 -0.9649673 -0.21522284
vn -0.15135926 -0.941934 -0.29975128
vn -0.14329201 -0.938161 -0.3151524
vn -0.15005694 -0.9649673 -0.21522284
vn -0.41025093 -0.841663 -0.35113734
vn -0.15135926 -0.941934 -0.29975128
vn -0.41025093 -0.841663 -0.35113734
vn -0.34470907 -0.8800067 -0.32674712
vn -0.34665668 -0.83687025 -0.4236475
vn -0.41025093 -0.841663 -0.35113734
vn -0.34665668 -0.83687025 -0.4236475
vn -0.15135926 -0.941934 -0.29975128
vn -0.15135926 -0.941934 -0.29975128
vn -0.277502 -0.8447416 -0.45760706
vn -0.14329201 -0.938161 -0.3151524
vn -0.15135926 -0.941934 -0.29975128
vn -0.34665668 -0.83687025 -0.4236475
vn -0.277502 -0.8447416 -0.45760706
vn -0.34665668 -0.83687025 -0.4236475
vn -0.34470907 -0.8800067 -0.32674712
vn -0.25212288 -0.89770776 -0.36132354
vn -0.34665668 -0.83687025 -0.4236475
vn -0.25212288 -0.89770776 -0.36132354
vn -0.277502 -0.8447416 -0.45760706
vn -0.25212288 -0.89770776 -0.36132354
vn -0.18024069 -0.90790427 -0.37844813
vn -0.277502 -0.8447416 -0.45760706
vn -0.14329201 -0.938161 -0.3151524
vn -0.11014835 -0.917434 -0.38233775
vn -0.093608774 -0.930131 -0.35509658
vn -0.14329201 -0.938161 -0.3151524
vn -0.277502 -0.8447416 -0.45760706
vn -0.11014835 -0.917434 -0.38233775
vn -0.277502 -0.8447416 -0.45760706
vn -0.18024069 -0.90790427 -0.37844813
vn -0.22050916 -0.85463756 -0.4700747
vn -0.277502 -0.8447416 -0.45760706
vn -0.22050916 -0.85463756 -0.4700747
vn -0.11014835 -0.917434 -0.38233775
vn -0.18024069 -0.90790427 -0.37844813
vn -0.14237365 -0.9114213 -0.38605803
vn -0.22050916 -0.85463756 -0.4700747
vn -0.093608774 -0.930131 -0.35509658
vn -0.073542185 -0.9155824 -0.3953485
vn -0.036985155 -0.91039824 -0.41207647
vn -0.093608774 -0.930131 -0.35509658
vn -0.11014835 -0.917434 -0.38233775
vn -0.073542185 -0.9155824 -0.3953485
vn -0.11014835 -0.917434 -0.38233775
vn -0.22050916 -0.85463756 -0.4700747
vn -0.0795849 -0.9320499 -0.35348147
vn -0.11014835 -0.917434 -0.38233775
vn -0.0795849 -0.9320499 -0.35348147
vn -0.073542185 -0.9155824 -0.3953485
vn -0.0795849 -0.9320499 -0.35348147
vn -0.22050916 -0.85463756 -0.4700747
vn -0.16966008 -0.8444318 -0.50808483
vn -0.22050916 -0.85463756 -0.4700747
vn -0.14237365 -0.9114213 -0.38605803
vn -0.16966008 -0.8444318 -0.50808483
vn -0.0795849 -0.9320499 -0.35348147
vn -0.16966008 -0.8444318 -0.50808483
vn -0.073542185 -0.9155824 -0.3953485
vn -0.073542185 -0.9155824 -0.3953485
vn -0.10054154 -0.8182107 -0.56605893
vn -0.036985155 -0.91039824 -0.41207647
vn -0.073542185 -0.9155824 -0.3953485
vn -0.16966008 -0.8444318 -0.50808483
vn -0.10054154 -0.8182107 -0.56605893
vn -0.16966008 -0.8444318 -0.50808483
vn -0.14237365 -0.9114213 -0.38605803
vn -0.09832289 -0.89766115 -0.42957774
vn -0.16966008 -0.8444318 -0.50808483
vn -0.09832289 -0.89766115 -0.42957774
vn -0.10054154 -0.8182107 -0.56605893
vn -0.09832289 -0.89766115 -0.42957774
vn -0.05036321 -0.88679445 -0.4594118
vn -0.10054154 -0.8182107 -0.56605893
vn -0.10054154 -0.8182107 -0.56605893
vn -0.03960291 -0.8227837 -0.56697315
vn -0.036985155 -0.91039824 -0.41207647
vn -0.10054154 -0.8182107 -0.56605893
vn -0.05036321 -0.88679445 -0.4594118
vn -0.03960291 -0.8227837 -0.56697315
vn -0.05036321 -0.88679445 -0.4594118
vn -0.016787222 -0.876219 -0.48162043
vn -0.03960291 -0.8227837 -0.56697315
vn -0.036985155 -0.91039824 -0.41207647
vn -0.03960291 -0.8227837 -0.56697315
vn 3.855564E-09 -0.9057676 -0.42377463
vn -0.03960291 -0.8227837 -0.56697315
vn -0.016787222 -0.876219 -0.48162043
vn -8.9473473E-10 -0.8406718 -0.54154515
vn -0.03960291 -0.8227837 -0.56697315
vn -8.9473473E-10 -0.8406718 -0.54154515
vn 3.855564E-09 -0.9057676 -0.42377463
vn -0.016787222 -0.876219 -0.48162043
vn 1.1935319E-08 -0.8699944 -0.4930615
vn -8.9473473E-10 -0.8406718 -0.54154515
vn 1.1935319E-08 -0.8699944 -0.4930615
vn 0.016787687 -0.87621903 -0.48162025
vn -8.9473473E-10 -0.8406718 -0.54154515
vn -8.9473473E-10 -0.8406718 -0.54154515
vn 0.039603326 -0.82278377 -0.56697315
vn 3.855564E-09 -0.9057676 -0.42377463
vn -8.9473473E-10 -0.8406718 -0.54154515
vn 0.016787687 -0.87621903 -0.48162025
vn 0.039603326 -0.82278377 -0.56697315
vn 0.016787687 -0.87621903 -0.48162025
vn 0.05036365 -0.88679445 -0.45941165
vn 0.039603326 -0.82278377 -0.56697315
vn 3.855564E-09 -0.9057676 -0.42377463
vn 0.039603326 -0.82278377 -0.56697315
vn 0.036985666 -0.9103982 -0.41207644
vn 0.039603326 -0.82278377 -0.56697315
vn 0.05036365 -0.88679445 -0.45941165
vn 0.100541994 -0.8182106 -0.5660587
vn 0.039603326 -0.82278377 -0.56697315
vn 0.100541994 -0.8182106 -0.5660587
vn 0.036985666 -0.9103982 -0.41207644
vn 0.036985666 -0.9103982 -0.41207644
vn 0.100541994 -0.8182106 -0.5660587
vn 0.07354275 -0.9155823 -0.39534843
vn 0.05036365 -0.88679445 -0.45941165
vn 0.098322876 -0.8976613 -0.42957762
vn 0.100541994 -0.8182106 -0.5660587
vn 0.100541994 -0.8182106 -0.5660587
vn 0.16966002 -0.84443194 -0.5080847
vn 0.07354275 -0.9155823 -0.39534843
vn 0.100541994 -0.8182106 -0.5660587
vn 0.098322876 -0.8976613 -0.42957762
vn 0.16966002 -0.84443194 -0.5080847
vn 0.098322876 -0.8976613 -0.42957762
vn 0.142374 -0.9114213 -0.38605797
vn 0.16966002 -0.84443194 -0.5080847
vn 0.16966002 -0.84443194 -0.5080847
vn 0.07958485 -0.9320499 -0.35348147
vn 0.07354275 -0.9155823 -0.39534843
vn 0.07354275 -0.9155823 -0.39534843
vn 0.07958485 -0.9320499 -0.35348147
vn 0.11014834 -0.917434 -0.38233775
vn 0.07958485 -0.9320499 -0.35348147
vn 0.16966002 -0.84443194 -0.5080847
vn 0.22050913 -0.85463756 -0.4700747
vn 0.16966002 -0.84443194 -0.5080847
vn 0.142374 -0.9114213 -0.38605797
vn 0.22050913 -0.85463756 -0.4700747
vn 0.07958485 -0.9320499 -0.35348147
vn 0.22050913 -0.85463756 -0.4700747
vn 0.11014834 -0.917434 -0.38233775
vn 0.11014834 -0.917434 -0.38233775
vn 0.22050913 -0.85463756 -0.4700747
vn 0.27750236 -0.8447416 -0.4576068
vn 0.22050913 -0.85463756 -0.4700747
vn 0.142374 -0.9114213 -0.38605797
vn 0.18024224 -0.90790355 -0.37844908
vn 0.22050913 -0.85463756 -0.4700747
vn 0.18024224 -0.90790355 -0.37844908
vn 0.27750236 -0.8447416 -0.4576068
vn 0.18024224 -0.90790355 -0.37844908
vn 0.25212306 -0.89770794 -0.3613233
vn 0.27750236 -0.8447416 -0.4576068
vn 0.27750236 -0.8447416 -0.4576068
vn 0.25212306 -0.89770794 -0.3613233
vn 0.34665737 -0.8368702 -0.42364725
vn 0.25212306 -0.89770794 -0.3613233
vn 0.34470853 -0.8800071 -0.32674694
vn 0.34665737 -0.8368702 -0.42364725
vn 0.34665737 -0.8368702 -0.42364725
vn 0.34470853 -0.8800071 -0.32674694
vn 0.41025135 -0.84166276 -0.35113734
vn 0.34470853 -0.8800071 -0.32674694
vn 0.40325767 -0.87142587 -0.2792852
vn 0.41025135 -0.84166276 -0.35113734
vn 0.41025135 -0.84166276 -0.35113734
vn 0.40325767 -0.87142587 -0.2792852
vn 0.45902538 -0.8390061 -0.29217207
vn 0.45902538 -0.8390061 -0.29217207
vn 0.4664765 -0.8523621 -0.23638648
vn 0.5499371 -0.79488957 -0.25635803
vn 0.4664765 -0.8523621 -0.23638648
vn 0.45902538 -0.8390061 -0.29217207
vn 0.40325767 -0.87142587 -0.2792852
vn 0.4664765 -0.8523621 -0.23638648
vn 0.99428827 -0.07435425 0.07656561
vn 0.5499371 -0.79488957 -0.25635803
vn 0.5499371 -0.79488957 -0.25635803
vn 0.99428827 -0.07435425 0.07656561
vn 0.70013833 -0.7067342 0.1016528
vn 0.30925214 0.3292802 0.89215344
vn 0.3109561 0.16387093 0.9361905
vn 0.18007605 0.38000256 0.90728754
vn 0.3109561 0.16387093 0.9361905
vn 0.17690603 0.17541236 0.9684703
vn 0.18007605 0.38000256 0.90728754
vn 0.3109561 0.16387093 0.9361905
vn 0.26604274 0.24622923 0.9319831
vn 0.17690603 0.17541236 0.9684703
vn 0.17690603 0.17541236 0.9684703
vn -5.948041E-09 0.18476337 0.98278296
vn 0.18007605 0.38000256 0.90728754
vn 0.18007605 0.38000256 0.90728754
vn -5.948041E-09 0.18476337 0.98278296
vn 1.9365354E-08 0.42249727 0.90636414
vn 1.9365354E-08 0.42249727 0.90636414
vn -5.948041E-09 0.18476337 0.98278296
vn -0.18007623 0.3800025 0.9072875
vn 0.17690603 0.17541236 0.9684703
vn 0.26604274 0.24622923 0.9319831
vn 0.14976904 0.27143872 0.9507314
vn 0.17690603 0.17541236 0.9684703
vn 0.14976904 0.27143872 0.9507314
vn -5.948041E-09 0.18476337 0.98278296
vn -5.948041E-09 0.18476337 0.98278296
vn -0.17690617 0.17541236 0.9684703
vn -0.18007623 0.3800025 0.9072875
vn -5.948041E-09 0.18476337 0.98278296
vn 0.14976904 0.27143872 0.9507314
vn 1.7938794E-09 0.27152407 0.96243167
vn -5.948041E-09 0.18476337 0.98278296
vn -0.14976914 0.27143878 0.9507314
vn -0.17690617 0.17541236 0.9684703
vn -5.948041E-09 0.18476337 0.98278296
vn 1.7938794E-09 0.27152407 0.96243167
vn -0.14976914 0.27143878 0.9507314
vn 0.14976904 0.27143872 0.9507314
vn 0.26604274 0.24622923 0.9319831
vn 0.2323244 0.4218157 0.8764113
vn 0.26604274 0.24622923 0.9319831
vn 0.31391308 0.29897887 0.9011494
vn 0.2323244 0.4218157 0.8764113
vn 0.31391308 0.29897887 0.9011494
vn 0.32262495 0.40871757 0.85373473
vn 0.2323244 0.4218157 0.8764113
vn 0.14976904 0.27143872 0.9507314
vn 0.12757862 0.4269451 0.8952327
vn 1.7938794E-09 0.27152407 0.96243167
vn 0.14976904 0.27143872 0.9507314
vn 0.2323244 0.4218157 0.8764113
vn 0.12757862 0.4269451 0.8952327
vn -0.17690617 0.17541236 0.9684703
vn -0.31095615 0.16387105 0.9361905
vn -0.18007623 0.3800025 0.9072875
vn -0.18007623 0.3800025 0.9072875
vn -0.31095615 0.16387105 0.9361905
vn -0.30925223 0.32928032 0.89215326
vn -0.31095615 0.16387105 0.9361905
vn -0.17690617 0.17541236 0.9684703
vn -0.26604298 0.24622923 0.9319829
vn -0.17690617 0.17541236 0.9684703
vn -0.14976914 0.27143878 0.9507314
vn -0.26604298 0.24622923 0.9319829
vn 1.7938794E-09 0.27152407 0.96243167
vn 0.12757862 0.4269451 0.8952327
vn 1.1968484E-09 0.4242347 0.9055524
vn 1.7938794E-09 0.27152407 0.96243167
vn -0.12757862 0.4269452 0.8952327
vn -0.14976914 0.27143878 0.9507314
vn 1.7938794E-09 0.27152407 0.96243167
vn 1.1968484E-09 0.4242347 0.9055524
vn -0.12757862 0.4269452 0.8952327
vn 1.1968484E-09 0.4242347 0.9055524
vn 0.12757862 0.4269451 0.8952327
vn 3.5840433E-09 0.5631424 0.82635987
vn 1.1968484E-09 0.4242347 0.9055524
vn 3.5840433E-09 0.5631424 0.82635987
vn -0.12757862 0.4269452 0.8952327
vn 0.12757862 0.4269451 0.8952327
vn 0.2323244 0.4218157 0.8764113
vn 0.124192715 0.5572214 0.82102394
vn 0.12757862 0.4269451 0.8952327
vn 0.124192715 0.5572214 0.82102394
vn 3.5840433E-09 0.5631424 0.82635987
vn 0.2323244 0.4218157 0.8764113
vn 0.32262495 0.40871757 0.85373473
vn 0.22586146 0.5394005 0.8111928
vn 0.2323244 0.4218157 0.8764113
vn 0.22586146 0.5394005 0.8111928
vn 0.124192715 0.5572214 0.82102394
vn 0.32262495 0.40871757 0.85373473
vn 0.3124168 0.49980253 0.80783224
vn 0.22586146 0.5394005 0.8111928
vn -0.14976914 0.27143878 0.9507314
vn -0.23232442 0.4218157 0.8764113
vn -0.26604298 0.24622923 0.9319829
vn -0.14976914 0.27143878 0.9507314
vn -0.12757862 0.4269452 0.8952327
vn -0.23232442 0.4218157 0.8764113
vn -0.12757862 0.4269452 0.8952327
vn 3.5840433E-09 0.5631424 0.82635987
vn -0.12419272 0.5572214 0.8210239
vn -0.12757862 0.4269452 0.8952327
vn -0.12419272 0.5572214 0.8210239
vn -0.23232442 0.4218157 0.8764113
vn 3.5840433E-09 0.5631424 0.82635987
vn 0.124192715 0.5572214 0.82102394
vn -1.1940344E-09 0.677996 0.7350655
vn 3.5840433E-09 0.5631424 0.82635987
vn -1.1940344E-09 0.677996 0.7350655
vn -0.12419272 0.5572214 0.8210239
vn 0.124192715 0.5572214 0.82102394
vn 0.22586146 0.5394005 0.8111928
vn 0.11628242 0.6692227 0.73390687
vn 0.124192715 0.5572214 0.82102394
vn 0.11628242 0.6692227 0.73390687
vn -1.1940344E-09 0.677996 0.7350655
vn 0.22586146 0.5394005 0.8111928
vn 0.3124168 0.49980253 0.80783224
vn 0.21880868 0.6400518 0.7365164
vn 0.22586146 0.5394005 0.8111928
vn 0.21880868 0.6400518 0.7365164
vn 0.11628242 0.6692227 0.73390687
vn 0.3124168 0.49980253 0.80783224
vn 0.3068457 0.5924086 0.7449146
vn 0.21880868 0.6400518 0.7365164
vn -0.26604298 0.24622923 0.9319829
vn -0.23232442 0.4218157 0.8764113
vn -0.313913 0.29897887 0.90114945
vn -0.313913 0.29897887 0.90114945
vn -0.23232442 0.4218157 0.8764113
vn -0.32262486 0.40871745 0.85373497
vn -0.23232442 0.4218157 0.8764113
vn -0.12419272 0.5572214 0.8210239
vn -0.22586139 0.5394004 0.8111927
vn -0.23232442 0.4218157 0.8764113
vn -0.22586139 0.5394004 0.8111927
vn -0.32262486 0.40871745 0.85373497
vn -0.32262486 0.40871745 0.85373497
vn -0.22586139 0.5394004 0.8111927
vn -0.3124173 0.49980265 0.807832
vn -0.12419272 0.5572214 0.8210239
vn -1.1940344E-09 0.677996 0.7350655
vn -0.11628245 0.6692228 0.73390675
vn -0.12419272 0.5572214 0.8210239
vn -0.11628245 0.6692228 0.73390675
vn -0.22586139 0.5394004 0.8111927
vn -0.22586139 0.5394004 0.8111927
vn -0.2188087 0.6400518 0.73651624
vn -0.3124173 0.49980265 0.807832
vn -0.22586139 0.5394004 0.8111927
vn -0.11628245 0.6692228 0.73390675
vn -0.2188087 0.6400518 0.73651624
vn -0.3124173 0.49980265 0.807832
vn -0.2188087 0.6400518 0.73651624
vn -0.30684623 0.5924084 0.74491435
vn -1.1940344E-09 0.677996 0.7350655
vn 0.11628242 0.6692227 0.73390687
vn -2.38576E-09 0.7717008 0.63598543
vn -1.1940344E-09 0.677996 0.7350655
vn -2.38576E-09 0.7717008 0.63598543
vn -0.11628245 0.6692228 0.73390675
vn -0.11628245 0.6692228 0.73390675
vn -0.11055337 0.7649007 0.63459045
vn -0.2188087 0.6400518 0.73651624
vn -0.11628245 0.6692228 0.73390675
vn -2.38576E-09 0.7717008 0.63598543
vn -0.11055337 0.7649007 0.63459045
vn -0.2188087 0.6400518 0.73651624
vn -0.2133761 0.74002767 0.63783216
vn -0.30684623 0.5924084 0.74491435
vn -0.2188087 0.6400518 0.73651624
vn -0.11055337 0.7649007 0.63459045
vn -0.2133761 0.74002767 0.63783216
vn -0.30684623 0.5924084 0.74491435
vn -0.2133761 0.74002767 0.63783216
vn -0.32069194 0.69457567 0.64398843
vn 0.11628242 0.6692227 0.73390687
vn 0.21880868 0.6400518 0.7365164
vn 0.110553354 0.7649006 0.63459045
vn 0.11628242 0.6692227 0.73390687
vn 0.110553354 0.7649006 0.63459045
vn -2.38576E-09 0.7717008 0.63598543
vn -2.38576E-09 0.7717008 0.63598543
vn -2.3951678E-09 0.8600343 0.51023626
vn -0.11055337 0.7649007 0.63459045
vn -2.38576E-09 0.7717008 0.63598543
vn 0.110553354 0.7649006 0.63459045
vn -2.3951678E-09 0.8600343 0.51023626
vn -2.3951678E-09 0.8600343 0.51023626
vn -0.119788334 0.8532704 0.5075236
vn -0.11055337 0.7649007 0.63459045
vn -0.11055337 0.7649007 0.63459045
vn -0.119788334 0.8532704 0.5075236
vn -0.2133761 0.74002767 0.63783216
vn -0.2133761 0.74002767 0.63783216
vn -0.22490075 0.83173054 0.5075863
vn -0.32069194 0.69457567 0.64398843
vn -0.2133761 0.74002767 0.63783216
vn -0.119788334 0.8532704 0.5075236
vn -0.22490075 0.83173054 0.5075863
vn -0.22490075 0.83173054 0.5075863
vn -0.3455523 0.79412687 0.49995604
vn -0.32069194 0.69457567 0.64398843
vn -2.3951678E-09 0.8600343 0.51023626
vn 0.110553354 0.7649006 0.63459045
vn 0.11978835 0.85327053 0.5075236
vn 0.110553354 0.7649006 0.63459045
vn 0.21880868 0.6400518 0.7365164
vn 0.21337616 0.7400274 0.6378322
vn 0.21880868 0.6400518 0.7365164
vn 0.3068457 0.5924086 0.7449146
vn 0.21337616 0.7400274 0.6378322
vn 0.110553354 0.7649006 0.63459045
vn 0.21337616 0.7400274 0.6378322
vn 0.11978835 0.85327053 0.5075236
vn 0.11978835 0.85327053 0.5075236
vn 0.21337616 0.7400274 0.6378322
vn 0.22490032 0.8317308 0.5075862
vn 0.21337616 0.7400274 0.6378322
vn 0.3068457 0.5924086 0.7449146
vn 0.32069105 0.6945756 0.6439891
vn 0.21337616 0.7400274 0.6378322
vn 0.32069105 0.6945756 0.6439891
vn 0.22490032 0.8317308 0.5075862
vn 0.22490032 0.8317308 0.5075862
vn 0.32069105 0.6945756 0.6439891
vn 0.34555128 0.7941271 0.49995643
vn 0.7943534 -0.5850751 0.1633699
vn 0.50450724 -0.86043304 -0.07160652
vn 0.49982142 -0.74974537 0.43365937
vn 0.7943534 -0.5850751 0.1633699
vn 0.7751747 -0.6314917 0.01795733
vn 0.50450724 -0.86043304 -0.07160652
vn 0.50450724 -0.86043304 -0.07160652
vn 0.38002133 -0.91479343 -0.1368826
vn 0.49982142 -0.74974537 0.43365937
vn 0.49982142 -0.74974537 0.43365937
vn 0.38002133 -0.91479343 -0.1368826
vn 0.35490853 -0.8137485 0.46027547
vn 0.50450724 -0.86043304 -0.07160652
vn 0.7751747 -0.6314917 0.01795733
vn 0.5812968 -0.8136904 -0.0014191866
vn 0.7751747 -0.6314917 0.01795733
vn 0.8452409 -0.52928305 0.07367015
vn 0.5812968 -0.8136904 -0.0014191866
vn 0.50450724 -0.86043304 -0.07160652
vn 0.4447735 -0.8939197 -0.055532753
vn 0.38002133 -0.91479343 -0.1368826
vn 0.50450724 -0.86043304 -0.07160652
vn 0.5812968 -0.8136904 -0.0014191866
vn 0.4447735 -0.8939197 -0.055532753
vn 0.38002133 -0.91479343 -0.1368826
vn 0.31899488 -0.9354455 -0.15226322
vn 0.35490853 -0.8137485 0.46027547
vn 0.38002133 -0.91479343 -0.1368826
vn 0.4447735 -0.8939197 -0.055532753
vn 0.31899488 -0.9354455 -0.15226322
vn 0.35490853 -0.8137485 0.46027547
vn 0.31899488 -0.9354455 -0.15226322
vn 0.29662552 -0.8500644 0.43520528
vn 0.29662552 -0.8500644 0.43520528
vn 0.31899488 -0.9354455 -0.15226322
vn 0.25222912 -0.8708732 0.42185324
vn 0.5812968 -0.8136904 -0.0014191866
vn 0.8452409 -0.52928305 0.07367015
vn 0.8072669 -0.5832489 0.09022647
vn 0.8452409 -0.52928305 0.07367015
vn 0.82230675 -0.5600999 0.100497365
vn 0.8072669 -0.5832489 0.09022647
vn 0.5812968 -0.8136904 -0.0014191866
vn 0.57896495 -0.8153407 -0.004367888
vn 0.4447735 -0.8939197 -0.055532753
vn 0.5812968 -0.8136904 -0.0014191866
vn 0.8072669 -0.5832489 0.09022647
vn 0.57896495 -0.8153407 -0.004367888
vn 0.31899488 -0.9354455 -0.15226322
vn 0.24065627 -0.9586454 -0.15193254
vn 0.25222912 -0.8708732 0.42185324
vn 0.25222912 -0.8708732 0.42185324
vn 0.24065627 -0.9586454 -0.15193254
vn 0.14991839 -0.89654565 0.41680968
vn 0.31899488 -0.9354455 -0.15226322
vn 0.4447735 -0.8939197 -0.055532753
vn 0.35365123 -0.9333679 -0.0612787
vn 0.31899488 -0.9354455 -0.15226322
vn 0.35365123 -0.9333679 -0.0612787
vn 0.24065627 -0.9586454 -0.15193254
vn 0.4447735 -0.8939197 -0.055532753
vn 0.57896495 -0.8153407 -0.004367888
vn 0.48025733 -0.8768495 0.022086859
vn 0.4447735 -0.8939197 -0.055532753
vn 0.48025733 -0.8768495 0.022086859
vn 0.35365123 -0.9333679 -0.0612787
vn 0.8072669 -0.5832489 0.09022647
vn 0.82230675 -0.5600999 0.100497365
vn 0.7483126 0.45083714 0.48659432
vn 0.82230675 -0.5600999 0.100497365
vn -0.99428797 -0.07435745 0.076566264
vn 0.7483126 0.45083714 0.48659432
vn -0.99428797 -0.07435745 0.076566264
vn -0.57111776 0.81925213 0.051481545
vn 0.7483126 0.45083714 0.48659432
vn 0.8072669 -0.5832489 0.09022647
vn 0.7662191 -0.5913081 0.25152147
vn 0.57896495 -0.8153407 -0.004367888
vn 0.8072669 -0.5832489 0.09022647
vn 0.7483126 0.45083714 0.48659432
vn 0.7662191 -0.5913081 0.25152147
vn 0.7483126 0.45083714 0.48659432
vn -0.57111776 0.81925213 0.051481545
vn 0.62389064 0.50176203 0.5991622
vn 0.7483126 0.45083714 0.48659432
vn 0.62389064 0.50176203 0.5991622
vn 0.7662191 -0.5913081 0.25152147
vn -0.57111776 0.81925213 0.051481545
vn -0.60004187 0.7962317 -0.07723248
vn 0.62389064 0.50176203 0.5991622
vn 0.57896495 -0.8153407 -0.004367888
vn 0.5585094 -0.82831436 0.044300556
vn 0.48025733 -0.8768495 0.022086859
vn 0.57896495 -0.8153407 -0.004367888
vn 0.7662191 -0.5913081 0.25152147
vn 0.5585094 -0.82831436 0.044300556
vn 0.5585094 -0.82831436 0.044300556
vn 0.5128257 -0.847021 0.13987571
vn 0.48025733 -0.8768495 0.022086859
vn 0.5585094 -0.82831436 0.044300556
vn 0.7662191 -0.5913081 0.25152147
vn 0.5128257 -0.847021 0.13987571
vn 0.7662191 -0.5913081 0.25152147
vn 0.62389064 0.50176203 0.5991622
vn 0.6943329 -0.6018859 0.39450634
vn 0.7662191 -0.5913081 0.25152147
vn 0.6943329 -0.6018859 0.39450634
vn 0.5128257 -0.847021 0.13987571
vn 0.62389064 0.50176203 0.5991622
vn -0.60004187 0.7962317 -0.07723248
vn 0.5420969 0.51907074 0.66083014
vn 0.62389064 0.50176203 0.5991622
vn 0.5420969 0.51907074 0.66083014
vn 0.6943329 -0.6018859 0.39450634
vn -0.60004187 0.7962317 -0.07723248
vn -0.56363916 0.80307925 -0.19332504
vn 0.5420969 0.51907074 0.66083014
vn 0.48025733 -0.8768495 0.022086859
vn 0.38705546 -0.92068154 0.05033368
vn 0.35365123 -0.9333679 -0.0612787
vn 0.48025733 -0.8768495 0.022086859
vn 0.5128257 -0.847021 0.13987571
vn 0.38705546 -0.92068154 0.05033368
vn 0.5128257 -0.847021 0.13987571
vn 0.6943329 -0.6018859 0.39450634
vn 0.43253243 -0.88945603 0.14759278
vn 0.5128257 -0.847021 0.13987571
vn 0.43253243 -0.88945603 0.14759278
vn 0.38705546 -0.92068154 0.05033368
vn 0.6943329 -0.6018859 0.39450634
vn 0.5420969 0.51907074 0.66083014
vn 0.6335383 -0.613901 0.47090852
vn 0.6943329 -0.6018859 0.39450634
vn 0.6335383 -0.613901 0.47090852
vn 0.43253243 -0.88945603 0.14759278
vn 0.5420969 0.51907074 0.66083014
vn -0.56363916 0.80307925 -0.19332504
vn 0.45082435 0.5502913 0.7028064
vn 0.5420969 0.51907074 0.66083014
vn 0.45082435 0.5502913 0.7028064
vn 0.6335383 -0.613901 0.47090852
vn -0.56363916 0.80307925 -0.19332504
vn -0.48309946 0.8449248 -0.2296021
vn 0.45082435 0.5502913 0.7028064
vn -0.48309946 0.8449248 -0.2296021
vn -0.3326038 0.9222798 -0.1969133
vn 0.45082435 0.5502913 0.7028064
vn 0.35365123 -0.9333679 -0.0612787
vn 0.25970688 -0.9642225 -0.0531739
vn 0.24065627 -0.9586454 -0.15193254
vn 0.35365123 -0.9333679 -0.0612787
vn 0.38705546 -0.92068154 0.05033368
vn 0.25970688 -0.9642225 -0.0531739
vn 0.38705546 -0.92068154 0.05033368
vn 0.43253243 -0.88945603 0.14759278
vn 0.29114878 -0.9544913 0.06464356
vn 0.38705546 -0.92068154 0.05033368
vn 0.29114878 -0.9544913 0.06464356
vn 0.25970688 -0.9642225 -0.0531739
vn 0.43253243 -0.88945603 0.14759278
vn 0.6335383 -0.613901 0.47090852
vn 0.32818925 -0.93270385 0.14951694
vn 0.43253243 -0.88945603 0.14759278
vn 0.32818925 -0.93270385 0.14951694
vn 0.29114878 -0.9544913 0.06464356
vn 0.6335383 -0.613901 0.47090852
vn 0.45082435 0.5502913 0.7028064
vn 0.4880401 -0.6740813 0.55446476
vn 0.6335383 -0.613901 0.47090852
vn 0.4880401 -0.6740813 0.55446476
vn 0.32818925 -0.93270385 0.14951694
vn 0.45082435 0.5502913 0.7028064
vn -0.3326038 0.9222798 -0.1969133
vn 0.36982143 0.45002556 0.81284004
vn 0.45082435 0.5502913 0.7028064
vn 0.36982143 0.45002556 0.81284004
vn 0.4880401 -0.6740813 0.55446476
vn -0.3326038 0.9222798 -0.1969133
vn -0.23423173 0.94130194 -0.24307644
vn 0.36982143 0.45002556 0.81284004
vn 0.24065627 -0.9586454 -0.15193254
vn 0.13962483 -0.9785973 -0.15116954
vn 0.14991839 -0.89654565 0.41680968
vn 0.24065627 -0.9586454 -0.15193254
vn 0.25970688 -0.9642225 -0.0531739
vn 0.13962483 -0.9785973 -0.15116954
vn 0.25970688 -0.9642225 -0.0531739
vn 0.29114878 -0.9544913 0.06464356
vn 0.15567306 -0.9864995 -0.05083692
vn 0.25970688 -0.9642225 -0.0531739
vn 0.15567306 -0.9864995 -0.05083692
vn 0.13962483 -0.9785973 -0.15116954
vn 0.29114878 -0.9544913 0.06464356
vn 0.32818925 -0.93270385 0.14951694
vn 0.17596403 -0.9816901 0.072945476
vn 0.29114878 -0.9544913 0.06464356
vn 0.17596403 -0.9816901 0.072945476
vn 0.15567306 -0.9864995 -0.05083692
vn 0.32818925 -0.93270385 0.14951694
vn 0.4880401 -0.6740813 0.55446476
vn 0.1972588 -0.9648126 0.17385548
vn 0.32818925 -0.93270385 0.14951694
vn 0.1972588 -0.9648126 0.17385548
vn 0.17596403 -0.9816901 0.072945476
vn 0.4880401 -0.6740813 0.55446476
vn 0.36982143 0.45002556 0.81284004
vn 0.3069953 -0.7690059 0.5606993
vn 0.4880401 -0.6740813 0.55446476
vn 0.3069953 -0.7690059 0.5606993
vn 0.1972588 -0.9648126 0.17385548
vn 0.36982143 0.45002556 0.81284004
vn -0.23423173 0.94130194 -0.24307644
vn 0.27157545 0.34165847 0.89973116
vn 0.36982143 0.45002556 0.81284004
vn 0.27157545 0.34165847 0.89973116
vn 0.3069953 -0.7690059 0.5606993
vn -0.23423173 0.94130194 -0.24307644
vn -0.13279757 0.9501093 -0.2822358
vn 0.27157545 0.34165847 0.89973116
vn 0.27157545 0.34165847 0.89973116
vn 0.13606693 0.30938762 0.9411509
vn 0.3069953 -0.7690059 0.5606993
vn 0.27157545 0.34165847 0.89973116
vn -0.13279757 0.9501093 -0.2822358
vn 0.13606693 0.30938762 0.9411509
vn -0.13279757 0.9501093 -0.2822358
vn 3.6945855E-10 0.9543606 -0.29865682
vn 0.13606693 0.30938762 0.9411509
vn 3.6945855E-10 0.9543606 -0.29865682
vn -2.0520274E-09 0.25771612 0.9662206
vn 0.13606693 0.30938762 0.9411509
vn 0.13606693 0.30938762 0.9411509
vn 0.15311503 -0.8117852 0.56352496
vn 0.3069953 -0.7690059 0.5606993
vn 0.13606693 0.30938762 0.9411509
vn -2.0520274E-09 0.25771612 0.9662206
vn 0.15311503 -0.8117852 0.56352496
vn -2.0520274E-09 0.25771612 0.9662206
vn 0 -0.83420926 0.55144775
vn 0.15311503 -0.8117852 0.56352496
vn 0 -0.83420926 0.55144775
vn 1.1901196E-09 -0.98306704 0.18324584
vn 0.15311503 -0.8117852 0.56352496
vn 0.15311503 -0.8117852 0.56352496
vn 0.10183265 -0.97923136 0.1753164
vn 0.3069953 -0.7690059 0.5606993
vn 0.3069953 -0.7690059 0.5606993
vn 0.10183265 -0.97923136 0.1753164
vn 0.1972588 -0.9648126 0.17385548
vn 0.15311503 -0.8117852 0.56352496
vn 1.1901196E-09 -0.98306704 0.18324584
vn 0.10183265 -0.97923136 0.1753164
vn 1.1901196E-09 -0.98306704 0.18324584
vn 1.1940551E-09 -0.997428 0.0716756
vn 0.10183265 -0.97923136 0.1753164
vn 0.10183265 -0.97923136 0.1753164
vn 0.08540391 -0.9933771 0.076863825
vn 0.1972588 -0.9648126 0.17385548
vn 0.1972588 -0.9648126 0.17385548
vn 0.08540391 -0.9933771 0.076863825
vn 0.17596403 -0.9816901 0.072945476
vn 0.10183265 -0.97923136 0.1753164
vn 1.1940551E-09 -0.997428 0.0716756
vn 0.08540391 -0.9933771 0.076863825
vn 1.1940551E-09 -0.997428 0.0716756
vn 1.1914385E-09 -0.9985137 -0.054501295
vn 0.08540391 -0.9933771 0.076863825
vn 0.08540391 -0.9933771 0.076863825
vn 0.06992657 -0.9962675 -0.050607562
vn 0.17596403 -0.9816901 0.072945476
vn 0.17596403 -0.9816901 0.072945476
vn 0.06992657 -0.9962675 -0.050607562
vn 0.15567306 -0.9864995 -0.05083692
vn 0.08540391 -0.9933771 0.076863825
vn 1.1914385E-09 -0.9985137 -0.054501295
vn 0.06992657 -0.9962675 -0.050607562
vn 1.1914385E-09 -0.9985137 -0.054501295
vn 3.5638201E-09 -0.98795176 -0.15476221
vn 0.06992657 -0.9962675 -0.050607562
vn 0.06992657 -0.9962675 -0.050607562
vn 0.06434023 -0.98535967 -0.15788144
vn 0.15567306 -0.9864995 -0.05083692
vn 0.15567306 -0.9864995 -0.05083692
vn 0.06434023 -0.98535967 -0.15788144
vn 0.13962483 -0.9785973 -0.15116954
vn 0.06992657 -0.9962675 -0.050607562
vn 3.5638201E-09 -0.98795176 -0.15476221
vn 0.06434023 -0.98535967 -0.15788144
vn 3.5638201E-09 -0.98795176 -0.15476221
vn -3.516315E-09 -0.9176324 0.39743024
vn 0.06434023 -0.98535967 -0.15788144
vn 0.06434023 -0.98535967 -0.15788144
vn 0.06558548 -0.91369224 0.40107965
vn 0.13962483 -0.9785973 -0.15116954
vn 0.06558548 -0.91369224 0.40107965
vn 0.14991839 -0.89654565 0.41680968
vn 0.13962483 -0.9785973 -0.15116954
vn 0.06558548 -0.91369224 0.40107965
vn 0.06434023 -0.98535967 -0.15788144
vn -3.516315E-09 -0.9176324 0.39743024
vn -0.79435265 -0.5850767 0.16336775
vn -0.4998215 -0.7497465 0.43365747
vn -0.5045072 -0.860433 -0.07160652
vn -0.79435265 -0.5850767 0.16336775
vn -0.5045072 -0.860433 -0.07160652
vn -0.77517426 -0.63149214 0.01795739
vn -0.77517426 -0.63149214 0.01795739
vn -0.5045072 -0.860433 -0.07160652
vn -0.5812969 -0.8136902 -0.0014185905
vn -0.77517426 -0.63149214 0.01795739
vn -0.5812969 -0.8136902 -0.0014185905
vn -0.84524006 -0.52928436 0.07366997
vn -0.5045072 -0.860433 -0.07160652
vn -0.4998215 -0.7497465 0.43365747
vn -0.3800209 -0.9147936 -0.1368829
vn -0.4998215 -0.7497465 0.43365747
vn -0.3549085 -0.8137491 0.46027422
vn -0.3800209 -0.9147936 -0.1368829
vn -0.5045072 -0.860433 -0.07160652
vn -0.4447735 -0.8939198 -0.055532396
vn -0.5812969 -0.8136902 -0.0014185905
vn -0.5045072 -0.860433 -0.07160652
vn -0.3800209 -0.9147936 -0.1368829
vn -0.4447735 -0.8939198 -0.055532396
vn -0.3800209 -0.9147936 -0.1368829
vn -0.3549085 -0.8137491 0.46027422
vn -0.31899494 -0.93544537 -0.15226328
vn -0.3800209 -0.9147936 -0.1368829
vn -0.31899494 -0.93544537 -0.15226328
vn -0.4447735 -0.8939198 -0.055532396
vn -0.3549085 -0.8137491 0.46027422
vn -0.2966264 -0.85006404 0.43520546
vn -0.31899494 -0.93544537 -0.15226328
vn -0.2966264 -0.85006404 0.43520546
vn -0.25222895 -0.87087315 0.42185354
vn -0.31899494 -0.93544537 -0.15226328
vn -0.5812969 -0.8136902 -0.0014185905
vn -0.80726635 -0.5832496 0.09022665
vn -0.84524006 -0.52928436 0.07366997
vn -0.84524006 -0.52928436 0.07366997
vn -0.80726635 -0.5832496 0.09022665
vn -0.8223058 -0.56010157 0.10049659
vn -0.5812969 -0.8136902 -0.0014185905
vn -0.4447735 -0.8939198 -0.055532396
vn -0.57896495 -0.8153407 -0.0043678284
vn -0.5812969 -0.8136902 -0.0014185905
vn -0.57896495 -0.8153407 -0.0043678284
vn -0.80726635 -0.5832496 0.09022665
vn -0.31899494 -0.93544537 -0.15226328
vn -0.25222895 -0.87087315 0.42185354
vn -0.24065627 -0.9586455 -0.15193236
vn -0.25222895 -0.87087315 0.42185354
vn -0.1499183 -0.89654565 0.4168095
vn -0.24065627 -0.9586455 -0.15193236
vn -0.31899494 -0.93544537 -0.15226328
vn -0.35365131 -0.9333679 -0.06127876
vn -0.4447735 -0.8939198 -0.055532396
vn -0.31899494 -0.93544537 -0.15226328
vn -0.24065627 -0.9586455 -0.15193236
vn -0.35365131 -0.9333679 -0.06127876
vn -0.4447735 -0.8939198 -0.055532396
vn -0.48025727 -0.8768495 0.022086859
vn -0.57896495 -0.8153407 -0.0043678284
vn -0.4447735 -0.8939198 -0.055532396
vn -0.35365131 -0.9333679 -0.06127876
vn -0.48025727 -0.8768495 0.022086859
vn -0.80726635 -0.5832496 0.09022665
vn -0.74831223 0.4508376 0.4865946
vn -0.8223058 -0.56010157 0.10049659
vn -0.8223058 -0.56010157 0.10049659
vn -0.74831223 0.4508376 0.4865946
vn 0.99428827 -0.07435425 0.07656561
vn 0.99428827 -0.07435425 0.07656561
vn -0.74831223 0.4508376 0.4865946
vn 0.57111794 0.81925213 0.05148059
vn -0.80726635 -0.5832496 0.09022665
vn -0.57896495 -0.8153407 -0.0043678284
vn -0.7662189 -0.59130836 0.25152135
vn -0.80726635 -0.5832496 0.09022665
vn -0.7662189 -0.59130836 0.25152135
vn -0.74831223 0.4508376 0.4865946
vn -0.74831223 0.4508376 0.4865946
vn -0.6238912 0.5017615 0.59916204
vn 0.57111794 0.81925213 0.05148059
vn -0.74831223 0.4508376 0.4865946
vn -0.7662189 -0.59130836 0.25152135
vn -0.6238912 0.5017615 0.59916204
vn 0.57111794 0.81925213 0.05148059
vn -0.6238912 0.5017615 0.59916204
vn 0.6000413 0.7962321 -0.07723248
vn -0.57896495 -0.8153407 -0.0043678284
vn -0.48025727 -0.8768495 0.022086859
vn -0.5585094 -0.82831436 0.044300556
vn -0.57896495 -0.8153407 -0.0043678284
vn -0.5585094 -0.82831436 0.044300556
vn -0.7662189 -0.59130836 0.25152135
vn -0.5585094 -0.82831436 0.044300556
vn -0.48025727 -0.8768495 0.022086859
vn -0.5128257 -0.847021 0.13987577
vn -0.5585094 -0.82831436 0.044300556
vn -0.5128257 -0.847021 0.13987577
vn -0.7662189 -0.59130836 0.25152135
vn -0.7662189 -0.59130836 0.25152135
vn -0.69433284 -0.6018858 0.39450628
vn -0.6238912 0.5017615 0.59916204
vn -0.7662189 -0.59130836 0.25152135
vn -0.5128257 -0.847021 0.13987577
vn -0.69433284 -0.6018858 0.39450628
vn -0.6238912 0.5017615 0.59916204
vn -0.5420971 0.5190705 0.66083014
vn 0.6000413 0.7962321 -0.07723248
vn -0.6238912 0.5017615 0.59916204
vn -0.69433284 -0.6018858 0.39450628
vn -0.5420971 0.5190705 0.66083014
vn 0.6000413 0.7962321 -0.07723248
vn -0.5420971 0.5190705 0.66083014
vn 0.56363916 0.80307925 -0.19332504
vn -0.48025727 -0.8768495 0.022086859
vn -0.35365131 -0.9333679 -0.06127876
vn -0.38705546 -0.92068154 0.05033368
vn -0.48025727 -0.8768495 0.022086859
vn -0.38705546 -0.92068154 0.05033368
vn -0.5128257 -0.847021 0.13987577
vn -0.5128257 -0.847021 0.13987577
vn -0.43253243 -0.88945603 0.14759278
vn -0.69433284 -0.6018858 0.39450628
vn -0.5128257 -0.847021 0.13987577
vn -0.38705546 -0.92068154 0.05033368
vn -0.43253243 -0.88945603 0.14759278
vn -0.69433284 -0.6018858 0.39450628
vn -0.6335383 -0.613901 0.4709084
vn -0.5420971 0.5190705 0.66083014
vn -0.69433284 -0.6018858 0.39450628
vn -0.43253243 -0.88945603 0.14759278
vn -0.6335383 -0.613901 0.4709084
vn -0.5420971 0.5190705 0.66083014
vn -0.45082438 0.5502913 0.7028064
vn 0.56363916 0.80307925 -0.19332504
vn -0.5420971 0.5190705 0.66083014
vn -0.6335383 -0.613901 0.4709084
vn -0.45082438 0.5502913 0.7028064
vn 0.56363916 0.80307925 -0.19332504
vn -0.45082438 0.5502913 0.7028064
vn 0.48309946 0.8449248 -0.2296021
vn 0.48309946 0.8449248 -0.2296021
vn -0.45082438 0.5502913 0.7028064
vn 0.33260375 0.9222798 -0.19691318
vn -0.35365131 -0.9333679 -0.06127876
vn -0.24065627 -0.9586455 -0.15193236
vn -0.25970694 -0.9642225 -0.0531739
vn -0.35365131 -0.9333679 -0.06127876
vn -0.25970694 -0.9642225 -0.0531739
vn -0.38705546 -0.92068154 0.05033368
vn -0.38705546 -0.92068154 0.05033368
vn -0.2911488 -0.95449126 0.06464368
vn -0.43253243 -0.88945603 0.14759278
vn -0.38705546 -0.92068154 0.05033368
vn -0.25970694 -0.9642225 -0.0531739
vn -0.2911488 -0.95449126 0.06464368
vn -0.43253243 -0.88945603 0.14759278
vn -0.32818925 -0.93270385 0.14951694
vn -0.6335383 -0.613901 0.4709084
vn -0.43253243 -0.88945603 0.14759278
vn -0.2911488 -0.95449126 0.06464368
vn -0.32818925 -0.93270385 0.14951694
vn -0.6335383 -0.613901 0.4709084
vn -0.4880401 -0.6740813 0.55446476
vn -0.45082438 0.5502913 0.7028064
vn -0.6335383 -0.613901 0.4709084
vn -0.32818925 -0.93270385 0.14951694
vn -0.4880401 -0.6740813 0.55446476
vn -0.45082438 0.5502913 0.7028064
vn -0.36982143 0.45002556 0.81284004
vn 0.33260375 0.9222798 -0.19691318
vn -0.45082438 0.5502913 0.7028064
vn -0.4880401 -0.6740813 0.55446476
vn -0.36982143 0.45002556 0.81284004
vn 0.33260375 0.9222798 -0.19691318
vn -0.36982143 0.45002556 0.81284004
vn 0.23423176 0.9413019 -0.24307644
vn -0.24065627 -0.9586455 -0.15193236
vn -0.1499183 -0.89654565 0.4168095
vn -0.13962485 -0.97859734 -0.1511696
vn -0.24065627 -0.9586455 -0.15193236
vn -0.13962485 -0.97859734 -0.1511696
vn -0.25970694 -0.9642225 -0.0531739
vn -0.25970694 -0.9642225 -0.0531739
vn -0.15567303 -0.98649955 -0.05083686
vn -0.2911488 -0.95449126 0.06464368
vn -0.25970694 -0.9642225 -0.0531739
vn -0.13962485 -0.97859734 -0.1511696
vn -0.15567303 -0.98649955 -0.05083686
vn -0.2911488 -0.95449126 0.06464368
vn -0.17596401 -0.9816901 0.072945595
vn -0.32818925 -0.93270385 0.14951694
vn -0.2911488 -0.95449126 0.06464368
vn -0.15567303 -0.98649955 -0.05083686
vn -0.17596401 -0.9816901 0.072945595
vn -0.32818925 -0.93270385 0.14951694
vn -0.1972588 -0.9648126 0.17385548
vn -0.4880401 -0.6740813 0.55446476
vn -0.32818925 -0.93270385 0.14951694
vn -0.17596401 -0.9816901 0.072945595
vn -0.1972588 -0.9648126 0.17385548
vn -0.4880401 -0.6740813 0.55446476
vn -0.3069953 -0.7690059 0.5606993
vn -0.36982143 0.45002556 0.81284004
vn -0.4880401 -0.6740813 0.55446476
vn -0.1972588 -0.9648126 0.17385548
vn -0.3069953 -0.7690059 0.5606993
vn -0.36982143 0.45002556 0.81284004
vn -0.27157548 0.34165847 0.89973116
vn 0.23423176 0.9413019 -0.24307644
vn -0.36982143 0.45002556 0.81284004
vn -0.3069953 -0.7690059 0.5606993
vn -0.27157548 0.34165847 0.89973116
vn 0.23423176 0.9413019 -0.24307644
vn -0.27157548 0.34165847 0.89973116
vn 0.13279757 0.9501093 -0.2822358
vn -0.27157548 0.34165847 0.89973116
vn -0.3069953 -0.7690059 0.5606993
vn -0.13606694 0.30938762 0.9411509
vn -0.27157548 0.34165847 0.89973116
vn -0.13606694 0.30938762 0.9411509
vn 0.13279757 0.9501093 -0.2822358
vn 0.13279757 0.9501093 -0.2822358
vn -0.13606694 0.30938762 0.9411509
vn 3.6945855E-10 0.9543606 -0.29865682
vn 3.6945855E-10 0.9543606 -0.29865682
vn -0.13606694 0.30938762 0.9411509
vn -2.0520274E-09 0.25771612 0.9662206
vn -0.13606694 0.30938762 0.9411509
vn -0.3069953 -0.7690059 0.5606993
vn -0.15311505 -0.8117852 0.56352496
vn -0.13606694 0.30938762 0.9411509
vn -0.15311505 -0.8117852 0.56352496
vn -2.0520274E-09 0.25771612 0.9662206
vn -2.0520274E-09 0.25771612 0.9662206
vn -0.15311505 -0.8117852 0.56352496
vn 0 -0.83420926 0.55144775
vn 0 -0.83420926 0.55144775
vn -0.15311505 -0.8117852 0.56352496
vn 1.1901196E-09 -0.98306704 0.18324584
vn -0.15311505 -0.8117852 0.56352496
vn -0.3069953 -0.7690059 0.5606993
vn -0.10183265 -0.97923136 0.1753164
vn -0.3069953 -0.7690059 0.5606993
vn -0.1972588 -0.9648126 0.17385548
vn -0.10183265 -0.97923136 0.1753164
vn -0.15311505 -0.8117852 0.56352496
vn -0.10183265 -0.97923136 0.1753164
vn 1.1901196E-09 -0.98306704 0.18324584
vn 1.1901196E-09 -0.98306704 0.18324584
vn -0.10183265 -0.97923136 0.1753164
vn 1.1940551E-09 -0.997428 0.0716756
vn -0.10183265 -0.97923136 0.1753164
vn -0.1972588 -0.9648126 0.17385548
vn -0.08540391 -0.9933771 0.076863825
vn -0.1972588 -0.9648126 0.17385548
vn -0.17596401 -0.9816901 0.072945595
vn -0.08540391 -0.9933771 0.076863825
vn -0.10183265 -0.97923136 0.1753164
vn -0.08540391 -0.9933771 0.076863825
vn 1.1940551E-09 -0.997428 0.0716756
vn 1.1940551E-09 -0.997428 0.0716756
vn -0.08540391 -0.9933771 0.076863825
vn 1.1914385E-09 -0.9985137 -0.054501295
vn -0.08540391 -0.9933771 0.076863825
vn -0.17596401 -0.9816901 0.072945595
vn -0.06992647 -0.9962676 -0.050607562
vn -0.17596401 -0.9816901 0.072945595
vn -0.15567303 -0.98649955 -0.05083686
vn -0.06992647 -0.9962676 -0.050607562
vn -0.08540391 -0.9933771 0.076863825
vn -0.06992647 -0.9962676 -0.050607562
vn 1.1914385E-09 -0.9985137 -0.054501295
vn 1.1914385E-09 -0.9985137 -0.054501295
vn -0.06992647 -0.9962676 -0.050607562
vn 3.5638201E-09 -0.98795176 -0.15476221
vn -0.06992647 -0.9962676 -0.050607562
vn -0.15567303 -0.98649955 -0.05083686
vn -0.064340174 -0.98535967 -0.15788144
vn -0.15567303 -0.98649955 -0.05083686
vn -0.13962485 -0.97859734 -0.1511696
vn -0.064340174 -0.98535967 -0.15788144
vn -0.06992647 -0.9962676 -0.050607562
vn -0.064340174 -0.98535967 -0.15788144
vn 3.5638201E-09 -0.98795176 -0.15476221
vn 3.5638201E-09 -0.98795176 -0.15476221
vn -0.064340174 -0.98535967 -0.15788144
vn -3.516315E-09 -0.9176324 0.39743024
vn -3.516315E-09 -0.9176324 0.39743024
vn -0.064340174 -0.98535967 -0.15788144
vn -0.06558548 -0.9136923 0.40107954
vn -0.06558548 -0.9136923 0.40107954
vn -0.13962485 -0.97859734 -0.1511696
vn -0.1499183 -0.89654565 0.4168095
vn -0.13962485 -0.97859734 -0.1511696
vn -0.06558548 -0.9136923 0.40107954
vn -0.064340174 -0.98535967 -0.15788144
vn -0.801304 -0.39256576 0.4514466
vn -0.6024881 0.498111 0.6236133
vn -0.5572864 0.6503037 0.516272
vn -0.801304 -0.39256576 0.4514466
vn -0.6656838 -0.5863439 0.46159065
vn -0.6024881 0.498111 0.6236133
vn -0.6024881 0.498111 0.6236133
vn 0.12954977 0.8104604 0.5712885
vn -0.5572864 0.6503037 0.516272
vn -0.5572864 0.6503037 0.516272
vn 0.12954977 0.8104604 0.5712885
vn 0.08019274 0.88192034 0.46452728
vn 0.08019274 0.88192034 0.46452728
vn 0.12954977 0.8104604 0.5712885
vn 0.7437013 0.6280699 0.22899029
vn -0.6024881 0.498111 0.6236133
vn -0.6656838 -0.5863439 0.46159065
vn -0.6280688 0.41689396 0.65706086
vn -0.6024881 0.498111 0.6236133
vn -0.6280688 0.41689396 0.65706086
vn 0.12954977 0.8104604 0.5712885
vn -0.6656838 -0.5863439 0.46159065
vn -0.61232686 -0.52741915 0.5889693
vn -0.6280688 0.41689396 0.65706086
vn -0.6280688 0.41689396 0.65706086
vn 0.1545861 0.63755906 0.7547328
vn 0.12954977 0.8104604 0.5712885
vn -0.6280688 0.41689396 0.65706086
vn -0.61232686 -0.52741915 0.5889693
vn 0.1545861 0.63755906 0.7547328
vn -0.61232686 -0.52741915 0.5889693
vn 0.18194562 -0.36610794 0.91261196
vn 0.1545861 0.63755906 0.7547328
vn 0.18194562 -0.36610794 0.91261196
vn 0.7859424 -0.5372219 0.3060835
vn 0.1545861 0.63755906 0.7547328
vn 0.1545861 0.63755906 0.7547328
vn 0.84216994 0.39643082 0.3655029
vn 0.12954977 0.8104604 0.5712885
vn 0.1545861 0.63755906 0.7547328
vn 0.7859424 -0.5372219 0.3060835
vn 0.84216994 0.39643082 0.3655029
vn 0.7859424 -0.5372219 0.3060835
vn 0.7888141 -0.5929796 0.1617015
vn 0.84216994 0.39643082 0.3655029
vn 0.84216994 0.39643082 0.3655029
vn 0.8091394 0.48311543 0.33450416
vn 0.12954977 0.8104604 0.5712885
vn 0.12954977 0.8104604 0.5712885
vn 0.8091394 0.48311543 0.33450416
vn 0.7437013 0.6280699 0.22899029
vn 0.84216994 0.39643082 0.3655029
vn 0.7888141 -0.5929796 0.1617015
vn 0.8091394 0.48311543 0.33450416
vn 0.8091394 0.48311543 0.33450416
vn 0.9666351 -0.24002635 0.08946529
vn 0.7437013 0.6280699 0.22899029
vn 0.9666351 -0.24002635 0.08946529
vn 0.8091394 0.48311543 0.33450416
vn 0.7888141 -0.5929796 0.1617015
vn 0.92410946 -0.23998511 0.29737002
vn 0.6751034 0.62832975 0.38657075
vn 0.71373206 0.4870999 0.50330925
vn 0.92410946 -0.23998511 0.29737002
vn 0.71373206 0.4870999 0.50330925
vn 0.734805 -0.59301627 0.32923138
vn 0.71373206 0.4870999 0.50330925
vn 0.6751034 0.62832975 0.38657075
vn -0.006647749 0.8108198 0.58525807
vn 0.6751034 0.62832975 0.38657075
vn -0.021586843 0.8818831 0.4709738
vn -0.006647749 0.8108198 0.58525807
vn -0.021586843 0.8818831 0.4709738
vn -0.69030684 0.61854446 0.37533867
vn -0.006647749 0.8108198 0.58525807
vn 0.71373206 0.4870999 0.50330925
vn 0.7415958 0.3990295 0.53926915
vn 0.734805 -0.59301627 0.32923138
vn 0.71373206 0.4870999 0.50330925
vn -0.006647749 0.8108198 0.58525807
vn 0.7415958 0.3990295 0.53926915
vn 0.734805 -0.59301627 0.32923138
vn 0.7415958 0.3990295 0.53926915
vn 0.7007225 -0.5371789 0.46949637
vn 0.7415958 0.3990295 0.53926915
vn -0.006647749 0.8108198 0.58525807
vn -0.011442611 0.63776773 0.77014357
vn 0.7415958 0.3990295 0.53926915
vn -0.011442611 0.63776773 0.77014357
vn 0.7007225 -0.5371789 0.46949637
vn 0.7007225 -0.5371789 0.46949637
vn -0.011442611 0.63776773 0.77014357
vn -0.020755392 -0.36609805 0.9303448
vn -0.020755392 -0.36609805 0.9303448
vn -0.011442611 0.63776773 0.77014357
vn -0.72569656 -0.52738875 0.44184333
vn -0.011442611 0.63776773 0.77014357
vn -0.006647749 0.8108198 0.58525807
vn -0.7567743 0.4148749 0.50514495
vn -0.011442611 0.63776773 0.77014357
vn -0.7567743 0.4148749 0.50514495
vn -0.72569656 -0.52738875 0.44184333
vn -0.72569656 -0.52738875 0.44184333
vn -0.7567743 0.4148749 0.50514495
vn -0.7500764 -0.58538955 0.30774057
vn -0.7567743 0.4148749 0.50514495
vn -0.006647749 0.8108198 0.58525807
vn -0.7261424 0.49506083 0.477108
vn -0.006647749 0.8108198 0.58525807
vn -0.69030684 0.61854446 0.37533867
vn -0.7261424 0.49506083 0.477108
vn -0.7567743 0.4148749 0.50514495
vn -0.7261424 0.49506083 0.477108
vn -0.7500764 -0.58538955 0.30774057
vn -0.7500764 -0.58538955 0.30774057
vn -0.7261424 0.49506083 0.477108
vn -0.9344454 -0.21879517 0.28096366
vn -0.9344454 -0.21879517 0.28096366
vn -0.7261424 0.49506083 0.477108
vn -0.69030684 0.61854446 0.37533867
vn 0.84105486 -0.22064888 0.49390364
vn 0.5362418 0.66361636 0.5215917
vn 0.5841598 0.49036163 0.6467632
vn 0.84105486 -0.22064888 0.49390364
vn 0.5841598 0.49036163 0.6467632
vn 0.64595836 -0.5939896 0.47949362
vn 0.5841598 0.49036163 0.6467632
vn 0.5362418 0.66361636 0.5215917
vn -0.14269562 0.8105715 0.5679891
vn 0.5362418 0.66361636 0.5215917
vn -0.12247214 0.88202596 0.45500633
vn -0.14269562 0.8105715 0.5679891
vn -0.12247214 0.88202596 0.45500633
vn -0.75617945 0.6182835 0.21428496
vn -0.14269562 0.8105715 0.5679891
vn 0.5841598 0.49036163 0.6467632
vn 0.6055714 0.40112787 0.6872988
vn 0.64595836 -0.5939896 0.47949362
vn 0.5841598 0.49036163 0.6467632
vn -0.14269562 0.8105715 0.5679891
vn 0.6055714 0.40112787 0.6872988
vn 0.64595836 -0.5939896 0.47949362
vn 0.6055714 0.40112787 0.6872988
vn 0.58168685 -0.53724605 0.6107431
vn 0.6055714 0.40112787 0.6872988
vn -0.14269562 0.8105715 0.5679891
vn -0.17727962 0.63746154 0.74980986
vn 0.6055714 0.40112787 0.6872988
vn -0.17727962 0.63746154 0.74980986
vn 0.58168685 -0.53724605 0.6107431
vn 0.58168685 -0.53724605 0.6107431
vn -0.17727962 0.63746154 0.74980986
vn -0.22264661 -0.36610913 0.9035444
vn -0.22264661 -0.36610913 0.9035444
vn -0.17727962 0.63746154 0.74980986
vn -0.80442417 -0.5274356 0.27333748
vn -0.17727962 0.63746154 0.74980986
vn -0.14269562 0.8105715 0.5679891
vn -0.84973973 0.41234216 0.32850623
vn -0.17727962 0.63746154 0.74980986
vn -0.84973973 0.41234216 0.32850623
vn -0.80442417 -0.5274356 0.27333748
vn -0.80442417 -0.5274356 0.27333748
vn -0.84973973 0.41234216 0.32850623
vn -0.7986825 -0.5863383 0.13532758
vn -0.84973973 0.41234216 0.32850623
vn -0.14269562 0.8105715 0.5679891
vn -0.81560403 0.49122146 0.3057638
vn -0.14269562 0.8105715 0.5679891
vn -0.75617945 0.6182835 0.21428496
vn -0.81560403 0.49122146 0.3057638
vn -0.84973973 0.41234216 0.32850623
vn -0.81560403 0.49122146 0.3057638
vn -0.7986825 -0.5863383 0.13532758
vn -0.7986825 -0.5863383 0.13532758
vn -0.81560403 0.49122146 0.3057638
vn -0.9960086 -0.050714415 0.0734504
vn -0.9960086 -0.050714415 0.0734504
vn -0.81560403 0.49122146 0.3057638
vn -0.75617945 0.6182835 0.21428496
vn 0.36904216 -0.9120185 -0.17896974
vn 0.00011510757 -0.9999999 0.000428617
vn 0.18428928 -0.9252866 -0.33148468
vn 0.36904216 -0.9120185 -0.17896974
vn 0.46032166 -0.8862983 0.05078578
vn 0.00011510757 -0.9999999 0.000428617
vn 0.18428928 -0.9252866 -0.33148468
vn 0.00011510757 -0.9999999 0.000428617
vn -0.00025259797 -0.9999994 0.0010409355
vn 0.18428928 -0.9252866 -0.33148468
vn -0.00025259797 -0.9999994 0.0010409355
vn -0.012784099 -0.93348 -0.35840112
vn -0.00025259797 -0.9999994 0.0010409355
vn 0.00011510757 -0.9999999 0.000428617
vn -6.7659355E-05 -0.99999994 0.0001540184
vn -0.00025259797 -0.9999994 0.0010409355
vn -0.0001913274 -0.99999946 0.0009960532
vn -0.012784099 -0.93348 -0.35840112
vn -0.00025259797 -0.9999994 0.0010409355
vn -6.7659355E-05 -0.99999994 0.0001540184
vn -0.0001913274 -0.99999946 0.0009960532
vn -0.0001913274 -0.99999946 0.0009960532
vn 0.0003761103 -0.9999998 0.00026839972
vn -0.012784099 -0.93348 -0.35840112
vn -0.0001913274 -0.99999946 0.0009960532
vn -6.7659355E-05 -0.99999994 0.0001540184
vn 0.0003761103 -0.9999998 0.00026839972
vn -0.012784099 -0.93348 -0.35840112
vn 0.0003761103 -0.9999998 0.00026839972
vn -0.26172233 -0.90545034 -0.3341571
vn -0.26172233 -0.90545034 -0.3341571
vn 0.0003761103 -0.9999998 0.00026839972
vn -0.40074363 -0.9024112 -0.15829879
vn 0.0003761103 -0.9999998 0.00026839972
vn -6.7659355E-05 -0.99999994 0.0001540184
vn 0.0020537951 -0.9999972 0.0011772513
vn 0.0003761103 -0.9999998 0.00026839972
vn 0.0020537951 -0.9999972 0.0011772513
vn -0.40074363 -0.9024112 -0.15829879
vn -0.40074363 -0.9024112 -0.15829879
vn 0.0020537951 -0.9999972 0.0011772513
vn -0.4866077 -0.8702359 0.07682645
vn -6.7659355E-05 -0.99999994 0.0001540184
vn 0.00011510757 -0.9999999 0.000428617
vn -2.4077426E-06 -0.99999994 0.00010716915
vn -6.7659355E-05 -0.99999994 0.0001540184
vn -2.4077426E-06 -0.99999994 0.00010716915
vn 0.0020537951 -0.9999972 0.0011772513
vn 0.0020537951 -0.9999972 0.0011772513
vn 0.0017777061 -0.9999982 0.000449121
vn -0.4866077 -0.8702359 0.07682645
vn 0.0020537951 -0.9999972 0.0011772513
vn -2.4077426E-06 -0.99999994 0.00010716915
vn 0.0017777061 -0.9999982 0.000449121
vn -0.4866077 -0.8702359 0.07682645
vn 0.0017777061 -0.9999982 0.000449121
vn -0.52237386 -0.7877793 0.32638836
vn 0.0017777061 -0.9999982 0.000449121
vn -2.4077426E-06 -0.99999994 0.00010716915
vn -2.8320335E-05 -0.99999994 2.3126602E-05
vn 0.0017777061 -0.9999982 0.000449121
vn -2.8320335E-05 -0.99999994 2.3126602E-05
vn -0.52237386 -0.7877793 0.32638836
vn -0.52237386 -0.7877793 0.32638836
vn -2.8320335E-05 -0.99999994 2.3126602E-05
vn -0.35640728 -0.7109878 0.6061932
vn 0.00011510757 -0.9999999 0.000428617
vn 0.46032166 -0.8862983 0.05078578
vn 4.2450025E-05 -0.99999994 1.1920929E-07
vn 0.00011510757 -0.9999999 0.000428617
vn 4.2450025E-05 -0.99999994 1.1920929E-07
vn -2.4077426E-06 -0.99999994 0.00010716915
vn 4.2450025E-05 -0.99999994 1.1920929E-07
vn 0.46032166 -0.8862983 0.05078578
vn 2.6788774E-05 -0.99999994 2.0980835E-05
vn 4.2450025E-05 -0.99999994 1.1920929E-07
vn 2.6788774E-05 -0.99999994 2.0980835E-05
vn -2.4077426E-06 -0.99999994 0.00010716915
vn -2.4077426E-06 -0.99999994 0.00010716915
vn -4.4043016E-08 -0.99999994 7.545948E-05
vn -2.8320335E-05 -0.99999994 2.3126602E-05
vn -2.4077426E-06 -0.99999994 0.00010716915
vn 2.6788774E-05 -0.99999994 2.0980835E-05
vn -4.4043016E-08 -0.99999994 7.545948E-05
vn -2.8320335E-05 -0.99999994 2.3126602E-05
vn -6.2041872E-06 -0.99999994 1.2636185E-05
vn -0.35640728 -0.7109878 0.6061932
vn -2.8320335E-05 -0.99999994 2.3126602E-05
vn -4.4043016E-08 -0.99999994 7.545948E-05
vn -6.2041872E-06 -0.99999994 1.2636185E-05
vn -0.35640728 -0.7109878 0.6061932
vn -6.2041872E-06 -0.99999994 1.2636185E-05
vn -0.0055588074 -0.7150962 0.6990039
vn -6.2041872E-06 -0.99999994 1.2636185E-05
vn -4.4043016E-08 -0.99999994 7.545948E-05
vn -1.7830433E-07 -0.99999994 1.4305115E-05
vn -6.2041872E-06 -0.99999994 1.2636185E-05
vn -1.7830433E-07 -0.99999994 1.4305115E-05
vn -0.0055588074 -0.7150962 0.6990039
vn -1.7830433E-07 -0.99999994 1.4305115E-05
vn -4.4043016E-08 -0.99999994 7.545948E-05
vn 6.087367E-06 -0.99999994 1.2636185E-05
vn -4.4043016E-08 -0.99999994 7.545948E-05
vn 2.6788774E-05 -0.99999994 2.0980835E-05
vn 6.087367E-06 -0.99999994 1.2636185E-05
vn -1.7830433E-07 -0.99999994 1.4305115E-05
vn 6.087367E-06 -0.99999994 1.2636185E-05
vn -0.0055588074 -0.7150962 0.6990039
vn -0.0055588074 -0.7150962 0.6990039
vn 6.087367E-06 -0.99999994 1.2636185E-05
vn 0.2544266 -0.7627525 0.5945382
vn 0.2544266 -0.7627525 0.5945382
vn 6.087367E-06 -0.99999994 1.2636185E-05
vn 0.45938057 -0.8088271 0.36710793
vn 0.45938057 -0.8088271 0.36710793
vn 2.6788774E-05 -0.99999994 2.0980835E-05
vn 0.46032166 -0.8862983 0.05078578
vn 2.6788774E-05 -0.99999994 2.0980835E-05
vn 0.45938057 -0.8088271 0.36710793
vn 6.087367E-06 -0.99999994 1.2636185E-05
vn -0.966635 -0.2400265 0.08946559
vn -0.8091396 0.483115 0.3345042
vn -0.7437015 0.62806964 0.22899026
vn -0.966635 -0.2400265 0.08946559
vn -0.7888135 -0.5929805 0.1617015
vn -0.8091396 0.483115 0.3345042
vn -0.8091396 0.483115 0.3345042
vn -0.1295498 0.8104603 0.5712885
vn -0.7437015 0.62806964 0.22899026
vn -0.7437015 0.62806964 0.22899026
vn -0.1295498 0.8104603 0.5712885
vn -0.08019261 0.8819201 0.4645275
vn -0.08019261 0.8819201 0.4645275
vn -0.1295498 0.8104603 0.5712885
vn 0.5572867 0.6503034 0.51627225
vn -0.8091396 0.483115 0.3345042
vn -0.7888135 -0.5929805 0.1617015
vn -0.84217024 0.39643064 0.36550245
vn -0.8091396 0.483115 0.3345042
vn -0.84217024 0.39643064 0.36550245
vn -0.1295498 0.8104603 0.5712885
vn -0.7888135 -0.5929805 0.1617015
vn -0.7859428 -0.5372217 0.30608284
vn -0.84217024 0.39643064 0.36550245
vn -0.84217024 0.39643064 0.36550245
vn -0.1545864 0.6375593 0.75473243
vn -0.1295498 0.8104603 0.5712885
vn -0.84217024 0.39643064 0.36550245
vn -0.7859428 -0.5372217 0.30608284
vn -0.1545864 0.6375593 0.75473243
vn -0.7859428 -0.5372217 0.30608284
vn -0.18194617 -0.36610794 0.91261196
vn -0.1545864 0.6375593 0.75473243
vn -0.18194617 -0.36610794 0.91261196
vn 0.6123273 -0.52741814 0.58896977
vn -0.1545864 0.6375593 0.75473243
vn -0.1545864 0.6375593 0.75473243
vn 0.6280683 0.41689545 0.6570604
vn -0.1295498 0.8104603 0.5712885
vn -0.1545864 0.6375593 0.75473243
vn 0.6123273 -0.52741814 0.58896977
vn 0.6280683 0.41689545 0.6570604
vn 0.6123273 -0.52741814 0.58896977
vn 0.66568494 -0.5863428 0.4615903
vn 0.6280683 0.41689545 0.6570604
vn 0.6280683 0.41689545 0.6570604
vn 0.6024879 0.49811137 0.62361324
vn -0.1295498 0.8104603 0.5712885
vn -0.1295498 0.8104603 0.5712885
vn 0.6024879 0.49811137 0.62361324
vn 0.5572867 0.6503034 0.51627225
vn 0.6280683 0.41689545 0.6570604
vn 0.66568494 -0.5863428 0.4615903
vn 0.6024879 0.49811137 0.62361324
vn 0.6024879 0.49811137 0.62361324
vn 0.8013042 -0.39256614 0.4514459
vn 0.5572867 0.6503034 0.51627225
vn 0.8013042 -0.39256614 0.4514459
vn 0.6024879 0.49811137 0.62361324
vn 0.66568494 -0.5863428 0.4615903
vn 0.9344454 -0.21879497 0.2809636
vn 0.690307 0.61854434 0.3753386
vn 0.7261425 0.4950606 0.47710797
vn 0.9344454 -0.21879497 0.2809636
vn 0.7261425 0.4950606 0.47710797
vn 0.7500762 -0.58539003 0.30774027
vn 0.7261425 0.4950606 0.47710797
vn 0.690307 0.61854434 0.3753386
vn 0.0066477726 0.81081975 0.5852581
vn 0.690307 0.61854434 0.3753386
vn 0.021586843 0.8818831 0.4709738
vn 0.0066477726 0.81081975 0.5852581
vn 0.021586843 0.8818831 0.4709738
vn -0.67510366 0.6283296 0.38657072
vn 0.0066477726 0.81081975 0.5852581
vn 0.7261425 0.4950606 0.47710797
vn 0.7567745 0.41487485 0.5051448
vn 0.7500762 -0.58539003 0.30774027
vn 0.7261425 0.4950606 0.47710797
vn 0.0066477726 0.81081975 0.5852581
vn 0.7567745 0.41487485 0.5051448
vn 0.7500762 -0.58539003 0.30774027
vn 0.7567745 0.41487485 0.5051448
vn 0.72569674 -0.5273887 0.44184303
vn 0.7567745 0.41487485 0.5051448
vn 0.0066477726 0.81081975 0.5852581
vn 0.011442596 0.6377679 0.7701437
vn 0.7567745 0.41487485 0.5051448
vn 0.011442596 0.6377679 0.7701437
vn 0.72569674 -0.5273887 0.44184303
vn 0.72569674 -0.5273887 0.44184303
vn 0.011442596 0.6377679 0.7701437
vn 0.020755392 -0.36609805 0.9303448
vn 0.020755392 -0.36609805 0.9303448
vn 0.011442596 0.6377679 0.7701437
vn -0.7007225 -0.5371789 0.4694963
vn 0.011442596 0.6377679 0.7701437
vn 0.0066477726 0.81081975 0.5852581
vn -0.7415957 0.39902943 0.53926915
vn 0.011442596 0.6377679 0.7701437
vn -0.7415957 0.39902943 0.53926915
vn -0.7007225 -0.5371789 0.4694963
vn -0.7007225 -0.5371789 0.4694963
vn -0.7415957 0.39902943 0.53926915
vn -0.73480535 -0.593016 0.32923084
vn -0.7415957 0.39902943 0.53926915
vn 0.0066477726 0.81081975 0.5852581
vn -0.7137322 0.48709977 0.5033091
vn 0.0066477726 0.81081975 0.5852581
vn -0.67510366 0.6283296 0.38657072
vn -0.7137322 0.48709977 0.5033091
vn -0.7415957 0.39902943 0.53926915
vn -0.7137322 0.48709977 0.5033091
vn -0.73480535 -0.593016 0.32923084
vn -0.73480535 -0.593016 0.32923084
vn -0.7137322 0.48709977 0.5033091
vn -0.9241094 -0.23998594 0.29736948
vn -0.9241094 -0.23998594 0.29736948
vn -0.7137322 0.48709977 0.5033091
vn -0.67510366 0.6283296 0.38657072
vn -0.84105456 -0.22064868 0.4939041
vn -0.5841595 0.49036187 0.6467632
vn -0.5362415 0.6636166 0.5215917
vn -0.84105456 -0.22064868 0.4939041
vn -0.645958 -0.5939898 0.47949362
vn -0.5841595 0.49036187 0.6467632
vn -0.5841595 0.49036187 0.6467632
vn 0.14269629 0.81057143 0.5679889
vn -0.5362415 0.6636166 0.5215917
vn -0.5362415 0.6636166 0.5215917
vn 0.14269629 0.81057143 0.5679889
vn 0.1224721 0.88202596 0.45500624
vn 0.1224721 0.88202596 0.45500624
vn 0.14269629 0.81057143 0.5679889
vn 0.7561795 0.6182835 0.21428478
vn -0.5841595 0.49036187 0.6467632
vn -0.645958 -0.5939898 0.47949362
vn -0.60557145 0.40112936 0.68729794
vn -0.5841595 0.49036187 0.6467632
vn -0.60557145 0.40112936 0.68729794
vn 0.14269629 0.81057143 0.5679889
vn -0.645958 -0.5939898 0.47949362
vn -0.5816875 -0.5372448 0.6107436
vn -0.60557145 0.40112936 0.68729794
vn -0.60557145 0.40112936 0.68729794
vn 0.17727983 0.6374618 0.7498096
vn 0.14269629 0.81057143 0.5679889
vn -0.60557145 0.40112936 0.68729794
vn -0.5816875 -0.5372448 0.6107436
vn 0.17727983 0.6374618 0.7498096
vn -0.5816875 -0.5372448 0.6107436
vn 0.22264741 -0.3661093 0.9035442
vn 0.17727983 0.6374618 0.7498096
vn 0.22264741 -0.3661093 0.9035442
vn 0.8044239 -0.52743566 0.27333778
vn 0.17727983 0.6374618 0.7498096
vn 0.17727983 0.6374618 0.7498096
vn 0.8497397 0.41234207 0.3285065
vn 0.14269629 0.81057143 0.5679889
vn 0.17727983 0.6374618 0.7498096
vn 0.8044239 -0.52743566 0.27333778
vn 0.8497397 0.41234207 0.3285065
vn 0.8044239 -0.52743566 0.27333778
vn 0.79868287 -0.58633786 0.1353277
vn 0.8497397 0.41234207 0.3285065
vn 0.8497397 0.41234207 0.3285065
vn 0.8156042 0.49122134 0.30576366
vn 0.14269629 0.81057143 0.5679889
vn 0.14269629 0.81057143 0.5679889
vn 0.8156042 0.49122134 0.30576366
vn 0.7561795 0.6182835 0.21428478
vn 0.8497397 0.41234207 0.3285065
vn 0.79868287 -0.58633786 0.1353277
vn 0.8156042 0.49122134 0.30576366
vn 0.8156042 0.49122134 0.30576366
vn 0.9960086 -0.050714474 0.07345022
vn 0.7561795 0.6182835 0.21428478
vn 0.9960086 -0.050714474 0.07345022
vn 0.8156042 0.49122134 0.30576366
vn 0.79868287 -0.58633786 0.1353277
vn -0.36904216 -0.91201854 -0.1789698
vn -0.1842893 -0.92528665 -0.33148474
vn -0.00011510542 -0.9999999 0.0004287362
vn -0.36904216 -0.91201854 -0.1789698
vn -0.00011510542 -0.9999999 0.0004287362
vn -0.46032146 -0.8862984 0.05078584
vn -0.1842893 -0.92528665 -0.33148474
vn 0.00025272294 -0.9999994 0.0010411739
vn -0.00011510542 -0.9999999 0.0004287362
vn -0.1842893 -0.92528665 -0.33148474
vn 0.012784152 -0.93348 -0.35840124
vn 0.00025272294 -0.9999994 0.0010411739
vn 0.00025272294 -0.9999994 0.0010411739
vn 6.7658526E-05 -0.99999994 0.00015425682
vn -0.00011510542 -0.9999999 0.0004287362
vn 0.00025272294 -0.9999994 0.0010411739
vn 0.012784152 -0.93348 -0.35840124
vn 0.00019133338 -0.99999946 0.000995934
vn 0.00025272294 -0.9999994 0.0010411739
vn 0.00019133338 -0.99999946 0.000995934
vn 6.7658526E-05 -0.99999994 0.00015425682
vn 0.00019133338 -0.99999946 0.000995934
vn 0.012784152 -0.93348 -0.35840124
vn -0.0003759958 -0.9999998 0.00026839972
vn 0.00019133338 -0.99999946 0.000995934
vn -0.0003759958 -0.9999998 0.00026839972
vn 6.7658526E-05 -0.99999994 0.00015425682
vn 0.012784152 -0.93348 -0.35840124
vn 0.26172218 -0.9054506 -0.334157
vn -0.0003759958 -0.9999998 0.00026839972
vn 0.26172218 -0.9054506 -0.334157
vn 0.40074337 -0.90241146 -0.15829873
vn -0.0003759958 -0.9999998 0.00026839972
vn -0.0003759958 -0.9999998 0.00026839972
vn -0.0020537954 -0.9999972 0.0011772513
vn 6.7658526E-05 -0.99999994 0.00015425682
vn -0.0003759958 -0.9999998 0.00026839972
vn 0.40074337 -0.90241146 -0.15829873
vn -0.0020537954 -0.9999972 0.0011772513
vn 0.40074337 -0.90241146 -0.15829873
vn 0.4866075 -0.870236 0.07682675
vn -0.0020537954 -0.9999972 0.0011772513
vn 6.7658526E-05 -0.99999994 0.00015425682
vn 2.4077435E-06 -0.99999994 0.00010716915
vn -0.00011510542 -0.9999999 0.0004287362
vn 6.7658526E-05 -0.99999994 0.00015425682
vn -0.0020537954 -0.9999972 0.0011772513
vn 2.4077435E-06 -0.99999994 0.00010716915
vn -0.0020537954 -0.9999972 0.0011772513
vn 0.4866075 -0.870236 0.07682675
vn -0.0017777068 -0.9999983 0.0004490614
vn -0.0020537954 -0.9999972 0.0011772513
vn -0.0017777068 -0.9999983 0.0004490614
vn 2.4077435E-06 -0.99999994 0.00010716915
vn 0.4866075 -0.870236 0.07682675
vn 0.52237344 -0.78777945 0.32638842
vn -0.0017777068 -0.9999983 0.0004490614
vn -0.0017777068 -0.9999983 0.0004490614
vn 2.8320355E-05 -0.99999994 2.3126602E-05
vn 2.4077435E-06 -0.99999994 0.00010716915
vn -0.0017777068 -0.9999983 0.0004490614
vn 0.52237344 -0.78777945 0.32638842
vn 2.8320355E-05 -0.99999994 2.3126602E-05
vn 0.52237344 -0.78777945 0.32638842
vn 0.35640684 -0.7109882 0.6061929
vn 2.8320355E-05 -0.99999994 2.3126602E-05
vn -0.00011510542 -0.9999999 0.0004287362
vn -4.245003E-05 -0.99999994 1.1920929E-07
vn -0.46032146 -0.8862984 0.05078584
vn -0.00011510542 -0.9999999 0.0004287362
vn 2.4077435E-06 -0.99999994 0.00010716915
vn -4.245003E-05 -0.99999994 1.1920929E-07
vn -4.245003E-05 -0.99999994 1.1920929E-07
vn -2.6788774E-05 -0.99999994 2.0980835E-05
vn -0.46032146 -0.8862984 0.05078584
vn -4.245003E-05 -0.99999994 1.1920929E-07
vn 2.4077435E-06 -0.99999994 0.00010716915
vn -2.6788774E-05 -0.99999994 2.0980835E-05
vn 2.4077435E-06 -0.99999994 0.00010716915
vn 2.8320355E-05 -0.99999994 2.3126602E-05
vn 4.404356E-08 -0.99999994 7.545948E-05
vn 2.4077435E-06 -0.99999994 0.00010716915
vn 4.404356E-08 -0.99999994 7.545948E-05
vn -2.6788774E-05 -0.99999994 2.0980835E-05
vn 2.8320355E-05 -0.99999994 2.3126602E-05
vn 0.35640684 -0.7109882 0.6061929
vn 6.2041927E-06 -0.99999994 1.2636185E-05
vn 2.8320355E-05 -0.99999994 2.3126602E-05
vn 6.2041927E-06 -0.99999994 1.2636185E-05
vn 4.404356E-08 -0.99999994 7.545948E-05
vn 0.35640684 -0.7109882 0.6061929
vn 0.005558835 -0.7150967 0.69900316
vn 6.2041927E-06 -0.99999994 1.2636185E-05
vn 6.2041927E-06 -0.99999994 1.2636185E-05
vn 1.7829507E-07 -0.99999994 1.4305115E-05
vn 4.404356E-08 -0.99999994 7.545948E-05
vn 6.2041927E-06 -0.99999994 1.2636185E-05
vn 0.005558835 -0.7150967 0.69900316
vn 1.7829507E-07 -0.99999994 1.4305115E-05
vn 1.7829507E-07 -0.99999994 1.4305115E-05
vn -6.0873544E-06 -0.99999994 1.2636185E-05
vn 4.404356E-08 -0.99999994 7.545948E-05
vn 4.404356E-08 -0.99999994 7.545948E-05
vn -6.0873544E-06 -0.99999994 1.2636185E-05
vn -2.6788774E-05 -0.99999994 2.0980835E-05
vn 1.7829507E-07 -0.99999994 1.4305115E-05
vn 0.005558835 -0.7150967 0.69900316
vn -6.0873544E-06 -0.99999994 1.2636185E-05
vn 0.005558835 -0.7150967 0.69900316
vn -0.2544265 -0.7627525 0.5945382
vn -6.0873544E-06 -0.99999994 1.2636185E-05
vn -6.0873544E-06 -0.99999994 1.2636185E-05
vn -0.45938075 -0.80882686 0.36710817
vn -2.6788774E-05 -0.99999994 2.0980835E-05
vn -0.45938075 -0.80882686 0.36710817
vn -0.46032146 -0.8862984 0.05078584
vn -2.6788774E-05 -0.99999994 2.0980835E-05
vn -0.45938075 -0.80882686 0.36710817
vn -6.0873544E-06 -0.99999994 1.2636185E-05
vn -0.2544265 -0.7627525 0.5945382
vn 0.14178587 0.754803 -0.64044446
vn -0.0029786837 0.627455 -0.77864695
vn 0.3922406 0.50234216 -0.7705839
vn 0.14178587 0.754803 -0.64044446
vn -0.020375736 0.9158413 -0.4010234
vn -0.0029786837 0.627455 -0.77864695
vn -0.020375736 0.9158413 -0.4010234
vn -0.04903658 0.99311477 -0.10638785
vn -0.29602832 0.8402239 -0.4543028
vn -0.020375736 0.9158413 -0.4010234
vn -0.29602832 0.8402239 -0.4543028
vn -0.0029786837 0.627455 -0.77864695
vn -0.04903658 0.99311477 -0.10638785
vn -0.37251583 0.92648965 -0.05337614
vn -0.29602832 0.8402239 -0.4543028
vn -0.29602832 0.8402239 -0.4543028
vn -0.14443383 0.9144199 -0.37812042
vn -0.0029786837 0.627455 -0.77864695
vn -0.29602832 0.8402239 -0.4543028
vn -0.37251583 0.92648965 -0.05337614
vn -0.14443383 0.9144199 -0.37812042
vn -0.37251583 0.92648965 -0.05337614
vn -0.21532425 0.9763646 -0.018643081
vn -0.14443383 0.9144199 -0.37812042
vn -0.0029786837 0.627455 -0.77864695
vn 0.39953837 0.3293535 -0.85550886
vn 0.3922406 0.50234216 -0.7705839
vn 0.3922406 0.50234216 -0.7705839
vn 0.39953837 0.3293535 -0.85550886
vn 0.7925807 0.2905207 -0.53610957
vn -0.0029786837 0.627455 -0.77864695
vn -0.14443383 0.9144199 -0.37812042
vn 0.15566133 0.69101584 -0.70588005
vn -0.0029786837 0.627455 -0.77864695
vn 0.15566133 0.69101584 -0.70588005
vn 0.39953837 0.3293535 -0.85550886
vn -0.14443383 0.9144199 -0.37812042
vn -0.21532425 0.9763646 -0.018643081
vn 0.07413571 0.9510393 -0.30004704
vn -0.21532425 0.9763646 -0.018643081
vn 0.02524613 0.9994884 0.019638002
vn 0.07413571 0.9510393 -0.30004704
vn -0.14443383 0.9144199 -0.37812042
vn 0.2535626 0.78679633 -0.5627232
vn 0.15566133 0.69101584 -0.70588005
vn -0.14443383 0.9144199 -0.37812042
vn 0.07413571 0.9510393 -0.30004704
vn 0.2535626 0.78679633 -0.5627232
vn 0.15566133 0.69101584 -0.70588005
vn 0.5109878 0.40786 -0.75666475
vn 0.39953837 0.3293535 -0.85550886
vn 0.15566133 0.69101584 -0.70588005
vn 0.2535626 0.78679633 -0.5627232
vn 0.5109878 0.40786 -0.75666475
vn 0.39953837 0.3293535 -0.85550886
vn 0.8221463 0.05195886 -0.5669001
vn 0.7925807 0.2905207 -0.53610957
vn 0.39953837 0.3293535 -0.85550886
vn 0.5109878 0.40786 -0.75666475
vn 0.8221463 0.05195886 -0.5669001
vn 0.7925807 0.2905207 -0.53610957
vn 0.8221463 0.05195886 -0.5669001
vn 0.9980314 0.060158797 -0.017730009
vn 0.07413571 0.9510393 -0.30004704
vn 0.02524613 0.9994884 0.019638002
vn 0.28526524 0.93051094 -0.22972381
vn 0.02524613 0.9994884 0.019638002
vn 0.26756418 0.96283257 0.036914587
vn 0.28526524 0.93051094 -0.22972381
vn 0.26756418 0.96283257 0.036914587
vn 0.63340545 0.77379495 0.006230831
vn 0.28526524 0.93051094 -0.22972381
vn 0.28526524 0.93051094 -0.22972381
vn 0.36412147 0.85405564 -0.37148958
vn 0.07413571 0.9510393 -0.30004704
vn 0.07413571 0.9510393 -0.30004704
vn 0.36412147 0.85405564 -0.37148958
vn 0.2535626 0.78679633 -0.5627232
vn 0.28526524 0.93051094 -0.22972381
vn 0.63340545 0.77379495 0.006230831
vn 0.36412147 0.85405564 -0.37148958
vn 0.2535626 0.78679633 -0.5627232
vn 0.53368545 0.59390104 -0.6020477
vn 0.5109878 0.40786 -0.75666475
vn 0.2535626 0.78679633 -0.5627232
vn 0.36412147 0.85405564 -0.37148958
vn 0.53368545 0.59390104 -0.6020477
vn 0.36412147 0.85405564 -0.37148958
vn 0.63340545 0.77379495 0.006230831
vn 0.5751157 0.72524583 -0.37849748
vn 0.36412147 0.85405564 -0.37148958
vn 0.5751157 0.72524583 -0.37849748
vn 0.53368545 0.59390104 -0.6020477
vn 0.5751157 0.72524583 -0.37849748
vn 0.63340545 0.77379495 0.006230831
vn 0.821034 0.5513963 -0.14786881
vn 0.5751157 0.72524583 -0.37849748
vn 0.821034 0.5513963 -0.14786881
vn 0.53368545 0.59390104 -0.6020477
vn 0.5109878 0.40786 -0.75666475
vn 0.8497375 0.16617388 -0.50033236
vn 0.8221463 0.05195886 -0.5669001
vn 0.5109878 0.40786 -0.75666475
vn 0.53368545 0.59390104 -0.6020477
vn 0.8497375 0.16617388 -0.50033236
vn 0.53368545 0.59390104 -0.6020477
vn 0.821034 0.5513963 -0.14786881
vn 0.86415446 0.36476448 -0.3466754
vn 0.53368545 0.59390104 -0.6020477
vn 0.86415446 0.36476448 -0.3466754
vn 0.8497375 0.16617388 -0.50033236
vn 0.8221463 0.05195886 -0.5669001
vn 0.9946319 -0.09862073 -0.0313278
vn 0.9980314 0.060158797 -0.017730009
vn 0.8221463 0.05195886 -0.5669001
vn 0.8497375 0.16617388 -0.50033236
vn 0.9946319 -0.09862073 -0.0313278
vn 0.8497375 0.16617388 -0.50033236
vn 0.86415446 0.36476448 -0.3466754
vn 0.99963486 0.016896639 -0.021087144
vn 0.8497375 0.16617388 -0.50033236
vn 0.99963486 0.016896639 -0.021087144
vn 0.9946319 -0.09862073 -0.0313278
vn 0.86415446 0.36476448 -0.3466754
vn 0.821034 0.5513963 -0.14786881
vn 0.9646162 0.2529834 0.074263304
vn 0.86415446 0.36476448 -0.3466754
vn 0.9646162 0.2529834 0.074263304
vn 0.99963486 0.016896639 -0.021087144
vn 0.821034 0.5513963 -0.14786881
vn 0.63340545 0.77379495 0.006230831
vn 0.8777054 0.4662946 0.110465616
vn 0.821034 0.5513963 -0.14786881
vn 0.8777054 0.4662946 0.110465616
vn 0.9646162 0.2529834 0.074263304
vn 0.8777054 0.4662946 0.110465616
vn 0.63340545 0.77379495 0.006230831
vn 0.85502493 0.49151987 0.16534987
vn 0.8777054 0.4662946 0.110465616
vn 0.85502493 0.49151987 0.16534987
vn 0.9646162 0.2529834 0.074263304
vn 0.9646162 0.2529834 0.074263304
vn 0.90980273 0.32048064 0.26372546
vn 0.99963486 0.016896639 -0.021087144
vn 0.9646162 0.2529834 0.074263304
vn 0.85502493 0.49151987 0.16534987
vn 0.90980273 0.32048064 0.26372546
vn 0.85502493 0.49151987 0.16534987
vn 0.63340545 0.77379495 0.006230831
vn 0.72957766 0.61635864 0.29634175
vn 0.85502493 0.49151987 0.16534987
vn 0.72957766 0.61635864 0.29634175
vn 0.90980273 0.32048064 0.26372546
vn 0.99963486 0.016896639 -0.021087144
vn 0.8932944 0.1392053 0.42737216
vn 0.9946319 -0.09862073 -0.0313278
vn 0.99963486 0.016896639 -0.021087144
vn 0.90980273 0.32048064 0.26372546
vn 0.8932944 0.1392053 0.42737216
vn 0.90980273 0.32048064 0.26372546
vn 0.72957766 0.61635864 0.29634175
vn 0.6931342 0.52722585 0.49152607
vn 0.90980273 0.32048064 0.26372546
vn 0.6931342 0.52722585 0.49152607
vn 0.8932944 0.1392053 0.42737216
vn 0.72957766 0.61635864 0.29634175
vn 0.63340545 0.77379495 0.006230831
vn 0.5109523 0.78305185 0.3546232
vn 0.72957766 0.61635864 0.29634175
vn 0.5109523 0.78305185 0.3546232
vn 0.6931342 0.52722585 0.49152607
vn 0.9946319 -0.09862073 -0.0313278
vn 0.88018095 -0.0004245937 0.47463807
vn 0.9980314 0.060158797 -0.017730009
vn 0.9946319 -0.09862073 -0.0313278
vn 0.8932944 0.1392053 0.42737216
vn 0.88018095 -0.0004245937 0.47463807
vn 0.8932944 0.1392053 0.42737216
vn 0.6931342 0.52722585 0.49152607
vn 0.56607556 0.42825913 0.7043808
vn 0.8932944 0.1392053 0.42737216
vn 0.56607556 0.42825913 0.7043808
vn 0.88018095 -0.0004245937 0.47463807
vn 0.6931342 0.52722585 0.49152607
vn 0.5109523 0.78305185 0.3546232
vn 0.36941442 0.7790563 0.5065612
vn 0.6931342 0.52722585 0.49152607
vn 0.36941442 0.7790563 0.5065612
vn 0.56607556 0.42825913 0.7043808
vn 0.9980314 0.060158797 -0.017730009
vn 0.88018095 -0.0004245937 0.47463807
vn 0.89124095 0.11567673 0.43852982
vn 0.88018095 -0.0004245937 0.47463807
vn 0.56607556 0.42825913 0.7043808
vn 0.5024932 0.33144653 0.7985259
vn 0.88018095 -0.0004245937 0.47463807
vn 0.5024932 0.33144653 0.7985259
vn 0.89124095 0.11567673 0.43852982
vn 0.89124095 0.11567673 0.43852982
vn 0.5024932 0.33144653 0.7985259
vn 0.5309286 0.56119597 0.6349596
vn 0.56607556 0.42825913 0.7043808
vn 0.36941442 0.7790563 0.5065612
vn 0.20688799 0.7321635 0.6489482
vn 0.56607556 0.42825913 0.7043808
vn 0.20688799 0.7321635 0.6489482
vn 0.5024932 0.33144653 0.7985259
vn 0.5024932 0.33144653 0.7985259
vn 0.051746886 0.6976451 0.71457225
vn 0.5309286 0.56119597 0.6349596
vn 0.5024932 0.33144653 0.7985259
vn 0.20688799 0.7321635 0.6489482
vn 0.051746886 0.6976451 0.71457225
vn 0.5309286 0.56119597 0.6349596
vn 0.051746886 0.6976451 0.71457225
vn 0.2184415 0.8297654 0.51358813
vn 0.36941442 0.7790563 0.5065612
vn 0.5109523 0.78305185 0.3546232
vn 0.13163947 0.94265544 0.30671114
vn 0.36941442 0.7790563 0.5065612
vn 0.13163947 0.94265544 0.30671114
vn 0.20688799 0.7321635 0.6489482
vn 0.20688799 0.7321635 0.6489482
vn -0.09701631 0.9369097 0.3358392
vn 0.051746886 0.6976451 0.71457225
vn 0.20688799 0.7321635 0.6489482
vn 0.13163947 0.94265544 0.30671114
vn -0.09701631 0.9369097 0.3358392
vn 0.051746886 0.6976451 0.71457225
vn -0.2750862 0.90584767 0.3221299
vn 0.2184415 0.8297654 0.51358813
vn 0.051746886 0.6976451 0.71457225
vn -0.09701631 0.9369097 0.3358392
vn -0.2750862 0.90584767 0.3221299
vn -0.09701631 0.9369097 0.3358392
vn 0.13163947 0.94265544 0.30671114
vn -0.21532425 0.9763646 -0.018643081
vn -0.09701631 0.9369097 0.3358392
vn -0.21532425 0.9763646 -0.018643081
vn -0.2750862 0.90584767 0.3221299
vn -0.21532425 0.9763646 -0.018643081
vn 0.13163947 0.94265544 0.30671114
vn 0.02524613 0.9994884 0.019638002
vn 0.13163947 0.94265544 0.30671114
vn 0.5109523 0.78305185 0.3546232
vn 0.36042598 0.89337003 0.2682969
vn 0.5109523 0.78305185 0.3546232
vn 0.63340545 0.77379495 0.006230831
vn 0.36042598 0.89337003 0.2682969
vn 0.13163947 0.94265544 0.30671114
vn 0.36042598 0.89337003 0.2682969
vn 0.02524613 0.9994884 0.019638002
vn 0.02524613 0.9994884 0.019638002
vn 0.36042598 0.89337003 0.2682969
vn 0.26756418 0.96283257 0.036914587
vn 0.26756418 0.96283257 0.036914587
vn 0.36042598 0.89337003 0.2682969
vn 0.63340545 0.77379495 0.006230831
vn -0.21532425 0.9763646 -0.018643081
vn -0.37251583 0.92648965 -0.05337614
vn -0.2750862 0.90584767 0.3221299
vn -0.37251583 0.92648965 -0.05337614
vn -0.04903658 0.99311477 -0.10638785
vn -0.2750862 0.90584767 0.3221299
vn -0.2750862 0.90584767 0.3221299
vn 0.023363514 0.972295 0.2325865
vn 0.2184415 0.8297654 0.51358813
vn 0.023363514 0.972295 0.2325865
vn -0.2750862 0.90584767 0.3221299
vn -0.04903658 0.99311477 -0.10638785
vn -0.14178675 0.7548027 -0.6404445
vn -0.39224067 0.5023422 -0.7705838
vn 0.002978348 0.6274546 -0.7786474
vn -0.14178675 0.7548027 -0.6404445
vn 0.002978348 0.6274546 -0.7786474
vn 0.02037515 0.9158412 -0.4010232
vn 0.02037515 0.9158412 -0.4010232
vn 0.002978348 0.6274546 -0.7786474
vn 0.2960279 0.840224 -0.45430273
vn 0.02037515 0.9158412 -0.4010232
vn 0.2960279 0.840224 -0.45430273
vn 0.049036 0.9931148 -0.10638744
vn 0.049036 0.9931148 -0.10638744
vn 0.2960279 0.840224 -0.45430273
vn 0.37251526 0.9264897 -0.05337584
vn 0.2960279 0.840224 -0.45430273
vn 0.002978348 0.6274546 -0.7786474
vn 0.1444336 0.91442 -0.37812018
vn 0.2960279 0.840224 -0.45430273
vn 0.1444336 0.91442 -0.37812018
vn 0.37251526 0.9264897 -0.05337584
vn 0.37251526 0.9264897 -0.05337584
vn 0.1444336 0.91442 -0.37812018
vn 0.21532431 0.9763646 -0.018642247
vn 0.002978348 0.6274546 -0.7786474
vn -0.39224067 0.5023422 -0.7705838
vn -0.39953837 0.32935286 -0.85550904
vn -0.39224067 0.5023422 -0.7705838
vn -0.79258096 0.2905204 -0.53610945
vn -0.39953837 0.32935286 -0.85550904
vn 0.002978348 0.6274546 -0.7786474
vn -0.15566188 0.6910151 -0.7058807
vn 0.1444336 0.91442 -0.37812018
vn 0.002978348 0.6274546 -0.7786474
vn -0.39953837 0.32935286 -0.85550904
vn -0.15566188 0.6910151 -0.7058807
vn 0.1444336 0.91442 -0.37812018
vn -0.07413546 0.9510385 -0.30004925
vn 0.21532431 0.9763646 -0.018642247
vn 0.21532431 0.9763646 -0.018642247
vn -0.07413546 0.9510385 -0.30004925
vn -0.02524537 0.9994884 0.019638121
vn 0.1444336 0.91442 -0.37812018
vn -0.15566188 0.6910151 -0.7058807
vn -0.2535625 0.7867941 -0.56272626
vn 0.1444336 0.91442 -0.37812018
vn -0.2535625 0.7867941 -0.56272626
vn -0.07413546 0.9510385 -0.30004925
vn -0.15566188 0.6910151 -0.7058807
vn -0.39953837 0.32935286 -0.85550904
vn -0.5109873 0.40785956 -0.75666547
vn -0.15566188 0.6910151 -0.7058807
vn -0.5109873 0.40785956 -0.75666547
vn -0.2535625 0.7867941 -0.56272626
vn -0.39953837 0.32935286 -0.85550904
vn -0.79258096 0.2905204 -0.53610945
vn -0.82214606 0.051957905 -0.5669005
vn -0.39953837 0.32935286 -0.85550904
vn -0.82214606 0.051957905 -0.5669005
vn -0.5109873 0.40785956 -0.75666547
vn -0.79258096 0.2905204 -0.53610945
vn -0.99803126 0.060159136 -0.01773072
vn -0.82214606 0.051957905 -0.5669005
vn -0.07413546 0.9510385 -0.30004925
vn -0.28526595 0.93051094 -0.22972304
vn -0.02524537 0.9994884 0.019638121
vn -0.02524537 0.9994884 0.019638121
vn -0.28526595 0.93051094 -0.22972304
vn -0.26756448 0.96283245 0.036915302
vn -0.26756448 0.96283245 0.036915302
vn -0.28526595 0.93051094 -0.22972304
vn -0.6334062 0.77379435 0.006230533
vn -0.28526595 0.93051094 -0.22972304
vn -0.07413546 0.9510385 -0.30004925
vn -0.3641245 0.8540534 -0.37149167
vn -0.07413546 0.9510385 -0.30004925
vn -0.2535625 0.7867941 -0.56272626
vn -0.3641245 0.8540534 -0.37149167
vn -0.28526595 0.93051094 -0.22972304
vn -0.3641245 0.8540534 -0.37149167
vn -0.6334062 0.77379435 0.006230533
vn -0.2535625 0.7867941 -0.56272626
vn -0.5109873 0.40785956 -0.75666547
vn -0.5336856 0.59389985 -0.6020486
vn -0.2535625 0.7867941 -0.56272626
vn -0.5336856 0.59389985 -0.6020486
vn -0.3641245 0.8540534 -0.37149167
vn -0.3641245 0.8540534 -0.37149167
vn -0.57512003 0.7252418 -0.3784985
vn -0.6334062 0.77379435 0.006230533
vn -0.3641245 0.8540534 -0.37149167
vn -0.5336856 0.59389985 -0.6020486
vn -0.57512003 0.7252418 -0.3784985
vn -0.57512003 0.7252418 -0.3784985
vn -0.8210342 0.551396 -0.14786905
vn -0.6334062 0.77379435 0.006230533
vn -0.57512003 0.7252418 -0.3784985
vn -0.5336856 0.59389985 -0.6020486
vn -0.8210342 0.551396 -0.14786905
vn -0.5109873 0.40785956 -0.75666547
vn -0.82214606 0.051957905 -0.5669005
vn -0.8497371 0.16617346 -0.50033295
vn -0.5109873 0.40785956 -0.75666547
vn -0.8497371 0.16617346 -0.50033295
vn -0.5336856 0.59389985 -0.6020486
vn -0.5336856 0.59389985 -0.6020486
vn -0.86415464 0.36476415 -0.34667554
vn -0.8210342 0.551396 -0.14786905
vn -0.5336856 0.59389985 -0.6020486
vn -0.8497371 0.16617346 -0.50033295
vn -0.86415464 0.36476415 -0.34667554
vn -0.82214606 0.051957905 -0.5669005
vn -0.99803126 0.060159136 -0.01773072
vn -0.9946317 -0.09862168 -0.03132786
vn -0.82214606 0.051957905 -0.5669005
vn -0.9946317 -0.09862168 -0.03132786
vn -0.8497371 0.16617346 -0.50033295
vn -0.8497371 0.16617346 -0.50033295
vn -0.99963486 0.016895868 -0.021087147
vn -0.86415464 0.36476415 -0.34667554
vn -0.8497371 0.16617346 -0.50033295
vn -0.9946317 -0.09862168 -0.03132786
vn -0.99963486 0.016895868 -0.021087147
vn -0.86415464 0.36476415 -0.34667554
vn -0.96461624 0.252983 0.074263304
vn -0.8210342 0.551396 -0.14786905
vn -0.86415464 0.36476415 -0.34667554
vn -0.99963486 0.016895868 -0.021087147
vn -0.96461624 0.252983 0.074263304
vn -0.8210342 0.551396 -0.14786905
vn -0.8777054 0.4662944 0.110465616
vn -0.6334062 0.77379435 0.006230533
vn -0.8210342 0.551396 -0.14786905
vn -0.96461624 0.252983 0.074263304
vn -0.8777054 0.4662944 0.110465616
vn -0.8777054 0.4662944 0.110465616
vn -0.85502493 0.49151975 0.1653499
vn -0.6334062 0.77379435 0.006230533
vn -0.8777054 0.4662944 0.110465616
vn -0.96461624 0.252983 0.074263304
vn -0.85502493 0.49151975 0.1653499
vn -0.96461624 0.252983 0.074263304
vn -0.99963486 0.016895868 -0.021087147
vn -0.9098029 0.32048032 0.26372552
vn -0.96461624 0.252983 0.074263304
vn -0.9098029 0.32048032 0.26372552
vn -0.85502493 0.49151975 0.1653499
vn -0.85502493 0.49151975 0.1653499
vn -0.7295795 0.6163566 0.29634154
vn -0.6334062 0.77379435 0.006230533
vn -0.85502493 0.49151975 0.1653499
vn -0.9098029 0.32048032 0.26372552
vn -0.7295795 0.6163566 0.29634154
vn -0.99963486 0.016895868 -0.021087147
vn -0.9946317 -0.09862168 -0.03132786
vn -0.8932944 0.13920489 0.42737228
vn -0.99963486 0.016895868 -0.021087147
vn -0.8932944 0.13920489 0.42737228
vn -0.9098029 0.32048032 0.26372552
vn -0.9098029 0.32048032 0.26372552
vn -0.6931343 0.52722526 0.49152637
vn -0.7295795 0.6163566 0.29634154
vn -0.9098029 0.32048032 0.26372552
vn -0.8932944 0.13920489 0.42737228
vn -0.6931343 0.52722526 0.49152637
vn -0.7295795 0.6163566 0.29634154
vn -0.51095337 0.7830505 0.35462448
vn -0.6334062 0.77379435 0.006230533
vn -0.7295795 0.6163566 0.29634154
vn -0.6931343 0.52722526 0.49152637
vn -0.51095337 0.7830505 0.35462448
vn -0.9946317 -0.09862168 -0.03132786
vn -0.99803126 0.060159136 -0.01773072
vn -0.88018113 -0.0004246235 0.4746377
vn -0.9946317 -0.09862168 -0.03132786
vn -0.88018113 -0.0004246235 0.4746377
vn -0.8932944 0.13920489 0.42737228
vn -0.8932944 0.13920489 0.42737228
vn -0.5660753 0.42825943 0.7043809
vn -0.6931343 0.52722526 0.49152637
vn -0.8932944 0.13920489 0.42737228
vn -0.88018113 -0.0004246235 0.4746377
vn -0.5660753 0.42825943 0.7043809
vn -0.6931343 0.52722526 0.49152637
vn -0.36941558 0.7790542 0.5065636
vn -0.51095337 0.7830505 0.35462448
vn -0.6931343 0.52722526 0.49152637
vn -0.5660753 0.42825943 0.7043809
vn -0.36941558 0.7790542 0.5065636
vn -0.99803126 0.060159136 -0.01773072
vn -0.8912409 0.11567631 0.43853003
vn -0.88018113 -0.0004246235 0.4746377
vn -0.88018113 -0.0004246235 0.4746377
vn -0.502493 0.33144695 0.7985258
vn -0.5660753 0.42825943 0.7043809
vn -0.88018113 -0.0004246235 0.4746377
vn -0.8912409 0.11567631 0.43853003
vn -0.502493 0.33144695 0.7985258
vn -0.8912409 0.11567631 0.43853003
vn -0.5309283 0.561196 0.6349598
vn -0.502493 0.33144695 0.7985258
vn -0.5660753 0.42825943 0.7043809
vn -0.20688744 0.73216367 0.6489483
vn -0.36941558 0.7790542 0.5065636
vn -0.5660753 0.42825943 0.7043809
vn -0.502493 0.33144695 0.7985258
vn -0.20688744 0.73216367 0.6489483
vn -0.502493 0.33144695 0.7985258
vn -0.5309283 0.561196 0.6349598
vn -0.051747065 0.69764507 0.71457237
vn -0.502493 0.33144695 0.7985258
vn -0.051747065 0.69764507 0.71457237
vn -0.20688744 0.73216367 0.6489483
vn -0.5309283 0.561196 0.6349598
vn -0.21844201 0.82976514 0.5135882
vn -0.051747065 0.69764507 0.71457237
vn -0.36941558 0.7790542 0.5065636
vn -0.13163954 0.9426546 0.30671328
vn -0.51095337 0.7830505 0.35462448
vn -0.36941558 0.7790542 0.5065636
vn -0.20688744 0.73216367 0.6489483
vn -0.13163954 0.9426546 0.30671328
vn -0.20688744 0.73216367 0.6489483
vn -0.051747065 0.69764507 0.71457237
vn 0.09701656 0.9369097 0.3358394
vn -0.20688744 0.73216367 0.6489483
vn 0.09701656 0.9369097 0.3358394
vn -0.13163954 0.9426546 0.30671328
vn -0.051747065 0.69764507 0.71457237
vn -0.21844201 0.82976514 0.5135882
vn 0.27508566 0.9058478 0.32213014
vn -0.051747065 0.69764507 0.71457237
vn 0.27508566 0.9058478 0.32213014
vn 0.09701656 0.9369097 0.3358394
vn 0.09701656 0.9369097 0.3358394
vn 0.21532431 0.9763646 -0.018642247
vn -0.13163954 0.9426546 0.30671328
vn 0.09701656 0.9369097 0.3358394
vn 0.27508566 0.9058478 0.32213014
vn 0.21532431 0.9763646 -0.018642247
vn 0.21532431 0.9763646 -0.018642247
vn -0.02524537 0.9994884 0.019638121
vn -0.13163954 0.9426546 0.30671328
vn -0.13163954 0.9426546 0.30671328
vn -0.3604262 0.8933698 0.26829696
vn -0.51095337 0.7830505 0.35462448
vn -0.51095337 0.7830505 0.35462448
vn -0.3604262 0.8933698 0.26829696
vn -0.6334062 0.77379435 0.006230533
vn -0.13163954 0.9426546 0.30671328
vn -0.02524537 0.9994884 0.019638121
vn -0.3604262 0.8933698 0.26829696
vn -0.3604262 0.8933698 0.26829696
vn -0.26756448 0.96283245 0.036915302
vn -0.6334062 0.77379435 0.006230533
vn -0.26756448 0.96283245 0.036915302
vn -0.3604262 0.8933698 0.26829696
vn -0.02524537 0.9994884 0.019638121
vn 0.21532431 0.9763646 -0.018642247
vn 0.27508566 0.9058478 0.32213014
vn 0.37251526 0.9264897 -0.05337584
vn 0.37251526 0.9264897 -0.05337584
vn 0.27508566 0.9058478 0.32213014
vn 0.049036 0.9931148 -0.10638744
vn 0.049036 0.9931148 -0.10638744
vn 0.27508566 0.9058478 0.32213014
vn -0.02336443 0.972295 0.23258668
vn -0.02336443 0.972295 0.23258668
vn 0.27508566 0.9058478 0.32213014
vn -0.21844201 0.82976514 0.5135882
vn 0.5335271 -0.6344918 0.5592576
vn 0.48216096 -0.74382424 0.46286744
vn 0.8790739 -0.40576133 -0.2501737
vn 0.5335271 -0.6344918 0.5592576
vn -0.28041062 -0.57891715 0.76565325
vn 0.48216096 -0.74382424 0.46286744
vn 0.48216096 -0.74382424 0.46286744
vn 0.76838154 -0.5742148 -0.28260776
vn 0.8790739 -0.40576133 -0.2501737
vn 0.8790739 -0.40576133 -0.2501737
vn 0.76838154 -0.5742148 -0.28260776
vn 0.26178282 -0.20674413 -0.9427229
vn 0.48216096 -0.74382424 0.46286744
vn -0.28041062 -0.57891715 0.76565325
vn -0.25061262 -0.6877761 0.68129086
vn -0.28041062 -0.57891715 0.76565325
vn -0.89894074 -0.36332166 0.24475065
vn -0.25061262 -0.6877761 0.68129086
vn 0.48216096 -0.74382424 0.46286744
vn -0.20257285 -0.91980636 -0.33603603
vn 0.76838154 -0.5742148 -0.28260776
vn 0.48216096 -0.74382424 0.46286744
vn -0.25061262 -0.6877761 0.68129086
vn -0.20257285 -0.91980636 -0.33603603
vn -0.25061262 -0.6877761 0.68129086
vn -0.89894074 -0.36332166 0.24475065
vn -0.8701177 -0.4746825 0.13255787
vn -0.25061262 -0.6877761 0.68129086
vn -0.8701177 -0.4746825 0.13255787
vn -0.20257285 -0.91980636 -0.33603603
vn -0.89894074 -0.36332166 0.24475065
vn -0.6967015 -0.048656225 -0.71570903
vn -0.8701177 -0.4746825 0.13255787
vn -0.8701177 -0.4746825 0.13255787
vn -0.64727604 -0.13923925 -0.7494305
vn -0.20257285 -0.91980636 -0.33603603
vn -0.8701177 -0.4746825 0.13255787
vn -0.6967015 -0.048656225 -0.71570903
vn -0.64727604 -0.13923925 -0.7494305
vn -0.64727604 -0.13923925 -0.7494305
vn 0.21677461 -0.315126 -0.9239612
vn -0.20257285 -0.91980636 -0.33603603
vn 0.21677461 -0.315126 -0.9239612
vn -0.6967015 -0.048656225 -0.71570903
vn 0.26178282 -0.20674413 -0.9427229
vn 0.21677461 -0.315126 -0.9239612
vn 0.76838154 -0.5742148 -0.28260776
vn -0.20257285 -0.91980636 -0.33603603
vn 0.21677461 -0.315126 -0.9239612
vn -0.64727604 -0.13923925 -0.7494305
vn -0.6967015 -0.048656225 -0.71570903
vn 0.21677461 -0.315126 -0.9239612
vn 0.26178282 -0.20674413 -0.9427229
vn 0.76838154 -0.5742148 -0.28260776
vn -0.53352726 -0.63449186 0.5592572
vn -0.879074 -0.40576103 -0.25017393
vn -0.48216096 -0.74382406 0.4628675
vn -0.53352726 -0.63449186 0.5592572
vn -0.48216096 -0.74382406 0.4628675
vn 0.28041056 -0.57891715 0.76565325
vn 0.28041056 -0.57891715 0.76565325
vn -0.48216096 -0.74382406 0.4628675
vn 0.25061262 -0.6877761 0.681291
vn 0.28041056 -0.57891715 0.76565325
vn 0.25061262 -0.6877761 0.681291
vn 0.8989406 -0.36332184 0.24475095
vn -0.48216096 -0.74382406 0.4628675
vn -0.879074 -0.40576103 -0.25017393
vn -0.7683818 -0.5742146 -0.28260753
vn -0.879074 -0.40576103 -0.25017393
vn -0.26178274 -0.20674413 -0.9427231
vn -0.7683818 -0.5742146 -0.28260753
vn -0.48216096 -0.74382406 0.4628675
vn 0.20257273 -0.9198064 -0.33603603
vn 0.25061262 -0.6877761 0.681291
vn -0.48216096 -0.74382406 0.4628675
vn -0.7683818 -0.5742146 -0.28260753
vn 0.20257273 -0.9198064 -0.33603603
vn -0.7683818 -0.5742146 -0.28260753
vn -0.26178274 -0.20674413 -0.9427231
vn -0.21677513 -0.31512612 -0.92396104
vn -0.7683818 -0.5742146 -0.28260753
vn -0.21677513 -0.31512612 -0.92396104
vn 0.20257273 -0.9198064 -0.33603603
vn -0.26178274 -0.20674413 -0.9427231
vn 0.6967019 -0.04865676 -0.7157087
vn -0.21677513 -0.31512612 -0.92396104
vn -0.21677513 -0.31512612 -0.92396104
vn 0.6472759 -0.13923949 -0.74943054
vn 0.20257273 -0.9198064 -0.33603603
vn -0.21677513 -0.31512612 -0.92396104
vn 0.6967019 -0.04865676 -0.7157087
vn 0.6472759 -0.13923949 -0.74943054
vn 0.6472759 -0.13923949 -0.74943054
vn 0.87011766 -0.47468272 0.13255796
vn 0.20257273 -0.9198064 -0.33603603
vn 0.87011766 -0.47468272 0.13255796
vn 0.8989406 -0.36332184 0.24475095
vn 0.25061262 -0.6877761 0.681291
vn 0.87011766 -0.47468272 0.13255796
vn 0.6472759 -0.13923949 -0.74943054
vn 0.6967019 -0.04865676 -0.7157087
vn 0.87011766 -0.47468272 0.13255796
vn 0.25061262 -0.6877761 0.681291
vn 0.20257273 -0.9198064 -0.33603603
vn 0.87011766 -0.47468272 0.13255796
vn 0.6967019 -0.04865676 -0.7157087
vn 0.8989406 -0.36332184 0.24475095
vn -0.16739397 -0.88385725 -0.43677855
vn -0.23743849 -0.9385128 -0.25063223
vn 0.45438096 -0.8851304 -0.10040879
vn -0.16739397 -0.88385725 -0.43677855
vn -0.15596765 -0.9515594 -0.26496935
vn -0.23743849 -0.9385128 -0.25063223
vn -0.16739397 -0.88385725 -0.43677855
vn 0.45438096 -0.8851304 -0.10040879
vn 0.42766127 -0.770286 -0.47303835
vn -0.16739397 -0.88385725 -0.43677855
vn -0.1252485 -0.8789346 -0.46020302
vn -0.15596765 -0.9515594 -0.26496935
vn -0.16739397 -0.88385725 -0.43677855
vn 0.42766127 -0.770286 -0.47303835
vn 0.14169781 -0.6467695 -0.749407
vn -0.16739397 -0.88385725 -0.43677855
vn -0.08577828 -0.6914112 -0.717351
vn -0.1252485 -0.8789346 -0.46020302
vn -0.16739397 -0.88385725 -0.43677855
vn 0.14169781 -0.6467695 -0.749407
vn -0.109878436 -0.66134727 -0.74198806
vn -0.16739397 -0.88385725 -0.43677855
vn -0.109878436 -0.66134727 -0.74198806
vn -0.08577828 -0.6914112 -0.717351
vn -0.15596765 -0.9515594 -0.26496935
vn -0.1252485 -0.8789346 -0.46020302
vn -0.073578626 -0.8805328 -0.46823922
vn -0.15596765 -0.9515594 -0.26496935
vn -0.073578626 -0.8805328 -0.46823922
vn -0.077087685 -0.9611632 -0.26499546
vn 0.14169781 -0.6467695 -0.749407
vn -0.0281488 -0.16681153 -0.9855869
vn -0.109878436 -0.66134727 -0.74198806
vn -0.08577828 -0.6914112 -0.717351
vn -0.050608054 -0.6944602 -0.717749
vn -0.1252485 -0.8789346 -0.46020302
vn -0.08577828 -0.6914112 -0.717351
vn -0.109878436 -0.66134727 -0.74198806
vn -0.13703212 -0.3669678 -0.92008513
vn -0.08577828 -0.6914112 -0.717351
vn -0.06556167 -0.40346646 -0.91264254
vn -0.050608054 -0.6944602 -0.717749
vn -0.08577828 -0.6914112 -0.717351
vn -0.13703212 -0.3669678 -0.92008513
vn -0.06556167 -0.40346646 -0.91264254
vn -0.1252485 -0.8789346 -0.46020302
vn -0.050608054 -0.6944602 -0.717749
vn -0.073578626 -0.8805328 -0.46823922
vn -0.077087685 -0.9611632 -0.26499546
vn -0.073578626 -0.8805328 -0.46823922
vn -8.390929E-09 -0.88495004 -0.46568564
vn -0.077087685 -0.9611632 -0.26499546
vn -8.390929E-09 -0.88495004 -0.46568564
vn 0 -0.964077 -0.26562285
vn -0.0281488 -0.16681153 -0.9855869
vn -0.13358834 -0.20251083 -0.9701255
vn -0.109878436 -0.66134727 -0.74198806
vn -0.0281488 -0.16681153 -0.9855869
vn -0.4214402 0.059506297 -0.9049017
vn -0.13358834 -0.20251083 -0.9701255
vn -0.109878436 -0.66134727 -0.74198806
vn -0.13358834 -0.20251083 -0.9701255
vn -0.13703212 -0.3669678 -0.92008513
vn -0.06556167 -0.40346646 -0.91264254
vn 3.0037375E-09 -0.41921413 -0.90788746
vn -0.050608054 -0.6944602 -0.717749
vn -0.06556167 -0.40346646 -0.91264254
vn -0.13703212 -0.3669678 -0.92008513
vn -0.09020792 -0.11415982 -0.98935837
vn -0.06556167 -0.40346646 -0.91264254
vn 3.6298895E-09 -0.124963045 -0.99216133
vn 3.0037375E-09 -0.41921413 -0.90788746
vn -0.06556167 -0.40346646 -0.91264254
vn -0.09020792 -0.11415982 -0.98935837
vn 3.6298895E-09 -0.124963045 -0.99216133
vn -0.073578626 -0.8805328 -0.46823922
vn -3.3316376E-09 -0.69883156 -0.7152862
vn -8.390929E-09 -0.88495004 -0.46568564
vn -0.073578626 -0.8805328 -0.46823922
vn -0.050608054 -0.6944602 -0.717749
vn -3.3316376E-09 -0.69883156 -0.7152862
vn -0.050608054 -0.6944602 -0.717749
vn 3.0037375E-09 -0.41921413 -0.90788746
vn -3.3316376E-09 -0.69883156 -0.7152862
vn 0 -0.964077 -0.26562285
vn -8.390929E-09 -0.88495004 -0.46568564
vn 0.077087685 -0.9611632 -0.26499546
vn -0.4214402 0.059506297 -0.9049017
vn -0.4455279 0.10059345 -0.88959867
vn -0.13358834 -0.20251083 -0.9701255
vn -0.4214402 0.059506297 -0.9049017
vn -0.73696554 0.2281233 -0.6362716
vn -0.4455279 0.10059345 -0.88959867
vn -0.13703212 -0.3669678 -0.92008513
vn -0.17967744 -0.07471126 -0.9808844
vn -0.09020792 -0.11415982 -0.98935837
vn -0.13703212 -0.3669678 -0.92008513
vn -0.13358834 -0.20251083 -0.9701255
vn -0.17967744 -0.07471126 -0.9808844
vn 3.6298895E-09 -0.124963045 -0.99216133
vn 0.06556167 -0.40346646 -0.91264254
vn 3.0037375E-09 -0.41921413 -0.90788746
vn 3.6298895E-09 -0.124963045 -0.99216133
vn -0.09020792 -0.11415982 -0.98935837
vn -1.223466E-09 0.24482167 -0.9695681
vn 3.6298895E-09 -0.124963045 -0.99216133
vn 0.09020792 -0.1141597 -0.98935837
vn 0.06556167 -0.40346646 -0.91264254
vn 3.6298895E-09 -0.124963045 -0.99216133
vn -1.223466E-09 0.24482167 -0.9695681
vn 0.09020792 -0.1141597 -0.98935837
vn -3.3316376E-09 -0.69883156 -0.7152862
vn 0.0735785 -0.880533 -0.46823922
vn -8.390929E-09 -0.88495004 -0.46568564
vn -3.3316376E-09 -0.69883156 -0.7152862
vn 3.0037375E-09 -0.41921413 -0.90788746
vn 0.050608035 -0.6944602 -0.71774924
vn -3.3316376E-09 -0.69883156 -0.7152862
vn 0.050608035 -0.6944602 -0.71774924
vn 0.0735785 -0.880533 -0.46823922
vn 3.0037375E-09 -0.41921413 -0.90788746
vn 0.06556167 -0.40346646 -0.91264254
vn 0.050608035 -0.6944602 -0.71774924
vn -8.390929E-09 -0.88495004 -0.46568564
vn 0.0735785 -0.880533 -0.46823922
vn 0.077087685 -0.9611632 -0.26499546
vn -0.73696554 0.2281233 -0.6362716
vn -0.71487856 0.3035499 -0.6299255
vn -0.4455279 0.10059345 -0.88959867
vn -0.73696554 0.2281233 -0.6362716
vn -0.8880058 0.28456494 -0.3612043
vn -0.71487856 0.3035499 -0.6299255
vn -0.73696554 0.2281233 -0.6362716
vn -0.94025195 0.16365175 -0.29857063
vn -0.8880058 0.28456494 -0.3612043
vn -0.13358834 -0.20251083 -0.9701255
vn -0.29682124 0.010989308 -0.95486987
vn -0.17967744 -0.07471126 -0.9808844
vn -0.13358834 -0.20251083 -0.9701255
vn -0.4455279 0.10059345 -0.88959867
vn -0.29682124 0.010989308 -0.95486987
vn -0.09020792 -0.11415982 -0.98935837
vn -0.10314889 0.24287754 -0.96455735
vn -1.223466E-09 0.24482167 -0.9695681
vn -0.09020792 -0.11415982 -0.98935837
vn -0.17967744 -0.07471126 -0.9808844
vn -0.10314889 0.24287754 -0.96455735
vn 0.09020792 -0.1141597 -0.98935837
vn 0.13703212 -0.3669678 -0.92008513
vn 0.06556167 -0.40346646 -0.91264254
vn 0.09020792 -0.1141597 -0.98935837
vn -1.223466E-09 0.24482167 -0.9695681
vn 0.10314888 0.24287754 -0.9645574
vn 0.09020792 -0.1141597 -0.98935837
vn 0.17967746 -0.07471126 -0.9808844
vn 0.13703212 -0.3669678 -0.92008513
vn 0.09020792 -0.1141597 -0.98935837
vn 0.10314888 0.24287754 -0.9645574
vn 0.17967746 -0.07471126 -0.9808844
vn 0.050608035 -0.6944602 -0.71774924
vn 0.12524836 -0.87893474 -0.4602028
vn 0.0735785 -0.880533 -0.46823922
vn 0.050608035 -0.6944602 -0.71774924
vn 0.06556167 -0.40346646 -0.91264254
vn 0.085778266 -0.69141126 -0.71735114
vn 0.050608035 -0.6944602 -0.71774924
vn 0.085778266 -0.69141126 -0.71735114
vn 0.12524836 -0.87893474 -0.4602028
vn 0.06556167 -0.40346646 -0.91264254
vn 0.13703212 -0.3669678 -0.92008513
vn 0.085778266 -0.69141126 -0.71735114
vn 0.077087685 -0.9611632 -0.26499546
vn 0.0735785 -0.880533 -0.46823922
vn 0.15596762 -0.9515594 -0.26496923
vn 0.0735785 -0.880533 -0.46823922
vn 0.12524836 -0.87893474 -0.4602028
vn 0.15596762 -0.9515594 -0.26496923
vn -0.71487856 0.3035499 -0.6299255
vn -0.8880058 0.28456494 -0.3612043
vn -0.7978129 0.43991923 -0.41226873
vn -0.71487856 0.3035499 -0.6299255
vn -0.53189355 0.23045683 -0.814849
vn -0.4455279 0.10059345 -0.88959867
vn -0.71487856 0.3035499 -0.6299255
vn -0.7978129 0.43991923 -0.41226873
vn -0.708412 0.3835199 -0.5925073
vn -0.71487856 0.3035499 -0.6299255
vn -0.708412 0.3835199 -0.5925073
vn -0.53189355 0.23045683 -0.814849
vn -0.4455279 0.10059345 -0.88959867
vn -0.53189355 0.23045683 -0.814849
vn -0.29682124 0.010989308 -0.95486987
vn -0.17967744 -0.07471126 -0.9808844
vn -0.21247737 0.27532142 -0.93757737
vn -0.10314889 0.24287754 -0.96455735
vn -0.17967744 -0.07471126 -0.9808844
vn -0.29682124 0.010989308 -0.95486987
vn -0.21247737 0.27532142 -0.93757737
vn -1.223466E-09 0.24482167 -0.9695681
vn 3.6123202E-09 0.5699673 -0.82166743
vn 0.10314888 0.24287754 -0.9645574
vn -1.223466E-09 0.24482167 -0.9695681
vn -0.10314889 0.24287754 -0.96455735
vn 3.6123202E-09 0.5699673 -0.82166743
vn 0.17967746 -0.07471126 -0.9808844
vn 0.13358833 -0.20251083 -0.9701255
vn 0.13703212 -0.3669678 -0.92008513
vn 0.17967746 -0.07471126 -0.9808844
vn 0.10314888 0.24287754 -0.9645574
vn 0.21247736 0.27532142 -0.93757737
vn 0.17967746 -0.07471126 -0.9808844
vn 0.29682124 0.010989308 -0.95486987
vn 0.13358833 -0.20251083 -0.9701255
vn 0.17967746 -0.07471126 -0.9808844
vn 0.21247736 0.27532142 -0.93757737
vn 0.29682124 0.010989308 -0.95486987
vn 0.085778266 -0.69141126 -0.71735114
vn 0.16739388 -0.88385725 -0.43677858
vn 0.12524836 -0.87893474 -0.4602028
vn 0.085778266 -0.69141126 -0.71735114
vn 0.13703212 -0.3669678 -0.92008513
vn 0.10987807 -0.66134703 -0.7419883
vn 0.085778266 -0.69141126 -0.71735114
vn 0.10987807 -0.66134703 -0.7419883
vn 0.16739388 -0.88385725 -0.43677858
vn 0.13703212 -0.3669678 -0.92008513
vn 0.13358833 -0.20251083 -0.9701255
vn 0.10987807 -0.66134703 -0.7419883
vn 0.12524836 -0.87893474 -0.4602028
vn 0.16739388 -0.88385725 -0.43677858
vn 0.15596762 -0.9515594 -0.26496923
vn -0.7978129 0.43991923 -0.41226873
vn -0.70756847 0.58705604 -0.39333457
vn -0.708412 0.3835199 -0.5925073
vn -0.53189355 0.23045683 -0.814849
vn -0.3415616 0.32467318 -0.88199925
vn -0.29682124 0.010989308 -0.95486987
vn -0.53189355 0.23045683 -0.814849
vn -0.708412 0.3835199 -0.5925073
vn -0.54160243 0.39361003 -0.7427905
vn -0.53189355 0.23045683 -0.814849
vn -0.54160243 0.39361003 -0.7427905
vn -0.3415616 0.32467318 -0.88199925
vn -0.29682124 0.010989308 -0.95486987
vn -0.3415616 0.32467318 -0.88199925
vn -0.21247737 0.27532142 -0.93757737
vn -0.10314889 0.24287754 -0.96455735
vn -0.11269761 0.5766219 -0.8092009
vn 3.6123202E-09 0.5699673 -0.82166743
vn -0.10314889 0.24287754 -0.96455735
vn -0.21247737 0.27532142 -0.93757737
vn -0.11269761 0.5766219 -0.8092009
vn 0.10314888 0.24287754 -0.9645574
vn 0.1126976 0.57662183 -0.8092011
vn 0.21247736 0.27532142 -0.93757737
vn 0.10314888 0.24287754 -0.9645574
vn 3.6123202E-09 0.5699673 -0.82166743
vn 0.1126976 0.57662183 -0.8092011
vn 0.29682124 0.010989308 -0.95486987
vn 0.44552794 0.10059345 -0.88959867
vn 0.13358833 -0.20251083 -0.9701255
vn 0.29682124 0.010989308 -0.95486987
vn 0.21247736 0.27532142 -0.93757737
vn 0.3415616 0.32467306 -0.88199943
vn 0.29682124 0.010989308 -0.95486987
vn 0.53189355 0.23045689 -0.81484896
vn 0.44552794 0.10059345 -0.88959867
vn 0.29682124 0.010989308 -0.95486987
vn 0.3415616 0.32467306 -0.88199943
vn 0.53189355 0.23045689 -0.81484896
vn 0.10987807 -0.66134703 -0.7419883
vn -0.14169838 -0.64676946 -0.7494071
vn 0.16739388 -0.88385725 -0.43677858
vn 0.10987807 -0.66134703 -0.7419883
vn 0.13358833 -0.20251083 -0.9701255
vn 0.028148782 -0.1668114 -0.98558694
vn 0.10987807 -0.66134703 -0.7419883
vn 0.028148782 -0.1668114 -0.98558694
vn -0.14169838 -0.64676946 -0.7494071
vn 0.15596762 -0.9515594 -0.26496923
vn 0.16739388 -0.88385725 -0.43677858
vn 0.23743804 -0.9385131 -0.2506321
vn -0.70756847 0.58705604 -0.39333457
vn -0.6817099 0.5118512 -0.5227619
vn -0.708412 0.3835199 -0.5925073
vn -0.70756847 0.58705604 -0.39333457
vn -0.58549416 0.7213563 -0.36992115
vn -0.6817099 0.5118512 -0.5227619
vn -0.708412 0.3835199 -0.5925073
vn -0.6817099 0.5118512 -0.5227619
vn -0.54160243 0.39361003 -0.7427905
vn -0.3415616 0.32467318 -0.88199925
vn -0.23236114 0.5929423 -0.77099144
vn -0.21247737 0.27532142 -0.93757737
vn -0.3415616 0.32467318 -0.88199925
vn -0.54160243 0.39361003 -0.7427905
vn -0.33093658 0.5994546 -0.7287902
vn -0.3415616 0.32467318 -0.88199925
vn -0.33093658 0.5994546 -0.7287902
vn -0.23236114 0.5929423 -0.77099144
vn -0.21247737 0.27532142 -0.93757737
vn -0.23236114 0.5929423 -0.77099144
vn -0.11269761 0.5766219 -0.8092009
vn 3.6123202E-09 0.5699673 -0.82166743
vn 2.4160445E-09 0.7999743 -0.60003406
vn 0.1126976 0.57662183 -0.8092011
vn 3.6123202E-09 0.5699673 -0.82166743
vn -0.11269761 0.5766219 -0.8092009
vn 2.4160445E-09 0.7999743 -0.60003406
vn 0.21247736 0.27532142 -0.93757737
vn 0.23236112 0.59294224 -0.77099144
vn 0.3415616 0.32467306 -0.88199943
vn 0.21247736 0.27532142 -0.93757737
vn 0.1126976 0.57662183 -0.8092011
vn 0.23236112 0.59294224 -0.77099144
vn 0.44552794 0.10059345 -0.88959867
vn 0.53189355 0.23045689 -0.81484896
vn 0.71487856 0.30354998 -0.6299254
vn 0.44552794 0.10059345 -0.88959867
vn 0.4214403 0.059506357 -0.9049017
vn 0.13358833 -0.20251083 -0.9701255
vn 0.44552794 0.10059345 -0.88959867
vn 0.71487856 0.30354998 -0.6299254
vn 0.7369655 0.22812337 -0.6362716
vn 0.44552794 0.10059345 -0.88959867
vn 0.7369655 0.22812337 -0.6362716
vn 0.4214403 0.059506357 -0.9049017
vn 0.4214403 0.059506357 -0.9049017
vn 0.028148782 -0.1668114 -0.98558694
vn 0.13358833 -0.20251083 -0.9701255
vn -0.14169838 -0.64676946 -0.7494071
vn -0.42766103 -0.77028596 -0.47303826
vn 0.16739388 -0.88385725 -0.43677858
vn 0.23743804 -0.9385131 -0.2506321
vn 0.16739388 -0.88385725 -0.43677858
vn -0.45438153 -0.8851302 -0.10040861
vn -0.45438153 -0.8851302 -0.10040861
vn 0.16739388 -0.88385725 -0.43677858
vn -0.42766103 -0.77028596 -0.47303826
vn -0.58549416 0.7213563 -0.36992115
vn -0.5519416 0.6823455 -0.479338
vn -0.6817099 0.5118512 -0.5227619
vn -0.58549416 0.7213563 -0.36992115
vn -0.43805787 0.8175369 -0.37381637
vn -0.5519416 0.6823455 -0.479338
vn -0.54160243 0.39361003 -0.7427905
vn -0.4764298 0.5782598 -0.66229165
vn -0.33093658 0.5994546 -0.7287902
vn -0.54160243 0.39361003 -0.7427905
vn -0.6817099 0.5118512 -0.5227619
vn -0.4764298 0.5782598 -0.66229165
vn -0.6817099 0.5118512 -0.5227619
vn -0.5519416 0.6823455 -0.479338
vn -0.4764298 0.5782598 -0.66229165
vn -0.23236114 0.5929423 -0.77099144
vn -0.13619713 0.7985578 -0.5863069
vn -0.11269761 0.5766219 -0.8092009
vn -0.23236114 0.5929423 -0.77099144
vn -0.33093658 0.5994546 -0.7287902
vn -0.25437412 0.786207 -0.5631804
vn -0.23236114 0.5929423 -0.77099144
vn -0.25437412 0.786207 -0.5631804
vn -0.13619713 0.7985578 -0.5863069
vn -0.11269761 0.5766219 -0.8092009
vn -0.13619713 0.7985578 -0.5863069
vn 2.4160445E-09 0.7999743 -0.60003406
vn 0.3415616 0.32467306 -0.88199943
vn 0.23236112 0.59294224 -0.77099144
vn 0.33093652 0.59945464 -0.7287902
vn 0.3415616 0.32467306 -0.88199943
vn 0.54160255 0.3936101 -0.7427906
vn 0.53189355 0.23045689 -0.81484896
vn 0.3415616 0.32467306 -0.88199943
vn 0.33093652 0.59945464 -0.7287902
vn 0.54160255 0.3936101 -0.7427906
vn 0.1126976 0.57662183 -0.8092011
vn 2.4160445E-09 0.7999743 -0.60003406
vn 0.13619713 0.7985578 -0.5863069
vn 0.1126976 0.57662183 -0.8092011
vn 0.13619713 0.7985578 -0.5863069
vn 0.23236112 0.59294224 -0.77099144
vn 0.71487856 0.30354998 -0.6299254
vn 0.8880058 0.284565 -0.3612043
vn 0.7369655 0.22812337 -0.6362716
vn 0.71487856 0.30354998 -0.6299254
vn 0.53189355 0.23045689 -0.81484896
vn 0.7084121 0.38351983 -0.59250724
vn 0.71487856 0.30354998 -0.6299254
vn 0.7978128 0.43991935 -0.4122688
vn 0.8880058 0.284565 -0.3612043
vn 0.71487856 0.30354998 -0.6299254
vn 0.7084121 0.38351983 -0.59250724
vn 0.7978128 0.43991935 -0.4122688
vn 0.53189355 0.23045689 -0.81484896
vn 0.54160255 0.3936101 -0.7427906
vn 0.7084121 0.38351983 -0.59250724
vn -0.43805787 0.8175369 -0.37381637
vn -0.37782738 0.7685185 -0.516358
vn -0.5519416 0.6823455 -0.479338
vn -0.43805787 0.8175369 -0.37381637
vn -0.28286704 0.87475336 -0.3934371
vn -0.37782738 0.7685185 -0.516358
vn -0.37782738 0.7685185 -0.516358
vn -0.4764298 0.5782598 -0.66229165
vn -0.5519416 0.6823455 -0.479338
vn -0.37782738 0.7685185 -0.516358
vn -0.25437412 0.786207 -0.5631804
vn -0.33093658 0.5994546 -0.7287902
vn -0.37782738 0.7685185 -0.516358
vn -0.28286704 0.87475336 -0.3934371
vn -0.25437412 0.786207 -0.5631804
vn -0.37782738 0.7685185 -0.516358
vn -0.33093658 0.5994546 -0.7287902
vn -0.4764298 0.5782598 -0.66229165
vn -0.13619713 0.7985578 -0.5863069
vn 0 0.9171032 -0.3986501
vn 2.4160445E-09 0.7999743 -0.60003406
vn -0.13619713 0.7985578 -0.5863069
vn -0.25437412 0.786207 -0.5631804
vn -0.13555995 0.9055309 -0.40204114
vn -0.13619713 0.7985578 -0.5863069
vn -0.13555995 0.9055309 -0.40204114
vn 0 0.9171032 -0.3986501
vn -0.13555995 0.9055309 -0.40204114
vn -0.25437412 0.786207 -0.5631804
vn -0.28286704 0.87475336 -0.3934371
vn 2.4160445E-09 0.7999743 -0.60003406
vn 0 0.9171032 -0.3986501
vn 0.13619713 0.7985578 -0.5863069
vn 0.33093652 0.59945464 -0.7287902
vn 0.23236112 0.59294224 -0.77099144
vn 0.25437412 0.78620696 -0.5631805
vn 0.33093652 0.59945464 -0.7287902
vn 0.47642976 0.5782598 -0.6622916
vn 0.54160255 0.3936101 -0.7427906
vn 0.33093652 0.59945464 -0.7287902
vn 0.25437412 0.78620696 -0.5631805
vn 0.37782738 0.7685185 -0.516358
vn 0.33093652 0.59945464 -0.7287902
vn 0.37782738 0.7685185 -0.516358
vn 0.47642976 0.5782598 -0.6622916
vn 0.23236112 0.59294224 -0.77099144
vn 0.13619713 0.7985578 -0.5863069
vn 0.25437412 0.78620696 -0.5631805
vn 0.7369655 0.22812337 -0.6362716
vn 0.8880058 0.284565 -0.3612043
vn 0.94025195 0.1636517 -0.29857063
vn 0.7978128 0.43991935 -0.4122688
vn 0.7084121 0.38351983 -0.59250724
vn 0.7075685 0.5870559 -0.39333445
vn 0 0.9171032 -0.3986501
vn 0.13555995 0.9055309 -0.40204114
vn 0.13619713 0.7985578 -0.5863069
vn 0.13619713 0.7985578 -0.5863069
vn 0.13555995 0.9055309 -0.40204114
vn 0.25437412 0.78620696 -0.5631805
vn 0.54160255 0.3936101 -0.7427906
vn 0.47642976 0.5782598 -0.6622916
vn 0.68171 0.51185125 -0.5227617
vn 0.54160255 0.3936101 -0.7427906
vn 0.68171 0.51185125 -0.5227617
vn 0.7084121 0.38351983 -0.59250724
vn 0.7084121 0.38351983 -0.59250724
vn 0.68171 0.51185125 -0.5227617
vn 0.7075685 0.5870559 -0.39333445
vn 0.37782738 0.7685185 -0.516358
vn 0.25437412 0.78620696 -0.5631805
vn 0.28286704 0.87475336 -0.3934371
vn 0.37782738 0.7685185 -0.516358
vn 0.5519416 0.6823455 -0.479338
vn 0.47642976 0.5782598 -0.6622916
vn 0.37782738 0.7685185 -0.516358
vn 0.28286704 0.87475336 -0.3934371
vn 0.4380579 0.8175369 -0.37381637
vn 0.37782738 0.7685185 -0.516358
vn 0.4380579 0.8175369 -0.37381637
vn 0.5519416 0.6823455 -0.479338
vn 0.28286704 0.87475336 -0.3934371
vn 0.25437412 0.78620696 -0.5631805
vn 0.13555995 0.9055309 -0.40204114
vn 0.47642976 0.5782598 -0.6622916
vn 0.5519416 0.6823455 -0.479338
vn 0.68171 0.51185125 -0.5227617
vn 0.7075685 0.5870559 -0.39333445
vn 0.68171 0.51185125 -0.5227617
vn 0.58549416 0.7213563 -0.3699212
vn 0.58549416 0.7213563 -0.3699212
vn 0.5519416 0.6823455 -0.479338
vn 0.4380579 0.8175369 -0.37381637
vn 0.58549416 0.7213563 -0.3699212
vn 0.68171 0.51185125 -0.5227617
vn 0.5519416 0.6823455 -0.479338
vn 0.14229047 -0.9080503 0.39395177
vn 0.06405785 -0.91841507 0.39039767
vn 0.2267263 -0.95286757 0.20159
vn 0.06405785 -0.91841507 0.39039767
vn 0.090967745 -0.9706613 0.22257942
vn 0.2267263 -0.95286757 0.20159
vn 0.06405785 -0.91841507 0.39039767
vn -5.393617E-09 -0.9179486 0.39669943
vn 0.090967745 -0.9706613 0.22257942
vn 0.2267263 -0.95286757 0.20159
vn 0.090967745 -0.9706613 0.22257942
vn 0.23990117 -0.96425474 0.11251807
vn 0.2267263 -0.95286757 0.20159
vn 0.23990117 -0.96425474 0.11251807
vn 0.4094112 -0.8893319 0.20364505
vn -5.393617E-09 -0.9179486 0.39669943
vn -5.9457805E-10 -0.97213215 0.23443371
vn 0.090967745 -0.9706613 0.22257942
vn 0.23990117 -0.96425474 0.11251807
vn 0.37405428 -0.91909444 0.123889625
vn 0.4094112 -0.8893319 0.20364505
vn 0.23990117 -0.96425474 0.11251807
vn 0.090967745 -0.9706613 0.22257942
vn 0.122976765 -0.9856382 0.11573285
vn 0.23990117 -0.96425474 0.11251807
vn 0.22748516 -0.9734546 0.02522993
vn 0.37405428 -0.91909444 0.123889625
vn 0.23990117 -0.96425474 0.11251807
vn 0.122976765 -0.9856382 0.11573285
vn 0.22748516 -0.9734546 0.02522993
vn -5.9457805E-10 -0.97213215 0.23443371
vn -1.1927239E-09 -0.9928592 0.11929202
vn 0.090967745 -0.9706613 0.22257942
vn 0.090967745 -0.9706613 0.22257942
vn -1.1927239E-09 -0.9928592 0.11929202
vn 0.122976765 -0.9856382 0.11573285
vn 0.4094112 -0.8893319 0.20364505
vn 0.37405428 -0.91909444 0.123889625
vn 0.5630963 -0.7839706 0.26136678
vn 0.22748516 -0.9734546 0.02522993
vn 0.122976765 -0.9856382 0.11573285
vn 0.1172874 -0.9929489 0.017213106
vn 0.22748516 -0.9734546 0.02522993
vn 0.3486134 -0.9365338 0.037056684
vn 0.37405428 -0.91909444 0.123889625
vn 0.22748516 -0.9734546 0.02522993
vn 0.1172874 -0.9929489 0.017213106
vn 0.20887609 -0.9770095 -0.04269731
vn 0.22748516 -0.9734546 0.02522993
vn 0.32966048 -0.94285786 -0.048403442
vn 0.3486134 -0.9365338 0.037056684
vn 0.22748516 -0.9734546 0.02522993
vn 0.20887609 -0.9770095 -0.04269731
vn 0.32966048 -0.94285786 -0.048403442
vn -1.1927239E-09 -0.9928592 0.11929202
vn -3.2782228E-09 -0.99989873 0.01423043
vn 0.122976765 -0.9856382 0.11573285
vn 0.122976765 -0.9856382 0.11573285
vn -3.2782228E-09 -0.99989873 0.01423043
vn 0.1172874 -0.9929489 0.017213106
vn 0.5630963 -0.7839706 0.26136678
vn 0.37405428 -0.91909444 0.123889625
vn 0.5177848 -0.84444773 0.13713771
vn 0.5630963 -0.7839706 0.26136678
vn 0.5177848 -0.84444773 0.13713771
vn 0.6548278 -0.70101744 0.28244513
vn 0.37405428 -0.91909444 0.123889625
vn 0.3486134 -0.9365338 0.037056684
vn 0.5177848 -0.84444773 0.13713771
vn 0.20887609 -0.9770095 -0.04269731
vn 0.31029522 -0.9442064 -0.110412896
vn 0.32966048 -0.94285786 -0.048403442
vn 0.20887609 -0.9770095 -0.04269731
vn 0.1172874 -0.9929489 0.017213106
vn 0.10223599 -0.9937358 -0.04513204
vn 0.20887609 -0.9770095 -0.04269731
vn 0.20069991 -0.97299945 -0.11397922
vn 0.31029522 -0.9442064 -0.110412896
vn 0.20887609 -0.9770095 -0.04269731
vn 0.10223599 -0.9937358 -0.04513204
vn 0.20069991 -0.97299945 -0.11397922
vn 0.1172874 -0.9929489 0.017213106
vn -3.2782228E-09 -0.99989873 0.01423043
vn 0.10223599 -0.9937358 -0.04513204
vn 0.6548278 -0.70101744 0.28244513
vn 0.5177848 -0.84444773 0.13713771
vn 0.6841124 -0.71022403 0.16604793
vn 0.6548278 -0.70101744 0.28244513
vn 0.6841124 -0.71022403 0.16604793
vn 0.8652194 -0.48122936 0.14076108
vn 0.6548278 -0.70101744 0.28244513
vn 0.8652194 -0.48122936 0.14076108
vn 0.85155433 -0.5161892 0.091673136
vn 0.3486134 -0.9365338 0.037056684
vn 0.32966048 -0.94285786 -0.048403442
vn 0.46349567 -0.8840526 -0.06018895
vn 0.3486134 -0.9365338 0.037056684
vn 0.48978585 -0.87010765 0.054976583
vn 0.5177848 -0.84444773 0.13713771
vn 0.3486134 -0.9365338 0.037056684
vn 0.46349567 -0.8840526 -0.06018895
vn 0.48978585 -0.87010765 0.054976583
vn 0.5177848 -0.84444773 0.13713771
vn 0.48978585 -0.87010765 0.054976583
vn 0.6841124 -0.71022403 0.16604793
vn 0.31029522 -0.9442064 -0.110412896
vn 0.20069991 -0.97299945 -0.11397922
vn 0.23743804 -0.9385131 -0.2506321
vn 0.31029522 -0.9442064 -0.110412896
vn 0.44793198 -0.89020264 -0.0830434
vn 0.32966048 -0.94285786 -0.048403442
vn 0.31029522 -0.9442064 -0.110412896
vn 0.23743804 -0.9385131 -0.2506321
vn -0.23068875 -0.92211914 0.31061065
vn 0.31029522 -0.9442064 -0.110412896
vn 0.12322236 -0.7944114 0.59474915
vn 0.44793198 -0.89020264 -0.0830434
vn 0.31029522 -0.9442064 -0.110412896
vn -0.23068875 -0.92211914 0.31061065
vn 0.12322236 -0.7944114 0.59474915
vn 0.32966048 -0.94285786 -0.048403442
vn 0.44793198 -0.89020264 -0.0830434
vn 0.46349567 -0.8840526 -0.06018895
vn -3.2782228E-09 -0.99989873 0.01423043
vn -2.3739273E-09 -0.99884206 -0.048107624
vn 0.10223599 -0.9937358 -0.04513204
vn 0.8652194 -0.48122936 0.14076108
vn 0.98939705 -0.12348471 0.07645288
vn 0.85155433 -0.5161892 0.091673136
vn 0.8652194 -0.48122936 0.14076108
vn 0.6841124 -0.71022403 0.16604793
vn 0.86988616 -0.49284527 0.020040601
vn 0.8652194 -0.48122936 0.14076108
vn 0.9925254 -0.11803345 -0.03100799
vn 0.98939705 -0.12348471 0.07645288
vn 0.8652194 -0.48122936 0.14076108
vn 0.86988616 -0.49284527 0.020040601
vn 0.9925254 -0.11803345 -0.03100799
vn 0.48978585 -0.87010765 0.054976583
vn 0.46349567 -0.8840526 -0.06018895
vn 0.6598318 -0.74868125 -0.06401837
vn 0.48978585 -0.87010765 0.054976583
vn 0.67297566 -0.7376165 0.055005133
vn 0.6841124 -0.71022403 0.16604793
vn 0.48978585 -0.87010765 0.054976583
vn 0.6598318 -0.74868125 -0.06401837
vn 0.67297566 -0.7376165 0.055005133
vn 0.67297566 -0.7376165 0.055005133
vn 0.6598318 -0.74868125 -0.06401837
vn 0.86988616 -0.49284527 0.020040601
vn 0.67297566 -0.7376165 0.055005133
vn 0.86988616 -0.49284527 0.020040601
vn 0.6841124 -0.71022403 0.16604793
vn 0.20069991 -0.97299945 -0.11397922
vn 0.15596762 -0.9515594 -0.26496923
vn 0.23743804 -0.9385131 -0.2506321
vn 0.20069991 -0.97299945 -0.11397922
vn 0.10223599 -0.9937358 -0.04513204
vn 0.09696557 -0.98901933 -0.11152798
vn 0.20069991 -0.97299945 -0.11397922
vn 0.09696557 -0.98901933 -0.11152798
vn 0.15596762 -0.9515594 -0.26496923
vn 0.10223599 -0.9937358 -0.04513204
vn -2.3739273E-09 -0.99884206 -0.048107624
vn 0.09696557 -0.98901933 -0.11152798
vn -0.23068875 -0.92211914 0.31061065
vn 0.23743804 -0.9385131 -0.2506321
vn -0.45438153 -0.8851302 -0.10040861
vn 0.12322236 -0.7944114 0.59474915
vn 0.5876791 -0.6943885 0.41528046
vn 0.44793198 -0.89020264 -0.0830434
vn 0.85155433 -0.5161892 0.091673136
vn 0.98939705 -0.12348471 0.07645288
vn 0.99612194 -0.072351515 -0.050063644
vn 0.9925254 -0.11803345 -0.03100799
vn 0.86988616 -0.49284527 0.020040601
vn 0.85374784 -0.5069167 -0.11895472
vn 0.9925254 -0.11803345 -0.03100799
vn 0.9592117 0.2826601 -0.004013002
vn 0.98939705 -0.12348471 0.07645288
vn 0.9925254 -0.11803345 -0.03100799
vn 0.85374784 -0.5069167 -0.11895472
vn 0.9796406 -0.13628264 -0.14741568
vn 0.9925254 -0.11803345 -0.03100799
vn 0.94696087 0.30832127 -0.090571076
vn 0.9592117 0.2826601 -0.004013002
vn 0.9925254 -0.11803345 -0.03100799
vn 0.9796406 -0.13628264 -0.14741568
vn 0.94696087 0.30832127 -0.090571076
vn 0.98939705 -0.12348471 0.07645288
vn 0.9592117 0.2826601 -0.004013002
vn 0.99612194 -0.072351515 -0.050063644
vn 0.86988616 -0.49284527 0.020040601
vn 0.6598318 -0.74868125 -0.06401837
vn 0.85374784 -0.5069167 -0.11895472
vn 0.46349567 -0.8840526 -0.06018895
vn 0.44793198 -0.89020264 -0.0830434
vn 0.6198866 -0.7660423 -0.17005813
vn 0.46349567 -0.8840526 -0.06018895
vn 0.6198866 -0.7660423 -0.17005813
vn 0.6598318 -0.74868125 -0.06401837
vn 0.6598318 -0.74868125 -0.06401837
vn 0.6198866 -0.7660423 -0.17005813
vn 0.85374784 -0.5069167 -0.11895472
vn 0.44793198 -0.89020264 -0.0830434
vn 0.5876791 -0.6943885 0.41528046
vn 0.6198866 -0.7660423 -0.17005813
vn 0.15596762 -0.9515594 -0.26496923
vn 0.09696557 -0.98901933 -0.11152798
vn 0.077087685 -0.9611632 -0.26499546
vn -2.3739273E-09 -0.99884206 -0.048107624
vn -1.4895059E-09 -0.9936537 -0.11248165
vn 0.09696557 -0.98901933 -0.11152798
vn 0.09696557 -0.98901933 -0.11152798
vn -1.4895059E-09 -0.9936537 -0.11248165
vn 0.077087685 -0.9611632 -0.26499546
vn 0.9796406 -0.13628264 -0.14741568
vn 0.93416923 0.3088701 -0.17868137
vn 0.94696087 0.30832127 -0.090571076
vn 0.9796406 -0.13628264 -0.14741568
vn 0.85374784 -0.5069167 -0.11895472
vn 0.8572248 -0.5076501 -0.086354196
vn 0.9796406 -0.13628264 -0.14741568
vn 0.9912885 -0.038736984 -0.12588291
vn 0.93416923 0.3088701 -0.17868137
vn 0.9796406 -0.13628264 -0.14741568
vn 0.8572248 -0.5076501 -0.086354196
vn 0.9912885 -0.038736984 -0.12588291
vn 0.85374784 -0.5069167 -0.11895472
vn 0.6198866 -0.7660423 -0.17005813
vn 0.8572248 -0.5076501 -0.086354196
vn 0.9592117 0.2826601 -0.004013002
vn 0.96441334 0.26421574 -0.009844184
vn 0.99612194 -0.072351515 -0.050063644
vn 0.9592117 0.2826601 -0.004013002
vn 0.94696087 0.30832127 -0.090571076
vn 0.8204183 0.56522554 -0.08622086
vn 0.9592117 0.2826601 -0.004013002
vn 0.85343534 0.51715726 -0.064780176
vn 0.96441334 0.26421574 -0.009844184
vn 0.9592117 0.2826601 -0.004013002
vn 0.8204183 0.56522554 -0.08622086
vn 0.85343534 0.51715726 -0.064780176
vn 0.5876791 -0.6943885 0.41528046
vn 0.8525111 -0.43692526 0.2869164
vn 0.6198866 -0.7660423 -0.17005813
vn 0.6198866 -0.7660423 -0.17005813
vn 0.8525111 -0.43692526 0.2869164
vn 0.8572248 -0.5076501 -0.086354196
vn -1.4895059E-09 -0.9936537 -0.11248165
vn 0 -0.964077 -0.26562285
vn 0.077087685 -0.9611632 -0.26499546
vn 0.93416923 0.3088701 -0.17868137
vn 0.9912885 -0.038736984 -0.12588291
vn 0.90525955 0.34853673 -0.24295548
vn 0.93416923 0.3088701 -0.17868137
vn 0.79618514 0.5907906 -0.13059682
vn 0.94696087 0.30832127 -0.090571076
vn 0.93416923 0.3088701 -0.17868137
vn 0.90525955 0.34853673 -0.24295548
vn 0.78479975 0.5900326 -0.18960726
vn 0.93416923 0.3088701 -0.17868137
vn 0.78479975 0.5900326 -0.18960726
vn 0.79618514 0.5907906 -0.13059682
vn 0.94696087 0.30832127 -0.090571076
vn 0.79618514 0.5907906 -0.13059682
vn 0.8204183 0.56522554 -0.08622086
vn 0.85343534 0.51715726 -0.064780176
vn 0.8204183 0.56522554 -0.08622086
vn 0.71664274 0.685616 -0.12788218
vn 0.8525111 -0.43692526 0.2869164
vn 0.98907465 -0.12940763 0.070605025
vn 0.8572248 -0.5076501 -0.086354196
vn 0.8572248 -0.5076501 -0.086354196
vn 0.98907465 -0.12940763 0.070605025
vn 0.9912885 -0.038736984 -0.12588291
vn 0.90525955 0.34853673 -0.24295548
vn 0.7554577 0.59506834 -0.27418482
vn 0.78479975 0.5900326 -0.18960726
vn 0.90525955 0.34853673 -0.24295548
vn 0.9912885 -0.038736984 -0.12588291
vn 0.8880058 0.284565 -0.3612043
vn 0.90525955 0.34853673 -0.24295548
vn 0.7978128 0.43991935 -0.4122688
vn 0.7554577 0.59506834 -0.27418482
vn 0.90525955 0.34853673 -0.24295548
vn 0.8880058 0.284565 -0.3612043
vn 0.7978128 0.43991935 -0.4122688
vn 0.79618514 0.5907906 -0.13059682
vn 0.6821042 0.7178905 -0.1391657
vn 0.8204183 0.56522554 -0.08622086
vn 0.79618514 0.5907906 -0.13059682
vn 0.78479975 0.5900326 -0.18960726
vn 0.66026306 0.7363142 -0.14796603
vn 0.79618514 0.5907906 -0.13059682
vn 0.66026306 0.7363142 -0.14796603
vn 0.6821042 0.7178905 -0.1391657
vn 0.8204183 0.56522554 -0.08622086
vn 0.6821042 0.7178905 -0.1391657
vn 0.71664274 0.685616 -0.12788218
vn 0.98907465 -0.12940763 0.070605025
vn 0.94025195 0.1636517 -0.29857063
vn 0.9912885 -0.038736984 -0.12588291
vn 0.9912885 -0.038736984 -0.12588291
vn 0.94025195 0.1636517 -0.29857063
vn 0.8880058 0.284565 -0.3612043
vn 0.7554577 0.59506834 -0.27418482
vn 0.7978128 0.43991935 -0.4122688
vn 0.7075685 0.5870559 -0.39333445
vn 0.7554577 0.59506834 -0.27418482
vn 0.6415851 0.7402782 -0.20088959
vn 0.78479975 0.5900326 -0.18960726
vn 0.7554577 0.59506834 -0.27418482
vn 0.7075685 0.5870559 -0.39333445
vn 0.61212134 0.73773056 -0.28471208
vn 0.7554577 0.59506834 -0.27418482
vn 0.61212134 0.73773056 -0.28471208
vn 0.6415851 0.7402782 -0.20088959
vn 0.78479975 0.5900326 -0.18960726
vn 0.6415851 0.7402782 -0.20088959
vn 0.66026306 0.7363142 -0.14796603
vn 0.6821042 0.7178905 -0.1391657
vn 0.56312025 0.8106341 -0.16052401
vn 0.71664274 0.685616 -0.12788218
vn 0.6821042 0.7178905 -0.1391657
vn 0.66026306 0.7363142 -0.14796603
vn 0.52191097 0.8374667 -0.16204417
vn 0.6821042 0.7178905 -0.1391657
vn 0.52191097 0.8374667 -0.16204417
vn 0.56312025 0.8106341 -0.16052401
vn 0.7075685 0.5870559 -0.39333445
vn 0.58549416 0.7213563 -0.3699212
vn 0.61212134 0.73773056 -0.28471208
vn 0.6415851 0.7402782 -0.20088959
vn 0.49588275 0.8528992 -0.16328895
vn 0.66026306 0.7363142 -0.14796603
vn 0.6415851 0.7402782 -0.20088959
vn 0.61212134 0.73773056 -0.28471208
vn 0.46232846 0.85710657 -0.22720164
vn 0.6415851 0.7402782 -0.20088959
vn 0.46232846 0.85710657 -0.22720164
vn 0.49588275 0.8528992 -0.16328895
vn 0.66026306 0.7363142 -0.14796603
vn 0.49588275 0.8528992 -0.16328895
vn 0.52191097 0.8374667 -0.16204417
vn 0.56312025 0.8106341 -0.16052401
vn 0.52191097 0.8374667 -0.16204417
vn 0.38648748 0.9051542 -0.1769836
vn 0.58549416 0.7213563 -0.3699212
vn 0.46012592 0.83557457 -0.30016518
vn 0.61212134 0.73773056 -0.28471208
vn 0.58549416 0.7213563 -0.3699212
vn 0.4380579 0.8175369 -0.37381637
vn 0.46012592 0.83557457 -0.30016518
vn 0.61212134 0.73773056 -0.28471208
vn 0.46012592 0.83557457 -0.30016518
vn 0.46232846 0.85710657 -0.22720164
vn 0.49588275 0.8528992 -0.16328895
vn 0.32424226 0.93023443 -0.17184478
vn 0.52191097 0.8374667 -0.16204417
vn 0.49588275 0.8528992 -0.16328895
vn 0.46232846 0.85710657 -0.22720164
vn 0.29100975 0.9399539 -0.17832524
vn 0.49588275 0.8528992 -0.16328895
vn 0.29100975 0.9399539 -0.17832524
vn 0.32424226 0.93023443 -0.17184478
vn 0.52191097 0.8374667 -0.16204417
vn 0.32424226 0.93023443 -0.17184478
vn 0.38648748 0.9051542 -0.1769836
vn 0.4380579 0.8175369 -0.37381637
vn 0.28607142 0.911064 -0.2968591
vn 0.46012592 0.83557457 -0.30016518
vn 0.4380579 0.8175369 -0.37381637
vn 0.28286704 0.87475336 -0.3934371
vn 0.28607142 0.911064 -0.2968591
vn 0.46012592 0.83557457 -0.30016518
vn 0.28607142 0.911064 -0.2968591
vn 0.46232846 0.85710657 -0.22720164
vn 0.29100975 0.9399539 -0.17832524
vn 0.14089805 0.97261816 -0.18482876
vn 0.32424226 0.93023443 -0.17184478
vn 0.29100975 0.9399539 -0.17832524
vn 0.46232846 0.85710657 -0.22720164
vn 0.27557248 0.93336296 -0.22998554
vn 0.29100975 0.9399539 -0.17832524
vn 0.1239504 0.97594625 -0.17934632
vn 0.14089805 0.97261816 -0.18482876
vn 0.29100975 0.9399539 -0.17832524
vn 0.27557248 0.93336296 -0.22998554
vn 0.1239504 0.97594625 -0.17934632
vn 0.46232846 0.85710657 -0.22720164
vn 0.28607142 0.911064 -0.2968591
vn 0.27557248 0.93336296 -0.22998554
vn 0.38648748 0.9051542 -0.1769836
vn 0.32424226 0.93023443 -0.17184478
vn 0.21905139 0.96003103 -0.17423213
vn 0.32424226 0.93023443 -0.17184478
vn 0.14089805 0.97261816 -0.18482876
vn 0.21905139 0.96003103 -0.17423213
vn 0.28286704 0.87475336 -0.3934371
vn 0.12726109 0.9493842 -0.28718317
vn 0.28607142 0.911064 -0.2968591
vn 0.28286704 0.87475336 -0.3934371
vn 0.13555995 0.9055309 -0.40204114
vn 0.12726109 0.9493842 -0.28718317
vn 0.1239504 0.97594625 -0.17934632
vn 0.27557248 0.93336296 -0.22998554
vn 0.1221762 0.9675706 -0.22108835
vn 0.1239504 0.97594625 -0.17934632
vn -1.1872472E-09 0.9824426 -0.18656433
vn 0.14089805 0.97261816 -0.18482876
vn 0.1239504 0.97594625 -0.17934632
vn 0.1221762 0.9675706 -0.22108835
vn -5.9421795E-10 0.9837967 -0.17928755
vn 0.1239504 0.97594625 -0.17934632
vn -5.9421795E-10 0.9837967 -0.17928755
vn -1.1872472E-09 0.9824426 -0.18656433
vn 0.28607142 0.911064 -0.2968591
vn 0.12726109 0.9493842 -0.28718317
vn 0.1221762 0.9675706 -0.22108835
vn 0.28607142 0.911064 -0.2968591
vn 0.1221762 0.9675706 -0.22108835
vn 0.27557248 0.93336296 -0.22998554
vn 0.21905139 0.96003103 -0.17423213
vn 0.14089805 0.97261816 -0.18482876
vn 0.1491554 0.97872704 -0.14087623
vn 0.13555995 0.9055309 -0.40204114
vn -5.952219E-10 0.95998996 -0.28003436
vn 0.12726109 0.9493842 -0.28718317
vn 0.13555995 0.9055309 -0.40204114
vn 0 0.9171032 -0.3986501
vn -5.952219E-10 0.95998996 -0.28003436
vn -5.9421795E-10 0.9837967 -0.17928755
vn 0.1221762 0.9675706 -0.22108835
vn 0 0.97550154 -0.21999228
vn 0 0.97550154 -0.21999228
vn 0.12726109 0.9493842 -0.28718317
vn -5.952219E-10 0.95998996 -0.28003436
vn 0 0.97550154 -0.21999228
vn 0.1221762 0.9675706 -0.22108835
vn 0.12726109 0.9493842 -0.28718317
vn -1.1872472E-09 0.9824426 -0.18656433
vn 0.095670864 0.9829031 -0.1573168
vn 0.14089805 0.97261816 -0.18482876
vn -1.1872472E-09 0.9824426 -0.18656433
vn 2.37845E-09 0.98735356 -0.15853304
vn 0.095670864 0.9829031 -0.1573168
vn 0.095670864 0.9829031 -0.1573168
vn 0.1491554 0.97872704 -0.14087623
vn 0.14089805 0.97261816 -0.18482876
vn 2.37845E-09 0.98735356 -0.15853304
vn -1.1872472E-09 0.9824426 -0.18656433
vn -0.095670864 0.9829031 -0.1573168
vn -1.1872472E-09 0.9824426 -0.18656433
vn -0.14089802 0.9726181 -0.18482888
vn -0.095670864 0.9829031 -0.1573168
vn -1.1872472E-09 0.9824426 -0.18656433
vn -0.1239504 0.9759463 -0.17934632
vn -0.14089802 0.9726181 -0.18482888
vn -1.1872472E-09 0.9824426 -0.18656433
vn -5.9421795E-10 0.9837967 -0.17928755
vn -0.1239504 0.9759463 -0.17934632
vn -0.095670864 0.9829031 -0.1573168
vn -0.14089802 0.9726181 -0.18482888
vn -0.1491554 0.97872704 -0.14087623
vn -5.9421795E-10 0.9837967 -0.17928755
vn -0.1221762 0.9675706 -0.22108835
vn -0.1239504 0.9759463 -0.17934632
vn -5.9421795E-10 0.9837967 -0.17928755
vn 0 0.97550154 -0.21999228
vn -0.1221762 0.9675706 -0.22108835
vn -0.14089802 0.9726181 -0.18482888
vn -0.21905139 0.96003103 -0.17423218
vn -0.1491554 0.97872704 -0.14087623
vn -0.14089802 0.9726181 -0.18482888
vn -0.1239504 0.9759463 -0.17934632
vn -0.29100978 0.9399539 -0.17832524
vn -0.14089802 0.9726181 -0.18482888
vn -0.3242423 0.93023443 -0.17184478
vn -0.21905139 0.96003103 -0.17423218
vn -0.14089802 0.9726181 -0.18482888
vn -0.29100978 0.9399539 -0.17832524
vn -0.3242423 0.93023443 -0.17184478
vn 0 0.97550154 -0.21999228
vn -0.12726109 0.9493842 -0.28718317
vn -0.1221762 0.9675706 -0.22108835
vn 0 0.97550154 -0.21999228
vn -5.952219E-10 0.95998996 -0.28003436
vn -0.12726109 0.9493842 -0.28718317
vn -0.1239504 0.9759463 -0.17934632
vn -0.27557248 0.933363 -0.22998554
vn -0.29100978 0.9399539 -0.17832524
vn -0.1239504 0.9759463 -0.17934632
vn -0.1221762 0.9675706 -0.22108835
vn -0.27557248 0.933363 -0.22998554
vn -0.21905139 0.96003103 -0.17423218
vn -0.3242423 0.93023443 -0.17184478
vn -0.38648754 0.9051543 -0.17698348
vn -5.952219E-10 0.95998996 -0.28003436
vn -0.13555995 0.9055309 -0.40204114
vn -0.12726109 0.9493842 -0.28718317
vn -5.952219E-10 0.95998996 -0.28003436
vn 0 0.9171032 -0.3986501
vn -0.13555995 0.9055309 -0.40204114
vn -0.29100978 0.9399539 -0.17832524
vn -0.27557248 0.933363 -0.22998554
vn -0.46232846 0.85710657 -0.22720164
vn -0.29100978 0.9399539 -0.17832524
vn -0.4958828 0.8528992 -0.16328895
vn -0.3242423 0.93023443 -0.17184478
vn -0.29100978 0.9399539 -0.17832524
vn -0.46232846 0.85710657 -0.22720164
vn -0.4958828 0.8528992 -0.16328895
vn -0.1221762 0.9675706 -0.22108835
vn -0.12726109 0.9493842 -0.28718317
vn -0.28607142 0.911064 -0.2968591
vn -0.1221762 0.9675706 -0.22108835
vn -0.28607142 0.911064 -0.2968591
vn -0.27557248 0.933363 -0.22998554
vn -0.27557248 0.933363 -0.22998554
vn -0.28607142 0.911064 -0.2968591
vn -0.46232846 0.85710657 -0.22720164
vn -0.38648754 0.9051543 -0.17698348
vn -0.3242423 0.93023443 -0.17184478
vn -0.52191097 0.8374668 -0.16204417
vn -0.38648754 0.9051543 -0.17698348
vn -0.52191097 0.8374668 -0.16204417
vn -0.56312037 0.810634 -0.16052401
vn -0.3242423 0.93023443 -0.17184478
vn -0.4958828 0.8528992 -0.16328895
vn -0.52191097 0.8374668 -0.16204417
vn -0.13555995 0.9055309 -0.40204114
vn -0.28286704 0.87475336 -0.3934371
vn -0.12726109 0.9493842 -0.28718317
vn -0.12726109 0.9493842 -0.28718317
vn -0.28286704 0.87475336 -0.3934371
vn -0.28607142 0.911064 -0.2968591
vn -0.46232846 0.85710657 -0.22720164
vn -0.64158505 0.74027824 -0.20088965
vn -0.4958828 0.8528992 -0.16328895
vn -0.46232846 0.85710657 -0.22720164
vn -0.28607142 0.911064 -0.2968591
vn -0.46012592 0.83557457 -0.30016518
vn -0.46232846 0.85710657 -0.22720164
vn -0.6121212 0.73773074 -0.28471208
vn -0.64158505 0.74027824 -0.20088965
vn -0.46232846 0.85710657 -0.22720164
vn -0.46012592 0.83557457 -0.30016518
vn -0.6121212 0.73773074 -0.28471208
vn -0.56312037 0.810634 -0.16052401
vn -0.52191097 0.8374668 -0.16204417
vn -0.6821042 0.71789044 -0.13916564
vn -0.56312037 0.810634 -0.16052401
vn -0.6821042 0.71789044 -0.13916564
vn -0.71664274 0.685616 -0.12788206
vn -0.28286704 0.87475336 -0.3934371
vn -0.43805787 0.8175369 -0.37381637
vn -0.28607142 0.911064 -0.2968591
vn -0.28607142 0.911064 -0.2968591
vn -0.43805787 0.8175369 -0.37381637
vn -0.46012592 0.83557457 -0.30016518
vn -0.4958828 0.8528992 -0.16328895
vn -0.64158505 0.74027824 -0.20088965
vn -0.6602631 0.73631406 -0.14796603
vn -0.4958828 0.8528992 -0.16328895
vn -0.6602631 0.73631406 -0.14796603
vn -0.52191097 0.8374668 -0.16204417
vn -0.52191097 0.8374668 -0.16204417
vn -0.6602631 0.73631406 -0.14796603
vn -0.6821042 0.71789044 -0.13916564
vn -0.6121212 0.73773074 -0.28471208
vn -0.46012592 0.83557457 -0.30016518
vn -0.58549416 0.7213563 -0.36992115
vn -0.6121212 0.73773074 -0.28471208
vn -0.7554578 0.59506834 -0.2741847
vn -0.64158505 0.74027824 -0.20088965
vn -0.6121212 0.73773074 -0.28471208
vn -0.58549416 0.7213563 -0.36992115
vn -0.70756847 0.58705604 -0.39333457
vn -0.6121212 0.73773074 -0.28471208
vn -0.70756847 0.58705604 -0.39333457
vn -0.7554578 0.59506834 -0.2741847
vn -0.58549416 0.7213563 -0.36992115
vn -0.46012592 0.83557457 -0.30016518
vn -0.43805787 0.8175369 -0.37381637
vn -0.71664274 0.685616 -0.12788206
vn -0.6821042 0.71789044 -0.13916564
vn -0.8204183 0.56522536 -0.08622092
vn -0.71664274 0.685616 -0.12788206
vn -0.8204183 0.56522536 -0.08622092
vn -0.8534353 0.5171574 -0.06478006
vn -0.6602631 0.73631406 -0.14796603
vn -0.64158505 0.74027824 -0.20088965
vn -0.7847998 0.59003246 -0.18960702
vn -0.6602631 0.73631406 -0.14796603
vn -0.7961852 0.5907906 -0.13059688
vn -0.6821042 0.71789044 -0.13916564
vn -0.6602631 0.73631406 -0.14796603
vn -0.7847998 0.59003246 -0.18960702
vn -0.7961852 0.5907906 -0.13059688
vn -0.6821042 0.71789044 -0.13916564
vn -0.7961852 0.5907906 -0.13059688
vn -0.8204183 0.56522536 -0.08622092
vn -0.64158505 0.74027824 -0.20088965
vn -0.7554578 0.59506834 -0.2741847
vn -0.7847998 0.59003246 -0.18960702
vn -0.70756847 0.58705604 -0.39333457
vn -0.7978129 0.43991923 -0.41226873
vn -0.7554578 0.59506834 -0.2741847
vn -0.8534353 0.5171574 -0.06478006
vn -0.8204183 0.56522536 -0.08622092
vn -0.9592117 0.2826601 -0.004013002
vn -0.8534353 0.5171574 -0.06478006
vn -0.9592117 0.2826601 -0.004013002
vn -0.96441334 0.26421583 -0.009844065
vn -0.7961852 0.5907906 -0.13059688
vn -0.7847998 0.59003246 -0.18960702
vn -0.93416923 0.30887023 -0.17868137
vn -0.7961852 0.5907906 -0.13059688
vn -0.9469608 0.30832136 -0.090571105
vn -0.8204183 0.56522536 -0.08622092
vn -0.7961852 0.5907906 -0.13059688
vn -0.93416923 0.30887023 -0.17868137
vn -0.9469608 0.30832136 -0.090571105
vn -0.8204183 0.56522536 -0.08622092
vn -0.9469608 0.30832136 -0.090571105
vn -0.9592117 0.2826601 -0.004013002
vn -0.7978129 0.43991923 -0.41226873
vn -0.9052596 0.34853655 -0.24295536
vn -0.7554578 0.59506834 -0.2741847
vn -0.7978129 0.43991923 -0.41226873
vn -0.8880058 0.28456494 -0.3612043
vn -0.9052596 0.34853655 -0.24295536
vn -0.7847998 0.59003246 -0.18960702
vn -0.9052596 0.34853655 -0.24295536
vn -0.93416923 0.30887023 -0.17868137
vn -0.7847998 0.59003246 -0.18960702
vn -0.7554578 0.59506834 -0.2741847
vn -0.9052596 0.34853655 -0.24295536
vn -0.96441334 0.26421583 -0.009844065
vn -0.9592117 0.2826601 -0.004013002
vn -0.996122 -0.07235143 -0.050063405
vn -0.9469608 0.30832136 -0.090571105
vn -0.93416923 0.30887023 -0.17868137
vn -0.9796406 -0.13628262 -0.1474157
vn -0.9469608 0.30832136 -0.090571105
vn -0.9925254 -0.11803349 -0.03100793
vn -0.9592117 0.2826601 -0.004013002
vn -0.9469608 0.30832136 -0.090571105
vn -0.9796406 -0.13628262 -0.1474157
vn -0.9925254 -0.11803349 -0.03100793
vn -0.8880058 0.28456494 -0.3612043
vn -0.9912885 -0.038737014 -0.1258829
vn -0.9052596 0.34853655 -0.24295536
vn -0.8880058 0.28456494 -0.3612043
vn -0.94025195 0.16365175 -0.29857063
vn -0.9912885 -0.038737014 -0.1258829
vn -0.93416923 0.30887023 -0.17868137
vn -0.9912885 -0.038737014 -0.1258829
vn -0.9796406 -0.13628262 -0.1474157
vn -0.93416923 0.30887023 -0.17868137
vn -0.9052596 0.34853655 -0.24295536
vn -0.9912885 -0.038737014 -0.1258829
vn -0.996122 -0.07235143 -0.050063405
vn -0.9592117 0.2826601 -0.004013002
vn -0.98939705 -0.12348485 0.076453
vn -0.996122 -0.07235143 -0.050063405
vn -0.98939705 -0.12348485 0.076453
vn -0.85155416 -0.5161893 0.09167385
vn -0.9592117 0.2826601 -0.004013002
vn -0.9925254 -0.11803349 -0.03100793
vn -0.98939705 -0.12348485 0.076453
vn -0.94025195 0.16365175 -0.29857063
vn -0.98907465 -0.12940764 0.07060501
vn -0.9912885 -0.038737014 -0.1258829
vn -0.9796406 -0.13628262 -0.1474157
vn -0.8537478 -0.50691664 -0.11895475
vn -0.9925254 -0.11803349 -0.03100793
vn -0.9796406 -0.13628262 -0.1474157
vn -0.9912885 -0.038737014 -0.1258829
vn -0.8572248 -0.5076501 -0.08635414
vn -0.9796406 -0.13628262 -0.1474157
vn -0.8572248 -0.5076501 -0.08635414
vn -0.8537478 -0.50691664 -0.11895475
vn -0.9912885 -0.038737014 -0.1258829
vn -0.98907465 -0.12940764 0.07060501
vn -0.8572248 -0.5076501 -0.08635414
vn -0.85155416 -0.5161893 0.09167385
vn -0.98939705 -0.12348485 0.076453
vn -0.8652194 -0.48122936 0.14076114
vn -0.85155416 -0.5161893 0.09167385
vn -0.8652194 -0.48122936 0.14076114
vn -0.65482783 -0.7010172 0.28244537
vn -0.98939705 -0.12348485 0.076453
vn -0.9925254 -0.11803349 -0.03100793
vn -0.8652194 -0.48122936 0.14076114
vn -0.8537478 -0.50691664 -0.11895475
vn -0.8572248 -0.5076501 -0.08635414
vn -0.6198866 -0.76604235 -0.17005819
vn -0.8537478 -0.50691664 -0.11895475
vn -0.86988616 -0.49284518 0.02004078
vn -0.9925254 -0.11803349 -0.03100793
vn -0.8537478 -0.50691664 -0.11895475
vn -0.6198866 -0.76604235 -0.17005819
vn -0.65983176 -0.74868125 -0.06401843
vn -0.8537478 -0.50691664 -0.11895475
vn -0.65983176 -0.74868125 -0.06401843
vn -0.86988616 -0.49284518 0.02004078
vn -0.9925254 -0.11803349 -0.03100793
vn -0.86988616 -0.49284518 0.02004078
vn -0.8652194 -0.48122936 0.14076114
vn -0.98907465 -0.12940764 0.07060501
vn -0.85251105 -0.43692544 0.28691638
vn -0.8572248 -0.5076501 -0.08635414
vn -0.8572248 -0.5076501 -0.08635414
vn -0.85251105 -0.43692544 0.28691638
vn -0.6198866 -0.76604235 -0.17005819
vn -0.65482783 -0.7010172 0.28244537
vn -0.8652194 -0.48122936 0.14076114
vn -0.68411255 -0.7102239 0.16604811
vn -0.65482783 -0.7010172 0.28244537
vn -0.68411255 -0.7102239 0.16604811
vn -0.5177849 -0.84444773 0.13713795
vn -0.65482783 -0.7010172 0.28244537
vn -0.5177849 -0.84444773 0.13713795
vn -0.5630963 -0.7839706 0.26136696
vn -0.8652194 -0.48122936 0.14076114
vn -0.86988616 -0.49284518 0.02004078
vn -0.68411255 -0.7102239 0.16604811
vn -0.65983176 -0.74868125 -0.06401843
vn -0.6198866 -0.76604235 -0.17005819
vn -0.46349576 -0.8840526 -0.06018895
vn -0.65983176 -0.74868125 -0.06401843
vn -0.67297566 -0.73761654 0.055005133
vn -0.86988616 -0.49284518 0.02004078
vn -0.65983176 -0.74868125 -0.06401843
vn -0.46349576 -0.8840526 -0.06018895
vn -0.48978585 -0.87010765 0.054976583
vn -0.65983176 -0.74868125 -0.06401843
vn -0.48978585 -0.87010765 0.054976583
vn -0.67297566 -0.73761654 0.055005133
vn -0.68411255 -0.7102239 0.16604811
vn -0.48978585 -0.87010765 0.054976583
vn -0.5177849 -0.84444773 0.13713795
vn -0.68411255 -0.7102239 0.16604811
vn -0.86988616 -0.49284518 0.02004078
vn -0.67297566 -0.73761654 0.055005133
vn -0.68411255 -0.7102239 0.16604811
vn -0.67297566 -0.73761654 0.055005133
vn -0.48978585 -0.87010765 0.054976583
vn -0.85251105 -0.43692544 0.28691638
vn -0.58767927 -0.69438875 0.41528004
vn -0.6198866 -0.76604235 -0.17005819
vn -0.5630963 -0.7839706 0.26136696
vn -0.5177849 -0.84444773 0.13713795
vn -0.37405434 -0.91909444 0.123889625
vn -0.5630963 -0.7839706 0.26136696
vn -0.37405434 -0.91909444 0.123889625
vn -0.4094116 -0.8893315 0.20364547
vn -0.46349576 -0.8840526 -0.06018895
vn -0.3486134 -0.9365338 0.037056684
vn -0.48978585 -0.87010765 0.054976583
vn -0.46349576 -0.8840526 -0.06018895
vn -0.6198866 -0.76604235 -0.17005819
vn -0.44793203 -0.89020264 -0.083043575
vn -0.46349576 -0.8840526 -0.06018895
vn -0.32966042 -0.94285786 -0.048403442
vn -0.3486134 -0.9365338 0.037056684
vn -0.46349576 -0.8840526 -0.06018895
vn -0.44793203 -0.89020264 -0.083043575
vn -0.32966042 -0.94285786 -0.048403442
vn -0.5177849 -0.84444773 0.13713795
vn -0.3486134 -0.9365338 0.037056684
vn -0.37405434 -0.91909444 0.123889625
vn -0.5177849 -0.84444773 0.13713795
vn -0.48978585 -0.87010765 0.054976583
vn -0.3486134 -0.9365338 0.037056684
vn -0.6198866 -0.76604235 -0.17005819
vn -0.58767927 -0.69438875 0.41528004
vn -0.44793203 -0.89020264 -0.083043575
vn -0.4094116 -0.8893315 0.20364547
vn -0.37405434 -0.91909444 0.123889625
vn -0.23990117 -0.96425474 0.11251807
vn -0.4094116 -0.8893315 0.20364547
vn -0.23990117 -0.96425474 0.11251807
vn -0.22672631 -0.95286757 0.20159012
vn -0.32966042 -0.94285786 -0.048403442
vn -0.22748518 -0.9734546 0.02522993
vn -0.3486134 -0.9365338 0.037056684
vn -0.32966042 -0.94285786 -0.048403442
vn -0.44793203 -0.89020264 -0.083043575
vn -0.3102954 -0.94420636 -0.110413015
vn -0.32966042 -0.94285786 -0.048403442
vn -0.20887606 -0.9770095 -0.04269725
vn -0.22748518 -0.9734546 0.02522993
vn -0.32966042 -0.94285786 -0.048403442
vn -0.3102954 -0.94420636 -0.110413015
vn -0.20887606 -0.9770095 -0.04269725
vn -0.37405434 -0.91909444 0.123889625
vn -0.22748518 -0.9734546 0.02522993
vn -0.23990117 -0.96425474 0.11251807
vn -0.37405434 -0.91909444 0.123889625
vn -0.3486134 -0.9365338 0.037056684
vn -0.22748518 -0.9734546 0.02522993
vn -0.58767927 -0.69438875 0.41528004
vn -0.12322304 -0.794412 0.59474826
vn -0.44793203 -0.89020264 -0.083043575
vn -0.44793203 -0.89020264 -0.083043575
vn -0.12322304 -0.794412 0.59474826
vn -0.3102954 -0.94420636 -0.110413015
vn -0.22672631 -0.95286757 0.20159012
vn -0.23990117 -0.96425474 0.11251807
vn -0.09096773 -0.9706612 0.22257936
vn -0.22672631 -0.95286757 0.20159012
vn -0.09096773 -0.9706612 0.22257936
vn -0.064057864 -0.91841507 0.39039767
vn -0.22672631 -0.95286757 0.20159012
vn -0.064057864 -0.91841507 0.39039767
vn -0.14229067 -0.9080503 0.39395177
vn -0.20887606 -0.9770095 -0.04269725
vn -0.1172874 -0.9929489 0.017213106
vn -0.22748518 -0.9734546 0.02522993
vn -0.20887606 -0.9770095 -0.04269725
vn -0.3102954 -0.94420636 -0.110413015
vn -0.20069991 -0.9729995 -0.11397922
vn -0.20887606 -0.9770095 -0.04269725
vn -0.10223598 -0.9937358 -0.04513198
vn -0.1172874 -0.9929489 0.017213106
vn -0.20887606 -0.9770095 -0.04269725
vn -0.20069991 -0.9729995 -0.11397922
vn -0.10223598 -0.9937358 -0.04513198
vn -0.12322304 -0.794412 0.59474826
vn 0.23068845 -0.92211926 0.31061047
vn -0.3102954 -0.94420636 -0.110413015
vn -0.23990117 -0.96425474 0.11251807
vn -0.122976765 -0.9856382 0.11573273
vn -0.09096773 -0.9706612 0.22257936
vn -0.23990117 -0.96425474 0.11251807
vn -0.22748518 -0.9734546 0.02522993
vn -0.122976765 -0.9856382 0.11573273
vn -0.22748518 -0.9734546 0.02522993
vn -0.1172874 -0.9929489 0.017213106
vn -0.122976765 -0.9856382 0.11573273
vn -0.064057864 -0.91841507 0.39039767
vn -0.09096773 -0.9706612 0.22257936
vn -5.393617E-09 -0.9179486 0.39669943
vn -0.20069991 -0.9729995 -0.11397922
vn -0.09696557 -0.9890192 -0.11152798
vn -0.10223598 -0.9937358 -0.04513198
vn -0.20069991 -0.9729995 -0.11397922
vn -0.3102954 -0.94420636 -0.110413015
vn -0.23743849 -0.9385128 -0.25063223
vn -0.20069991 -0.9729995 -0.11397922
vn -0.15596765 -0.9515594 -0.26496935
vn -0.09696557 -0.9890192 -0.11152798
vn -0.20069991 -0.9729995 -0.11397922
vn -0.23743849 -0.9385128 -0.25063223
vn -0.15596765 -0.9515594 -0.26496935
vn -0.3102954 -0.94420636 -0.110413015
vn 0.23068845 -0.92211926 0.31061047
vn -0.23743849 -0.9385128 -0.25063223
vn -0.1172874 -0.9929489 0.017213106
vn -3.2782228E-09 -0.99989873 0.01423043
vn -0.122976765 -0.9856382 0.11573273
vn -0.1172874 -0.9929489 0.017213106
vn -0.10223598 -0.9937358 -0.04513198
vn -3.2782228E-09 -0.99989873 0.01423043
vn -0.09096773 -0.9706612 0.22257936
vn -5.9457805E-10 -0.97213215 0.23443371
vn -5.393617E-09 -0.9179486 0.39669943
vn -0.09096773 -0.9706612 0.22257936
vn -0.122976765 -0.9856382 0.11573273
vn -1.1927239E-09 -0.9928592 0.11929202
vn -0.09096773 -0.9706612 0.22257936
vn -1.1927239E-09 -0.9928592 0.11929202
vn -5.9457805E-10 -0.97213215 0.23443371
vn -1.1927239E-09 -0.9928592 0.11929202
vn -0.122976765 -0.9856382 0.11573273
vn -3.2782228E-09 -0.99989873 0.01423043
vn -0.09696557 -0.9890192 -0.11152798
vn -0.15596765 -0.9515594 -0.26496935
vn -0.077087685 -0.9611632 -0.26499546
vn -0.09696557 -0.9890192 -0.11152798
vn -2.3739273E-09 -0.99884206 -0.048107624
vn -0.10223598 -0.9937358 -0.04513198
vn -0.09696557 -0.9890192 -0.11152798
vn -0.077087685 -0.9611632 -0.26499546
vn -1.4895059E-09 -0.9936537 -0.11248165
vn -0.09696557 -0.9890192 -0.11152798
vn -1.4895059E-09 -0.9936537 -0.11248165
vn -2.3739273E-09 -0.99884206 -0.048107624
vn -2.3739273E-09 -0.99884206 -0.048107624
vn -3.2782228E-09 -0.99989873 0.01423043
vn -0.10223598 -0.9937358 -0.04513198
vn 0.23068845 -0.92211926 0.31061047
vn 0.45438096 -0.8851304 -0.10040879
vn -0.23743849 -0.9385128 -0.25063223
vn -0.077087685 -0.9611632 -0.26499546
vn 0 -0.964077 -0.26562285
vn -1.4895059E-09 -0.9936537 -0.11248165
vn 0.50269306 -0.8633692 -0.04351026
vn 0.8500929 -0.52312917 -0.060645312
vn 0.40531877 -0.9014965 0.15172559
vn 0.8500929 -0.52312917 -0.060645312
vn 0.7333095 -0.59060603 0.336811
vn 0.40531877 -0.9014965 0.15172559
vn 0.8500929 -0.52312917 -0.060645312
vn 0.90434563 -0.4258462 -0.028530478
vn 0.7333095 -0.59060603 0.336811
vn 0.40531877 -0.9014965 0.15172559
vn 0.7333095 -0.59060603 0.336811
vn 0.20793594 -0.935411 0.2859527
vn 0.90434563 -0.4258462 -0.028530478
vn 0.83426696 -0.3627896 0.41518953
vn 0.7333095 -0.59060603 0.336811
vn 0.90434563 -0.4258462 -0.028530478
vn 0.92231685 -0.3860352 0.017564178
vn 0.83426696 -0.3627896 0.41518953
vn 0.20793594 -0.935411 0.2859527
vn 0.7333095 -0.59060603 0.336811
vn 0.40405494 -0.62810755 0.6649966
vn 0.20793594 -0.935411 0.2859527
vn 0.40405494 -0.62810755 0.6649966
vn -0.02080599 -0.8753769 0.48299307
vn 0.7333095 -0.59060603 0.336811
vn 0.83426696 -0.3627896 0.41518953
vn 0.40405494 -0.62810755 0.6649966
vn 0.92231685 -0.3860352 0.017564178
vn 0.8464155 -0.25198117 0.46913344
vn 0.83426696 -0.3627896 0.41518953
vn 0.92231685 -0.3860352 0.017564178
vn 0.939051 -0.33683255 0.068754345
vn 0.8464155 -0.25198117 0.46913344
vn -0.02080599 -0.8753769 0.48299307
vn 0.40405494 -0.62810755 0.6649966
vn -0.02831536 -0.5275802 0.84903324
vn -0.02080599 -0.8753769 0.48299307
vn -0.02831536 -0.5275802 0.84903324
vn -0.46368974 -0.49872985 0.732298
vn -0.02080599 -0.8753769 0.48299307
vn -0.46368974 -0.49872985 0.732298
vn -0.3030698 -0.8646156 0.40073508
vn 0.83426696 -0.3627896 0.41518953
vn 0.8464155 -0.25198117 0.46913344
vn 0.45807254 -0.35210982 0.8162034
vn 0.83426696 -0.3627896 0.41518953
vn 0.45807254 -0.35210982 0.8162034
vn 0.40405494 -0.62810755 0.6649966
vn 0.40405494 -0.62810755 0.6649966
vn 0.45807254 -0.35210982 0.8162034
vn -0.02831536 -0.5275802 0.84903324
vn 0.939051 -0.33683255 0.068754345
vn 0.830948 -0.19578308 0.5207632
vn 0.8464155 -0.25198117 0.46913344
vn 0.939051 -0.33683255 0.068754345
vn 0.9453878 -0.30641568 0.11113745
vn 0.830948 -0.19578308 0.5207632
vn -0.46368974 -0.49872985 0.732298
vn -0.77934605 -0.4717782 0.41236514
vn -0.3030698 -0.8646156 0.40073508
vn -0.46368974 -0.49872985 0.732298
vn -0.02831536 -0.5275802 0.84903324
vn -0.009112408 -0.38507885 0.92283875
vn -0.46368974 -0.49872985 0.732298
vn -0.50403565 -0.3788038 0.77618015
vn -0.77934605 -0.4717782 0.41236514
vn -0.46368974 -0.49872985 0.732298
vn -0.009112408 -0.38507885 0.92283875
vn -0.50403565 -0.3788038 0.77618015
vn -0.02831536 -0.5275802 0.84903324
vn 0.45807254 -0.35210982 0.8162034
vn -0.009112408 -0.38507885 0.92283875
vn 0.8464155 -0.25198117 0.46913344
vn 0.830948 -0.19578308 0.5207632
vn 0.48758674 -0.20815021 0.84789884
vn 0.8464155 -0.25198117 0.46913344
vn 0.48758674 -0.20815021 0.84789884
vn 0.45807254 -0.35210982 0.8162034
vn 0.45807254 -0.35210982 0.8162034
vn 0.48758674 -0.20815021 0.84789884
vn -0.009112408 -0.38507885 0.92283875
vn 0.9453878 -0.30641568 0.11113745
vn 0.8137847 -0.17400277 0.55450654
vn 0.830948 -0.19578308 0.5207632
vn 0.9453878 -0.30641568 0.11113745
vn 0.45438096 -0.8851304 -0.10040879
vn 0.8137847 -0.17400277 0.55450654
vn -0.3030698 -0.8646156 0.40073508
vn -0.77934605 -0.4717782 0.41236514
vn -0.46496543 -0.85155123 0.24221444
vn -0.50403565 -0.3788038 0.77618015
vn -0.009112408 -0.38507885 0.92283875
vn -0.011786574 -0.2907629 0.9567225
vn -0.50403565 -0.3788038 0.77618015
vn -0.83102286 -0.3738399 0.41187948
vn -0.77934605 -0.4717782 0.41236514
vn -0.50403565 -0.3788038 0.77618015
vn -0.011786574 -0.2907629 0.9567225
vn -0.5102099 -0.297269 0.8070421
vn -0.50403565 -0.3788038 0.77618015
vn -0.5102099 -0.297269 0.8070421
vn -0.83102286 -0.3738399 0.41187948
vn -0.009112408 -0.38507885 0.92283875
vn 0.48758674 -0.20815021 0.84789884
vn -0.011786574 -0.2907629 0.9567225
vn 0.830948 -0.19578308 0.5207632
vn 0.8137847 -0.17400277 0.55450654
vn 0.4718122 -0.15689999 0.8676265
vn 0.830948 -0.19578308 0.5207632
vn 0.4718122 -0.15689999 0.8676265
vn 0.48758674 -0.20815021 0.84789884
vn 0.48758674 -0.20815021 0.84789884
vn 0.4718122 -0.15689999 0.8676265
vn -0.011786574 -0.2907629 0.9567225
vn 0.45438096 -0.8851304 -0.10040879
vn 0.23068845 -0.92211926 0.31061047
vn 0.8137847 -0.17400277 0.55450654
vn -0.46496543 -0.85155123 0.24221444
vn -0.77934605 -0.4717782 0.41236514
vn -0.5550905 -0.83175945 0.0071311593
vn -0.5102099 -0.297269 0.8070421
vn -0.871229 -0.27142322 0.4090103
vn -0.83102286 -0.3738399 0.41187948
vn -0.5102099 -0.297269 0.8070421
vn -0.011786574 -0.2907629 0.9567225
vn -0.029933069 -0.1783011 0.9835205
vn -0.5102099 -0.297269 0.8070421
vn -0.53179896 -0.18818462 0.82569754
vn -0.871229 -0.27142322 0.4090103
vn -0.5102099 -0.297269 0.8070421
vn -0.029933069 -0.1783011 0.9835205
vn -0.53179896 -0.18818462 0.82569754
vn -0.011786574 -0.2907629 0.9567225
vn 0.4718122 -0.15689999 0.8676265
vn -0.029933069 -0.1783011 0.9835205
vn 0.23068845 -0.92211926 0.31061047
vn 0.4206062 -0.16026497 0.8929756
vn 0.8137847 -0.17400277 0.55450654
vn 0.23068845 -0.92211926 0.31061047
vn -0.12322304 -0.794412 0.59474826
vn 0.4206062 -0.16026497 0.8929756
vn 0.4718122 -0.15689999 0.8676265
vn 0.4206062 -0.16026497 0.8929756
vn -0.029933069 -0.1783011 0.9835205
vn 0.4718122 -0.15689999 0.8676265
vn 0.8137847 -0.17400277 0.55450654
vn 0.4206062 -0.16026497 0.8929756
vn -0.77934605 -0.4717782 0.41236514
vn -0.90395087 -0.42596778 -0.037738502
vn -0.5550905 -0.83175945 0.0071311593
vn -0.77934605 -0.4717782 0.41236514
vn -0.83102286 -0.3738399 0.41187948
vn -0.90395087 -0.42596778 -0.037738502
vn -0.871229 -0.27142322 0.4090103
vn -0.53179896 -0.18818462 0.82569754
vn -0.90311825 -0.17196722 0.39345217
vn -0.871229 -0.27142322 0.4090103
vn -0.9432555 -0.32521293 -0.06712386
vn -0.83102286 -0.3738399 0.41187948
vn -0.871229 -0.27142322 0.4090103
vn -0.90311825 -0.17196722 0.39345217
vn -0.97200274 -0.21444133 -0.0960492
vn -0.871229 -0.27142322 0.4090103
vn -0.97200274 -0.21444133 -0.0960492
vn -0.9432555 -0.32521293 -0.06712386
vn -0.83102286 -0.3738399 0.41187948
vn -0.9432555 -0.32521293 -0.06712386
vn -0.90395087 -0.42596778 -0.037738502
vn -0.12322304 -0.794412 0.59474826
vn -0.051642913 -0.07015818 0.99619824
vn 0.4206062 -0.16026497 0.8929756
vn -0.12322304 -0.794412 0.59474826
vn -0.58767927 -0.69438875 0.41528004
vn -0.051642913 -0.07015818 0.99619824
vn -0.029933069 -0.1783011 0.9835205
vn -0.051642913 -0.07015818 0.99619824
vn -0.53179896 -0.18818462 0.82569754
vn -0.029933069 -0.1783011 0.9835205
vn 0.4206062 -0.16026497 0.8929756
vn -0.051642913 -0.07015818 0.99619824
vn -0.5550905 -0.83175945 0.0071311593
vn -0.90395087 -0.42596778 -0.037738502
vn -0.49873266 -0.8193425 -0.28274322
vn -0.90311825 -0.17196722 0.39345217
vn -0.9857776 -0.08365795 -0.14575233
vn -0.97200274 -0.21444133 -0.0960492
vn -0.90311825 -0.17196722 0.39345217
vn -0.53179896 -0.18818462 0.82569754
vn -0.6046726 -0.15956151 0.7803276
vn -0.90311825 -0.17196722 0.39345217
vn -0.9383289 -0.115896195 0.32574058
vn -0.9857776 -0.08365795 -0.14575233
vn -0.90311825 -0.17196722 0.39345217
vn -0.6046726 -0.15956151 0.7803276
vn -0.9383289 -0.115896195 0.32574058
vn -0.051642913 -0.07015818 0.99619824
vn -0.58767927 -0.69438875 0.41528004
vn -0.6046726 -0.15956151 0.7803276
vn -0.051642913 -0.07015818 0.99619824
vn -0.6046726 -0.15956151 0.7803276
vn -0.53179896 -0.18818462 0.82569754
vn -0.9432555 -0.32521293 -0.06712386
vn -0.7731712 -0.43453512 -0.46193674
vn -0.90395087 -0.42596778 -0.037738502
vn -0.9432555 -0.32521293 -0.06712386
vn -0.97200274 -0.21444133 -0.0960492
vn -0.79935557 -0.34223258 -0.49387002
vn -0.9432555 -0.32521293 -0.06712386
vn -0.79935557 -0.34223258 -0.49387002
vn -0.7731712 -0.43453512 -0.46193674
vn -0.90395087 -0.42596778 -0.037738502
vn -0.7731712 -0.43453512 -0.46193674
vn -0.49873266 -0.8193425 -0.28274322
vn -0.9857776 -0.08365795 -0.14575233
vn -0.9383289 -0.115896195 0.32574058
vn -0.97596973 0.022119656 -0.21678054
vn -0.9857776 -0.08365795 -0.14575233
vn -0.8165285 -0.20045102 -0.5413876
vn -0.97200274 -0.21444133 -0.0960492
vn -0.9857776 -0.08365795 -0.14575233
vn -0.97596973 0.022119656 -0.21678054
vn -0.80740476 -0.054427028 -0.58748215
vn -0.9857776 -0.08365795 -0.14575233
vn -0.80740476 -0.054427028 -0.58748215
vn -0.8165285 -0.20045102 -0.5413876
vn -0.97200274 -0.21444133 -0.0960492
vn -0.8165285 -0.20045102 -0.5413876
vn -0.79935557 -0.34223258 -0.49387002
vn -0.58767927 -0.69438875 0.41528004
vn -0.85251105 -0.43692544 0.28691638
vn -0.6046726 -0.15956151 0.7803276
vn -0.6046726 -0.15956151 0.7803276
vn -0.85251105 -0.43692544 0.28691638
vn -0.9383289 -0.115896195 0.32574058
vn -0.7731712 -0.43453512 -0.46193674
vn -0.28662592 -0.84480965 -0.4518211
vn -0.49873266 -0.8193425 -0.28274322
vn -0.7731712 -0.43453512 -0.46193674
vn -0.79935557 -0.34223258 -0.49387002
vn -0.4449513 -0.5062287 -0.73874944
vn -0.7731712 -0.43453512 -0.46193674
vn -0.4449513 -0.5062287 -0.73874944
vn -0.28662592 -0.84480965 -0.4518211
vn -0.97596973 0.022119656 -0.21678054
vn -0.7770182 0.0758819 -0.62488765
vn -0.80740476 -0.054427028 -0.58748215
vn -0.97596973 0.022119656 -0.21678054
vn -0.9383289 -0.115896195 0.32574058
vn -0.98907465 -0.12940764 0.07060501
vn -0.97596973 0.022119656 -0.21678054
vn -0.94025195 0.16365175 -0.29857063
vn -0.7770182 0.0758819 -0.62488765
vn -0.97596973 0.022119656 -0.21678054
vn -0.98907465 -0.12940764 0.07060501
vn -0.94025195 0.16365175 -0.29857063
vn -0.98907465 -0.12940764 0.07060501
vn -0.9383289 -0.115896195 0.32574058
vn -0.85251105 -0.43692544 0.28691638
vn -0.8165285 -0.20045102 -0.5413876
vn -0.44867286 -0.2708258 -0.8516725
vn -0.79935557 -0.34223258 -0.49387002
vn -0.8165285 -0.20045102 -0.5413876
vn -0.80740476 -0.054427028 -0.58748215
vn -0.4551978 -0.15928662 -0.87602663
vn -0.8165285 -0.20045102 -0.5413876
vn -0.4551978 -0.15928662 -0.87602663
vn -0.44867286 -0.2708258 -0.8516725
vn -0.80740476 -0.054427028 -0.58748215
vn -0.7770182 0.0758819 -0.62488765
vn -0.4551978 -0.15928662 -0.87602663
vn -0.4449513 -0.5062287 -0.73874944
vn -0.021983197 -0.88363695 -0.46765622
vn -0.28662592 -0.84480965 -0.4518211
vn -0.4449513 -0.5062287 -0.73874944
vn -0.79935557 -0.34223258 -0.49387002
vn -0.44436666 -0.3869834 -0.8079493
vn -0.4449513 -0.5062287 -0.73874944
vn -0.010893675 -0.5752883 -0.8178781
vn -0.021983197 -0.88363695 -0.46765622
vn -0.4449513 -0.5062287 -0.73874944
vn -0.44436666 -0.3869834 -0.8079493
vn -0.010893675 -0.5752883 -0.8178781
vn -0.79935557 -0.34223258 -0.49387002
vn -0.44867286 -0.2708258 -0.8516725
vn -0.44436666 -0.3869834 -0.8079493
vn -0.94025195 0.16365175 -0.29857063
vn -0.73696554 0.2281233 -0.6362716
vn -0.7770182 0.0758819 -0.62488765
vn -0.4551978 -0.15928662 -0.87602663
vn 0.026748504 -0.3186497 -0.94749504
vn -0.44867286 -0.2708258 -0.8516725
vn -0.4551978 -0.15928662 -0.87602663
vn -0.7770182 0.0758819 -0.62488765
vn -0.44322798 -0.0635249 -0.89415514
vn -0.4551978 -0.15928662 -0.87602663
vn 0.04355424 -0.25536442 -0.9658633
vn 0.026748504 -0.3186497 -0.94749504
vn -0.4551978 -0.15928662 -0.87602663
vn -0.44322798 -0.0635249 -0.89415514
vn 0.04355424 -0.25536442 -0.9658633
vn -0.021983197 -0.88363695 -0.46765622
vn -0.010893675 -0.5752883 -0.8178781
vn 0.19895099 -0.91498935 -0.35101712
vn -0.44436666 -0.3869834 -0.8079493
vn -0.44867286 -0.2708258 -0.8516725
vn 0.011821275 -0.39511955 -0.9185536
vn -0.44436666 -0.3869834 -0.8079493
vn 0.009472619 -0.45014453 -0.8929054
vn -0.010893675 -0.5752883 -0.8178781
vn -0.44436666 -0.3869834 -0.8079493
vn 0.011821275 -0.39511955 -0.9185536
vn 0.009472619 -0.45014453 -0.8929054
vn -0.44867286 -0.2708258 -0.8516725
vn 0.026748504 -0.3186497 -0.94749504
vn 0.011821275 -0.39511955 -0.9185536
vn -0.73696554 0.2281233 -0.6362716
vn -0.4214402 0.059506297 -0.9049017
vn -0.7770182 0.0758819 -0.62488765
vn -0.7770182 0.0758819 -0.62488765
vn -0.4214402 0.059506297 -0.9049017
vn -0.44322798 -0.0635249 -0.89415514
vn 0.04355424 -0.25536442 -0.9658633
vn 0.5539955 -0.39035785 -0.73532975
vn 0.026748504 -0.3186497 -0.94749504
vn 0.04355424 -0.25536442 -0.9658633
vn -0.44322798 -0.0635249 -0.89415514
vn -0.0281488 -0.16681153 -0.9855869
vn 0.04355424 -0.25536442 -0.9658633
vn 0.14169781 -0.6467695 -0.749407
vn 0.5539955 -0.39035785 -0.73532975
vn 0.04355424 -0.25536442 -0.9658633
vn -0.0281488 -0.16681153 -0.9855869
vn 0.14169781 -0.6467695 -0.749407
vn -0.0281488 -0.16681153 -0.9855869
vn -0.44322798 -0.0635249 -0.89415514
vn -0.4214402 0.059506297 -0.9049017
vn 0.19895099 -0.91498935 -0.35101712
vn -0.010893675 -0.5752883 -0.8178781
vn 0.3851006 -0.6513172 -0.6538222
vn 0.19895099 -0.91498935 -0.35101712
vn 0.3851006 -0.6513172 -0.6538222
vn 0.68938583 -0.6307672 -0.35620221
vn 0.19895099 -0.91498935 -0.35101712
vn 0.68938583 -0.6307672 -0.35620221
vn 0.36447084 -0.9126337 -0.18509674
vn 0.009472619 -0.45014453 -0.8929054
vn 0.011821275 -0.39511955 -0.9185536
vn 0.46658084 -0.47853392 -0.7438464
vn 0.009472619 -0.45014453 -0.8929054
vn 0.4468578 -0.5226405 -0.7260613
vn -0.010893675 -0.5752883 -0.8178781
vn 0.009472619 -0.45014453 -0.8929054
vn 0.46658084 -0.47853392 -0.7438464
vn 0.4468578 -0.5226405 -0.7260613
vn -0.010893675 -0.5752883 -0.8178781
vn 0.4468578 -0.5226405 -0.7260613
vn 0.3851006 -0.6513172 -0.6538222
vn 0.026748504 -0.3186497 -0.94749504
vn 0.5539955 -0.39035785 -0.73532975
vn 0.50340515 -0.42049932 -0.7548268
vn 0.026748504 -0.3186497 -0.94749504
vn 0.50340515 -0.42049932 -0.7548268
vn 0.011821275 -0.39511955 -0.9185536
vn 0.011821275 -0.39511955 -0.9185536
vn 0.50340515 -0.42049932 -0.7548268
vn 0.46658084 -0.47853392 -0.7438464
vn 0.14169781 -0.6467695 -0.749407
vn 0.42766127 -0.770286 -0.47303835
vn 0.5539955 -0.39035785 -0.73532975
vn 0.68938583 -0.6307672 -0.35620221
vn 0.8500929 -0.52312917 -0.060645312
vn 0.36447084 -0.9126337 -0.18509674
vn 0.68938583 -0.6307672 -0.35620221
vn 0.3851006 -0.6513172 -0.6538222
vn 0.77512664 -0.51921415 -0.35999352
vn 0.68938583 -0.6307672 -0.35620221
vn 0.90434563 -0.4258462 -0.028530478
vn 0.8500929 -0.52312917 -0.060645312
vn 0.68938583 -0.6307672 -0.35620221
vn 0.77512664 -0.51921415 -0.35999352
vn 0.90434563 -0.4258462 -0.028530478
vn 0.3851006 -0.6513172 -0.6538222
vn 0.4468578 -0.5226405 -0.7260613
vn 0.77512664 -0.51921415 -0.35999352
vn 0.50340515 -0.42049932 -0.7548268
vn 0.83610874 -0.4346337 -0.33468762
vn 0.46658084 -0.47853392 -0.7438464
vn 0.50340515 -0.42049932 -0.7548268
vn 0.5539955 -0.39035785 -0.73532975
vn 0.8876476 -0.33798203 -0.31280947
vn 0.50340515 -0.42049932 -0.7548268
vn 0.8876476 -0.33798203 -0.31280947
vn 0.83610874 -0.4346337 -0.33468762
vn 0.5539955 -0.39035785 -0.73532975
vn 0.42766127 -0.770286 -0.47303835
vn 0.8876476 -0.33798203 -0.31280947
vn 0.36447084 -0.9126337 -0.18509674
vn 0.8500929 -0.52312917 -0.060645312
vn 0.50269306 -0.8633692 -0.04351026
vn 0.90434563 -0.4258462 -0.028530478
vn 0.77512664 -0.51921415 -0.35999352
vn 0.92231685 -0.3860352 0.017564178
vn 0.4468578 -0.5226405 -0.7260613
vn 0.46658084 -0.47853392 -0.7438464
vn 0.8070006 -0.48100668 -0.34261146
vn 0.4468578 -0.5226405 -0.7260613
vn 0.8070006 -0.48100668 -0.34261146
vn 0.77512664 -0.51921415 -0.35999352
vn 0.77512664 -0.51921415 -0.35999352
vn 0.8070006 -0.48100668 -0.34261146
vn 0.92231685 -0.3860352 0.017564178
vn 0.46658084 -0.47853392 -0.7438464
vn 0.83610874 -0.4346337 -0.33468762
vn 0.8070006 -0.48100668 -0.34261146
vn 0.42766127 -0.770286 -0.47303835
vn 0.45438096 -0.8851304 -0.10040879
vn 0.8876476 -0.33798203 -0.31280947
vn 0.92231685 -0.3860352 0.017564178
vn 0.8070006 -0.48100668 -0.34261146
vn 0.939051 -0.33683255 0.068754345
vn 0.8070006 -0.48100668 -0.34261146
vn 0.83610874 -0.4346337 -0.33468762
vn 0.939051 -0.33683255 0.068754345
vn 0.45438096 -0.8851304 -0.10040879
vn 0.9453878 -0.30641568 0.11113745
vn 0.8876476 -0.33798203 -0.31280947
vn 0.9453878 -0.30641568 0.11113745
vn 0.939051 -0.33683255 0.068754345
vn 0.83610874 -0.4346337 -0.33468762
vn 0.9453878 -0.30641568 0.11113745
vn 0.83610874 -0.4346337 -0.33468762
vn 0.8876476 -0.33798203 -0.31280947
vn -0.9893156 -0.13031611 0.06536281
vn -0.0015007776 -0.99997526 0.006855488
vn -0.7982219 -0.58709484 0.13476413
vn -0.0015007776 -0.99997526 0.006855488
vn 0.0035625063 -0.9998981 0.013824582
vn -0.7982219 -0.58709484 0.13476413
vn -0.0015007776 -0.99997526 0.006855488
vn 0.7863599 -0.38388273 0.48401657
vn 0.0035625063 -0.9998981 0.013824582
vn -0.7982219 -0.58709484 0.13476413
vn 0.0035625063 -0.9998981 0.013824582
vn 0.0004044307 -0.9999105 0.013374209
vn -0.7982219 -0.58709484 0.13476413
vn 0.0004044307 -0.9999105 0.013374209
vn -0.7952587 -0.53723615 0.28096431
vn 0.7863599 -0.38388273 0.48401657
vn 0.6560901 -0.5797741 0.4831229
vn 0.0035625063 -0.9998981 0.013824582
vn 0.0035625063 -0.9998981 0.013824582
vn 0.6560901 -0.5797741 0.4831229
vn 0.0004044307 -0.9999105 0.013374209
vn -0.7952587 -0.53723615 0.28096431
vn 0.0004044307 -0.9999105 0.013374209
vn -0.21080987 -0.36609155 0.9063862
vn 0.6560901 -0.5797741 0.4831229
vn 0.5932959 -0.52744305 0.60811484
vn 0.0004044307 -0.9999105 0.013374209
vn 0.0004044307 -0.9999105 0.013374209
vn 0.5932959 -0.52744305 0.60811484
vn -0.21080987 -0.36609155 0.9063862
vn 0.9212253 -0.2677205 0.28225812
vn 0.75537115 -0.5784368 0.3079372
vn 0.0027504156 -0.999987 0.004298091
vn 0.75537115 -0.5784368 0.3079372
vn 0.003531633 -0.9998925 0.0142323375
vn 0.0027504156 -0.999987 0.004298091
vn 0.75537115 -0.5784368 0.3079372
vn 0.003710688 -0.9999105 0.012856245
vn 0.003531633 -0.9998925 0.0142323375
vn 0.75537115 -0.5784368 0.3079372
vn 0.72559404 -0.5275103 0.44186658
vn 0.003710688 -0.9999105 0.012856245
vn 0.0027504156 -0.999987 0.004298091
vn 0.003531633 -0.9998925 0.0142323375
vn -0.73968387 -0.5866894 0.32964087
vn 0.0027504156 -0.999987 0.004298091
vn -0.73968387 -0.5866894 0.32964087
vn -0.91058266 -0.28691027 0.29752603
vn 0.003531633 -0.9998925 0.0142323375
vn 0.003710688 -0.9999105 0.012856245
vn -0.73968387 -0.5866894 0.32964087
vn 0.72559404 -0.5275103 0.44186658
vn 0.020669103 -0.3661415 0.93032956
vn 0.003710688 -0.9999105 0.012856245
vn -0.73968387 -0.5866894 0.32964087
vn 0.003710688 -0.9999105 0.012856245
vn -0.7007001 -0.5372083 0.4694963
vn -0.7007001 -0.5372083 0.4694963
vn 0.003710688 -0.9999105 0.012856245
vn 0.020669103 -0.3661415 0.93032956
vn 0.9605799 -0.26771027 0.07495004
vn 0.8042595 -0.5784748 0.13613832
vn 0.0051991455 -0.9999596 0.007331729
vn 0.8042595 -0.5784748 0.13613832
vn 0.0010898274 -0.99993557 0.011298478
vn 0.0051991455 -0.9999596 0.007331729
vn 0.8042595 -0.5784748 0.13613832
vn 0.0064204647 -0.9999105 0.011739969
vn 0.0010898274 -0.99993557 0.011298478
vn 0.8042595 -0.5784748 0.13613832
vn 0.8044283 -0.5274565 0.2732851
vn 0.0064204647 -0.9999105 0.011739969
vn 0.0051991455 -0.9999596 0.007331729
vn 0.0010898274 -0.99993557 0.011298478
vn -0.7836511 -0.4063075 0.46989903
vn 0.8044283 -0.5274565 0.2732851
vn 0.22271922 -0.36610758 0.90352726
vn 0.0064204647 -0.9999105 0.011739969
vn 0.0010898274 -0.99993557 0.011298478
vn -0.6509564 -0.58810306 0.47999024
vn -0.7836511 -0.4063075 0.46989903
vn 0.0010898274 -0.99993557 0.011298478
vn 0.0064204647 -0.9999105 0.011739969
vn -0.6509564 -0.58810306 0.47999024
vn 0.22271922 -0.36610758 0.90352726
vn -0.58171254 -0.5371874 0.6107702
vn 0.0064204647 -0.9999105 0.011739969
vn 0.0064204647 -0.9999105 0.011739969
vn -0.58171254 -0.5371874 0.6107702
vn -0.6509564 -0.58810306 0.47999024
vn -0.50269353 -0.863369 -0.0435102
vn -0.40531924 -0.9014963 0.15172559
vn -0.85009325 -0.5231286 -0.060645282
vn -0.40531924 -0.9014963 0.15172559
vn -0.7333098 -0.5906055 0.33681118
vn -0.85009325 -0.5231286 -0.060645282
vn -0.40531924 -0.9014963 0.15172559
vn -0.20793608 -0.93541086 0.28595293
vn -0.7333098 -0.5906055 0.33681118
vn -0.85009325 -0.5231286 -0.060645282
vn -0.7333098 -0.5906055 0.33681118
vn -0.9043456 -0.42584628 -0.028530568
vn -0.20793608 -0.93541086 0.28595293
vn -0.40405527 -0.6281068 0.66499686
vn -0.7333098 -0.5906055 0.33681118
vn -0.20793608 -0.93541086 0.28595293
vn 0.020805886 -0.8753769 0.48299307
vn -0.40405527 -0.6281068 0.66499686
vn -0.9043456 -0.42584628 -0.028530568
vn -0.7333098 -0.5906055 0.33681118
vn -0.83426696 -0.36278963 0.4151894
vn -0.9043456 -0.42584628 -0.028530568
vn -0.83426696 -0.36278963 0.4151894
vn -0.9223168 -0.3860354 0.017564029
vn -0.7333098 -0.5906055 0.33681118
vn -0.40405527 -0.6281068 0.66499686
vn -0.83426696 -0.36278963 0.4151894
vn 0.020805886 -0.8753769 0.48299307
vn 0.02831529 -0.52757996 0.8490334
vn -0.40405527 -0.6281068 0.66499686
vn 0.020805886 -0.8753769 0.48299307
vn 0.46368974 -0.49873033 0.73229766
vn 0.02831529 -0.52757996 0.8490334
vn 0.020805886 -0.8753769 0.48299307
vn 0.30306965 -0.8646157 0.40073484
vn 0.46368974 -0.49873033 0.73229766
vn -0.9223168 -0.3860354 0.017564029
vn -0.83426696 -0.36278963 0.4151894
vn -0.84641546 -0.2519816 0.46913344
vn -0.9223168 -0.3860354 0.017564029
vn -0.84641546 -0.2519816 0.46913344
vn -0.93905073 -0.3368331 0.06875417
vn -0.40405527 -0.6281068 0.66499686
vn 0.02831529 -0.52757996 0.8490334
vn -0.45807248 -0.35210982 0.81620353
vn -0.40405527 -0.6281068 0.66499686
vn -0.45807248 -0.35210982 0.81620353
vn -0.83426696 -0.36278963 0.4151894
vn -0.83426696 -0.36278963 0.4151894
vn -0.45807248 -0.35210982 0.81620353
vn -0.84641546 -0.2519816 0.46913344
vn 0.30306965 -0.8646157 0.40073484
vn 0.77934617 -0.47177833 0.4123649
vn 0.46368974 -0.49873033 0.73229766
vn 0.30306965 -0.8646157 0.40073484
vn 0.4649654 -0.8515512 0.24221444
vn 0.77934617 -0.47177833 0.4123649
vn -0.93905073 -0.3368331 0.06875417
vn -0.84641546 -0.2519816 0.46913344
vn -0.83094794 -0.1957835 0.5207632
vn -0.93905073 -0.3368331 0.06875417
vn -0.83094794 -0.1957835 0.5207632
vn -0.94538754 -0.30641612 0.11113727
vn 0.02831529 -0.52757996 0.8490334
vn 0.009112165 -0.38507903 0.92283857
vn -0.45807248 -0.35210982 0.81620353
vn 0.02831529 -0.52757996 0.8490334
vn 0.46368974 -0.49873033 0.73229766
vn 0.009112165 -0.38507903 0.92283857
vn 0.4649654 -0.8515512 0.24221444
vn 0.5550904 -0.83175945 0.0071311593
vn 0.77934617 -0.47177833 0.4123649
vn -0.84641546 -0.2519816 0.46913344
vn -0.4875867 -0.20815057 0.8478989
vn -0.83094794 -0.1957835 0.5207632
vn -0.84641546 -0.2519816 0.46913344
vn -0.45807248 -0.35210982 0.81620353
vn -0.4875867 -0.20815057 0.8478989
vn -0.45807248 -0.35210982 0.81620353
vn 0.009112165 -0.38507903 0.92283857
vn -0.4875867 -0.20815057 0.8478989
vn -0.94538754 -0.30641612 0.11113727
vn -0.83094794 -0.1957835 0.5207632
vn -0.81378466 -0.17400303 0.5545065
vn -0.94538754 -0.30641612 0.11113727
vn -0.81378466 -0.17400303 0.5545065
vn -0.45438153 -0.8851302 -0.10040861
vn 0.46368974 -0.49873033 0.73229766
vn 0.77934617 -0.47177833 0.4123649
vn 0.504036 -0.37880382 0.77617997
vn 0.46368974 -0.49873033 0.73229766
vn 0.504036 -0.37880382 0.77617997
vn 0.009112165 -0.38507903 0.92283857
vn 0.5550904 -0.83175945 0.0071311593
vn 0.903951 -0.4259678 -0.037738383
vn 0.77934617 -0.47177833 0.4123649
vn 0.5550904 -0.83175945 0.0071311593
vn 0.49873245 -0.8193427 -0.28274274
vn 0.903951 -0.4259678 -0.037738383
vn -0.4875867 -0.20815057 0.8478989
vn -0.471812 -0.15690011 0.8676265
vn -0.83094794 -0.1957835 0.5207632
vn -0.4875867 -0.20815057 0.8478989
vn 0.009112165 -0.38507903 0.92283857
vn 0.011786374 -0.29076302 0.9567225
vn -0.4875867 -0.20815057 0.8478989
vn 0.011786374 -0.29076302 0.9567225
vn -0.471812 -0.15690011 0.8676265
vn 0.009112165 -0.38507903 0.92283857
vn 0.504036 -0.37880382 0.77617997
vn 0.011786374 -0.29076302 0.9567225
vn -0.83094794 -0.1957835 0.5207632
vn -0.471812 -0.15690011 0.8676265
vn -0.81378466 -0.17400303 0.5545065
vn -0.45438153 -0.8851302 -0.10040861
vn -0.81378466 -0.17400303 0.5545065
vn -0.23068875 -0.92211914 0.31061065
vn 0.77934617 -0.47177833 0.4123649
vn 0.903951 -0.4259678 -0.037738383
vn 0.8310229 -0.3738402 0.4118791
vn 0.77934617 -0.47177833 0.4123649
vn 0.8310229 -0.3738402 0.4118791
vn 0.504036 -0.37880382 0.77617997
vn 0.49873245 -0.8193427 -0.28274274
vn 0.7731709 -0.43453535 -0.46193686
vn 0.903951 -0.4259678 -0.037738383
vn 0.49873245 -0.8193427 -0.28274274
vn 0.28662577 -0.84480965 -0.4518211
vn 0.7731709 -0.43453535 -0.46193686
vn 0.011786374 -0.29076302 0.9567225
vn 0.0299329 -0.17830104 0.98352057
vn -0.471812 -0.15690011 0.8676265
vn 0.011786374 -0.29076302 0.9567225
vn 0.504036 -0.37880382 0.77617997
vn 0.51021 -0.2972688 0.8070422
vn 0.011786374 -0.29076302 0.9567225
vn 0.51021 -0.2972688 0.8070422
vn 0.0299329 -0.17830104 0.98352057
vn 0.504036 -0.37880382 0.77617997
vn 0.8310229 -0.3738402 0.4118791
vn 0.51021 -0.2972688 0.8070422
vn -0.81378466 -0.17400303 0.5545065
vn -0.42060608 -0.16026461 0.8929758
vn -0.23068875 -0.92211914 0.31061065
vn -0.81378466 -0.17400303 0.5545065
vn -0.471812 -0.15690011 0.8676265
vn -0.42060608 -0.16026461 0.8929758
vn -0.471812 -0.15690011 0.8676265
vn 0.0299329 -0.17830104 0.98352057
vn -0.42060608 -0.16026461 0.8929758
vn 0.903951 -0.4259678 -0.037738383
vn 0.7731709 -0.43453535 -0.46193686
vn 0.9432553 -0.32521352 -0.06712374
vn 0.903951 -0.4259678 -0.037738383
vn 0.9432553 -0.32521352 -0.06712374
vn 0.8310229 -0.3738402 0.4118791
vn 0.28662577 -0.84480965 -0.4518211
vn 0.44495124 -0.5062287 -0.73874944
vn 0.7731709 -0.43453535 -0.46193686
vn 0.28662577 -0.84480965 -0.4518211
vn 0.021983217 -0.883637 -0.46765608
vn 0.44495124 -0.5062287 -0.73874944
vn 0.51021 -0.2972688 0.8070422
vn 0.531799 -0.18818456 0.8256975
vn 0.0299329 -0.17830104 0.98352057
vn 0.51021 -0.2972688 0.8070422
vn 0.8310229 -0.3738402 0.4118791
vn 0.87122893 -0.27142352 0.40901032
vn 0.51021 -0.2972688 0.8070422
vn 0.87122893 -0.27142352 0.40901032
vn 0.531799 -0.18818456 0.8256975
vn 0.8310229 -0.3738402 0.4118791
vn 0.9432553 -0.32521352 -0.06712374
vn 0.87122893 -0.27142352 0.40901032
vn -0.23068875 -0.92211914 0.31061065
vn -0.42060608 -0.16026461 0.8929758
vn 0.12322236 -0.7944114 0.59474915
vn 0.7731709 -0.43453535 -0.46193686
vn 0.44495124 -0.5062287 -0.73874944
vn 0.7993554 -0.3422329 -0.49387002
vn 0.7731709 -0.43453535 -0.46193686
vn 0.7993554 -0.3422329 -0.49387002
vn 0.9432553 -0.32521352 -0.06712374
vn 0.021983217 -0.883637 -0.46765608
vn 0.010893897 -0.5752887 -0.81787777
vn 0.44495124 -0.5062287 -0.73874944
vn 0.021983217 -0.883637 -0.46765608
vn -0.19895089 -0.9149895 -0.35101682
vn 0.010893897 -0.5752887 -0.81787777
vn 0.0299329 -0.17830104 0.98352057
vn 0.531799 -0.18818456 0.8256975
vn 0.05164286 -0.07015818 0.99619824
vn 0.0299329 -0.17830104 0.98352057
vn 0.05164286 -0.07015818 0.99619824
vn -0.42060608 -0.16026461 0.8929758
vn -0.42060608 -0.16026461 0.8929758
vn 0.05164286 -0.07015818 0.99619824
vn 0.12322236 -0.7944114 0.59474915
vn 0.87122893 -0.27142352 0.40901032
vn 0.9432553 -0.32521352 -0.06712374
vn 0.97200274 -0.21444139 -0.09604939
vn 0.87122893 -0.27142352 0.40901032
vn 0.90311843 -0.17196694 0.3934518
vn 0.531799 -0.18818456 0.8256975
vn 0.87122893 -0.27142352 0.40901032
vn 0.97200274 -0.21444139 -0.09604939
vn 0.90311843 -0.17196694 0.3934518
vn 0.9432553 -0.32521352 -0.06712374
vn 0.7993554 -0.3422329 -0.49387002
vn 0.97200274 -0.21444139 -0.09604939
vn 0.44495124 -0.5062287 -0.73874944
vn 0.010893897 -0.5752887 -0.81787777
vn 0.44436675 -0.3869837 -0.80794907
vn 0.44495124 -0.5062287 -0.73874944
vn 0.44436675 -0.3869837 -0.80794907
vn 0.7993554 -0.3422329 -0.49387002
vn -0.19895089 -0.9149895 -0.35101682
vn -0.38510057 -0.6513171 -0.6538223
vn 0.010893897 -0.5752887 -0.81787777
vn -0.19895089 -0.9149895 -0.35101682
vn -0.6893861 -0.6307667 -0.3562024
vn -0.38510057 -0.6513171 -0.6538223
vn -0.19895089 -0.9149895 -0.35101682
vn -0.36447096 -0.91263354 -0.1850965
vn -0.6893861 -0.6307667 -0.3562024
vn 0.05164286 -0.07015818 0.99619824
vn 0.5876791 -0.6943885 0.41528046
vn 0.12322236 -0.7944114 0.59474915
vn 0.05164286 -0.07015818 0.99619824
vn 0.531799 -0.18818456 0.8256975
vn 0.6046726 -0.15956134 0.78032756
vn 0.05164286 -0.07015818 0.99619824
vn 0.6046726 -0.15956134 0.78032756
vn 0.5876791 -0.6943885 0.41528046
vn 0.531799 -0.18818456 0.8256975
vn 0.90311843 -0.17196694 0.3934518
vn 0.6046726 -0.15956134 0.78032756
vn 0.97200274 -0.21444139 -0.09604939
vn 0.7993554 -0.3422329 -0.49387002
vn 0.8165285 -0.20045108 -0.54138774
vn 0.97200274 -0.21444139 -0.09604939
vn 0.9857777 -0.08365752 -0.1457523
vn 0.90311843 -0.17196694 0.3934518
vn 0.97200274 -0.21444139 -0.09604939
vn 0.8165285 -0.20045108 -0.54138774
vn 0.9857777 -0.08365752 -0.1457523
vn 0.44436675 -0.3869837 -0.80794907
vn 0.010893897 -0.5752887 -0.81787777
vn -0.009472419 -0.45014453 -0.8929054
vn 0.44436675 -0.3869837 -0.80794907
vn 0.44867304 -0.27082586 -0.8516724
vn 0.7993554 -0.3422329 -0.49387002
vn 0.44436675 -0.3869837 -0.80794907
vn -0.009472419 -0.45014453 -0.8929054
vn -0.011821273 -0.3951193 -0.9185537
vn 0.44436675 -0.3869837 -0.80794907
vn -0.011821273 -0.3951193 -0.9185537
vn 0.44867304 -0.27082586 -0.8516724
vn 0.7993554 -0.3422329 -0.49387002
vn 0.44867304 -0.27082586 -0.8516724
vn 0.8165285 -0.20045108 -0.54138774
vn -0.38510057 -0.6513171 -0.6538223
vn -0.6893861 -0.6307667 -0.3562024
vn -0.77512664 -0.51921415 -0.35999346
vn -0.38510057 -0.6513171 -0.6538223
vn -0.446858 -0.5226408 -0.726061
vn 0.010893897 -0.5752887 -0.81787777
vn -0.38510057 -0.6513171 -0.6538223
vn -0.77512664 -0.51921415 -0.35999346
vn -0.446858 -0.5226408 -0.726061
vn 0.010893897 -0.5752887 -0.81787777
vn -0.446858 -0.5226408 -0.726061
vn -0.009472419 -0.45014453 -0.8929054
vn -0.36447096 -0.91263354 -0.1850965
vn -0.85009325 -0.5231286 -0.060645282
vn -0.6893861 -0.6307667 -0.3562024
vn -0.36447096 -0.91263354 -0.1850965
vn -0.50269353 -0.863369 -0.0435102
vn -0.85009325 -0.5231286 -0.060645282
vn 0.5876791 -0.6943885 0.41528046
vn 0.6046726 -0.15956134 0.78032756
vn 0.8525111 -0.43692526 0.2869164
vn 0.90311843 -0.17196694 0.3934518
vn 0.9857777 -0.08365752 -0.1457523
vn 0.938329 -0.115896 0.32574055
vn 0.90311843 -0.17196694 0.3934518
vn 0.938329 -0.115896 0.32574055
vn 0.6046726 -0.15956134 0.78032756
vn 0.6046726 -0.15956134 0.78032756
vn 0.938329 -0.115896 0.32574055
vn 0.8525111 -0.43692526 0.2869164
vn -0.011821273 -0.3951193 -0.9185537
vn -0.026748426 -0.31864983 -0.947495
vn 0.44867304 -0.27082586 -0.8516724
vn -0.011821273 -0.3951193 -0.9185537
vn -0.009472419 -0.45014453 -0.8929054
vn -0.46658072 -0.47853386 -0.74384654
vn -0.011821273 -0.3951193 -0.9185537
vn -0.5034052 -0.42049915 -0.7548268
vn -0.026748426 -0.31864983 -0.947495
vn -0.011821273 -0.3951193 -0.9185537
vn -0.46658072 -0.47853386 -0.74384654
vn -0.5034052 -0.42049915 -0.7548268
vn -0.009472419 -0.45014453 -0.8929054
vn -0.446858 -0.5226408 -0.726061
vn -0.46658072 -0.47853386 -0.74384654
vn 0.8165285 -0.20045108 -0.54138774
vn 0.8074048 -0.05442679 -0.5874821
vn 0.9857777 -0.08365752 -0.1457523
vn 0.8165285 -0.20045108 -0.54138774
vn 0.44867304 -0.27082586 -0.8516724
vn 0.4551978 -0.1592865 -0.87602663
vn 0.8165285 -0.20045108 -0.54138774
vn 0.4551978 -0.1592865 -0.87602663
vn 0.8074048 -0.05442679 -0.5874821
vn 0.44867304 -0.27082586 -0.8516724
vn -0.026748426 -0.31864983 -0.947495
vn 0.4551978 -0.1592865 -0.87602663
vn -0.77512664 -0.51921415 -0.35999346
vn -0.6893861 -0.6307667 -0.3562024
vn -0.9043456 -0.42584628 -0.028530568
vn -0.77512664 -0.51921415 -0.35999346
vn -0.8070003 -0.48100698 -0.34261167
vn -0.446858 -0.5226408 -0.726061
vn -0.77512664 -0.51921415 -0.35999346
vn -0.9043456 -0.42584628 -0.028530568
vn -0.9223168 -0.3860354 0.017564029
vn -0.77512664 -0.51921415 -0.35999346
vn -0.9223168 -0.3860354 0.017564029
vn -0.8070003 -0.48100698 -0.34261167
vn -0.9043456 -0.42584628 -0.028530568
vn -0.6893861 -0.6307667 -0.3562024
vn -0.85009325 -0.5231286 -0.060645282
vn -0.446858 -0.5226408 -0.726061
vn -0.8070003 -0.48100698 -0.34261167
vn -0.46658072 -0.47853386 -0.74384654
vn 0.938329 -0.115896 0.32574055
vn 0.98907465 -0.12940763 0.070605025
vn 0.8525111 -0.43692526 0.2869164
vn 0.938329 -0.115896 0.32574055
vn 0.9857777 -0.08365752 -0.1457523
vn 0.97596973 0.0221197 -0.2167805
vn 0.938329 -0.115896 0.32574055
vn 0.97596973 0.0221197 -0.2167805
vn 0.98907465 -0.12940763 0.070605025
vn 0.9857777 -0.08365752 -0.1457523
vn 0.8074048 -0.05442679 -0.5874821
vn 0.97596973 0.0221197 -0.2167805
vn -0.5034052 -0.42049915 -0.7548268
vn -0.5539954 -0.3903579 -0.7353296
vn -0.026748426 -0.31864983 -0.947495
vn -0.5034052 -0.42049915 -0.7548268
vn -0.46658072 -0.47853386 -0.74384654
vn -0.8361086 -0.43463376 -0.3346876
vn -0.5034052 -0.42049915 -0.7548268
vn -0.88764745 -0.33798242 -0.31280962
vn -0.5539954 -0.3903579 -0.7353296
vn -0.5034052 -0.42049915 -0.7548268
vn -0.8361086 -0.43463376 -0.3346876
vn -0.88764745 -0.33798242 -0.31280962
vn -0.46658072 -0.47853386 -0.74384654
vn -0.8070003 -0.48100698 -0.34261167
vn -0.8361086 -0.43463376 -0.3346876
vn 0.4551978 -0.1592865 -0.87602663
vn 0.7770182 0.0758822 -0.62488765
vn 0.8074048 -0.05442679 -0.5874821
vn 0.4551978 -0.1592865 -0.87602663
vn -0.026748426 -0.31864983 -0.947495
vn -0.043554205 -0.25536442 -0.9658632
vn 0.4551978 -0.1592865 -0.87602663
vn 0.4432279 -0.06352478 -0.89415514
vn 0.7770182 0.0758822 -0.62488765
vn 0.4551978 -0.1592865 -0.87602663
vn -0.043554205 -0.25536442 -0.9658632
vn 0.4432279 -0.06352478 -0.89415514
vn -0.026748426 -0.31864983 -0.947495
vn -0.5539954 -0.3903579 -0.7353296
vn -0.043554205 -0.25536442 -0.9658632
vn 0.8074048 -0.05442679 -0.5874821
vn 0.7770182 0.0758822 -0.62488765
vn 0.97596973 0.0221197 -0.2167805
vn -0.9223168 -0.3860354 0.017564029
vn -0.93905073 -0.3368331 0.06875417
vn -0.8070003 -0.48100698 -0.34261167
vn -0.8070003 -0.48100698 -0.34261167
vn -0.93905073 -0.3368331 0.06875417
vn -0.8361086 -0.43463376 -0.3346876
vn 0.98907465 -0.12940763 0.070605025
vn 0.97596973 0.0221197 -0.2167805
vn 0.94025195 0.1636517 -0.29857063
vn 0.97596973 0.0221197 -0.2167805
vn 0.7770182 0.0758822 -0.62488765
vn 0.94025195 0.1636517 -0.29857063
vn -0.88764745 -0.33798242 -0.31280962
vn -0.42766103 -0.77028596 -0.47303826
vn -0.5539954 -0.3903579 -0.7353296
vn -0.88764745 -0.33798242 -0.31280962
vn -0.8361086 -0.43463376 -0.3346876
vn -0.94538754 -0.30641612 0.11113727
vn -0.88764745 -0.33798242 -0.31280962
vn -0.45438153 -0.8851302 -0.10040861
vn -0.42766103 -0.77028596 -0.47303826
vn -0.88764745 -0.33798242 -0.31280962
vn -0.94538754 -0.30641612 0.11113727
vn -0.45438153 -0.8851302 -0.10040861
vn -0.94538754 -0.30641612 0.11113727
vn -0.8361086 -0.43463376 -0.3346876
vn -0.93905073 -0.3368331 0.06875417
vn 0.4432279 -0.06352478 -0.89415514
vn -0.043554205 -0.25536442 -0.9658632
vn 0.028148782 -0.1668114 -0.98558694
vn 0.4432279 -0.06352478 -0.89415514
vn 0.4214403 0.059506357 -0.9049017
vn 0.7770182 0.0758822 -0.62488765
vn 0.4432279 -0.06352478 -0.89415514
vn 0.028148782 -0.1668114 -0.98558694
vn 0.4214403 0.059506357 -0.9049017
vn 0.94025195 0.1636517 -0.29857063
vn 0.7770182 0.0758822 -0.62488765
vn 0.7369655 0.22812337 -0.6362716
vn 0.7369655 0.22812337 -0.6362716
vn 0.7770182 0.0758822 -0.62488765
vn 0.4214403 0.059506357 -0.9049017
vn -0.5539954 -0.3903579 -0.7353296
vn -0.42766103 -0.77028596 -0.47303826
vn -0.14169838 -0.64676946 -0.7494071
vn -0.5539954 -0.3903579 -0.7353296
vn -0.14169838 -0.64676946 -0.7494071
vn -0.043554205 -0.25536442 -0.9658632
vn -0.043554205 -0.25536442 -0.9658632
vn -0.14169838 -0.64676946 -0.7494071
vn 0.028148782 -0.1668114 -0.98558694
vn 0.9893157 -0.13031578 0.065362915
vn 0.7982224 -0.5870943 0.1347639
vn 0.0015013396 -0.99997526 0.006855488
vn 0.7982224 -0.5870943 0.1347639
vn -0.0035621594 -0.9998981 0.013824701
vn 0.0015013396 -0.99997526 0.006855488
vn 0.7982224 -0.5870943 0.1347639
vn -0.0004048606 -0.9999105 0.013374567
vn -0.0035621594 -0.9998981 0.013824701
vn 0.7982224 -0.5870943 0.1347639
vn 0.7952582 -0.5372368 0.28096455
vn -0.0004048606 -0.9999105 0.013374567
vn 0.0015013396 -0.99997526 0.006855488
vn -0.0035621594 -0.9998981 0.013824701
vn -0.7863596 -0.3838828 0.48401695
vn 0.7952582 -0.5372368 0.28096455
vn 0.21080983 -0.36609066 0.9063866
vn -0.0004048606 -0.9999105 0.013374567
vn -0.0035621594 -0.9998981 0.013824701
vn -0.6560905 -0.57977337 0.48312336
vn -0.7863596 -0.3838828 0.48401695
vn -0.0035621594 -0.9998981 0.013824701
vn -0.0004048606 -0.9999105 0.013374567
vn -0.6560905 -0.57977337 0.48312336
vn 0.21080983 -0.36609066 0.9063866
vn -0.5932962 -0.5274423 0.6081154
vn -0.0004048606 -0.9999105 0.013374567
vn -0.0004048606 -0.9999105 0.013374567
vn -0.5932962 -0.5274423 0.6081154
vn -0.6560905 -0.57977337 0.48312336
vn 0.9105826 -0.2869102 0.29752594
vn 0.73968387 -0.5866894 0.32964087
vn -0.0027504163 -0.999987 0.004298091
vn 0.73968387 -0.5866894 0.32964087
vn -0.003531633 -0.9998925 0.0142323375
vn -0.0027504163 -0.999987 0.004298091
vn 0.73968387 -0.5866894 0.32964087
vn -0.0037106883 -0.9999105 0.012856245
vn -0.003531633 -0.9998925 0.0142323375
vn 0.73968387 -0.5866894 0.32964087
vn 0.70070004 -0.5372083 0.46949625
vn -0.0037106883 -0.9999105 0.012856245
vn -0.0027504163 -0.999987 0.004298091
vn -0.003531633 -0.9998925 0.0142323375
vn -0.75537115 -0.5784367 0.30793715
vn -0.0027504163 -0.999987 0.004298091
vn -0.75537115 -0.5784367 0.30793715
vn -0.9212253 -0.26772052 0.28225812
vn -0.003531633 -0.9998925 0.0142323375
vn -0.0037106883 -0.9999105 0.012856245
vn -0.75537115 -0.5784367 0.30793715
vn 0.70070004 -0.5372083 0.46949625
vn -0.020669103 -0.3661415 0.93032956
vn -0.0037106883 -0.9999105 0.012856245
vn -0.75537115 -0.5784367 0.30793715
vn -0.0037106883 -0.9999105 0.012856245
vn -0.7255941 -0.5275102 0.44186664
vn -0.7255941 -0.5275102 0.44186664
vn -0.0037106883 -0.9999105 0.012856245
vn -0.020669103 -0.3661415 0.93032956
vn -0.96057993 -0.26771027 0.07495004
vn -0.0051991455 -0.9999596 0.007331729
vn -0.8042595 -0.5784748 0.13613832
vn -0.0051991455 -0.9999596 0.007331729
vn -0.0010898274 -0.99993557 0.011298478
vn -0.8042595 -0.5784748 0.13613832
vn -0.0051991455 -0.9999596 0.007331729
vn 0.7836511 -0.40630746 0.46989906
vn -0.0010898274 -0.99993557 0.011298478
vn -0.8042595 -0.5784748 0.13613832
vn -0.0010898274 -0.99993557 0.011298478
vn -0.0064204647 -0.9999105 0.011739969
vn -0.8042595 -0.5784748 0.13613832
vn -0.0064204647 -0.9999105 0.011739969
vn -0.80442834 -0.5274565 0.2732851
vn 0.7836511 -0.40630746 0.46989906
vn 0.6509565 -0.58810306 0.47999007
vn -0.0010898274 -0.99993557 0.011298478
vn -0.0010898274 -0.99993557 0.011298478
vn 0.6509565 -0.58810306 0.47999007
vn -0.0064204647 -0.9999105 0.011739969
vn -0.80442834 -0.5274565 0.2732851
vn -0.0064204647 -0.9999105 0.011739969
vn -0.22271922 -0.36610746 0.9035272
vn 0.6509565 -0.58810306 0.47999007
vn 0.58171254 -0.5371873 0.61077017
vn -0.0064204647 -0.9999105 0.011739969
vn -0.0064204647 -0.9999105 0.011739969
vn 0.58171254 -0.5371873 0.61077017
vn -0.22271922 -0.36610746 0.9035272
vn -0.21080987 -0.36609155 0.9063862
vn -0.1795732 0.6392668 0.747724
vn -0.7952587 -0.53723615 0.28096431
vn -0.21080987 -0.36609155 0.9063862
vn 0.5932959 -0.52744305 0.60811484
vn -0.1795732 0.6392668 0.747724
vn -0.7952587 -0.53723615 0.28096431
vn -0.1795732 0.6392668 0.747724
vn -0.8524469 0.4033309 0.33265355
vn -0.7952587 -0.53723615 0.28096431
vn -0.8524469 0.4033309 0.33265355
vn -0.7982219 -0.58709484 0.13476413
vn 0.5932959 -0.52744305 0.60811484
vn 0.6104739 0.41999328 0.6715113
vn -0.1795732 0.6392668 0.747724
vn 0.5932959 -0.52744305 0.60811484
vn 0.6560901 -0.5797741 0.4831229
vn 0.6104739 0.41999328 0.6715113
vn -0.8524469 0.4033309 0.33265355
vn -0.83308065 0.47259235 0.28746
vn -0.7982219 -0.58709484 0.13476413
vn -0.8524469 0.4033309 0.33265355
vn -0.1795732 0.6392668 0.747724
vn -0.14205931 0.804309 0.5769802
vn -0.8524469 0.4033309 0.33265355
vn -0.14205931 0.804309 0.5769802
vn -0.83308065 0.47259235 0.28746
vn -0.1795732 0.6392668 0.747724
vn 0.6104739 0.41999328 0.6715113
vn -0.14205931 0.804309 0.5769802
vn 0.6560901 -0.5797741 0.4831229
vn 0.6084466 0.4825526 0.63002825
vn 0.6104739 0.41999328 0.6715113
vn 0.6560901 -0.5797741 0.4831229
vn 0.7863599 -0.38388273 0.48401657
vn 0.6084466 0.4825526 0.63002825
vn 0.6104739 0.41999328 0.6715113
vn 0.6084466 0.4825526 0.63002825
vn -0.14205931 0.804309 0.5769802
vn -0.7982219 -0.58709484 0.13476413
vn -0.83308065 0.47259235 0.28746
vn -0.9893156 -0.13031611 0.06536281
vn 0.7863599 -0.38388273 0.48401657
vn 0.53689563 0.64948785 0.53843135
vn 0.6084466 0.4825526 0.63002825
vn 0.6084466 0.4825526 0.63002825
vn 0.53689563 0.64948785 0.53843135
vn -0.14205931 0.804309 0.5769802
vn -0.83308065 0.47259235 0.28746
vn -0.7847999 0.5869909 0.19882363
vn -0.9893156 -0.13031611 0.06536281
vn -0.83308065 0.47259235 0.28746
vn -0.14205931 0.804309 0.5769802
vn -0.7847999 0.5869909 0.19882363
vn 0.53689563 0.64948785 0.53843135
vn -0.09769604 0.87854 0.46757132
vn -0.14205931 0.804309 0.5769802
vn -0.14205931 0.804309 0.5769802
vn -0.09769604 0.87854 0.46757132
vn -0.7847999 0.5869909 0.19882363
vn 0.020669103 -0.3661415 0.93032956
vn 0.011596269 0.63924354 0.7689169
vn -0.7007001 -0.5372083 0.4694963
vn 0.020669103 -0.3661415 0.93032956
vn 0.72559404 -0.5275103 0.44186658
vn 0.011596269 0.63924354 0.7689169
vn -0.7007001 -0.5372083 0.4694963
vn 0.011596269 0.63924354 0.7689169
vn -0.74325347 0.4033875 0.5337159
vn -0.7007001 -0.5372083 0.4694963
vn -0.74325347 0.4033875 0.5337159
vn -0.73968387 -0.5866894 0.32964087
vn 0.72559404 -0.5275103 0.44186658
vn 0.7580467 0.41992435 0.49902788
vn 0.011596269 0.63924354 0.7689169
vn 0.72559404 -0.5275103 0.44186658
vn 0.75537115 -0.5784368 0.3079372
vn 0.7580467 0.41992435 0.49902788
vn -0.74325347 0.4033875 0.5337159
vn -0.7356672 0.47261372 0.48521116
vn -0.73968387 -0.5866894 0.32964087
vn -0.74325347 0.4033875 0.5337159
vn 0.011596269 0.63924354 0.7689169
vn 0.005592635 0.80431175 0.5941813
vn -0.74325347 0.4033875 0.5337159
vn 0.005592635 0.80431175 0.5941813
vn -0.7356672 0.47261372 0.48521116
vn 0.011596269 0.63924354 0.7689169
vn 0.7580467 0.41992435 0.49902788
vn 0.005592635 0.80431175 0.5941813
vn 0.75537115 -0.5784368 0.3079372
vn 0.7464643 0.4824104 0.45833528
vn 0.7580467 0.41992435 0.49902788
vn 0.75537115 -0.5784368 0.3079372
vn 0.9212253 -0.2677205 0.28225812
vn 0.7464643 0.4824104 0.45833528
vn 0.7580467 0.41992435 0.49902788
vn 0.7464643 0.4824104 0.45833528
vn 0.005592635 0.80431175 0.5941813
vn -0.73968387 -0.5866894 0.32964087
vn -0.7356672 0.47261372 0.48521116
vn -0.91058266 -0.28691027 0.29752603
vn 0.9212253 -0.2677205 0.28225812
vn 0.7220126 0.5817255 0.37455732
vn 0.7464643 0.4824104 0.45833528
vn 0.7464643 0.4824104 0.45833528
vn 0.7220126 0.5817255 0.37455732
vn 0.005592635 0.80431175 0.5941813
vn -0.7356672 0.47261372 0.48521116
vn -0.71090627 0.58698624 0.38737506
vn -0.91058266 -0.28691027 0.29752603
vn -0.7356672 0.47261372 0.48521116
vn 0.005592635 0.80431175 0.5941813
vn -0.71090627 0.58698624 0.38737506
vn 0.7220126 0.5817255 0.37455732
vn 0.021327676 0.87854075 0.47719097
vn 0.005592635 0.80431175 0.5941813
vn 0.005592635 0.80431175 0.5941813
vn 0.021327676 0.87854075 0.47719097
vn -0.71090627 0.58698624 0.38737506
vn 0.22271922 -0.36610758 0.90352726
vn 0.17873636 0.6392659 0.7479253
vn -0.58171254 -0.5371874 0.6107702
vn 0.22271922 -0.36610758 0.90352726
vn 0.8044283 -0.5274565 0.2732851
vn 0.17873636 0.6392659 0.7479253
vn -0.58171254 -0.5371874 0.6107702
vn 0.17873636 0.6392659 0.7479253
vn -0.60923886 0.40336645 0.68273246
vn -0.58171254 -0.5371874 0.6107702
vn -0.60923886 0.40336645 0.68273246
vn -0.6509564 -0.58810306 0.47999024
vn 0.8044283 -0.5274565 0.2732851
vn 0.8484898 0.41996974 0.32201
vn 0.17873636 0.6392659 0.7479253
vn 0.8044283 -0.5274565 0.2732851
vn 0.8042595 -0.5784748 0.13613832
vn 0.8484898 0.41996974 0.32201
vn -0.60923886 0.40336645 0.68273246
vn -0.61212206 0.4725641 0.6340265
vn -0.6509564 -0.58810306 0.47999024
vn -0.60923886 0.40336645 0.68273246
vn 0.17873636 0.6392659 0.7479253
vn 0.13474123 0.8042921 0.57875645
vn -0.60923886 0.40336645 0.68273246
vn 0.13474123 0.8042921 0.57875645
vn -0.61212206 0.4725641 0.6340265
vn 0.17873636 0.6392659 0.7479253
vn 0.8484898 0.41996974 0.32201
vn 0.13474123 0.8042921 0.57875645
vn 0.8042595 -0.5784748 0.13613832
vn 0.82833534 0.48238984 0.28488678
vn 0.8484898 0.41996974 0.32201
vn 0.8042595 -0.5784748 0.13613832
vn 0.9605799 -0.26771027 0.07495004
vn 0.82833534 0.48238984 0.28488678
vn 0.8484898 0.41996974 0.32201
vn 0.82833534 0.48238984 0.28488678
vn 0.13474123 0.8042921 0.57875645
vn -0.6509564 -0.58810306 0.47999024
vn -0.61212206 0.4725641 0.6340265
vn -0.7836511 -0.4063075 0.46989903
vn 0.9605799 -0.26771027 0.07495004
vn 0.78623086 0.5817282 0.20840651
vn 0.82833534 0.48238984 0.28488678
vn 0.82833534 0.48238984 0.28488678
vn 0.78623086 0.5817282 0.20840651
vn 0.13474123 0.8042921 0.57875645
vn -0.61212206 0.4725641 0.6340265
vn -0.56989676 0.6276702 0.5303281
vn -0.7836511 -0.4063075 0.46989903
vn -0.61212206 0.4725641 0.6340265
vn 0.13474123 0.8042921 0.57875645
vn -0.56989676 0.6276702 0.5303281
vn 0.78623086 0.5817282 0.20840651
vn 0.124725685 0.878546 0.461086
vn 0.13474123 0.8042921 0.57875645
vn 0.13474123 0.8042921 0.57875645
vn 0.124725685 0.878546 0.461086
vn -0.56989676 0.6276702 0.5303281
vn -0.49873266 -0.8193425 -0.28274322
vn -0.28662592 -0.84480965 -0.4518211
vn 0 -0.99999994 -5.9604645E-08
vn -0.49873266 -0.8193425 -0.28274322
vn 0 -0.99999994 -5.9604645E-08
vn -0.5550905 -0.83175945 0.0071311593
vn -0.28662592 -0.84480965 -0.4518211
vn 0 -0.99999994 -5.9604645E-08
vn 0 -0.99999994 -5.9604645E-08
vn -0.28662592 -0.84480965 -0.4518211
vn -0.021983197 -0.88363695 -0.46765622
vn 0 -0.99999994 -5.9604645E-08
vn -0.5550905 -0.83175945 0.0071311593
vn 0 -0.99999994 -5.9604645E-08
vn 0 -0.99999994 -5.9604645E-08
vn -0.5550905 -0.83175945 0.0071311593
vn 0 -0.99999994 -5.9604645E-08
vn -0.46496543 -0.85155123 0.24221444
vn -0.021983197 -0.88363695 -0.46765622
vn 0 -0.99999994 -5.9604645E-08
vn 0 -0.99999994 -5.9604645E-08
vn -0.021983197 -0.88363695 -0.46765622
vn 0.19895099 -0.91498935 -0.35101712
vn 0 -0.99999994 -5.9604645E-08
vn 0 -0.99999994 -5.9604645E-08
vn 0 -0.99999994 -5.9604645E-08
vn 0 -0.99999994 -5.9604645E-08
vn 0 -0.99999994 -5.9604645E-08
vn 0 -0.99999994 -5.9604645E-08
vn 0 -0.99999994 -5.9604645E-08
vn 0 -0.99999994 -5.9604645E-08
vn 0 -0.99999994 -5.9604645E-08
vn 0 -0.99999994 -5.9604645E-08
vn 0 -0.99999994 -5.9604645E-08
vn 0 -0.99999994 -5.9604645E-08
vn 0 -0.99999994 -5.9604645E-08
vn -0.46496543 -0.85155123 0.24221444
vn 0 -0.99999994 -5.9604645E-08
vn 0 -0.99999994 -5.9604645E-08
vn -0.46496543 -0.85155123 0.24221444
vn 0 -0.99999994 -5.9604645E-08
vn -0.3030698 -0.8646156 0.40073508
vn 0 -0.99999994 -5.9604645E-08
vn 0 -0.99999994 -5.9604645E-08
vn 0 -0.99999994 -5.9604645E-08
vn 0.19895099 -0.91498935 -0.35101712
vn 0 -0.99999994 -5.9604645E-08
vn 0 -0.99999994 -5.9604645E-08
vn 0.19895099 -0.91498935 -0.35101712
vn 0.36447084 -0.9126337 -0.18509674
vn 0 -0.99999994 -5.9604645E-08
vn 0 -0.99999994 -5.9604645E-08
vn 0 -0.99999994 -5.9604645E-08
vn 0 -0.99999994 -5.9604645E-08
vn -0.3030698 -0.8646156 0.40073508
vn 0 -0.99999994 -5.9604645E-08
vn 0 -0.99999994 -5.9604645E-08
vn -0.3030698 -0.8646156 0.40073508
vn 0 -0.99999994 -5.9604645E-08
vn -0.02080599 -0.8753769 0.48299307
vn 0 -0.99999994 -5.9604645E-08
vn 0 -0.99999994 -5.9604645E-08
vn 0 -0.99999994 -5.9604645E-08
vn 0 -0.99999994 -5.9604645E-08
vn 0 -0.99999994 -5.9604645E-08
vn 0 -0.99999994 -5.9604645E-08
vn 0 -0.99999994 -5.9604645E-08
vn 0 -0.99999994 -5.9604645E-08
vn 0 -0.99999994 -5.9604645E-08
vn 0 -0.99999994 -5.9604645E-08
vn 0 -0.99999994 -5.9604645E-08
vn 0 -0.99999994 -5.9604645E-08
vn 0 -0.99999994 -5.9604645E-08
vn 0 -0.99999994 -5.9604645E-08
vn 0 -0.99999994 -5.9604645E-08
vn 0 -0.99999994 -5.9604645E-08
vn 0.36447084 -0.9126337 -0.18509674
vn 0 -0.99999994 -5.9604645E-08
vn 0 -0.99999994 -5.9604645E-08
vn 0 -0.99999994 -5.9604645E-08
vn 0 -0.99999994 -5.9604645E-08
vn 0 -0.99999994 -5.9604645E-08
vn 0 -0.99999994 -5.9604645E-08
vn 0 -0.99999994 -5.9604645E-08
vn -0.02080599 -0.8753769 0.48299307
vn 0 -0.99999994 -5.9604645E-08
vn 0 -0.99999994 -5.9604645E-08
vn -0.02080599 -0.8753769 0.48299307
vn 0 -0.99999994 -5.9604645E-08
vn 0.20793594 -0.935411 0.2859527
vn 0 -0.99999994 -5.9604645E-08
vn 0 -0.99999994 -5.9604645E-08
vn 0 -0.99999994 -5.9604645E-08
vn 0 -0.99999994 -5.9604645E-08
vn 0.50269306 -0.8633692 -0.04351026
vn 0 -0.99999994 -5.9604645E-08
vn 0 -0.99999994 -5.9604645E-08
vn 0 -0.99999994 -5.9604645E-08
vn 0.50269306 -0.8633692 -0.04351026
vn 0 -0.99999994 -5.9604645E-08
vn 0.36447084 -0.9126337 -0.18509674
vn 0.50269306 -0.8633692 -0.04351026
vn 0.20793594 -0.935411 0.2859527
vn 0 -0.99999994 -5.9604645E-08
vn 0 -0.99999994 -5.9604645E-08
vn 0.20793594 -0.935411 0.2859527
vn 0 -0.99999994 -5.9604645E-08
vn 0 -0.99999994 -5.9604645E-08
vn 0.20793594 -0.935411 0.2859527
vn 0 -0.99999994 -5.9604645E-08
vn 0.40531877 -0.9014965 0.15172559
vn 0 -0.99999994 -5.9604645E-08
vn 0 -0.99999994 -5.9604645E-08
vn 0 -0.99999994 -5.9604645E-08
vn 0 -0.99999994 -5.9604645E-08
vn 0.50269306 -0.8633692 -0.04351026
vn 0.40531877 -0.9014965 0.15172559
vn 0 -0.99999994 -5.9604645E-08
vn 0 -0.99999994 -5.9604645E-08
vn 0 -0.99999994 -5.9604645E-08
vn 0.09769607 0.87854 0.46757132
vn 0.1420596 0.8043092 0.5769798
vn 0.7847999 0.5869909 0.19882369
vn 0.09769607 0.87854 0.46757132
vn -0.53689563 0.64948785 0.53843135
vn 0.1420596 0.8043092 0.5769798
vn 0.7847999 0.5869909 0.19882369
vn 0.1420596 0.8043092 0.5769798
vn 0.83308077 0.47259215 0.28745955
vn 0.7847999 0.5869909 0.19882369
vn 0.83308077 0.47259215 0.28745955
vn 0.9893157 -0.13031578 0.065362915
vn -0.53689563 0.64948785 0.53843135
vn -0.6084467 0.48255295 0.63002807
vn 0.1420596 0.8043092 0.5769798
vn -0.53689563 0.64948785 0.53843135
vn -0.7863596 -0.3838828 0.48401695
vn -0.6084467 0.48255295 0.63002807
vn 0.83308077 0.47259215 0.28745955
vn 0.7982224 -0.5870943 0.1347639
vn 0.9893157 -0.13031578 0.065362915
vn 0.83308077 0.47259215 0.28745955
vn 0.1420596 0.8043092 0.5769798
vn 0.8524468 0.40333086 0.33265394
vn 0.83308077 0.47259215 0.28745955
vn 0.8524468 0.40333086 0.33265394
vn 0.7982224 -0.5870943 0.1347639
vn -0.7863596 -0.3838828 0.48401695
vn -0.6560905 -0.57977337 0.48312336
vn -0.6084467 0.48255295 0.63002807
vn 0.1420596 0.8043092 0.5769798
vn 0.17957333 0.6392669 0.7477241
vn 0.8524468 0.40333086 0.33265394
vn 0.1420596 0.8043092 0.5769798
vn -0.6084467 0.48255295 0.63002807
vn -0.61047345 0.41999352 0.6715114
vn 0.1420596 0.8043092 0.5769798
vn -0.61047345 0.41999352 0.6715114
vn 0.17957333 0.6392669 0.7477241
vn -0.6084467 0.48255295 0.63002807
vn -0.6560905 -0.57977337 0.48312336
vn -0.61047345 0.41999352 0.6715114
vn 0.7982224 -0.5870943 0.1347639
vn 0.8524468 0.40333086 0.33265394
vn 0.7952582 -0.5372368 0.28096455
vn 0.8524468 0.40333086 0.33265394
vn 0.17957333 0.6392669 0.7477241
vn 0.7952582 -0.5372368 0.28096455
vn -0.6560905 -0.57977337 0.48312336
vn -0.5932962 -0.5274423 0.6081154
vn -0.61047345 0.41999352 0.6715114
vn -0.61047345 0.41999352 0.6715114
vn -0.5932962 -0.5274423 0.6081154
vn 0.17957333 0.6392669 0.7477241
vn 0.7952582 -0.5372368 0.28096455
vn 0.17957333 0.6392669 0.7477241
vn 0.21080983 -0.36609066 0.9063866
vn 0.21080983 -0.36609066 0.9063866
vn 0.17957333 0.6392669 0.7477241
vn -0.5932962 -0.5274423 0.6081154
vn -0.020669103 -0.3661415 0.93032956
vn 0.70070004 -0.5372083 0.46949625
vn -0.011596315 0.6392435 0.76891696
vn -0.020669103 -0.3661415 0.93032956
vn -0.011596315 0.6392435 0.76891696
vn -0.7255941 -0.5275102 0.44186664
vn 0.70070004 -0.5372083 0.46949625
vn 0.7432534 0.4033875 0.53371596
vn -0.011596315 0.6392435 0.76891696
vn 0.70070004 -0.5372083 0.46949625
vn 0.73968387 -0.5866894 0.32964087
vn 0.7432534 0.4033875 0.53371596
vn -0.7255941 -0.5275102 0.44186664
vn -0.011596315 0.6392435 0.76891696
vn -0.7580467 0.41992435 0.4990279
vn -0.7255941 -0.5275102 0.44186664
vn -0.7580467 0.41992435 0.4990279
vn -0.75537115 -0.5784367 0.30793715
vn 0.73968387 -0.5866894 0.32964087
vn 0.7356673 0.4726138 0.48521125
vn 0.7432534 0.4033875 0.53371596
vn 0.73968387 -0.5866894 0.32964087
vn 0.9105826 -0.2869102 0.29752594
vn 0.7356673 0.4726138 0.48521125
vn -0.011596315 0.6392435 0.76891696
vn -0.005592692 0.80431175 0.5941812
vn -0.7580467 0.41992435 0.4990279
vn -0.011596315 0.6392435 0.76891696
vn 0.7432534 0.4033875 0.53371596
vn -0.005592692 0.80431175 0.5941812
vn 0.7432534 0.4033875 0.53371596
vn 0.7356673 0.4726138 0.48521125
vn -0.005592692 0.80431175 0.5941812
vn -0.75537115 -0.5784367 0.30793715
vn -0.7580467 0.41992435 0.4990279
vn -0.7464643 0.4824104 0.45833528
vn -0.75537115 -0.5784367 0.30793715
vn -0.7464643 0.4824104 0.45833528
vn -0.9212253 -0.26772052 0.28225812
vn -0.7580467 0.41992435 0.4990279
vn -0.005592692 0.80431175 0.5941812
vn -0.7464643 0.4824104 0.45833528
vn 0.9105826 -0.2869102 0.29752594
vn 0.71090627 0.58698624 0.38737506
vn 0.7356673 0.4726138 0.48521125
vn 0.7356673 0.4726138 0.48521125
vn 0.71090627 0.58698624 0.38737506
vn -0.005592692 0.80431175 0.5941812
vn -0.9212253 -0.26772052 0.28225812
vn -0.7464643 0.4824104 0.45833528
vn -0.7220126 0.5817255 0.37455732
vn -0.7464643 0.4824104 0.45833528
vn -0.005592692 0.80431175 0.5941812
vn -0.7220126 0.5817255 0.37455732
vn 0.71090627 0.58698624 0.38737506
vn -0.021327676 0.87854075 0.47719097
vn -0.005592692 0.80431175 0.5941812
vn -0.005592692 0.80431175 0.5941812
vn -0.021327676 0.87854075 0.47719097
vn -0.7220126 0.5817255 0.37455732
vn -0.22271922 -0.36610746 0.9035272
vn 0.58171254 -0.5371873 0.61077017
vn -0.17873633 0.6392661 0.7479252
vn -0.22271922 -0.36610746 0.9035272
vn -0.17873633 0.6392661 0.7479252
vn -0.80442834 -0.5274565 0.2732851
vn 0.58171254 -0.5371873 0.61077017
vn 0.60923886 0.40336645 0.68273246
vn -0.17873633 0.6392661 0.7479252
vn 0.58171254 -0.5371873 0.61077017
vn 0.6509565 -0.58810306 0.47999007
vn 0.60923886 0.40336645 0.68273246
vn -0.80442834 -0.5274565 0.2732851
vn -0.17873633 0.6392661 0.7479252
vn -0.8484898 0.41996974 0.32201
vn -0.80442834 -0.5274565 0.2732851
vn -0.8484898 0.41996974 0.32201
vn -0.8042595 -0.5784748 0.13613832
vn 0.6509565 -0.58810306 0.47999007
vn 0.612122 0.4725641 0.6340265
vn 0.60923886 0.40336645 0.68273246
vn 0.6509565 -0.58810306 0.47999007
vn 0.7836511 -0.40630746 0.46989906
vn 0.612122 0.4725641 0.6340265
vn -0.17873633 0.6392661 0.7479252
vn -0.13474126 0.8042921 0.57875645
vn -0.8484898 0.41996974 0.32201
vn -0.17873633 0.6392661 0.7479252
vn 0.60923886 0.40336645 0.68273246
vn -0.13474126 0.8042921 0.57875645
vn 0.60923886 0.40336645 0.68273246
vn 0.612122 0.4725641 0.6340265
vn -0.13474126 0.8042921 0.57875645
vn -0.8042595 -0.5784748 0.13613832
vn -0.8484898 0.41996974 0.32201
vn -0.82833534 0.48238987 0.28488678
vn -0.8042595 -0.5784748 0.13613832
vn -0.82833534 0.48238987 0.28488678
vn -0.96057993 -0.26771027 0.07495004
vn -0.8484898 0.41996974 0.32201
vn -0.13474126 0.8042921 0.57875645
vn -0.82833534 0.48238987 0.28488678
vn 0.7836511 -0.40630746 0.46989906
vn 0.56989676 0.6276702 0.5303281
vn 0.612122 0.4725641 0.6340265
vn 0.612122 0.4725641 0.6340265
vn 0.56989676 0.6276702 0.5303281
vn -0.13474126 0.8042921 0.57875645
vn -0.96057993 -0.26771027 0.07495004
vn -0.82833534 0.48238987 0.28488678
vn -0.78623086 0.5817282 0.20840651
vn -0.82833534 0.48238987 0.28488678
vn -0.13474126 0.8042921 0.57875645
vn -0.78623086 0.5817282 0.20840651
vn 0.56989676 0.6276702 0.5303281
vn -0.124725685 0.878546 0.461086
vn -0.13474126 0.8042921 0.57875645
vn -0.13474126 0.8042921 0.57875645
vn -0.124725685 0.878546 0.461086
vn -0.78623086 0.5817282 0.20840651
vn 0.49873245 -0.8193427 -0.28274274
vn 0 -0.99999994 -5.9604645E-08
vn 0.28662577 -0.84480965 -0.4518211
vn 0.49873245 -0.8193427 -0.28274274
vn 0.5550904 -0.83175945 0.0071311593
vn 0 -0.99999994 -5.9604645E-08
vn 0.28662577 -0.84480965 -0.4518211
vn 0 -0.99999994 -5.9604645E-08
vn 0 -0.99999994 -5.9604645E-08
vn 0.28662577 -0.84480965 -0.4518211
vn 0 -0.99999994 -5.9604645E-08
vn 0.021983217 -0.883637 -0.46765608
vn 0.5550904 -0.83175945 0.0071311593
vn 0 -0.99999994 -5.9604645E-08
vn 0 -0.99999994 -5.9604645E-08
vn 0.5550904 -0.83175945 0.0071311593
vn 0.4649654 -0.8515512 0.24221444
vn 0 -0.99999994 -5.9604645E-08
vn 0 -0.99999994 -5.9604645E-08
vn 0 -0.99999994 -5.9604645E-08
vn 0.021983217 -0.883637 -0.46765608
vn 0 -0.99999994 -5.9604645E-08
vn 0 -0.99999994 -5.9604645E-08
vn 0 -0.99999994 -5.9604645E-08
vn 0 -0.99999994 -5.9604645E-08
vn 0 -0.99999994 -5.9604645E-08
vn 0 -0.99999994 -5.9604645E-08
vn 0.4649654 -0.8515512 0.24221444
vn 0 -0.99999994 -5.9604645E-08
vn 0 -0.99999994 -5.9604645E-08
vn 0.4649654 -0.8515512 0.24221444
vn 0.30306965 -0.8646157 0.40073484
vn 0 -0.99999994 -5.9604645E-08
vn 0.021983217 -0.883637 -0.46765608
vn 0 -0.99999994 -5.9604645E-08
vn -0.19895089 -0.9149895 -0.35101682
vn 0 -0.99999994 -5.9604645E-08
vn 0 -0.99999994 -5.9604645E-08
vn 0 -0.99999994 -5.9604645E-08
vn 0 -0.99999994 -5.9604645E-08
vn 0 -0.99999994 -5.9604645E-08
vn 0 -0.99999994 -5.9604645E-08
vn 0 -0.99999994 -5.9604645E-08
vn 0 -0.99999994 -5.9604645E-08
vn 0 -0.99999994 -5.9604645E-08
vn 0.30306965 -0.8646157 0.40073484
vn 0 -0.99999994 -5.9604645E-08
vn 0 -0.99999994 -5.9604645E-08
vn 0.30306965 -0.8646157 0.40073484
vn 0.020805886 -0.8753769 0.48299307
vn 0 -0.99999994 -5.9604645E-08
vn 0 -0.99999994 -5.9604645E-08
vn 0 -0.99999994 -5.9604645E-08
vn -0.19895089 -0.9149895 -0.35101682
vn 0 -0.99999994 -5.9604645E-08
vn 0 -0.99999994 -5.9604645E-08
vn 0 -0.99999994 -5.9604645E-08
vn 0 -0.99999994 -5.9604645E-08
vn 0 -0.99999994 -5.9604645E-08
vn 0 -0.99999994 -5.9604645E-08
vn 0 -0.99999994 -5.9604645E-08
vn 0 -0.99999994 -5.9604645E-08
vn 0 -0.99999994 -5.9604645E-08
vn 0 -0.99999994 -5.9604645E-08
vn 0 -0.99999994 -5.9604645E-08
vn 0 -0.99999994 -5.9604645E-08
vn 0 -0.99999994 -5.9604645E-08
vn 0 -0.99999994 -5.9604645E-08
vn 0 -0.99999994 -5.9604645E-08
vn 0 -0.99999994 -5.9604645E-08
vn 0 -0.99999994 -5.9604645E-08
vn 0 -0.99999994 -5.9604645E-08
vn 0 -0.99999994 -5.9604645E-08
vn 0 -0.99999994 -5.9604645E-08
vn 0 -0.99999994 -5.9604645E-08
vn 0 -0.99999994 -5.9604645E-08
vn 0 -0.99999994 -5.9604645E-08
vn 0 -0.99999994 -5.9604645E-08
vn 0.020805886 -0.8753769 0.48299307
vn 0 -0.99999994 -5.9604645E-08
vn 0 -0.99999994 -5.9604645E-08
vn 0.020805886 -0.8753769 0.48299307
vn -0.20793608 -0.93541086 0.28595293
vn 0 -0.99999994 -5.9604645E-08
vn 0 -0.99999994 -5.9604645E-08
vn 0 -0.99999994 -5.9604645E-08
vn 0 -0.99999994 -5.9604645E-08
vn -0.19895089 -0.9149895 -0.35101682
vn 0 -0.99999994 -5.9604645E-08
vn -0.36447096 -0.91263354 -0.1850965
vn 0 -0.99999994 -5.9604645E-08
vn 0 -0.99999994 -5.9604645E-08
vn -0.36447096 -0.91263354 -0.1850965
vn 0 -0.99999994 -5.9604645E-08
vn -0.50269353 -0.863369 -0.0435102
vn 0 -0.99999994 -5.9604645E-08
vn 0 -0.99999994 -5.9604645E-08
vn -0.20793608 -0.93541086 0.28595293
vn -0.40531924 -0.9014963 0.15172559
vn 0 -0.99999994 -5.9604645E-08
vn 0 -0.99999994 -5.9604645E-08
vn 0 -0.99999994 -5.9604645E-08
vn 0 -0.99999994 -5.9604645E-08
vn -0.40531924 -0.9014963 0.15172559
vn -0.50269353 -0.863369 -0.0435102
vn 0 -0.99999994 -5.9604645E-08
vn 0 -0.99999994 -5.9604645E-08
vn -0.20793608 -0.93541086 0.28595293
vn 0 -0.99999994 -5.9604645E-08
vn 0 -0.99999994 -5.9604645E-08
vn -0.20793608 -0.93541086 0.28595293
vn 0 -0.99999994 -5.9604645E-08
vn 0 -0.99999994 -5.9604645E-08
vn 0 -0.99999994 -5.9604645E-08
vn -0.50269353 -0.863369 -0.0435102
vn 0 -0.99999994 -5.9604645E-08
vn 0 -0.99999994 -5.9604645E-08
vn -0.50269353 -0.863369 -0.0435102
vn -0.36447096 -0.91263354 -0.1850965
vn 0 -0.99999994 -5.9604645E-08
vn 0.52775747 0.20706922 0.8237684
vn 0.40629202 0.26541024 0.8743478
vn 0.42560408 0.21578068 0.878806
vn 0.52775747 0.20706922 0.8237684
vn 0.4421771 0.2776637 0.85286707
vn 0.40629202 0.26541024 0.8743478
vn 0.52775747 0.20706922 0.8237684
vn 0.42560408 0.21578068 0.878806
vn 0.43500754 0.18573332 0.88106275
vn 0.52775747 0.20706922 0.8237684
vn 0.5284668 0.29760802 0.79508007
vn 0.4421771 0.2776637 0.85286707
vn 0.52775747 0.20706922 0.8237684
vn 0.43500754 0.18573332 0.88106275
vn 0.56741095 0.19171947 0.80080485
vn 0.52775747 0.20706922 0.8237684
vn 0.6075318 0.20317012 0.76787174
vn 0.5284668 0.29760802 0.79508007
vn 0.52775747 0.20706922 0.8237684
vn 0.56741095 0.19171947 0.80080485
vn 0.6075318 0.20317012 0.76787174
vn 0.40629202 0.26541024 0.8743478
vn 0.55997306 0.15927863 0.8130561
vn 0.42560408 0.21578068 0.878806
vn 0.40629202 0.26541024 0.8743478
vn 0.4421771 0.2776637 0.85286707
vn 0.565166 0.18385577 0.804229
vn 0.40629202 0.26541024 0.8743478
vn 0.565166 0.18385577 0.804229
vn 0.55997306 0.15927863 0.8130561
vn 0.43500754 0.18573332 0.88106275
vn 0.44429326 0.3283552 0.8335384
vn 0.56741095 0.19171947 0.80080485
vn 0.43500754 0.18573332 0.88106275
vn 0.42560408 0.21578068 0.878806
vn 0.5085856 0.19197434 0.83933705
vn 0.43500754 0.18573332 0.88106275
vn 0.36567006 0.34171253 0.865747
vn 0.44429326 0.3283552 0.8335384
vn 0.43500754 0.18573332 0.88106275
vn 0.5085856 0.19197434 0.83933705
vn 0.40851143 0.13739389 0.90235305
vn 0.43500754 0.18573332 0.88106275
vn 0.40851143 0.13739389 0.90235305
vn 0.36567006 0.34171253 0.865747
vn 0.42560408 0.21578068 0.878806
vn 0.55997306 0.15927863 0.8130561
vn 0.5085856 0.19197434 0.83933705
vn 0.5284668 0.29760802 0.79508007
vn 0.6075318 0.20317012 0.76787174
vn 0.61027414 0.32768643 0.72124004
vn 0.5284668 0.29760802 0.79508007
vn 0.55270416 0.25149482 0.7945241
vn 0.4421771 0.2776637 0.85286707
vn 0.5284668 0.29760802 0.79508007
vn 0.61027414 0.32768643 0.72124004
vn 0.5735935 0.36671448 0.73246896
vn 0.5284668 0.29760802 0.79508007
vn 0.5735935 0.36671448 0.73246896
vn 0.55270416 0.25149482 0.7945241
vn 0.4421771 0.2776637 0.85286707
vn 0.55270416 0.25149482 0.7945241
vn 0.565166 0.18385577 0.804229
vn 0.56741095 0.19171947 0.80080485
vn 0.44429326 0.3283552 0.8335384
vn 0.5768785 0.28742975 0.7645884
vn 0.56741095 0.19171947 0.80080485
vn 0.65762883 0.1693803 0.73405355
vn 0.6075318 0.20317012 0.76787174
vn 0.56741095 0.19171947 0.80080485
vn 0.5768785 0.28742975 0.7645884
vn 0.65762883 0.1693803 0.73405355
vn 0.40851143 0.13739389 0.90235305
vn 0.30925214 0.3292802 0.89215344
vn 0.36567006 0.34171253 0.865747
vn 0.40851143 0.13739389 0.90235305
vn 0.5085856 0.19197434 0.83933705
vn 0.4752314 0.15298897 0.86645794
vn 0.40851143 0.13739389 0.90235305
vn 0.3109561 0.16387093 0.9361905
vn 0.30925214 0.3292802 0.89215344
vn 0.40851143 0.13739389 0.90235305
vn 0.4752314 0.15298897 0.86645794
vn 0.3109561 0.16387093 0.9361905
vn 0.5085856 0.19197434 0.83933705
vn 0.55997306 0.15927863 0.8130561
vn 0.4752314 0.15298897 0.86645794
vn 0.61027414 0.32768643 0.72124004
vn 0.64522547 0.42002434 0.63817203
vn 0.5735935 0.36671448 0.73246896
vn 0.61027414 0.32768643 0.72124004
vn 0.6075318 0.20317012 0.76787174
vn 0.7083653 0.21136498 0.6734562
vn 0.61027414 0.32768643 0.72124004
vn 0.75637186 0.33920664 0.55932146
vn 0.64522547 0.42002434 0.63817203
vn 0.61027414 0.32768643 0.72124004
vn 0.7083653 0.21136498 0.6734562
vn 0.75637186 0.33920664 0.55932146
vn 0.6075318 0.20317012 0.76787174
vn 0.65762883 0.1693803 0.73405355
vn 0.7083653 0.21136498 0.6734562
vn 0.55270416 0.25149482 0.7945241
vn 0.56246096 0.19900572 0.80251753
vn 0.565166 0.18385577 0.804229
vn 0.55270416 0.25149482 0.7945241
vn 0.5735935 0.36671448 0.73246896
vn 0.54337066 0.29740548 0.78504664
vn 0.55270416 0.25149482 0.7945241
vn 0.54337066 0.29740548 0.78504664
vn 0.56246096 0.19900572 0.80251753
vn 0.5768785 0.28742975 0.7645884
vn 0.6884728 0.2113297 0.6937903
vn 0.65762883 0.1693803 0.73405355
vn 0.3109561 0.16387093 0.9361905
vn 0.4752314 0.15298897 0.86645794
vn 0.38019657 0.22454697 0.8972342
vn 0.3109561 0.16387093 0.9361905
vn 0.38019657 0.22454697 0.8972342
vn 0.26604274 0.24622923 0.9319831
vn 0.55997306 0.15927863 0.8130561
vn 0.565166 0.18385577 0.804229
vn 0.57682806 0.13069028 0.8063432
vn 0.55997306 0.15927863 0.8130561
vn 0.57682806 0.13069028 0.8063432
vn 0.4752314 0.15298897 0.86645794
vn 0.57682806 0.13069028 0.8063432
vn 0.56246096 0.19900572 0.80251753
vn 0.38019657 0.22454697 0.8972342
vn 0.57682806 0.13069028 0.8063432
vn 0.565166 0.18385577 0.804229
vn 0.56246096 0.19900572 0.80251753
vn 0.57682806 0.13069028 0.8063432
vn 0.38019657 0.22454697 0.8972342
vn 0.4752314 0.15298897 0.86645794
vn 0.64522547 0.42002434 0.63817203
vn 0.75637186 0.33920664 0.55932146
vn 0.76856303 0.42213815 0.48073933
vn 0.64522547 0.42002434 0.63817203
vn 0.58824 0.47078842 0.65751934
vn 0.5735935 0.36671448 0.73246896
vn 0.64522547 0.42002434 0.63817203
vn 0.76856303 0.42213815 0.48073933
vn 0.6306837 0.5418162 0.5555838
vn 0.64522547 0.42002434 0.63817203
vn 0.6306837 0.5418162 0.5555838
vn 0.58824 0.47078842 0.65751934
vn 0.7083653 0.21136498 0.6734562
vn 0.65762883 0.1693803 0.73405355
vn 0.7841102 0.1366151 0.60539865
vn 0.7083653 0.21136498 0.6734562
vn 0.846752 0.21250692 0.48770052
vn 0.75637186 0.33920664 0.55932146
vn 0.7083653 0.21136498 0.6734562
vn 0.7841102 0.1366151 0.60539865
vn 0.846752 0.21250692 0.48770052
vn 0.65762883 0.1693803 0.73405355
vn 0.6884728 0.2113297 0.6937903
vn 0.7841102 0.1366151 0.60539865
vn 0.54337066 0.29740548 0.78504664
vn 0.4067181 0.35016555 0.8437798
vn 0.56246096 0.19900572 0.80251753
vn 0.54337066 0.29740548 0.78504664
vn 0.5735935 0.36671448 0.73246896
vn 0.55171084 0.40991402 0.7263509
vn 0.54337066 0.29740548 0.78504664
vn 0.40729064 0.43670458 0.8021243
vn 0.4067181 0.35016555 0.8437798
vn 0.54337066 0.29740548 0.78504664
vn 0.55171084 0.40991402 0.7263509
vn 0.43516806 0.5127954 0.740047
vn 0.54337066 0.29740548 0.78504664
vn 0.43516806 0.5127954 0.740047
vn 0.40729064 0.43670458 0.8021243
vn 0.5735935 0.36671448 0.73246896
vn 0.58824 0.47078842 0.65751934
vn 0.55171084 0.40991402 0.7263509
vn 0.56246096 0.19900572 0.80251753
vn 0.4067181 0.35016555 0.8437798
vn 0.38019657 0.22454697 0.8972342
vn 0.26604274 0.24622923 0.9319831
vn 0.38019657 0.22454697 0.8972342
vn 0.31391308 0.29897887 0.9011494
vn 0.38019657 0.22454697 0.8972342
vn 0.4067181 0.35016555 0.8437798
vn 0.31391308 0.29897887 0.9011494
vn 0.76856303 0.42213815 0.48073933
vn 0.75637186 0.33920664 0.55932146
vn 0.87018275 0.3212841 0.37357518
vn 0.75637186 0.33920664 0.55932146
vn 0.846752 0.21250692 0.48770052
vn 0.87018275 0.3212841 0.37357518
vn 0.6306837 0.5418162 0.5555838
vn 0.47938082 0.7020567 0.5266027
vn 0.58824 0.47078842 0.65751934
vn 0.6884728 0.2113297 0.6937903
vn 0.8268544 0.11462408 0.5506115
vn 0.7841102 0.1366151 0.60539865
vn 0.43516806 0.5127954 0.740047
vn 0.3068457 0.5924086 0.7449146
vn 0.40729064 0.43670458 0.8021243
vn 0.43516806 0.5127954 0.740047
vn 0.55171084 0.40991402 0.7263509
vn 0.46234244 0.5980647 0.6546435
vn 0.43516806 0.5127954 0.740047
vn 0.32069105 0.6945756 0.6439891
vn 0.3068457 0.5924086 0.7449146
vn 0.43516806 0.5127954 0.740047
vn 0.46234244 0.5980647 0.6546435
vn 0.32069105 0.6945756 0.6439891
vn 0.58824 0.47078842 0.65751934
vn 0.47938082 0.7020567 0.5266027
vn 0.46234244 0.5980647 0.6546435
vn 0.58824 0.47078842 0.65751934
vn 0.46234244 0.5980647 0.6546435
vn 0.55171084 0.40991402 0.7263509
vn 0.4067181 0.35016555 0.8437798
vn 0.32262495 0.40871757 0.85373473
vn 0.31391308 0.29897887 0.9011494
vn 0.4067181 0.35016555 0.8437798
vn 0.40729064 0.43670458 0.8021243
vn 0.3124168 0.49980253 0.80783224
vn 0.4067181 0.35016555 0.8437798
vn 0.3124168 0.49980253 0.80783224
vn 0.32262495 0.40871757 0.85373473
vn 0.3124168 0.49980253 0.80783224
vn 0.40729064 0.43670458 0.8021243
vn 0.3068457 0.5924086 0.7449146
vn 0.846752 0.21250692 0.48770052
vn 0.90762836 0.2342734 0.34831998
vn 0.87018275 0.3212841 0.37357518
vn 0.846752 0.21250692 0.48770052
vn 0.7841102 0.1366151 0.60539865
vn 0.88536626 0.11728999 0.44985518
vn 0.846752 0.21250692 0.48770052
vn 0.88536626 0.11728999 0.44985518
vn 0.90762836 0.2342734 0.34831998
vn 0.7841102 0.1366151 0.60539865
vn 0.8268544 0.11462408 0.5506115
vn 0.88536626 0.11728999 0.44985518
vn 0.32069105 0.6945756 0.6439891
vn 0.46234244 0.5980647 0.6546435
vn 0.34555128 0.7941271 0.49995643
vn 0.34555128 0.7941271 0.49995643
vn 0.46234244 0.5980647 0.6546435
vn 0.47938082 0.7020567 0.5266027
vn 0.90762836 0.2342734 0.34831998
vn 0.88536626 0.11728999 0.44985518
vn 0.9310274 0.114742994 0.34644195
vn 0.8268544 0.11462408 0.5506115
vn 0.8879879 0.14211863 0.43735552
vn 0.88536626 0.11728999 0.44985518
vn 0.88536626 0.11728999 0.44985518
vn 0.8879879 0.14211863 0.43735552
vn 0.9310274 0.114742994 0.34644195
vn 0.8879879 0.14211863 0.43735552
vn 0.92305046 0.15503308 0.35205472
vn 0.9310274 0.114742994 0.34644195
vn -0.5277576 0.2070694 0.82376826
vn -0.42560408 0.21578074 0.8788059
vn -0.40629205 0.2654106 0.87434757
vn -0.5277576 0.2070694 0.82376826
vn -0.4350075 0.1857335 0.8810626
vn -0.42560408 0.21578074 0.8788059
vn -0.5277576 0.2070694 0.82376826
vn -0.40629205 0.2654106 0.87434757
vn -0.44217697 0.277664 0.85286707
vn -0.5277576 0.2070694 0.82376826
vn -0.56741124 0.19171959 0.8008046
vn -0.4350075 0.1857335 0.8810626
vn -0.5277576 0.2070694 0.82376826
vn -0.44217697 0.277664 0.85286707
vn -0.5284668 0.29760832 0.7950799
vn -0.5277576 0.2070694 0.82376826
vn -0.6075321 0.20317012 0.7678715
vn -0.56741124 0.19171959 0.8008046
vn -0.5277576 0.2070694 0.82376826
vn -0.5284668 0.29760832 0.7950799
vn -0.6075321 0.20317012 0.7678715
vn -0.42560408 0.21578074 0.8788059
vn -0.5599726 0.15927929 0.81305647
vn -0.40629205 0.2654106 0.87434757
vn -0.42560408 0.21578074 0.8788059
vn -0.4350075 0.1857335 0.8810626
vn -0.5085855 0.19197434 0.83933693
vn -0.42560408 0.21578074 0.8788059
vn -0.5085855 0.19197434 0.83933693
vn -0.5599726 0.15927929 0.81305647
vn -0.44217697 0.277664 0.85286707
vn -0.5527041 0.25149518 0.79452395
vn -0.5284668 0.29760832 0.7950799
vn -0.44217697 0.277664 0.85286707
vn -0.40629205 0.2654106 0.87434757
vn -0.5651662 0.18385601 0.8042289
vn -0.44217697 0.277664 0.85286707
vn -0.5651662 0.18385601 0.8042289
vn -0.5527041 0.25149518 0.79452395
vn -0.40629205 0.2654106 0.87434757
vn -0.5599726 0.15927929 0.81305647
vn -0.5651662 0.18385601 0.8042289
vn -0.56741124 0.19171959 0.8008046
vn -0.6075321 0.20317012 0.7678715
vn -0.6576285 0.16938084 0.7340536
vn -0.56741124 0.19171959 0.8008046
vn -0.44429332 0.32835543 0.8335383
vn -0.4350075 0.1857335 0.8810626
vn -0.56741124 0.19171959 0.8008046
vn -0.6576285 0.16938084 0.7340536
vn -0.57687867 0.28742975 0.76458824
vn -0.56741124 0.19171959 0.8008046
vn -0.57687867 0.28742975 0.76458824
vn -0.44429332 0.32835543 0.8335383
vn -0.5085855 0.19197434 0.83933693
vn -0.47523138 0.15298909 0.86645794
vn -0.5599726 0.15927929 0.81305647
vn -0.5085855 0.19197434 0.83933693
vn -0.4350075 0.1857335 0.8810626
vn -0.4085114 0.13739407 0.9023531
vn -0.5085855 0.19197434 0.83933693
vn -0.4085114 0.13739407 0.9023531
vn -0.47523138 0.15298909 0.86645794
vn -0.5284668 0.29760832 0.7950799
vn -0.5527041 0.25149518 0.79452395
vn -0.57359356 0.36671484 0.73246884
vn -0.5284668 0.29760832 0.7950799
vn -0.61027426 0.3276866 0.7212397
vn -0.6075321 0.20317012 0.7678715
vn -0.5284668 0.29760832 0.7950799
vn -0.57359356 0.36671484 0.73246884
vn -0.61027426 0.3276866 0.7212397
vn -0.5651662 0.18385601 0.8042289
vn -0.5599726 0.15927929 0.81305647
vn -0.57682765 0.13069093 0.8063434
vn -0.5651662 0.18385601 0.8042289
vn -0.5624613 0.19900566 0.8025172
vn -0.5527041 0.25149518 0.79452395
vn -0.5651662 0.18385601 0.8042289
vn -0.57682765 0.13069093 0.8063434
vn -0.5624613 0.19900566 0.8025172
vn -0.5599726 0.15927929 0.81305647
vn -0.47523138 0.15298909 0.86645794
vn -0.57682765 0.13069093 0.8063434
vn -0.6576285 0.16938084 0.7340536
vn -0.68847245 0.21133018 0.69379044
vn -0.57687867 0.28742975 0.76458824
vn -0.6576285 0.16938084 0.7340536
vn -0.6075321 0.20317012 0.7678715
vn -0.70836496 0.21136528 0.6734565
vn -0.6576285 0.16938084 0.7340536
vn -0.7841098 0.13661516 0.6053991
vn -0.68847245 0.21133018 0.69379044
vn -0.6576285 0.16938084 0.7340536
vn -0.70836496 0.21136528 0.6734565
vn -0.7841098 0.13661516 0.6053991
vn -0.6075321 0.20317012 0.7678715
vn -0.61027426 0.3276866 0.7212397
vn -0.70836496 0.21136528 0.6734565
vn -0.44429332 0.32835543 0.8335383
vn -0.36566994 0.3417127 0.8657471
vn -0.4350075 0.1857335 0.8810626
vn -0.4350075 0.1857335 0.8810626
vn -0.36566994 0.3417127 0.8657471
vn -0.4085114 0.13739407 0.9023531
vn -0.57359356 0.36671484 0.73246884
vn -0.5527041 0.25149518 0.79452395
vn -0.54337084 0.29740566 0.7850465
vn -0.57359356 0.36671484 0.73246884
vn -0.6452255 0.42002445 0.6381719
vn -0.61027426 0.3276866 0.7212397
vn -0.57359356 0.36671484 0.73246884
vn -0.54337084 0.29740566 0.7850465
vn -0.55171096 0.40991414 0.7263508
vn -0.57359356 0.36671484 0.73246884
vn -0.58824015 0.47078866 0.6575193
vn -0.6452255 0.42002445 0.6381719
vn -0.57359356 0.36671484 0.73246884
vn -0.55171096 0.40991414 0.7263508
vn -0.58824015 0.47078866 0.6575193
vn -0.5527041 0.25149518 0.79452395
vn -0.5624613 0.19900566 0.8025172
vn -0.54337084 0.29740566 0.7850465
vn -0.47523138 0.15298909 0.86645794
vn -0.38019654 0.22454715 0.89723414
vn -0.57682765 0.13069093 0.8063434
vn -0.47523138 0.15298909 0.86645794
vn -0.4085114 0.13739407 0.9023531
vn -0.31095615 0.16387105 0.9361905
vn -0.47523138 0.15298909 0.86645794
vn -0.31095615 0.16387105 0.9361905
vn -0.38019654 0.22454715 0.89723414
vn -0.57682765 0.13069093 0.8063434
vn -0.38019654 0.22454715 0.89723414
vn -0.5624613 0.19900566 0.8025172
vn -0.68847245 0.21133018 0.69379044
vn -0.7841098 0.13661516 0.6053991
vn -0.8268543 0.11462468 0.5506116
vn -0.70836496 0.21136528 0.6734565
vn -0.61027426 0.3276866 0.7212397
vn -0.7563717 0.33920735 0.5593214
vn -0.70836496 0.21136528 0.6734565
vn -0.84675163 0.21250775 0.4877009
vn -0.7841098 0.13661516 0.6053991
vn -0.70836496 0.21136528 0.6734565
vn -0.7563717 0.33920735 0.5593214
vn -0.84675163 0.21250775 0.4877009
vn -0.61027426 0.3276866 0.7212397
vn -0.6452255 0.42002445 0.6381719
vn -0.7563717 0.33920735 0.5593214
vn -0.36566994 0.3417127 0.8657471
vn -0.30925223 0.32928032 0.89215326
vn -0.4085114 0.13739407 0.9023531
vn -0.4085114 0.13739407 0.9023531
vn -0.30925223 0.32928032 0.89215326
vn -0.31095615 0.16387105 0.9361905
vn -0.55171096 0.40991414 0.7263508
vn -0.46234292 0.59806466 0.65464306
vn -0.58824015 0.47078866 0.6575193
vn -0.55171096 0.40991414 0.7263508
vn -0.54337084 0.29740566 0.7850465
vn -0.43516868 0.5127951 0.7400468
vn -0.55171096 0.40991414 0.7263508
vn -0.43516868 0.5127951 0.7400468
vn -0.46234292 0.59806466 0.65464306
vn -0.38019654 0.22454715 0.89723414
vn -0.40671846 0.3501655 0.8437796
vn -0.5624613 0.19900566 0.8025172
vn -0.38019654 0.22454715 0.89723414
vn -0.31095615 0.16387105 0.9361905
vn -0.26604298 0.24622923 0.9319829
vn -0.38019654 0.22454715 0.89723414
vn -0.313913 0.29897887 0.90114945
vn -0.40671846 0.3501655 0.8437796
vn -0.38019654 0.22454715 0.89723414
vn -0.26604298 0.24622923 0.9319829
vn -0.313913 0.29897887 0.90114945
vn -0.5624613 0.19900566 0.8025172
vn -0.40671846 0.3501655 0.8437796
vn -0.54337084 0.29740566 0.7850465
vn -0.8268543 0.11462468 0.5506116
vn -0.7841098 0.13661516 0.6053991
vn -0.8853662 0.11728963 0.44985527
vn -0.8268543 0.11462468 0.5506116
vn -0.8853662 0.11728963 0.44985527
vn -0.8879881 0.14211825 0.43735522
vn -0.7841098 0.13661516 0.6053991
vn -0.84675163 0.21250775 0.4877009
vn -0.8853662 0.11728963 0.44985527
vn -0.6452255 0.42002445 0.6381719
vn -0.768563 0.4221381 0.48073933
vn -0.7563717 0.33920735 0.5593214
vn -0.6452255 0.42002445 0.6381719
vn -0.58824015 0.47078866 0.6575193
vn -0.6306836 0.541816 0.5555839
vn -0.6452255 0.42002445 0.6381719
vn -0.6306836 0.541816 0.5555839
vn -0.768563 0.4221381 0.48073933
vn -0.43516868 0.5127951 0.7400468
vn -0.32069194 0.69457567 0.64398843
vn -0.46234292 0.59806466 0.65464306
vn -0.43516868 0.5127951 0.7400468
vn -0.54337084 0.29740566 0.7850465
vn -0.40729132 0.43670458 0.80212396
vn -0.43516868 0.5127951 0.7400468
vn -0.30684623 0.5924084 0.74491435
vn -0.32069194 0.69457567 0.64398843
vn -0.43516868 0.5127951 0.7400468
vn -0.40729132 0.43670458 0.80212396
vn -0.30684623 0.5924084 0.74491435
vn -0.54337084 0.29740566 0.7850465
vn -0.40671846 0.3501655 0.8437796
vn -0.40729132 0.43670458 0.80212396
vn -0.313913 0.29897887 0.90114945
vn -0.32262486 0.40871745 0.85373497
vn -0.40671846 0.3501655 0.8437796
vn -0.8879881 0.14211825 0.43735522
vn -0.8853662 0.11728963 0.44985527
vn -0.9310275 0.1147427 0.3464419
vn -0.8879881 0.14211825 0.43735522
vn -0.9310275 0.1147427 0.3464419
vn -0.9230505 0.15503222 0.35205495
vn -0.84675163 0.21250775 0.4877009
vn -0.7563717 0.33920735 0.5593214
vn -0.87018245 0.321285 0.3735752
vn -0.84675163 0.21250775 0.4877009
vn -0.9076283 0.23427412 0.3483196
vn -0.8853662 0.11728963 0.44985527
vn -0.84675163 0.21250775 0.4877009
vn -0.87018245 0.321285 0.3735752
vn -0.9076283 0.23427412 0.3483196
vn -0.9076283 0.23427412 0.3483196
vn -0.9310275 0.1147427 0.3464419
vn -0.8853662 0.11728963 0.44985527
vn -0.87018245 0.321285 0.3735752
vn -0.7563717 0.33920735 0.5593214
vn -0.768563 0.4221381 0.48073933
vn -0.58824015 0.47078866 0.6575193
vn -0.47938064 0.7020567 0.52660286
vn -0.6306836 0.541816 0.5555839
vn -0.58824015 0.47078866 0.6575193
vn -0.46234292 0.59806466 0.65464306
vn -0.47938064 0.7020567 0.52660286
vn -0.32069194 0.69457567 0.64398843
vn -0.3455523 0.79412687 0.49995604
vn -0.46234292 0.59806466 0.65464306
vn -0.46234292 0.59806466 0.65464306
vn -0.3455523 0.79412687 0.49995604
vn -0.47938064 0.7020567 0.52660286
vn -0.30684623 0.5924084 0.74491435
vn -0.40729132 0.43670458 0.80212396
vn -0.3124173 0.49980265 0.807832
vn -0.3124173 0.49980265 0.807832
vn -0.40671846 0.3501655 0.8437796
vn -0.32262486 0.40871745 0.85373497
vn -0.3124173 0.49980265 0.807832
vn -0.40729132 0.43670458 0.80212396
vn -0.40671846 0.3501655 0.8437796
vn -0.08557549 -0.9841726 -0.15518057
vn -0.018883748 -0.9996067 0.020732582
vn 0.11992157 -0.9745405 0.18944603
vn -0.018883748 -0.9996067 0.020732582
vn -4.7805098E-09 -0.965926 0.25881803
vn 0.11992157 -0.9745405 0.18944603
vn -0.018883748 -0.9996067 0.020732582
vn 0.03746685 -0.9652477 0.25863713
vn -4.7805098E-09 -0.965926 0.25881803
vn 0.11992157 -0.9745405 0.18944603
vn -4.7805098E-09 -0.965926 0.25881803
vn 0.19728003 -0.9027027 0.38237196
vn 0.03746685 -0.9652477 0.25863713
vn -0.018880194 -0.876053 0.48184502
vn -4.7805098E-09 -0.965926 0.25881803
vn 0.11992157 -0.9745405 0.18944603
vn 0.19728003 -0.9027027 0.38237196
vn 0.30760863 -0.80791324 0.50264597
vn -0.018880194 -0.876053 0.48184502
vn 0.119925335 -0.93869907 0.3232056
vn -4.7805098E-09 -0.965926 0.25881803
vn 0.19728003 -0.9027027 0.38237196
vn -4.7805098E-09 -0.965926 0.25881803
vn 0.018743781 -0.9736432 0.227305
vn -0.018880194 -0.876053 0.48184502
vn -0.08556406 -0.7747343 0.6264707
vn 0.119925335 -0.93869907 0.3232056
vn -4.7805098E-09 -0.965926 0.25881803
vn 0.119925335 -0.93869907 0.3232056
vn 0.19727775 -0.9729496 0.12021017
vn 0.018743781 -0.9736432 0.227305
vn -4.7805098E-09 -0.965926 0.25881803
vn -0.21615483 -0.9644848 0.15180951
vn 0.119925335 -0.93869907 0.3232056
vn 0.30761003 -0.95099634 -0.031336308
vn 0.19727775 -0.9729496 0.12021017
vn -4.7805098E-09 -0.965926 0.25881803
vn 0.19727775 -0.9729496 0.12021017
vn 0.018741276 -0.95685154 0.28997236
vn -0.21615483 -0.9644848 0.15180951
vn -4.7805098E-09 -0.965926 0.25881803
vn 1.5624991E-08 -0.99246025 0.12256706
vn 0.018741276 -0.95685154 0.28997236
vn -0.2161626 -0.91117007 0.3507744
vn -4.7805098E-09 -0.965926 0.25881803
vn -0.21615483 -0.9644848 0.15180951
vn 1.5624991E-08 -0.99246025 0.12256706
vn -0.39318845 -0.9126332 0.11181879
vn -0.2161626 -0.91117007 0.3507744
vn 0 -0.9207794 0.39008373
vn -4.7805098E-09 -0.965926 0.25881803
vn 1.5624991E-08 -0.99246025 0.12256706
vn -4.7805098E-09 -0.965926 0.25881803
vn 0.21615481 -0.9644848 0.15180951
vn -0.2161626 -0.91117007 0.3507744
vn -0.39319706 -0.84627 0.35947615
vn 0 -0.9207794 0.39008373
vn 1.5624991E-08 -0.99246025 0.12256706
vn 0.21615481 -0.9644848 0.15180951
vn 0.39318848 -0.9126332 0.11181879
vn -4.7805098E-09 -0.965926 0.25881803
vn 0.01888375 -0.9996067 0.020732582
vn -0.119921565 -0.9745404 0.18944603
vn 0 -0.9207794 0.39008373
vn 0.2161626 -0.91117007 0.3507744
vn -4.7805098E-09 -0.965926 0.25881803
vn 0.21615481 -0.9644848 0.15180951
vn -4.7805098E-09 -0.965926 0.25881803
vn -0.01874378 -0.9736432 0.227305
vn 0.01888375 -0.9996067 0.020732582
vn 0.08557549 -0.9841726 -0.15518057
vn -0.119921565 -0.9745404 0.18944603
vn 0 -0.9207794 0.39008373
vn 0.39319706 -0.84627 0.35947615
vn 0.2161626 -0.91117007 0.3507744
vn -4.7805098E-09 -0.965926 0.25881803
vn 0.018880194 -0.8760529 0.48184502
vn -0.03746685 -0.9652477 0.25863713
vn -0.03746685 -0.9652477 0.25863713
vn 0.01888375 -0.9996067 0.020732582
vn -4.7805098E-09 -0.965926 0.25881803
vn -0.01874378 -0.9736432 0.227305
vn -4.7805098E-09 -0.965926 0.25881803
vn -0.19728005 -0.9027027 0.3823719
vn -0.119921565 -0.9745404 0.18944603
vn -0.19728005 -0.9027027 0.3823719
vn -4.7805098E-09 -0.965926 0.25881803
vn 0.2161626 -0.91117007 0.3507744
vn -0.018741269 -0.95685154 0.28997236
vn -4.7805098E-09 -0.965926 0.25881803
vn 0.018880194 -0.8760529 0.48184502
vn -4.7805098E-09 -0.965926 0.25881803
vn -0.119925335 -0.93869907 0.3232056
vn -0.119921565 -0.9745404 0.18944603
vn -0.30760863 -0.80791324 0.50264597
vn -0.19728005 -0.9027027 0.3823719
vn -0.018741269 -0.95685154 0.28997236
vn -0.19727775 -0.9729496 0.12021011
vn -4.7805098E-09 -0.965926 0.25881803
vn -4.7805098E-09 -0.965926 0.25881803
vn -0.19727775 -0.9729496 0.12021011
vn -0.119925335 -0.93869907 0.3232056
vn 0.018880194 -0.8760529 0.48184502
vn -0.119925335 -0.93869907 0.3232056
vn 0.08556408 -0.7747343 0.6264707
vn -0.19727775 -0.9729496 0.12021011
vn -0.30761 -0.95099634 -0.031336308
vn -0.119925335 -0.93869907 0.3232056
vn 0.11992157 -0.9745405 0.18944603
vn 0.32308725 -0.9444678 0.059959233
vn -0.08557549 -0.9841726 -0.15518057
vn 0.32308725 -0.9444678 0.059959233
vn 0.59825295 -0.78780663 -0.14647192
vn 0.11653728 -0.9525363 -0.2812357
vn 0.32308725 -0.9444678 0.059959233
vn 0.11653728 -0.9525363 -0.2812357
vn -0.08557549 -0.9841726 -0.15518057
vn 0.59825295 -0.78780663 -0.14647192
vn 0.42067334 -0.8015137 -0.4249821
vn 0.11653728 -0.9525363 -0.2812357
vn -0.08557549 -0.9841726 -0.15518057
vn 0.11653728 -0.9525363 -0.2812357
vn 0.27310508 -0.9619804 -0.0026983619
vn 0.11653728 -0.9525363 -0.2812357
vn 0.42067334 -0.8015137 -0.4249821
vn 0.27310508 -0.9619804 -0.0026983619
vn 0.59825295 -0.78780663 -0.14647192
vn 0.7848076 -0.52567905 -0.32823557
vn 0.42067334 -0.8015137 -0.4249821
vn -0.08557549 -0.9841726 -0.15518057
vn 0.27310508 -0.9619804 -0.0026983619
vn -0.018883748 -0.9996067 0.020732582
vn 0.7848076 -0.52567905 -0.32823557
vn 0.85941875 -0.24749777 -0.44737485
vn 0.6247249 -0.5538584 -0.5504177
vn 0.7848076 -0.52567905 -0.32823557
vn 0.6247249 -0.5538584 -0.5504177
vn 0.42067334 -0.8015137 -0.4249821
vn 0.27310508 -0.9619804 -0.0026983619
vn 0.42067334 -0.8015137 -0.4249821
vn 0.6212085 -0.77703124 -0.10159916
vn 0.42067334 -0.8015137 -0.4249821
vn 0.6247249 -0.5538584 -0.5504177
vn 0.6212085 -0.77703124 -0.10159916
vn -0.018883748 -0.9996067 0.020732582
vn 0.27310508 -0.9619804 -0.0026983619
vn 0.03746685 -0.9652477 0.25863713
vn 0.85941875 -0.24749777 -0.44737485
vn 0.70915675 -0.29442304 -0.640634
vn 0.6247249 -0.5538584 -0.5504177
vn 0.6212085 -0.77703124 -0.10159916
vn 0.6247249 -0.5538584 -0.5504177
vn 0.81871074 -0.5341622 -0.21067405
vn 0.6247249 -0.5538584 -0.5504177
vn 0.70915675 -0.29442304 -0.640634
vn 0.81871074 -0.5341622 -0.21067405
vn 0.27310508 -0.9619804 -0.0026983619
vn 0.6212085 -0.77703124 -0.10159916
vn 0.34715998 -0.9058515 0.24272019
vn 0.27310508 -0.9619804 -0.0026983619
vn 0.34715998 -0.9058515 0.24272019
vn 0.03746685 -0.9652477 0.25863713
vn 0.85941875 -0.24749777 -0.44737485
vn 0.7208594 -0.0717864 -0.6893535
vn 0.70915675 -0.29442304 -0.640634
vn 0.81871074 -0.5341622 -0.21067405
vn 0.70915675 -0.29442304 -0.640634
vn 0.9211896 -0.23374084 -0.3110867
vn 0.6212085 -0.77703124 -0.10159916
vn 0.87777185 -0.462754 0.12399688
vn 0.6813661 -0.7070029 0.18943882
vn 0.6212085 -0.77703124 -0.10159916
vn 0.6813661 -0.7070029 0.18943882
vn 0.34715998 -0.9058515 0.24272019
vn 0.6212085 -0.77703124 -0.10159916
vn 0.81871074 -0.5341622 -0.21067405
vn 0.87777185 -0.462754 0.12399688
vn 0.03746685 -0.9652477 0.25863713
vn 0.34715998 -0.9058515 0.24272019
vn 0.27310297 -0.8317522 0.4833249
vn 0.85941875 -0.24749777 -0.44737485
vn 0.8610543 -0.025296628 -0.5078834
vn 0.7208594 -0.0717864 -0.6893535
vn 0.70915675 -0.29442304 -0.640634
vn 0.9243152 0.03896454 -0.37963545
vn 0.9211896 -0.23374084 -0.3110867
vn 0.70915675 -0.29442304 -0.640634
vn 0.7208594 -0.0717864 -0.6893535
vn 0.9243152 0.03896454 -0.37963545
vn 0.6813661 -0.7070029 0.18943882
vn 0.87777185 -0.462754 0.12399688
vn 0.6212122 -0.62212795 0.47649986
vn 0.34715998 -0.9058515 0.24272019
vn 0.6813661 -0.7070029 0.18943882
vn 0.6212122 -0.62212795 0.47649986
vn 0.34715998 -0.9058515 0.24272019
vn 0.6212122 -0.62212795 0.47649986
vn 0.27310297 -0.8317522 0.4833249
vn 0.81871074 -0.5341622 -0.21067405
vn 0.98739606 -0.1528757 0.040963814
vn 0.87777185 -0.462754 0.12399688
vn 0.81871074 -0.5341622 -0.21067405
vn 0.9211896 -0.23374084 -0.3110867
vn 0.98739606 -0.1528757 0.040963814
vn 0.03746685 -0.9652477 0.25863713
vn 0.27310297 -0.8317522 0.4833249
vn -0.018880194 -0.876053 0.48184502
vn 0.8610543 -0.025296628 -0.5078834
vn 0.81487346 0.20528242 -0.5420705
vn 0.6821871 0.14696664 -0.7162553
vn 0.8610543 -0.025296628 -0.5078834
vn 0.6821871 0.14696664 -0.7162553
vn 0.7208594 -0.0717864 -0.6893535
vn 0.9243152 0.03896454 -0.37963545
vn 0.7208594 -0.0717864 -0.6893535
vn 0.86619663 0.2726585 -0.418761
vn 0.7208594 -0.0717864 -0.6893535
vn 0.6821871 0.14696664 -0.7162553
vn 0.86619663 0.2726585 -0.418761
vn 0.6212122 -0.62212795 0.47649986
vn 0.42066407 -0.48164195 0.768806
vn 0.27310297 -0.8317522 0.4833249
vn 0.87777185 -0.462754 0.12399688
vn 0.98739606 -0.1528757 0.040963814
vn 0.8187151 -0.357253 0.44952852
vn 0.87777185 -0.462754 0.12399688
vn 0.8187151 -0.357253 0.44952852
vn 0.6212122 -0.62212795 0.47649986
vn 0.9211896 -0.23374084 -0.3110867
vn 0.99025416 0.13452567 -0.03604719
vn 0.98739606 -0.1528757 0.040963814
vn 0.9211896 -0.23374084 -0.3110867
vn 0.9243152 0.03896454 -0.37963545
vn 0.99025416 0.13452567 -0.03604719
vn -0.018880194 -0.876053 0.48184502
vn 0.27310297 -0.8317522 0.4833249
vn -0.08556406 -0.7747343 0.6264707
vn 0.81487346 0.20528242 -0.5420705
vn 0.58842814 0.37167317 -0.71806073
vn 0.6821871 0.14696664 -0.7162553
vn 0.86619663 0.2726585 -0.418761
vn 0.6821871 0.14696664 -0.7162553
vn 0.74904996 0.49455005 -0.4408451
vn 0.6821871 0.14696664 -0.7162553
vn 0.58842814 0.37167317 -0.71806073
vn 0.74904996 0.49455005 -0.4408451
vn 0.42066407 -0.48164195 0.768806
vn 0.11653254 -0.68430364 0.7198254
vn 0.27310297 -0.8317522 0.4833249
vn 0.27310297 -0.8317522 0.4833249
vn 0.11653254 -0.68430364 0.7198254
vn -0.08556406 -0.7747343 0.6264707
vn 0.8187151 -0.357253 0.44952852
vn 0.6247278 -0.2044468 0.7536025
vn 0.6212122 -0.62212795 0.47649986
vn 0.6212122 -0.62212795 0.47649986
vn 0.6247278 -0.2044468 0.7536025
vn 0.42066407 -0.48164195 0.768806
vn 0.98739606 -0.1528757 0.040963814
vn 0.99025416 0.13452567 -0.03604719
vn 0.9211898 -0.046876818 0.38627952
vn 0.98739606 -0.1528757 0.040963814
vn 0.9211898 -0.046876818 0.38627952
vn 0.8187151 -0.357253 0.44952852
vn 0.9243152 0.03896454 -0.37963545
vn 0.86619663 0.2726585 -0.418761
vn 0.92495066 0.36713505 -0.09837741
vn 0.9243152 0.03896454 -0.37963545
vn 0.92495066 0.36713505 -0.09837741
vn 0.99025416 0.13452567 -0.03604719
vn 0.81487346 0.20528242 -0.5420705
vn 0.7208269 0.4276612 -0.5454489
vn 0.58842814 0.37167317 -0.71806073
vn 0.74904996 0.49455005 -0.4408451
vn 0.58842814 0.37167317 -0.71806073
vn 0.599326 0.6590612 -0.45436376
vn 0.11653254 -0.68430364 0.7198254
vn 0.5982406 -0.60902584 0.52076447
vn 0.3230921 -0.84790576 0.42031813
vn 0.11653254 -0.68430364 0.7198254
vn 0.3230921 -0.84790576 0.42031813
vn -0.08556406 -0.7747343 0.6264707
vn 0.11653254 -0.68430364 0.7198254
vn 0.42066407 -0.48164195 0.768806
vn 0.5982406 -0.60902584 0.52076447
vn 0.6247278 -0.2044468 0.7536025
vn 0.70915645 0.06533903 0.7020172
vn 0.8594176 0.009350657 0.51118875
vn 0.8187151 -0.357253 0.44952852
vn 0.9211898 -0.046876818 0.38627952
vn 0.70915645 0.06533903 0.7020172
vn 0.8187151 -0.357253 0.44952852
vn 0.70915645 0.06533903 0.7020172
vn 0.6247278 -0.2044468 0.7536025
vn 0.86619663 0.2726585 -0.418761
vn 0.79602045 0.5846449 -0.15665829
vn 0.92495066 0.36713505 -0.09837741
vn 0.86619663 0.2726585 -0.418761
vn 0.74904996 0.49455005 -0.4408451
vn 0.79602045 0.5846449 -0.15665829
vn 0.99025416 0.13452567 -0.03604719
vn 0.92495066 0.36713505 -0.09837741
vn 0.9243161 0.2235643 0.3092873
vn 0.9211898 -0.046876818 0.38627952
vn 0.9243161 0.2235643 0.3092873
vn 0.70915645 0.06533903 0.7020172
vn 0.9211898 -0.046876818 0.38627952
vn 0.99025416 0.13452567 -0.03604719
vn 0.9243161 0.2235643 0.3092873
vn 0.7208269 0.4276612 -0.5454489
vn 0.58784044 0.6214734 -0.5178942
vn 0.44963637 0.55670875 -0.6985002
vn 0.58842814 0.37167317 -0.71806073
vn 0.44963637 0.55670875 -0.6985002
vn 0.599326 0.6590612 -0.45436376
vn 0.58842814 0.37167317 -0.71806073
vn 0.7208269 0.4276612 -0.5454489
vn 0.44963637 0.55670875 -0.6985002
vn 0.3230921 -0.84790576 0.42031813
vn 0.119925335 -0.93869907 0.3232056
vn -0.08556406 -0.7747343 0.6264707
vn 0.42066407 -0.48164195 0.768806
vn 0.6247278 -0.2044468 0.7536025
vn 0.78480864 -0.2911365 0.5470967
vn 0.78480864 -0.2911365 0.5470967
vn 0.5982406 -0.60902584 0.52076447
vn 0.42066407 -0.48164195 0.768806
vn 0.78480864 -0.2911365 0.5470967
vn 0.6247278 -0.2044468 0.7536025
vn 0.8594176 0.009350657 0.51118875
vn 0.74904996 0.49455005 -0.4408451
vn 0.6514146 0.73286766 -0.19637704
vn 0.79602045 0.5846449 -0.15665829
vn 0.74904996 0.49455005 -0.4408451
vn 0.599326 0.6590612 -0.45436376
vn 0.6514146 0.73286766 -0.19637704
vn 0.92495066 0.36713505 -0.09837741
vn 0.79602045 0.5846449 -0.15665829
vn 0.86619794 0.44550776 0.22632721
vn 0.92495066 0.36713505 -0.09837741
vn 0.86619794 0.44550776 0.22632721
vn 0.9243161 0.2235643 0.3092873
vn 0.70915645 0.06533903 0.7020172
vn 0.72085935 0.28250772 0.6328911
vn 0.8594176 0.009350657 0.51118875
vn 0.9243161 0.2235643 0.3092873
vn 0.86619794 0.44550776 0.22632721
vn 0.72085935 0.28250772 0.6328911
vn 0.9243161 0.2235643 0.3092873
vn 0.72085935 0.28250772 0.6328911
vn 0.70915645 0.06533903 0.7020172
vn 0.58784044 0.6214734 -0.5178942
vn 0.46817395 0.7426567 -0.4788255
vn 0.32705477 0.64428324 -0.69132787
vn 0.58784044 0.6214734 -0.5178942
vn 0.32705477 0.64428324 -0.69132787
vn 0.44963637 0.55670875 -0.6985002
vn 0.599326 0.6590612 -0.45436376
vn 0.44963637 0.55670875 -0.6985002
vn 0.46736836 0.7410279 -0.48212492
vn 0.44963637 0.55670875 -0.6985002
vn 0.32705477 0.64428324 -0.69132787
vn 0.46736836 0.7410279 -0.48212492
vn 0.6514146 0.73286766 -0.19637704
vn 0.599326 0.6590612 -0.45436376
vn 0.5234713 0.8230113 -0.22052252
vn 0.599326 0.6590612 -0.45436376
vn 0.46736836 0.7410279 -0.48212492
vn 0.5234713 0.8230113 -0.22052252
vn 0.79602045 0.5846449 -0.15665829
vn 0.6514146 0.73286766 -0.19637704
vn 0.7490481 0.64871705 0.13451082
vn 0.79602045 0.5846449 -0.15665829
vn 0.7490481 0.64871705 0.13451082
vn 0.86619794 0.44550776 0.22632721
vn 0.8594176 0.009350657 0.51118875
vn 0.72085935 0.28250772 0.6328911
vn 0.86105204 0.23203936 0.45248973
vn 0.46817395 0.7426567 -0.4788255
vn 0.2335641 0.63565457 -0.7357927
vn 0.32705477 0.64428324 -0.69132787
vn 0.46736836 0.7410279 -0.48212492
vn 0.32705477 0.64428324 -0.69132787
vn 0.3771096 0.74822235 -0.5458494
vn 0.32705477 0.64428324 -0.69132787
vn 0.2335641 0.63565457 -0.7357927
vn 0.3771096 0.74822235 -0.5458494
vn 0.5234713 0.8230113 -0.22052252
vn 0.46736836 0.7410279 -0.48212492
vn 0.45556456 0.85986733 -0.23041093
vn 0.46736836 0.7410279 -0.48212492
vn 0.3771096 0.74822235 -0.5458494
vn 0.45556456 0.85986733 -0.23041093
vn 0.6514146 0.73286766 -0.19637704
vn 0.5234713 0.8230113 -0.22052252
vn 0.5993202 0.79795 0.06396252
vn 0.6514146 0.73286766 -0.19637704
vn 0.5993202 0.79795 0.06396252
vn 0.7490481 0.64871705 0.13451082
vn 0.86619794 0.44550776 0.22632721
vn 0.7490481 0.64871705 0.13451082
vn 0.68218553 0.48540413 0.546814
vn 0.72085935 0.28250772 0.6328911
vn 0.68218553 0.48540413 0.546814
vn 0.86105204 0.23203936 0.45248973
vn 0.72085935 0.28250772 0.6328911
vn 0.86619794 0.44550776 0.22632721
vn 0.68218553 0.48540413 0.546814
vn 0.46817395 0.7426567 -0.4788255
vn 0.43323976 0.77162457 -0.4657241
vn 0.2335641 0.63565457 -0.7357927
vn 0.3771096 0.74822235 -0.5458494
vn 0.51380557 0.8286722 -0.22204989
vn 0.45556456 0.85986733 -0.23041093
vn 0.5234713 0.8230113 -0.22052252
vn 0.46736607 0.8828126 0.047019243
vn 0.5993202 0.79795 0.06396252
vn 0.5234713 0.8230113 -0.22052252
vn 0.45556456 0.85986733 -0.23041093
vn 0.46736607 0.8828126 0.047019243
vn 0.7490481 0.64871705 0.13451082
vn 0.5993202 0.79795 0.06396252
vn 0.5884271 0.6809068 0.43602705
vn 0.7490481 0.64871705 0.13451082
vn 0.5884271 0.6809068 0.43602705
vn 0.68218553 0.48540413 0.546814
vn 0.86105204 0.23203936 0.45248973
vn 0.68218553 0.48540413 0.546814
vn 0.81487423 0.44881463 0.36680424
vn 0.68218553 0.48540413 0.546814
vn 0.5884271 0.6809068 0.43602705
vn 0.81487423 0.44881463 0.36680424
vn 0.43323976 0.77162457 -0.4657241
vn 0.20611782 0.42991543 -0.87902665
vn 0.2335641 0.63565457 -0.7357927
vn 0.3771096 0.74822235 -0.5458494
vn 0.40376085 0.60420084 -0.6869633
vn 0.51380557 0.8286722 -0.22204989
vn 0.2335641 0.63565457 -0.7357927
vn 0.20611782 0.42991543 -0.87902665
vn 0.40376085 0.60420084 -0.6869633
vn 0.2335641 0.63565457 -0.7357927
vn 0.40376085 0.60420084 -0.6869633
vn 0.3771096 0.74822235 -0.5458494
vn 0.45556456 0.85986733 -0.23041093
vn 0.51380557 0.8286722 -0.22204989
vn 0.37711325 0.9209037 0.098599136
vn 0.45556456 0.85986733 -0.23041093
vn 0.37711325 0.9209037 0.098599136
vn 0.46736607 0.8828126 0.047019243
vn 0.5993202 0.79795 0.06396252
vn 0.44963327 0.8313745 0.32656753
vn 0.5884271 0.6809068 0.43602705
vn 0.5993202 0.79795 0.06396252
vn 0.46736607 0.8828126 0.047019243
vn 0.44963327 0.8313745 0.32656753
vn 0.81487423 0.44881463 0.36680424
vn 0.5884271 0.6809068 0.43602705
vn 0.7208271 0.6430911 0.25853842
vn 0.5884271 0.6809068 0.43602705
vn 0.44963327 0.8313745 0.32656753
vn 0.7208271 0.6430911 0.25853842
vn 0.43323976 0.77162457 -0.4657241
vn 0.5969117 0.61063915 -0.52040005
vn 0.20611782 0.42991543 -0.87902665
vn 0.40376085 0.60420084 -0.6869633
vn 0.5772156 0.35413375 -0.7358066
vn 0.7420105 0.6475444 -0.17351294
vn 0.40376085 0.60420084 -0.6869633
vn 0.7420105 0.6475444 -0.17351294
vn 0.51380557 0.8286722 -0.22204989
vn 0.40376085 0.60420084 -0.6869633
vn 0.20611782 0.42991543 -0.87902665
vn 0.5772156 0.35413375 -0.7358066
vn 0.37711325 0.9209037 0.098599136
vn 0.51380557 0.8286722 -0.22204989
vn 0.40377018 0.866734 0.29281694
vn 0.51380557 0.8286722 -0.22204989
vn 0.7420105 0.6475444 -0.17351294
vn 0.40377018 0.866734 0.29281694
vn 0.46736607 0.8828126 0.047019243
vn 0.32706293 0.90362716 0.27656388
vn 0.44963327 0.8313745 0.32656753
vn 0.46736607 0.8828126 0.047019243
vn 0.37711325 0.9209037 0.098599136
vn 0.32706293 0.90362716 0.27656388
vn 0.7208271 0.6430911 0.25853842
vn 0.44963327 0.8313745 0.32656753
vn 0.5878373 0.79716134 0.13777184
vn 0.44963327 0.8313745 0.32656753
vn 0.32706293 0.90362716 0.27656388
vn 0.5878373 0.79716134 0.13777184
vn 0.5969117 0.61063915 -0.52040005
vn 0.77564603 0.3136817 -0.5477016
vn 0.3961803 0.18213582 -0.8999265
vn 0.20611782 0.42991543 -0.87902665
vn 0.5969117 0.61063915 -0.52040005
vn 0.3961803 0.18213582 -0.8999265
vn 0.20611782 0.42991543 -0.87902665
vn 0.3961803 0.18213582 -0.8999265
vn 0.5772156 0.35413375 -0.7358066
vn 0.7420105 0.6475444 -0.17351294
vn 0.80379236 0.03416735 -0.5939279
vn 0.9791801 0.19608608 -0.05250369
vn 0.40377018 0.866734 0.29281694
vn 0.7420105 0.6475444 -0.17351294
vn 0.57720566 0.67458963 0.46017662
vn 0.37711325 0.9209037 0.098599136
vn 0.40377018 0.866734 0.29281694
vn 0.23355742 0.9183903 0.31939054
vn 0.37711325 0.9209037 0.098599136
vn 0.23355742 0.9183903 0.31939054
vn 0.32706293 0.90362716 0.27656388
vn 0.5878373 0.79716134 0.13777184
vn 0.32706293 0.90362716 0.27656388
vn 0.46817687 0.8825705 0.043354154
vn 0.32706293 0.90362716 0.27656388
vn 0.23355742 0.9183903 0.31939054
vn 0.46817687 0.8825705 0.043354154
vn 0.77564603 0.3136817 -0.5477016
vn 0.84514993 0.08463195 -0.52778685
vn 0.3961803 0.18213582 -0.8999265
vn 0.5772156 0.35413375 -0.7358066
vn 0.80379236 0.03416735 -0.5939279
vn 0.7420105 0.6475444 -0.17351294
vn 0.9791801 0.19608608 -0.05250369
vn 0.24294122 0.5792232 -0.77812606
vn 0.37899354 0.89386636 -0.23951381
vn 0.57720566 0.67458963 0.46017662
vn 0.7420105 0.6475444 -0.17351294
vn 0.8037874 0.32658067 0.49726334
vn 0.7420105 0.6475444 -0.17351294
vn 0.9791801 0.19608608 -0.05250369
vn 0.8037874 0.32658067 0.49726334
vn 0.40377018 0.866734 0.29281694
vn 0.20612906 0.8118308 0.5462981
vn 0.23355742 0.9183903 0.31939054
vn 0.40377018 0.866734 0.29281694
vn 0.57720566 0.67458963 0.46017662
vn 0.20612906 0.8118308 0.5462981
vn 0.46817687 0.8825705 0.043354154
vn 0.23355742 0.9183903 0.31939054
vn 0.433242 0.9011076 0.017506838
vn 0.23355742 0.9183903 0.31939054
vn 0.20612906 0.8118308 0.5462981
vn 0.433242 0.9011076 0.017506838
vn 0.84514993 0.08463195 -0.52778685
vn 0.55309427 -0.063429415 -0.8307005
vn 0.3961803 0.18213582 -0.8999265
vn 0.5772156 0.35413375 -0.7358066
vn 0.55309427 -0.063429415 -0.8307005
vn 0.80379236 0.03416735 -0.5939279
vn 0.5772156 0.35413375 -0.7358066
vn 0.3961803 0.18213582 -0.8999265
vn 0.55309427 -0.063429415 -0.8307005
vn 0.24294122 0.5792232 -0.77812606
vn 0.9791801 0.19608608 -0.05250369
vn 0.80379236 0.03416735 -0.5939279
vn 0.37899354 0.89386636 -0.23951381
vn 0.24294178 0.89067864 0.38427973
vn 0.9791801 0.19608608 -0.05250369
vn 0.9791801 0.19608608 -0.05250369
vn 0.24294178 0.89067864 0.38427973
vn 0.8037874 0.32658067 0.49726334
vn 0.57720566 0.67458963 0.46017662
vn 0.39614522 0.6076891 0.6883188
vn 0.20612906 0.8118308 0.5462981
vn 0.433242 0.9011076 0.017506838
vn 0.20612906 0.8118308 0.5462981
vn 0.5969181 0.7890276 0.14534181
vn 0.20612906 0.8118308 0.5462981
vn 0.39614522 0.6076891 0.6883188
vn 0.5969181 0.7890276 0.14534181
vn 0.84514993 0.08463195 -0.52778685
vn 0.019231599 0.962824 -0.2694438
vn 0.55309427 -0.063429415 -0.8307005
vn 0.24294122 0.5792232 -0.77812606
vn 0.80379236 0.03416735 -0.5939279
vn 0.021298885 0.5360252 -0.84393317
vn 0.021298885 0.5360252 -0.84393317
vn 0.55309427 -0.063429415 -0.8307005
vn 0.019231599 0.962824 -0.2694438
vn 0.55309427 -0.063429415 -0.8307005
vn 0.021298885 0.5360252 -0.84393317
vn 0.80379236 0.03416735 -0.5939279
vn 0.24294178 0.89067864 0.38427973
vn 0.021303456 0.8861671 0.46287578
vn 0.8037874 0.32658067 0.49726334
vn 0.57720566 0.67458963 0.46017662
vn 0.5530566 0.36041027 0.7511544
vn 0.39614522 0.6076891 0.6883188
vn 0.8037874 0.32658067 0.49726334
vn 0.021303456 0.8861671 0.46287578
vn 0.5530566 0.36041027 0.7511544
vn 0.8037874 0.32658067 0.49726334
vn 0.5530566 0.36041027 0.7511544
vn 0.57720566 0.67458963 0.46017662
vn 0.5969181 0.7890276 0.14534181
vn 0.39614522 0.6076891 0.6883188
vn 0.7756521 0.5455095 0.3174637
vn 0.021303456 0.8861671 0.46287578
vn 0.019178327 0.9685456 -0.24809563
vn 0.5530566 0.36041027 0.7511544
vn 0.39614522 0.6076891 0.6883188
vn 0.8451121 0.3371907 0.41483492
vn 0.7756521 0.5455095 0.3174637
vn 0.8451121 0.3371907 0.41483492
vn 0.5530566 0.36041027 0.7511544
vn 0.019178327 0.9685456 -0.24809563
vn 0.5530566 0.36041027 0.7511544
vn 0.8451121 0.3371907 0.41483492
vn 0.39614522 0.6076891 0.6883188
vn 0.119925335 -0.93869907 0.3232056
vn 0.3230921 -0.84790576 0.42031813
vn 0.30761003 -0.95099634 -0.031336308
vn 0.3230921 -0.84790576 0.42031813
vn 0.5982406 -0.60902584 0.52076447
vn 0.5070386 -0.8593527 0.06651831
vn 0.3230921 -0.84790576 0.42031813
vn 0.5070386 -0.8593527 0.06651831
vn 0.30761003 -0.95099634 -0.031336308
vn 0.5982406 -0.60902584 0.52076447
vn 0.74549216 -0.62726253 0.22535062
vn 0.5070386 -0.8593527 0.06651831
vn 0.30761003 -0.95099634 -0.031336308
vn 0.5070386 -0.8593527 0.06651831
vn 0.35443246 -0.8682083 0.34726375
vn 0.5070386 -0.8593527 0.06651831
vn 0.74549216 -0.62726253 0.22535062
vn 0.35443246 -0.8682083 0.34726375
vn 0.5982406 -0.60902584 0.52076447
vn 0.78480864 -0.2911365 0.5470967
vn 0.74549216 -0.62726253 0.22535062
vn 0.30761003 -0.95099634 -0.031336308
vn 0.35443246 -0.8682083 0.34726375
vn 0.19727775 -0.9729496 0.12021017
vn 0.78480864 -0.2911365 0.5470967
vn 0.8594176 0.009350657 0.51118875
vn 0.8969393 -0.3264737 0.29818594
vn 0.78480864 -0.2911365 0.5470967
vn 0.8969393 -0.3264737 0.29818594
vn 0.74549216 -0.62726253 0.22535062
vn 0.35443246 -0.8682083 0.34726375
vn 0.74549216 -0.62726253 0.22535062
vn 0.5697627 -0.5990649 0.5625759
vn 0.74549216 -0.62726253 0.22535062
vn 0.8969393 -0.3264737 0.29818594
vn 0.5697627 -0.5990649 0.5625759
vn 0.19727775 -0.9729496 0.12021017
vn 0.35443246 -0.8682083 0.34726375
vn 0.018741276 -0.95685154 0.28997236
vn 0.8594176 0.009350657 0.51118875
vn 0.9564709 -0.045528114 0.28825465
vn 0.8969393 -0.3264737 0.29818594
vn 0.5697627 -0.5990649 0.5625759
vn 0.8969393 -0.3264737 0.29818594
vn 0.70531845 -0.30641901 0.6392443
vn 0.8969393 -0.3264737 0.29818594
vn 0.9564709 -0.045528114 0.28825465
vn 0.70531845 -0.30641901 0.6392443
vn 0.35443246 -0.8682083 0.34726375
vn 0.5697627 -0.5990649 0.5625759
vn 0.17358236 -0.8280401 0.5331215
vn 0.35443246 -0.8682083 0.34726375
vn 0.17358236 -0.8280401 0.5331215
vn 0.018741276 -0.95685154 0.28997236
vn 0.8594176 0.009350657 0.51118875
vn 0.9531749 0.17835501 0.24422735
vn 0.9564709 -0.045528114 0.28825465
vn 0.70531845 -0.30641901 0.6392443
vn 0.9564709 -0.045528114 0.28825465
vn 0.77322125 0.019456863 0.6338378
vn 0.5697627 -0.5990649 0.5625759
vn 0.4388895 -0.2660128 0.8582617
vn 0.34068868 -0.554285 0.7594071
vn 0.5697627 -0.5990649 0.5625759
vn 0.34068868 -0.554285 0.7594071
vn 0.17358236 -0.8280401 0.5331215
vn 0.5697627 -0.5990649 0.5625759
vn 0.70531845 -0.30641901 0.6392443
vn 0.4388895 -0.2660128 0.8582617
vn 0.018741276 -0.95685154 0.28997236
vn 0.17358236 -0.8280401 0.5331215
vn -0.081329584 -0.80309445 0.5902752
vn 0.8594176 0.009350657 0.51118875
vn 0.86105204 0.23203936 0.45248973
vn 0.9531749 0.17835501 0.24422735
vn 0.9564709 -0.045528114 0.28825465
vn 0.770992 0.2922905 0.56580704
vn 0.77322125 0.019456863 0.6338378
vn 0.9564709 -0.045528114 0.28825465
vn 0.9531749 0.17835501 0.24422735
vn 0.770992 0.2922905 0.56580704
vn 0.34068868 -0.554285 0.7594071
vn 0.4388895 -0.2660128 0.8582617
vn 0.051447805 -0.52161497 0.8516283
vn 0.17358236 -0.8280401 0.5331215
vn 0.34068868 -0.554285 0.7594071
vn 0.051447805 -0.52161497 0.8516283
vn 0.17358236 -0.8280401 0.5331215
vn 0.051447805 -0.52161497 0.8516283
vn -0.081329584 -0.80309445 0.5902752
vn 0.70531845 -0.30641901 0.6392443
vn 0.4937002 0.06844622 0.86693436
vn 0.4388895 -0.2660128 0.8582617
vn 0.70531845 -0.30641901 0.6392443
vn 0.77322125 0.019456863 0.6338378
vn 0.4937002 0.06844622 0.86693436
vn 0.018741276 -0.95685154 0.28997236
vn -0.081329584 -0.80309445 0.5902752
vn -0.2161626 -0.91117007 0.3507744
vn 0.86105204 0.23203936 0.45248973
vn 0.81487423 0.44881463 0.36680424
vn 0.9073122 0.38448328 0.17016803
vn 0.86105204 0.23203936 0.45248973
vn 0.9073122 0.38448328 0.17016803
vn 0.9531749 0.17835501 0.24422735
vn 0.770992 0.2922905 0.56580704
vn 0.9531749 0.17835501 0.24422735
vn 0.72227794 0.51002276 0.4671094
vn 0.9531749 0.17835501 0.24422735
vn 0.9073122 0.38448328 0.17016803
vn 0.72227794 0.51002276 0.4671094
vn 0.051447805 -0.52161497 0.8516283
vn -0.32483533 -0.4673249 0.82224655
vn -0.081329584 -0.80309445 0.5902752
vn 0.4388895 -0.2660128 0.8582617
vn 0.4937002 0.06844622 0.86693436
vn 0.11339321 -0.2179619 0.9693475
vn 0.4388895 -0.2660128 0.8582617
vn 0.11339321 -0.2179619 0.9693475
vn 0.051447805 -0.52161497 0.8516283
vn 0.77322125 0.019456863 0.6338378
vn 0.49512914 0.35649264 0.7923132
vn 0.4937002 0.06844622 0.86693436
vn 0.77322125 0.019456863 0.6338378
vn 0.770992 0.2922905 0.56580704
vn 0.49512914 0.35649264 0.7923132
vn -0.2161626 -0.91117007 0.3507744
vn -0.081329584 -0.80309445 0.5902752
vn -0.39319706 -0.84627 0.35947615
vn 0.81487423 0.44881463 0.36680424
vn 0.81157273 0.5808789 0.062684536
vn 0.9073122 0.38448328 0.17016803
vn 0.72227794 0.51002276 0.4671094
vn 0.9073122 0.38448328 0.17016803
vn 0.63244206 0.7009927 0.32958475
vn 0.9073122 0.38448328 0.17016803
vn 0.81157273 0.5808789 0.062684536
vn 0.63244206 0.7009927 0.32958475
vn -0.32483533 -0.4673249 0.82224655
vn -0.39050078 -0.7252376 0.5670446
vn -0.081329584 -0.80309445 0.5902752
vn -0.081329584 -0.80309445 0.5902752
vn -0.39050078 -0.7252376 0.5670446
vn -0.39319706 -0.84627 0.35947615
vn 0.11339321 -0.2179619 0.9693475
vn -0.27221185 -0.1517641 0.95019376
vn 0.051447805 -0.52161497 0.8516283
vn 0.051447805 -0.52161497 0.8516283
vn -0.27221185 -0.1517641 0.95019376
vn -0.32483533 -0.4673249 0.82224655
vn 0.4937002 0.06844622 0.86693436
vn 0.49512914 0.35649264 0.7923132
vn 0.14796345 0.112894714 0.9825281
vn 0.4937002 0.06844622 0.86693436
vn 0.14796345 0.112894714 0.9825281
vn 0.11339321 -0.2179619 0.9693475
vn 0.770992 0.2922905 0.56580704
vn 0.72227794 0.51002276 0.4671094
vn 0.46247303 0.57445663 0.67536527
vn 0.770992 0.2922905 0.56580704
vn 0.46247303 0.57445663 0.67536527
vn 0.49512914 0.35649264 0.7923132
vn 0.81487423 0.44881463 0.36680424
vn 0.7208271 0.6430911 0.25853842
vn 0.81157273 0.5808789 0.062684536
vn 0.63244206 0.7009927 0.32958475
vn 0.81157273 0.5808789 0.062684536
vn 0.5320196 0.828119 0.17656165
vn -0.39050078 -0.7252376 0.5670446
vn -1.0834353E-08 -0.5196384 0.8543863
vn 1.9032925E-08 -0.799627 0.600497
vn -0.39050078 -0.7252376 0.5670446
vn 1.9032925E-08 -0.799627 0.600497
vn -0.39319706 -0.84627 0.35947615
vn -0.39050078 -0.7252376 0.5670446
vn -0.32483533 -0.4673249 0.82224655
vn -1.0834353E-08 -0.5196384 0.8543863
vn -0.27221185 -0.1517641 0.95019376
vn -0.24731325 0.13434762 0.95957637
vn 1.0322161E-08 0.1377688 0.9904643
vn 0.11339321 -0.2179619 0.9693475
vn 0.14796345 0.112894714 0.9825281
vn -0.24731325 0.13434762 0.95957637
vn 0.11339321 -0.2179619 0.9693475
vn -0.24731325 0.13434762 0.95957637
vn -0.27221185 -0.1517641 0.95019376
vn 0.72227794 0.51002276 0.4671094
vn 0.39800605 0.7630709 0.50922877
vn 0.46247303 0.57445663 0.67536527
vn 0.72227794 0.51002276 0.4671094
vn 0.63244206 0.7009927 0.32958475
vn 0.39800605 0.7630709 0.50922877
vn 0.49512914 0.35649264 0.7923132
vn 0.46247303 0.57445663 0.67536527
vn 0.15333003 0.38458943 0.91026413
vn 0.14796345 0.112894714 0.9825281
vn 0.15333003 0.38458943 0.91026413
vn -0.24731325 0.13434762 0.95957637
vn 0.14796345 0.112894714 0.9825281
vn 0.49512914 0.35649264 0.7923132
vn 0.15333003 0.38458943 0.91026413
vn 0.7208271 0.6430911 0.25853842
vn 0.5878373 0.79716134 0.13777184
vn 0.6843407 0.72615916 -0.06611121
vn 0.81157273 0.5808789 0.062684536
vn 0.6843407 0.72615916 -0.06611121
vn 0.5320196 0.828119 0.17656165
vn 0.81157273 0.5808789 0.062684536
vn 0.7208271 0.6430911 0.25853842
vn 0.6843407 0.72615916 -0.06611121
vn 1.9032925E-08 -0.799627 0.600497
vn 0 -0.9207794 0.39008373
vn -0.39319706 -0.84627 0.35947615
vn -0.32483533 -0.4673249 0.82224655
vn -0.27221185 -0.1517641 0.95019376
vn 0 -0.17386025 0.9847704
vn 0 -0.17386025 0.9847704
vn -1.0834353E-08 -0.5196384 0.8543863
vn -0.32483533 -0.4673249 0.82224655
vn 0 -0.17386025 0.9847704
vn -0.27221185 -0.1517641 0.95019376
vn 1.0322161E-08 0.1377688 0.9904643
vn 0.63244206 0.7009927 0.32958475
vn 0.32570457 0.87887716 0.34855604
vn 0.39800605 0.7630709 0.50922877
vn 0.63244206 0.7009927 0.32958475
vn 0.5320196 0.828119 0.17656165
vn 0.32570457 0.87887716 0.34855604
vn 0.46247303 0.57445663 0.67536527
vn 0.39800605 0.7630709 0.50922877
vn 0.14391936 0.5964507 0.78964156
vn 0.46247303 0.57445663 0.67536527
vn 0.14391936 0.5964507 0.78964156
vn 0.15333003 0.38458943 0.91026413
vn -0.24731325 0.13434762 0.95957637
vn -0.23231278 0.3555066 0.90534294
vn 1.0322161E-08 0.1377688 0.9904643
vn 0.15333003 0.38458943 0.91026413
vn 0.14391936 0.5964507 0.78964156
vn -0.23231278 0.3555066 0.90534294
vn 0.15333003 0.38458943 0.91026413
vn -0.23231278 0.3555066 0.90534294
vn -0.24731325 0.13434762 0.95957637
vn 0.5878373 0.79716134 0.13777184
vn 0.46817687 0.8825705 0.043354154
vn 0.5974264 0.7824261 -0.17575836
vn 0.5878373 0.79716134 0.13777184
vn 0.5974264 0.7824261 -0.17575836
vn 0.6843407 0.72615916 -0.06611121
vn 0.5320196 0.828119 0.17656165
vn 0.6843407 0.72615916 -0.06611121
vn 0.4708918 0.88123214 0.041118145
vn 0.6843407 0.72615916 -0.06611121
vn 0.5974264 0.7824261 -0.17575836
vn 0.4708918 0.88123214 0.041118145
vn 0.32570457 0.87887716 0.34855604
vn 0.5320196 0.828119 0.17656165
vn 0.26173955 0.94034255 0.21736664
vn 0.5320196 0.828119 0.17656165
vn 0.4708918 0.88123214 0.041118145
vn 0.26173955 0.94034255 0.21736664
vn 0.39800605 0.7630709 0.50922877
vn 0.32570457 0.87887716 0.34855604
vn 0.116598636 0.7780721 0.6172589
vn 0.39800605 0.7630709 0.50922877
vn 0.116598636 0.7780721 0.6172589
vn 0.14391936 0.5964507 0.78964156
vn 1.0322161E-08 0.1377688 0.9904643
vn -0.23231278 0.3555066 0.90534294
vn -5.0966418E-09 0.36071414 0.93267643
vn 0.46817687 0.8825705 0.043354154
vn 0.5898063 0.7586889 -0.27662152
vn 0.5974264 0.7824261 -0.17575836
vn 0.4708918 0.88123214 0.041118145
vn 0.5974264 0.7824261 -0.17575836
vn 0.47744656 0.8759264 -0.06926602
vn 0.5974264 0.7824261 -0.17575836
vn 0.5898063 0.7586889 -0.27662152
vn 0.47744656 0.8759264 -0.06926602
vn 0.26173955 0.94034255 0.21736664
vn 0.4708918 0.88123214 0.041118145
vn 0.227788 0.9619802 0.15068734
vn 0.4708918 0.88123214 0.041118145
vn 0.47744656 0.8759264 -0.06926602
vn 0.227788 0.9619802 0.15068734
vn 0.32570457 0.87887716 0.34855604
vn 0.26173955 0.94034255 0.21736664
vn 0.06731674 0.89755595 0.43573105
vn 0.32570457 0.87887716 0.34855604
vn 0.06731674 0.89755595 0.43573105
vn 0.116598636 0.7780721 0.6172589
vn 0.14391936 0.5964507 0.78964156
vn 0.116598636 0.7780721 0.6172589
vn -0.22513121 0.5537127 0.80169713
vn -0.23231278 0.3555066 0.90534294
vn -0.22513121 0.5537127 0.80169713
vn -5.0966418E-09 0.36071414 0.93267643
vn -0.23231278 0.3555066 0.90534294
vn 0.14391936 0.5964507 0.78964156
vn -0.22513121 0.5537127 0.80169713
vn 0.46817687 0.8825705 0.043354154
vn 0.433242 0.9011076 0.017506838
vn 0.5898063 0.7586889 -0.27662152
vn 0.47744656 0.8759264 -0.06926602
vn 0.25691414 0.9438375 0.20776403
vn 0.227788 0.9619802 0.15068734
vn 0.26173955 0.94034255 0.21736664
vn -0.0035146393 0.95212376 0.30569232
vn 0.06731674 0.89755595 0.43573105
vn 0.26173955 0.94034255 0.21736664
vn 0.227788 0.9619802 0.15068734
vn -0.0035146393 0.95212376 0.30569232
vn 0.116598636 0.7780721 0.6172589
vn 0.06731674 0.89755595 0.43573105
vn -0.22314899 0.7354881 0.63973576
vn 0.116598636 0.7780721 0.6172589
vn -0.22314899 0.7354881 0.63973576
vn -0.22513121 0.5537127 0.80169713
vn -5.0966418E-09 0.36071414 0.93267643
vn -0.22513121 0.5537127 0.80169713
vn -2.0489086E-08 0.5705842 0.8212391
vn -0.22513121 0.5537127 0.80169713
vn -0.22314899 0.7354881 0.63973576
vn -2.0489086E-08 0.5705842 0.8212391
vn 0.433242 0.9011076 0.017506838
vn 0.74201745 0.57159185 -0.35027528
vn 0.5898063 0.7586889 -0.27662152
vn 0.47744656 0.8759264 -0.06926602
vn 0.64110625 0.76033807 -0.10425317
vn 0.25691414 0.9438375 0.20776403
vn 0.5898063 0.7586889 -0.27662152
vn 0.74201745 0.57159185 -0.35027528
vn 0.64110625 0.76033807 -0.10425317
vn 0.5898063 0.7586889 -0.27662152
vn 0.64110625 0.76033807 -0.10425317
vn 0.47744656 0.8759264 -0.06926602
vn 0.227788 0.9619802 0.15068734
vn 0.25691414 0.9438375 0.20776403
vn -0.100332975 0.96226436 0.25294393
vn 0.227788 0.9619802 0.15068734
vn -0.100332975 0.96226436 0.25294393
vn -0.0035146393 0.95212376 0.30569232
vn 0.06731674 0.89755595 0.43573105
vn -0.23470175 0.8634862 0.44643784
vn -0.22314899 0.7354881 0.63973576
vn 0.06731674 0.89755595 0.43573105
vn -0.0035146393 0.95212376 0.30569232
vn -0.23470175 0.8634862 0.44643784
vn -2.0489086E-08 0.5705842 0.8212391
vn -0.22314899 0.7354881 0.63973576
vn -1.5107153E-08 0.75079805 0.66053176
vn -0.22314899 0.7354881 0.63973576
vn -0.23470175 0.8634862 0.44643784
vn -1.5107153E-08 0.75079805 0.66053176
vn 0.433242 0.9011076 0.017506838
vn 0.5969181 0.7890276 0.14534181
vn 0.74201745 0.57159185 -0.35027528
vn 0.64110625 0.76033807 -0.10425317
vn 0.824755 0.563615 0.04601258
vn 0.37102166 0.8138554 0.44719386
vn 0.64110625 0.76033807 -0.10425317
vn 0.37102166 0.8138554 0.44719386
vn 0.25691414 0.9438375 0.20776403
vn 0.64110625 0.76033807 -0.10425317
vn 0.74201745 0.57159185 -0.35027528
vn 0.824755 0.563615 0.04601258
vn -0.100332975 0.96226436 0.25294393
vn 0.25691414 0.9438375 0.20776403
vn -0.23734 0.8916016 0.3856374
vn 0.25691414 0.9438375 0.20776403
vn 0.37102166 0.8138554 0.44719386
vn -0.23734 0.8916016 0.3856374
vn -0.0035146393 0.95212376 0.30569232
vn -0.27037346 0.9120991 0.3081776
vn -0.23470175 0.8634862 0.44643784
vn -0.0035146393 0.95212376 0.30569232
vn -0.100332975 0.96226436 0.25294393
vn -0.27037346 0.9120991 0.3081776
vn -1.5107153E-08 0.75079805 0.66053176
vn -0.23470175 0.8634862 0.44643784
vn -5.0083906E-09 0.88499635 0.46559817
vn -0.23470175 0.8634862 0.44643784
vn -0.27037346 0.9120991 0.3081776
vn -5.0083906E-09 0.88499635 0.46559817
vn 0.5969181 0.7890276 0.14534181
vn 0.7756521 0.5455095 0.3174637
vn 0.91007066 0.37732267 -0.17146179
vn 0.74201745 0.57159185 -0.35027528
vn 0.5969181 0.7890276 0.14534181
vn 0.91007066 0.37732267 -0.17146179
vn 0.74201745 0.57159185 -0.35027528
vn 0.91007066 0.37732267 -0.17146179
vn 0.824755 0.563615 0.04601258
vn 0.37102166 0.8138554 0.44719386
vn 0.89107436 0.28743607 0.35123628
vn 0.48959768 0.41554844 0.76655954
vn -0.23734 0.8916016 0.3856374
vn 0.37102166 0.8138554 0.44719386
vn -0.2475557 0.72384185 0.64402556
vn -0.100332975 0.96226436 0.25294393
vn -0.23734 0.8916016 0.3856374
vn -0.35624817 0.90005636 0.2509699
vn -0.100332975 0.96226436 0.25294393
vn -0.35624817 0.90005636 0.2509699
vn -0.27037346 0.9120991 0.3081776
vn -5.0083906E-09 0.88499635 0.46559817
vn -0.27037346 0.9120991 0.3081776
vn 5.10694E-09 0.9525334 0.30443352
vn -0.27037346 0.9120991 0.3081776
vn -0.35624817 0.90005636 0.2509699
vn 5.10694E-09 0.9525334 0.30443352
vn 0.7756521 0.5455095 0.3174637
vn 0.8451121 0.3371907 0.41483492
vn 0.91007066 0.37732267 -0.17146179
vn 0.824755 0.563615 0.04601258
vn 0.89107436 0.28743607 0.35123628
vn 0.37102166 0.8138554 0.44719386
vn 0.48959768 0.41554844 0.76655954
vn 0.64255613 0.71153986 -0.28431052
vn 0.18949209 0.9788188 0.07750183
vn -0.2475557 0.72384185 0.64402556
vn 0.37102166 0.8138554 0.44719386
vn -0.08732737 0.43362796 0.89685047
vn 0.37102166 0.8138554 0.44719386
vn 0.48959768 0.41554844 0.76655954
vn -0.08732737 0.43362796 0.89685047
vn -0.23734 0.8916016 0.3856374
vn -0.5358898 0.76255655 0.36239406
vn -0.35624817 0.90005636 0.2509699
vn -0.23734 0.8916016 0.3856374
vn -0.2475557 0.72384185 0.64402556
vn -0.5358898 0.76255655 0.36239406
vn 5.10694E-09 0.9525334 0.30443352
vn -0.35624817 0.90005636 0.2509699
vn -1.8502279E-08 0.9658456 0.25911862
vn -0.35624817 0.90005636 0.2509699
vn -0.5358898 0.76255655 0.36239406
vn -1.8502279E-08 0.9658456 0.25911862
vn 0.8451121 0.3371907 0.41483492
vn 0.98566127 0.16649686 0.027397886
vn 0.91007066 0.37732267 -0.17146179
vn 0.824755 0.563615 0.04601258
vn 0.98566127 0.16649686 0.027397886
vn 0.89107436 0.28743607 0.35123628
vn 0.824755 0.563615 0.04601258
vn 0.91007066 0.37732267 -0.17146179
vn 0.98566127 0.16649686 0.027397886
vn 0.64255613 0.71153986 -0.28431052
vn 0.48959768 0.41554844 0.76655954
vn 0.89107436 0.28743607 0.35123628
vn 0.18949209 0.9788188 0.07750183
vn -0.3996154 0.8672754 0.2968852
vn 0.48959768 0.41554844 0.76655954
vn 0.48959768 0.41554844 0.76655954
vn -0.3996154 0.8672754 0.2968852
vn -0.08732737 0.43362796 0.89685047
vn -0.2475557 0.72384185 0.64402556
vn -0.51389664 0.5901055 0.6226443
vn -0.5358898 0.76255655 0.36239406
vn -1.8502279E-08 0.9658456 0.25911862
vn -0.5358898 0.76255655 0.36239406
vn 3.7455173E-08 0.8782263 0.47824538
vn -0.5358898 0.76255655 0.36239406
vn -0.51389664 0.5901055 0.6226443
vn 3.7455173E-08 0.8782263 0.47824538
vn 0.8451121 0.3371907 0.41483492
vn 0.019178327 0.9685456 -0.24809563
vn 0.98566127 0.16649686 0.027397886
vn 0.64255613 0.71153986 -0.28431052
vn 0.89107436 0.28743607 0.35123628
vn 0.5964935 0.6283065 -0.499426
vn 0.5964935 0.6283065 -0.499426
vn 0.98566127 0.16649686 0.027397886
vn 0.019178327 0.9685456 -0.24809563
vn 0.98566127 0.16649686 0.027397886
vn 0.5964935 0.6283065 -0.499426
vn 0.89107436 0.28743607 0.35123628
vn -0.3996154 0.8672754 0.2968852
vn -0.575204 0.8033928 0.15394872
vn -0.08732737 0.43362796 0.89685047
vn -0.2475557 0.72384185 0.64402556
vn -0.43260372 0.37841105 0.8183269
vn -0.51389664 0.5901055 0.6226443
vn -0.08732737 0.43362796 0.89685047
vn -0.575204 0.8033928 0.15394872
vn -0.43260372 0.37841105 0.8183269
vn -0.08732737 0.43362796 0.89685047
vn -0.43260372 0.37841105 0.8183269
vn -0.2475557 0.72384185 0.64402556
vn 3.7455173E-08 0.8782263 0.47824538
vn -0.51389664 0.5901055 0.6226443
vn 0 0.6614126 0.7500222
vn -0.575204 0.8033928 0.15394872
vn -1.7527E-08 0.97142494 -0.23734725
vn -0.43260372 0.37841105 0.8183269
vn -0.51389664 0.5901055 0.6226443
vn 1.2766776E-08 0.46347785 0.88610846
vn 0 0.6614126 0.7500222
vn 1.2766776E-08 0.46347785 0.88610846
vn -0.43260372 0.37841105 0.8183269
vn -1.7527E-08 0.97142494 -0.23734725
vn -0.43260372 0.37841105 0.8183269
vn 1.2766776E-08 0.46347785 0.88610846
vn -0.51389664 0.5901055 0.6226443
vn 1.5624991E-08 -0.99246025 0.12256706
vn 0 -0.992746 -0.12022954
vn -0.39318845 -0.9126332 0.11181879
vn 0 -0.992746 -0.12022954
vn 0 -0.877211 -0.48010525
vn -0.39050183 -0.9115959 -0.12845647
vn 0 -0.992746 -0.12022954
vn -0.39050183 -0.9115959 -0.12845647
vn -0.39318845 -0.9126332 0.11181879
vn 0 -0.877211 -0.48010525
vn -0.32482874 -0.81583905 -0.47842753
vn -0.39050183 -0.9115959 -0.12845647
vn -0.39318845 -0.9126332 0.11181879
vn -0.39050183 -0.9115959 -0.12845647
vn -0.0813274 -0.9906372 -0.10965216
vn -0.39050183 -0.9115959 -0.12845647
vn -0.32482874 -0.81583905 -0.47842753
vn -0.0813274 -0.9906372 -0.10965216
vn 0 -0.877211 -0.48010525
vn 0 -0.6429416 -0.7659151
vn -0.32482874 -0.81583905 -0.47842753
vn -0.39318845 -0.9126332 0.11181879
vn -0.0813274 -0.9906372 -0.10965216
vn -0.21615483 -0.9644848 0.15180951
vn 0 -0.6429416 -0.7659151
vn 1.5483364E-08 -0.37591422 -0.92665446
vn -0.2722153 -0.60653436 -0.7470038
vn 0 -0.6429416 -0.7659151
vn -0.2722153 -0.60653436 -0.7470038
vn -0.32482874 -0.81583905 -0.47842753
vn -0.0813274 -0.9906372 -0.10965216
vn -0.32482874 -0.81583905 -0.47842753
vn 0.051445607 -0.8775451 -0.47672626
vn -0.32482874 -0.81583905 -0.47842753
vn -0.2722153 -0.60653436 -0.7470038
vn 0.051445607 -0.8775451 -0.47672626
vn -0.21615483 -0.9644848 0.15180951
vn -0.0813274 -0.9906372 -0.10965216
vn 0.018743781 -0.9736432 0.227305
vn 1.5483364E-08 -0.37591422 -0.92665446
vn -0.2473218 -0.36343747 -0.8981898
vn -0.2722153 -0.60653436 -0.7470038
vn 0.051445607 -0.8775451 -0.47672626
vn -0.2722153 -0.60653436 -0.7470038
vn 0.11339417 -0.6734428 -0.7304906
vn -0.2722153 -0.60653436 -0.7470038
vn -0.2473218 -0.36343747 -0.8981898
vn 0.11339417 -0.6734428 -0.7304906
vn -0.0813274 -0.9906372 -0.10965216
vn 0.051445607 -0.8775451 -0.47672626
vn 0.17358756 -0.9836638 -0.04767567
vn -0.0813274 -0.9906372 -0.10965216
vn 0.17358756 -0.9836638 -0.04767567
vn 0.018743781 -0.9736432 0.227305
vn 1.5483364E-08 -0.37591422 -0.92665446
vn -0.2323227 -0.14479297 -0.96180093
vn -0.2473218 -0.36343747 -0.8981898
vn 0.11339417 -0.6734428 -0.7304906
vn -0.2473218 -0.36343747 -0.8981898
vn 0.14796975 -0.3934986 -0.90733886
vn 0.051445607 -0.8775451 -0.47672626
vn 0.43888956 -0.6594985 -0.6102769
vn 0.3406863 -0.85972726 -0.3805283
vn 0.051445607 -0.8775451 -0.47672626
vn 0.3406863 -0.85972726 -0.3805283
vn 0.17358756 -0.9836638 -0.04767567
vn 0.051445607 -0.8775451 -0.47672626
vn 0.11339417 -0.6734428 -0.7304906
vn 0.43888956 -0.6594985 -0.6102769
vn 0.018743781 -0.9736432 0.227305
vn 0.17358756 -0.9836638 -0.04767567
vn 0.35443228 -0.92552185 0.13336867
vn 1.5483364E-08 -0.37591422 -0.92665446
vn -2.5483333E-08 -0.15396386 -0.98807645
vn -0.2323227 -0.14479297 -0.96180093
vn -0.2473218 -0.36343747 -0.8981898
vn 0.15332726 -0.12207067 -0.9806066
vn 0.14796975 -0.3934986 -0.90733886
vn -0.2473218 -0.36343747 -0.8981898
vn -0.2323227 -0.14479297 -0.96180093
vn 0.15332726 -0.12207067 -0.9806066
vn 0.3406863 -0.85972726 -0.3805283
vn 0.43888956 -0.6594985 -0.6102769
vn 0.5697634 -0.8000942 -0.18766677
vn 0.17358756 -0.9836638 -0.04767567
vn 0.3406863 -0.85972726 -0.3805283
vn 0.5697634 -0.8000942 -0.18766677
vn 0.17358756 -0.9836638 -0.04767567
vn 0.5697634 -0.8000942 -0.18766677
vn 0.35443228 -0.92552185 0.13336867
vn 0.11339417 -0.6734428 -0.7304906
vn 0.49369976 -0.37419116 -0.7850106
vn 0.43888956 -0.6594985 -0.6102769
vn 0.11339417 -0.6734428 -0.7304906
vn 0.14796975 -0.3934986 -0.90733886
vn 0.49369976 -0.37419116 -0.7850106
vn 0.018743781 -0.9736432 0.227305
vn 0.35443228 -0.92552185 0.13336867
vn 0.19728003 -0.9027027 0.38237196
vn -2.5483333E-08 -0.15396386 -0.98807645
vn -5.122264E-09 0.08351332 -0.99650675
vn -0.2251371 0.07867885 -0.9711451
vn -2.5483333E-08 -0.15396386 -0.98807645
vn -0.2251371 0.07867885 -0.9711451
vn -0.2323227 -0.14479297 -0.96180093
vn 0.15332726 -0.12207067 -0.9806066
vn -0.2323227 -0.14479297 -0.96180093
vn 0.14391835 0.12171823 -0.98207533
vn -0.2323227 -0.14479297 -0.96180093
vn -0.2251371 0.07867885 -0.9711451
vn 0.14391835 0.12171823 -0.98207533
vn 0.5697634 -0.8000942 -0.18766677
vn 0.7454898 -0.6559032 0.11847329
vn 0.35443228 -0.92552185 0.13336867
vn 0.43888956 -0.6594985 -0.6102769
vn 0.49369976 -0.37419116 -0.7850106
vn 0.70531666 -0.58498967 -0.40039414
vn 0.43888956 -0.6594985 -0.6102769
vn 0.70531666 -0.58498967 -0.40039414
vn 0.5697634 -0.8000942 -0.18766677
vn 0.14796975 -0.3934986 -0.90733886
vn 0.4951289 -0.08743101 -0.8644091
vn 0.49369976 -0.37419116 -0.7850106
vn 0.14796975 -0.3934986 -0.90733886
vn 0.15332726 -0.12207067 -0.9806066
vn 0.4951289 -0.08743101 -0.8644091
vn 0.19728003 -0.9027027 0.38237196
vn 0.35443228 -0.92552185 0.13336867
vn 0.30760863 -0.80791324 0.50264597
vn -5.122264E-09 0.08351332 -0.99650675
vn -0.22315651 0.3170932 -0.9217664
vn -0.2251371 0.07867885 -0.9711451
vn 0.14391835 0.12171823 -0.98207533
vn -0.2251371 0.07867885 -0.9711451
vn 0.11659251 0.36520946 -0.9235953
vn -0.2251371 0.07867885 -0.9711451
vn -0.22315651 0.3170932 -0.9217664
vn 0.11659251 0.36520946 -0.9235953
vn 0.7454898 -0.6559032 0.11847329
vn 0.5070328 -0.7774826 0.372073
vn 0.35443228 -0.92552185 0.13336867
vn 0.35443228 -0.92552185 0.13336867
vn 0.5070328 -0.7774826 0.372073
vn 0.30760863 -0.80791324 0.50264597
vn 0.70531666 -0.58498967 -0.40039414
vn 0.896938 -0.43182975 -0.095000654
vn 0.5697634 -0.8000942 -0.18766677
vn 0.5697634 -0.8000942 -0.18766677
vn 0.896938 -0.43182975 -0.095000654
vn 0.7454898 -0.6559032 0.11847329
vn 0.49369976 -0.37419116 -0.7850106
vn 0.4951289 -0.08743101 -0.8644091
vn 0.77322125 -0.3000672 -0.5586488
vn 0.49369976 -0.37419116 -0.7850106
vn 0.77322125 -0.3000672 -0.5586488
vn 0.70531666 -0.58498967 -0.40039414
vn 0.15332726 -0.12207067 -0.9806066
vn 0.14391835 0.12171823 -0.98207533
vn 0.46247366 0.15981203 -0.8721113
vn 0.15332726 -0.12207067 -0.9806066
vn 0.46247366 0.15981203 -0.8721113
vn 0.4951289 -0.08743101 -0.8644091
vn -5.122264E-09 0.08351332 -0.99650675
vn -5.035682E-09 0.3199517 -0.94743377
vn -0.22315651 0.3170932 -0.9217664
vn 0.11659251 0.36520946 -0.9235953
vn -0.22315651 0.3170932 -0.9217664
vn 0.06730472 0.5594465 -0.82612926
vn 0.5070328 -0.7774826 0.372073
vn 0.59825295 -0.78780663 -0.14647192
vn 0.32308725 -0.9444678 0.059959233
vn 0.5070328 -0.7774826 0.372073
vn 0.32308725 -0.9444678 0.059959233
vn 0.30760863 -0.80791324 0.50264597
vn 0.5070328 -0.7774826 0.372073
vn 0.7454898 -0.6559032 0.11847329
vn 0.59825295 -0.78780663 -0.14647192
vn 0.896938 -0.43182975 -0.095000654
vn 0.9564708 -0.18355651 -0.22687125
vn 0.85941875 -0.24749777 -0.44737485
vn 0.70531666 -0.58498967 -0.40039414
vn 0.77322125 -0.3000672 -0.5586488
vn 0.9564708 -0.18355651 -0.22687125
vn 0.70531666 -0.58498967 -0.40039414
vn 0.9564708 -0.18355651 -0.22687125
vn 0.896938 -0.43182975 -0.095000654
vn 0.14391835 0.12171823 -0.98207533
vn 0.3980102 0.40623325 -0.8225342
vn 0.46247366 0.15981203 -0.8721113
vn 0.14391835 0.12171823 -0.98207533
vn 0.11659251 0.36520946 -0.9235953
vn 0.3980102 0.40623325 -0.8225342
vn 0.4951289 -0.08743101 -0.8644091
vn 0.46247366 0.15981203 -0.8721113
vn 0.7709929 -0.029772222 -0.63614756
vn 0.77322125 -0.3000672 -0.5586488
vn 0.7709929 -0.029772222 -0.63614756
vn 0.9564708 -0.18355651 -0.22687125
vn 0.77322125 -0.3000672 -0.5586488
vn 0.4951289 -0.08743101 -0.8644091
vn 0.7709929 -0.029772222 -0.63614756
vn -5.035682E-09 0.3199517 -0.94743377
vn 1.5025162E-08 0.53363496 -0.8457149
vn -0.23470864 0.5245872 -0.8183644
vn -0.22315651 0.3170932 -0.9217664
vn -0.23470864 0.5245872 -0.8183644
vn 0.06730472 0.5594465 -0.82612926
vn -0.22315651 0.3170932 -0.9217664
vn -5.035682E-09 0.3199517 -0.94743377
vn -0.23470864 0.5245872 -0.8183644
vn 0.32308725 -0.9444678 0.059959233
vn 0.11992157 -0.9745405 0.18944603
vn 0.30760863 -0.80791324 0.50264597
vn 0.7454898 -0.6559032 0.11847329
vn 0.896938 -0.43182975 -0.095000654
vn 0.7848076 -0.52567905 -0.32823557
vn 0.7848076 -0.52567905 -0.32823557
vn 0.59825295 -0.78780663 -0.14647192
vn 0.7454898 -0.6559032 0.11847329
vn 0.7848076 -0.52567905 -0.32823557
vn 0.896938 -0.43182975 -0.095000654
vn 0.85941875 -0.24749777 -0.44737485
vn 0.11659251 0.36520946 -0.9235953
vn 0.32570955 0.586852 -0.7412948
vn 0.3980102 0.40623325 -0.8225342
vn 0.11659251 0.36520946 -0.9235953
vn 0.06730472 0.5594465 -0.82612926
vn 0.32570955 0.586852 -0.7412948
vn 0.46247366 0.15981203 -0.8721113
vn 0.3980102 0.40623325 -0.8225342
vn 0.72227895 0.20814288 -0.6595375
vn 0.46247366 0.15981203 -0.8721113
vn 0.72227895 0.20814288 -0.6595375
vn 0.7709929 -0.029772222 -0.63614756
vn 0.9564708 -0.18355651 -0.22687125
vn 0.95317465 0.032345623 -0.30068567
vn 0.85941875 -0.24749777 -0.44737485
vn 0.7709929 -0.029772222 -0.63614756
vn 0.72227895 0.20814288 -0.6595375
vn 0.95317465 0.032345623 -0.30068567
vn 0.7709929 -0.029772222 -0.63614756
vn 0.95317465 0.032345623 -0.30068567
vn 0.9564708 -0.18355651 -0.22687125
vn 1.5025162E-08 0.53363496 -0.8457149
vn 1.0213742E-08 0.67269176 -0.7399229
vn -0.27036718 0.6358089 -0.7229444
vn 1.5025162E-08 0.53363496 -0.8457149
vn -0.27036718 0.6358089 -0.7229444
vn -0.23470864 0.5245872 -0.8183644
vn 0.06730472 0.5594465 -0.82612926
vn -0.23470864 0.5245872 -0.8183644
vn -0.0035325154 0.67171675 -0.7407997
vn -0.23470864 0.5245872 -0.8183644
vn -0.27036718 0.6358089 -0.7229444
vn -0.0035325154 0.67171675 -0.7407997
vn 0.32570955 0.586852 -0.7412948
vn 0.06730472 0.5594465 -0.82612926
vn 0.26173776 0.7056778 -0.6584164
vn 0.06730472 0.5594465 -0.82612926
vn -0.0035325154 0.67171675 -0.7407997
vn 0.26173776 0.7056778 -0.6584164
vn 0.3980102 0.40623325 -0.8225342
vn 0.32570955 0.586852 -0.7412948
vn 0.6324442 0.44228882 -0.6359205
vn 0.3980102 0.40623325 -0.8225342
vn 0.6324442 0.44228882 -0.6359205
vn 0.72227895 0.20814288 -0.6595375
vn 0.85941875 -0.24749777 -0.44737485
vn 0.95317465 0.032345623 -0.30068567
vn 0.8610543 -0.025296628 -0.5078834
vn 1.0213742E-08 0.67269176 -0.7399229
vn -0.35623786 0.6539859 -0.66738063
vn -0.27036718 0.6358089 -0.7229444
vn -0.0035325154 0.67171675 -0.7407997
vn -0.27036718 0.6358089 -0.7229444
vn -0.10034396 0.7068667 -0.7001933
vn -0.27036718 0.6358089 -0.7229444
vn -0.35623786 0.6539859 -0.66738063
vn -0.10034396 0.7068667 -0.7001933
vn 0.26173776 0.7056778 -0.6584164
vn -0.0035325154 0.67171675 -0.7407997
vn 0.22777878 0.7577543 -0.6114943
vn -0.0035325154 0.67171675 -0.7407997
vn -0.10034396 0.7068667 -0.7001933
vn 0.22777878 0.7577543 -0.6114943
vn 0.32570955 0.586852 -0.7412948
vn 0.26173776 0.7056778 -0.6584164
vn 0.53202224 0.62889 -0.5669654
vn 0.32570955 0.586852 -0.7412948
vn 0.53202224 0.62889 -0.5669654
vn 0.6324442 0.44228882 -0.6359205
vn 0.72227895 0.20814288 -0.6595375
vn 0.6324442 0.44228882 -0.6359205
vn 0.907312 0.24789338 -0.33960837
vn 0.95317465 0.032345623 -0.30068567
vn 0.907312 0.24789338 -0.33960837
vn 0.8610543 -0.025296628 -0.5078834
vn 0.95317465 0.032345623 -0.30068567
vn 0.72227895 0.20814288 -0.6595375
vn 0.907312 0.24789338 -0.33960837
vn 1.0213742E-08 0.67269176 -0.7399229
vn -2.6431803E-09 0.7068861 -0.7073273
vn -0.35623786 0.6539859 -0.66738063
vn -0.10034396 0.7068667 -0.7001933
vn 0.25689828 0.713507 -0.65185183
vn 0.22777878 0.7577543 -0.6114943
vn 0.26173776 0.7056778 -0.6584164
vn 0.47089407 0.74260867 -0.47622597
vn 0.53202224 0.62889 -0.5669654
vn 0.26173776 0.7056778 -0.6584164
vn 0.22777878 0.7577543 -0.6114943
vn 0.47089407 0.74260867 -0.47622597
vn 0.6324442 0.44228882 -0.6359205
vn 0.53202224 0.62889 -0.5669654
vn 0.8115733 0.47171485 -0.34472287
vn 0.6324442 0.44228882 -0.6359205
vn 0.8115733 0.47171485 -0.34472287
vn 0.907312 0.24789338 -0.33960837
vn 0.8610543 -0.025296628 -0.5078834
vn 0.907312 0.24789338 -0.33960837
vn 0.81487346 0.20528242 -0.5420705
vn 0.907312 0.24789338 -0.33960837
vn 0.8115733 0.47171485 -0.34472287
vn 0.81487346 0.20528242 -0.5420705
vn -2.6431803E-09 0.7068861 -0.7073273
vn -0.535901 0.47919396 -0.6951138
vn -0.35623786 0.6539859 -0.66738063
vn -0.10034396 0.7068667 -0.7001933
vn -0.23734044 0.5793336 -0.77977055
vn 0.25689828 0.713507 -0.65185183
vn -0.35623786 0.6539859 -0.66738063
vn -0.535901 0.47919396 -0.6951138
vn -0.23734044 0.5793336 -0.77977055
vn -0.35623786 0.6539859 -0.66738063
vn -0.23734044 0.5793336 -0.77977055
vn -0.10034396 0.7068667 -0.7001933
vn 0.22777878 0.7577543 -0.6114943
vn 0.25689828 0.713507 -0.65185183
vn 0.47745016 0.7932067 -0.37797397
vn 0.22777878 0.7577543 -0.6114943
vn 0.47745016 0.7932067 -0.37797397
vn 0.47089407 0.74260867 -0.47622597
vn 0.53202224 0.62889 -0.5669654
vn 0.68434423 0.661922 -0.30583048
vn 0.8115733 0.47171485 -0.34472287
vn 0.53202224 0.62889 -0.5669654
vn 0.47089407 0.74260867 -0.47622597
vn 0.68434423 0.661922 -0.30583048
vn 0.81487346 0.20528242 -0.5420705
vn 0.8115733 0.47171485 -0.34472287
vn 0.7208269 0.4276612 -0.5454489
vn 0.8115733 0.47171485 -0.34472287
vn 0.68434423 0.661922 -0.30583048
vn 0.7208269 0.4276612 -0.5454489
vn -2.6431803E-09 0.7068861 -0.7073273
vn -1.4982925E-08 0.52145267 -0.8532801
vn -0.535901 0.47919396 -0.6951138
vn -0.23734044 0.5793336 -0.77977055
vn -0.24755669 0.30485857 -0.9196612
vn 0.37100458 0.4812271 -0.794214
vn -0.23734044 0.5793336 -0.77977055
vn 0.37100458 0.4812271 -0.794214
vn 0.25689828 0.713507 -0.65185183
vn -0.23734044 0.5793336 -0.77977055
vn -0.535901 0.47919396 -0.6951138
vn -0.24755669 0.30485857 -0.9196612
vn 0.47745016 0.7932067 -0.37797397
vn 0.25689828 0.713507 -0.65185183
vn 0.64110875 0.71059906 -0.28987682
vn 0.25689828 0.713507 -0.65185183
vn 0.37100458 0.4812271 -0.794214
vn 0.64110875 0.71059906 -0.28987682
vn 0.47089407 0.74260867 -0.47622597
vn 0.59742707 0.7654804 -0.23899907
vn 0.68434423 0.661922 -0.30583048
vn 0.47089407 0.74260867 -0.47622597
vn 0.47745016 0.7932067 -0.37797397
vn 0.59742707 0.7654804 -0.23899907
vn 0.7208269 0.4276612 -0.5454489
vn 0.68434423 0.661922 -0.30583048
vn 0.58784044 0.6214734 -0.5178942
vn 0.68434423 0.661922 -0.30583048
vn 0.59742707 0.7654804 -0.23899907
vn 0.58784044 0.6214734 -0.5178942
vn -1.4982925E-08 0.52145267 -0.8532801
vn -2.4930104E-08 0.19778514 -0.98024535
vn -0.51390994 0.19972378 -0.83427024
vn -0.535901 0.47919396 -0.6951138
vn -1.4982925E-08 0.52145267 -0.8532801
vn -0.51390994 0.19972378 -0.83427024
vn -0.535901 0.47919396 -0.6951138
vn -0.51390994 0.19972378 -0.83427024
vn -0.24755669 0.30485857 -0.9196612
vn 0.37100458 0.4812271 -0.794214
vn -0.08731878 -0.07288021 -0.99351084
vn 0.48959965 -0.023424923 -0.87163264
vn 0.64110875 0.71059906 -0.28987682
vn 0.37100458 0.4812271 -0.794214
vn 0.8247551 0.46509233 -0.32166454
vn 0.47745016 0.7932067 -0.37797397
vn 0.64110875 0.71059906 -0.28987682
vn 0.58980644 0.79535383 -0.13978773
vn 0.47745016 0.7932067 -0.37797397
vn 0.58980644 0.79535383 -0.13978773
vn 0.59742707 0.7654804 -0.23899907
vn 0.58784044 0.6214734 -0.5178942
vn 0.59742707 0.7654804 -0.23899907
vn 0.46817395 0.7426567 -0.4788255
vn 0.59742707 0.7654804 -0.23899907
vn 0.58980644 0.79535383 -0.13978773
vn 0.46817395 0.7426567 -0.4788255
vn -2.4930104E-08 0.19778514 -0.98024535
vn 1.2767284E-08 -0.041676164 -0.9991311
vn -0.51390994 0.19972378 -0.83427024
vn -0.24755669 0.30485857 -0.9196612
vn -0.08731878 -0.07288021 -0.99351084
vn 0.37100458 0.4812271 -0.794214
vn 0.48959965 -0.023424923 -0.87163264
vn -0.3996185 0.6026306 -0.6907542
vn 0.18949188 0.808923 -0.5565396
vn 0.8247551 0.46509233 -0.32166454
vn 0.37100458 0.4812271 -0.794214
vn 0.8910694 0.07330236 -0.4479087
vn 0.37100458 0.4812271 -0.794214
vn 0.48959965 -0.023424923 -0.87163264
vn 0.8910694 0.07330236 -0.4479087
vn 0.64110875 0.71059906 -0.28987682
vn 0.74201405 0.67015463 0.017548561
vn 0.58980644 0.79535383 -0.13978773
vn 0.64110875 0.71059906 -0.28987682
vn 0.8247551 0.46509233 -0.32166454
vn 0.74201405 0.67015463 0.017548561
vn 0.46817395 0.7426567 -0.4788255
vn 0.58980644 0.79535383 -0.13978773
vn 0.43323976 0.77162457 -0.4657241
vn 0.58980644 0.79535383 -0.13978773
vn 0.74201405 0.67015463 0.017548561
vn 0.43323976 0.77162457 -0.4657241
vn 1.2767284E-08 -0.041676164 -0.9991311
vn -0.43262014 -0.081457496 -0.8978889
vn -0.51390994 0.19972378 -0.83427024
vn -0.24755669 0.30485857 -0.9196612
vn -0.43262014 -0.081457496 -0.8978889
vn -0.08731878 -0.07288021 -0.99351084
vn -0.24755669 0.30485857 -0.9196612
vn -0.51390994 0.19972378 -0.83427024
vn -0.43262014 -0.081457496 -0.8978889
vn -0.3996185 0.6026306 -0.6907542
vn 0.48959965 -0.023424923 -0.87163264
vn -0.08731878 -0.07288021 -0.99351084
vn 0.18949188 0.808923 -0.5565396
vn 0.64257216 0.7583524 -0.109556735
vn 0.48959965 -0.023424923 -0.87163264
vn 0.48959965 -0.023424923 -0.87163264
vn 0.64257216 0.7583524 -0.109556735
vn 0.8910694 0.07330236 -0.4479087
vn 0.8247551 0.46509233 -0.32166454
vn 0.9100703 0.4125025 -0.040171325
vn 0.74201405 0.67015463 0.017548561
vn 0.43323976 0.77162457 -0.4657241
vn 0.74201405 0.67015463 0.017548561
vn 0.5969117 0.61063915 -0.52040005
vn 0.74201405 0.67015463 0.017548561
vn 0.9100703 0.4125025 -0.040171325
vn 0.5969117 0.61063915 -0.52040005
vn 1.2767284E-08 -0.041676164 -0.9991311
vn -2.9211224E-08 0.9599613 -0.28013277
vn -0.43262014 -0.081457496 -0.8978889
vn -0.3996185 0.6026306 -0.6907542
vn -0.08731878 -0.07288021 -0.99351084
vn -0.57517457 0.61878985 -0.5350451
vn -0.57517457 0.61878985 -0.5350451
vn -0.43262014 -0.081457496 -0.8978889
vn -2.9211224E-08 0.9599613 -0.28013277
vn -0.43262014 -0.081457496 -0.8978889
vn -0.57517457 0.61878985 -0.5350451
vn -0.08731878 -0.07288021 -0.99351084
vn 0.64257216 0.7583524 -0.109556735
vn 0.59647113 0.79386026 0.11835551
vn 0.8910694 0.07330236 -0.4479087
vn 0.8247551 0.46509233 -0.32166454
vn 0.9856632 0.13048735 -0.10696256
vn 0.9100703 0.4125025 -0.040171325
vn 0.8910694 0.07330236 -0.4479087
vn 0.59647113 0.79386026 0.11835551
vn 0.9856632 0.13048735 -0.10696256
vn 0.8910694 0.07330236 -0.4479087
vn 0.9856632 0.13048735 -0.10696256
vn 0.8247551 0.46509233 -0.32166454
vn 0.5969117 0.61063915 -0.52040005
vn 0.9100703 0.4125025 -0.040171325
vn 0.77564603 0.3136817 -0.5477016
vn 0.59647113 0.79386026 0.11835551
vn 0.019231599 0.962824 -0.2694438
vn 0.9856632 0.13048735 -0.10696256
vn 0.9100703 0.4125025 -0.040171325
vn 0.84514993 0.08463195 -0.52778685
vn 0.77564603 0.3136817 -0.5477016
vn 0.84514993 0.08463195 -0.52778685
vn 0.9856632 0.13048735 -0.10696256
vn 0.019231599 0.962824 -0.2694438
vn 0.9856632 0.13048735 -0.10696256
vn 0.84514993 0.08463195 -0.52778685
vn 0.9100703 0.4125025 -0.040171325
vn -0.119921565 -0.9745404 0.18944603
vn 0.08557549 -0.9841726 -0.15518057
vn -0.32308728 -0.9444678 0.059959352
vn 0.08557549 -0.9841726 -0.15518057
vn -0.1165373 -0.95253634 -0.28123564
vn -0.32308728 -0.9444678 0.059959352
vn 0.08557549 -0.9841726 -0.15518057
vn -0.27310503 -0.9619804 -0.0026983023
vn -0.1165373 -0.95253634 -0.28123564
vn -0.32308728 -0.9444678 0.059959352
vn -0.1165373 -0.95253634 -0.28123564
vn -0.5982529 -0.7878067 -0.14647204
vn 0.08557549 -0.9841726 -0.15518057
vn 0.01888375 -0.9996067 0.020732582
vn -0.27310503 -0.9619804 -0.0026983023
vn -0.1165373 -0.95253634 -0.28123564
vn -0.27310503 -0.9619804 -0.0026983023
vn -0.42067334 -0.8015137 -0.4249821
vn -0.1165373 -0.95253634 -0.28123564
vn -0.42067334 -0.8015137 -0.4249821
vn -0.5982529 -0.7878067 -0.14647204
vn 0.01888375 -0.9996067 0.020732582
vn -0.03746685 -0.9652477 0.25863713
vn -0.27310503 -0.9619804 -0.0026983023
vn -0.42067334 -0.8015137 -0.4249821
vn -0.27310503 -0.9619804 -0.0026983023
vn -0.62120855 -0.77703124 -0.10159916
vn -0.5982529 -0.7878067 -0.14647204
vn -0.42067334 -0.8015137 -0.4249821
vn -0.7848076 -0.525679 -0.3282355
vn -0.03746685 -0.9652477 0.25863713
vn -0.34715995 -0.9058515 0.24272013
vn -0.27310503 -0.9619804 -0.0026983023
vn -0.27310503 -0.9619804 -0.0026983023
vn -0.34715995 -0.9058515 0.24272013
vn -0.62120855 -0.77703124 -0.10159916
vn -0.42067334 -0.8015137 -0.4249821
vn -0.62120855 -0.77703124 -0.10159916
vn -0.6247249 -0.5538584 -0.5504177
vn -0.42067334 -0.8015137 -0.4249821
vn -0.6247249 -0.5538584 -0.5504177
vn -0.7848076 -0.525679 -0.3282355
vn -0.03746685 -0.9652477 0.25863713
vn -0.27310303 -0.8317522 0.483325
vn -0.34715995 -0.9058515 0.24272013
vn -0.62120855 -0.77703124 -0.10159916
vn -0.81871074 -0.5341622 -0.21067405
vn -0.6247249 -0.5538584 -0.5504177
vn -0.7848076 -0.525679 -0.3282355
vn -0.6247249 -0.5538584 -0.5504177
vn -0.85941875 -0.24749777 -0.44737485
vn -0.03746685 -0.9652477 0.25863713
vn 0.018880194 -0.8760529 0.48184502
vn -0.27310303 -0.8317522 0.483325
vn -0.34715995 -0.9058515 0.24272013
vn -0.6813661 -0.70700294 0.18943882
vn -0.62120855 -0.77703124 -0.10159916
vn -0.81871074 -0.5341622 -0.21067405
vn -0.9211896 -0.2337409 -0.3110867
vn -0.7091567 -0.29442304 -0.640634
vn -0.6247249 -0.5538584 -0.5504177
vn -0.7091567 -0.29442304 -0.640634
vn -0.85941875 -0.24749777 -0.44737485
vn -0.6247249 -0.5538584 -0.5504177
vn -0.81871074 -0.5341622 -0.21067405
vn -0.7091567 -0.29442304 -0.640634
vn 0.018880194 -0.8760529 0.48184502
vn 0.08556408 -0.7747343 0.6264707
vn -0.27310303 -0.8317522 0.483325
vn -0.34715995 -0.9058515 0.24272013
vn -0.27310303 -0.8317522 0.483325
vn -0.6212122 -0.62212783 0.47649992
vn -0.34715995 -0.9058515 0.24272013
vn -0.6212122 -0.62212783 0.47649992
vn -0.6813661 -0.70700294 0.18943882
vn -0.62120855 -0.77703124 -0.10159916
vn -0.6813661 -0.70700294 0.18943882
vn -0.87777185 -0.462754 0.12399688
vn -0.6813661 -0.70700294 0.18943882
vn -0.6212122 -0.62212783 0.47649992
vn -0.87777185 -0.462754 0.12399688
vn -0.62120855 -0.77703124 -0.10159916
vn -0.87777185 -0.462754 0.12399688
vn -0.81871074 -0.5341622 -0.21067405
vn -0.9211896 -0.2337409 -0.3110867
vn -0.9243153 0.03896454 -0.37963545
vn -0.7091567 -0.29442304 -0.640634
vn -0.85941875 -0.24749777 -0.44737485
vn -0.7091567 -0.29442304 -0.640634
vn -0.72085947 -0.07178652 -0.68935347
vn -0.7091567 -0.29442304 -0.640634
vn -0.9243153 0.03896454 -0.37963545
vn -0.72085947 -0.07178652 -0.68935347
vn 0.08556408 -0.7747343 0.6264707
vn -0.32309207 -0.84790576 0.42031813
vn -0.11653255 -0.68430364 0.7198254
vn -0.27310303 -0.8317522 0.483325
vn -0.4206641 -0.48164195 0.768806
vn -0.6212122 -0.62212783 0.47649992
vn -0.27310303 -0.8317522 0.483325
vn 0.08556408 -0.7747343 0.6264707
vn -0.11653255 -0.68430364 0.7198254
vn -0.27310303 -0.8317522 0.483325
vn -0.11653255 -0.68430364 0.7198254
vn -0.4206641 -0.48164195 0.768806
vn -0.87777185 -0.462754 0.12399688
vn -0.98739606 -0.1528757 0.040963814
vn -0.81871074 -0.5341622 -0.21067405
vn -0.81871074 -0.5341622 -0.21067405
vn -0.98739606 -0.1528757 0.040963814
vn -0.9211896 -0.2337409 -0.3110867
vn -0.85941875 -0.24749777 -0.44737485
vn -0.72085947 -0.07178652 -0.68935347
vn -0.8610543 -0.025296628 -0.5078834
vn -0.9243153 0.03896454 -0.37963545
vn -0.86619663 0.2726585 -0.418761
vn -0.72085947 -0.07178652 -0.68935347
vn -0.32309207 -0.84790576 0.42031813
vn -0.5982406 -0.6090257 0.5207645
vn -0.11653255 -0.68430364 0.7198254
vn -0.11653255 -0.68430364 0.7198254
vn -0.5982406 -0.6090257 0.5207645
vn -0.4206641 -0.48164195 0.768806
vn -0.6212122 -0.62212783 0.47649992
vn -0.6247278 -0.2044468 0.7536025
vn -0.81871504 -0.357253 0.44952852
vn -0.6212122 -0.62212783 0.47649992
vn -0.81871504 -0.357253 0.44952852
vn -0.87777185 -0.462754 0.12399688
vn -0.87777185 -0.462754 0.12399688
vn -0.81871504 -0.357253 0.44952852
vn -0.98739606 -0.1528757 0.040963814
vn -0.6212122 -0.62212783 0.47649992
vn -0.4206641 -0.48164195 0.768806
vn -0.6247278 -0.2044468 0.7536025
vn 0.08556408 -0.7747343 0.6264707
vn -0.119925335 -0.93869907 0.3232056
vn -0.32309207 -0.84790576 0.42031813
vn -0.9211896 -0.2337409 -0.3110867
vn -0.98739606 -0.1528757 0.040963814
vn -0.99025416 0.13452567 -0.03604719
vn -0.9211896 -0.2337409 -0.3110867
vn -0.99025416 0.13452567 -0.03604719
vn -0.9243153 0.03896454 -0.37963545
vn -0.8610543 -0.025296628 -0.5078834
vn -0.68218696 0.1469667 -0.7162553
vn -0.81487346 0.20528245 -0.5420704
vn -0.72085947 -0.07178652 -0.68935347
vn -0.86619663 0.2726585 -0.418761
vn -0.68218696 0.1469667 -0.7162553
vn -0.72085947 -0.07178652 -0.68935347
vn -0.68218696 0.1469667 -0.7162553
vn -0.8610543 -0.025296628 -0.5078834
vn -0.5982406 -0.6090257 0.5207645
vn -0.78480864 -0.2911365 0.5470967
vn -0.4206641 -0.48164195 0.768806
vn -0.4206641 -0.48164195 0.768806
vn -0.78480864 -0.2911365 0.5470967
vn -0.6247278 -0.2044468 0.7536025
vn -0.81871504 -0.357253 0.44952852
vn -0.6247278 -0.2044468 0.7536025
vn -0.70915633 0.06533903 0.7020172
vn -0.98739606 -0.1528757 0.040963814
vn -0.9211898 -0.04687679 0.38627958
vn -0.99025416 0.13452567 -0.03604719
vn -0.81871504 -0.357253 0.44952852
vn -0.70915633 0.06533903 0.7020172
vn -0.9211898 -0.04687679 0.38627958
vn -0.81871504 -0.357253 0.44952852
vn -0.9211898 -0.04687679 0.38627958
vn -0.98739606 -0.1528757 0.040963814
vn -0.9243153 0.03896454 -0.37963545
vn -0.99025416 0.13452567 -0.03604719
vn -0.92495066 0.36713505 -0.09837741
vn -0.9243153 0.03896454 -0.37963545
vn -0.92495066 0.36713505 -0.09837741
vn -0.86619663 0.2726585 -0.418761
vn -0.81487346 0.20528245 -0.5420704
vn -0.5884282 0.37167317 -0.71806073
vn -0.7208269 0.4276612 -0.5454489
vn -0.81487346 0.20528245 -0.5420704
vn -0.68218696 0.1469667 -0.7162553
vn -0.5884282 0.37167317 -0.71806073
vn -0.78480864 -0.2911365 0.5470967
vn -0.8594176 0.009350657 0.51118875
vn -0.6247278 -0.2044468 0.7536025
vn -0.6247278 -0.2044468 0.7536025
vn -0.8594176 0.009350657 0.51118875
vn -0.70915633 0.06533903 0.7020172
vn -0.9211898 -0.04687679 0.38627958
vn -0.70915633 0.06533903 0.7020172
vn -0.9243161 0.2235643 0.3092873
vn -0.99025416 0.13452567 -0.03604719
vn -0.9243161 0.2235643 0.3092873
vn -0.92495066 0.36713505 -0.09837741
vn -0.99025416 0.13452567 -0.03604719
vn -0.9211898 -0.04687679 0.38627958
vn -0.9243161 0.2235643 0.3092873
vn -0.86619663 0.2726585 -0.418761
vn -0.7490499 0.49455002 -0.4408452
vn -0.68218696 0.1469667 -0.7162553
vn -0.68218696 0.1469667 -0.7162553
vn -0.7490499 0.49455002 -0.4408452
vn -0.5884282 0.37167317 -0.71806073
vn -0.7208269 0.4276612 -0.5454489
vn -0.4496364 0.55670875 -0.69850016
vn -0.5878405 0.6214734 -0.5178942
vn -0.7208269 0.4276612 -0.5454489
vn -0.5884282 0.37167317 -0.71806073
vn -0.4496364 0.55670875 -0.69850016
vn -0.8594176 0.009350657 0.51118875
vn -0.72085935 0.28250778 0.6328912
vn -0.70915633 0.06533903 0.7020172
vn -0.70915633 0.06533903 0.7020172
vn -0.72085935 0.28250778 0.6328912
vn -0.9243161 0.2235643 0.3092873
vn -0.92495066 0.36713505 -0.09837741
vn -0.79602045 0.5846449 -0.15665829
vn -0.86619663 0.2726585 -0.418761
vn -0.86619663 0.2726585 -0.418761
vn -0.79602045 0.5846449 -0.15665829
vn -0.7490499 0.49455002 -0.4408452
vn -0.5878405 0.6214734 -0.5178942
vn -0.3270548 0.6442833 -0.69132787
vn -0.4681739 0.7426567 -0.47882563
vn -0.5878405 0.6214734 -0.5178942
vn -0.4496364 0.55670875 -0.69850016
vn -0.3270548 0.6442833 -0.69132787
vn -0.5884282 0.37167317 -0.71806073
vn -0.59932595 0.6590612 -0.45436388
vn -0.4496364 0.55670875 -0.69850016
vn -0.5884282 0.37167317 -0.71806073
vn -0.7490499 0.49455002 -0.4408452
vn -0.59932595 0.6590612 -0.45436388
vn -0.8594176 0.009350657 0.51118875
vn -0.86105204 0.23203936 0.45248973
vn -0.72085935 0.28250778 0.6328912
vn -0.9243161 0.2235643 0.3092873
vn -0.72085935 0.28250778 0.6328912
vn -0.86619794 0.44550776 0.22632721
vn -0.92495066 0.36713505 -0.09837741
vn -0.86619794 0.44550776 0.22632721
vn -0.79602045 0.5846449 -0.15665829
vn -0.92495066 0.36713505 -0.09837741
vn -0.9243161 0.2235643 0.3092873
vn -0.86619794 0.44550776 0.22632721
vn -0.4681739 0.7426567 -0.47882563
vn -0.23356411 0.6356547 -0.73579264
vn -0.43323976 0.77162457 -0.4657241
vn -0.4681739 0.7426567 -0.47882563
vn -0.3270548 0.6442833 -0.69132787
vn -0.23356411 0.6356547 -0.73579264
vn -0.4496364 0.55670875 -0.69850016
vn -0.46736833 0.7410279 -0.48212498
vn -0.3270548 0.6442833 -0.69132787
vn -0.4496364 0.55670875 -0.69850016
vn -0.59932595 0.6590612 -0.45436388
vn -0.46736833 0.7410279 -0.48212498
vn -0.7490499 0.49455002 -0.4408452
vn -0.6514145 0.7328678 -0.19637716
vn -0.59932595 0.6590612 -0.45436388
vn -0.7490499 0.49455002 -0.4408452
vn -0.79602045 0.5846449 -0.15665829
vn -0.6514145 0.7328678 -0.19637716
vn -0.86105204 0.23203936 0.45248973
vn -0.8148741 0.44881475 0.36680424
vn -0.68218553 0.4854042 0.546814
vn -0.72085935 0.28250778 0.6328912
vn -0.86105204 0.23203936 0.45248973
vn -0.68218553 0.4854042 0.546814
vn -0.72085935 0.28250778 0.6328912
vn -0.68218553 0.4854042 0.546814
vn -0.86619794 0.44550776 0.22632721
vn -0.43323976 0.77162457 -0.4657241
vn -0.23356411 0.6356547 -0.73579264
vn -0.20611782 0.42991543 -0.8790269
vn -0.3270548 0.6442833 -0.69132787
vn -0.46736833 0.7410279 -0.48212498
vn -0.37710956 0.74822235 -0.5458494
vn -0.3270548 0.6442833 -0.69132787
vn -0.37710956 0.74822235 -0.5458494
vn -0.23356411 0.6356547 -0.73579264
vn -0.59932595 0.6590612 -0.45436388
vn -0.5234713 0.8230113 -0.22052252
vn -0.46736833 0.7410279 -0.48212498
vn -0.59932595 0.6590612 -0.45436388
vn -0.6514145 0.7328678 -0.19637716
vn -0.5234713 0.8230113 -0.22052252
vn -0.79602045 0.5846449 -0.15665829
vn -0.74904805 0.64871705 0.13451082
vn -0.6514145 0.7328678 -0.19637716
vn -0.86619794 0.44550776 0.22632721
vn -0.68218553 0.4854042 0.546814
vn -0.74904805 0.64871705 0.13451082
vn -0.86619794 0.44550776 0.22632721
vn -0.74904805 0.64871705 0.13451082
vn -0.79602045 0.5846449 -0.15665829
vn -0.8148741 0.44881475 0.36680424
vn -0.58842707 0.6809067 0.4360271
vn -0.68218553 0.4854042 0.546814
vn -0.68218553 0.4854042 0.546814
vn -0.58842707 0.6809067 0.4360271
vn -0.74904805 0.64871705 0.13451082
vn -0.43323976 0.77162457 -0.4657241
vn -0.20611782 0.42991543 -0.8790269
vn -0.5969117 0.6106392 -0.5204
vn -0.37710956 0.74822235 -0.5458494
vn -0.45556453 0.85986733 -0.23041081
vn -0.51380557 0.8286722 -0.22204989
vn -0.46736833 0.7410279 -0.48212498
vn -0.5234713 0.8230113 -0.22052252
vn -0.45556453 0.85986733 -0.23041081
vn -0.46736833 0.7410279 -0.48212498
vn -0.45556453 0.85986733 -0.23041081
vn -0.37710956 0.74822235 -0.5458494
vn -0.23356411 0.6356547 -0.73579264
vn -0.37710956 0.74822235 -0.5458494
vn -0.40376082 0.60420084 -0.6869632
vn -0.37710956 0.74822235 -0.5458494
vn -0.51380557 0.8286722 -0.22204989
vn -0.40376082 0.60420084 -0.6869632
vn -0.23356411 0.6356547 -0.73579264
vn -0.40376082 0.60420084 -0.6869632
vn -0.20611782 0.42991543 -0.8790269
vn -0.6514145 0.7328678 -0.19637716
vn -0.5993201 0.79795 0.06396252
vn -0.5234713 0.8230113 -0.22052252
vn -0.74904805 0.64871705 0.13451082
vn -0.58842707 0.6809067 0.4360271
vn -0.5993201 0.79795 0.06396252
vn -0.74904805 0.64871705 0.13451082
vn -0.5993201 0.79795 0.06396252
vn -0.6514145 0.7328678 -0.19637716
vn -0.8148741 0.44881475 0.36680424
vn -0.7208271 0.6430911 0.25853848
vn -0.58842707 0.6809067 0.4360271
vn -0.5969117 0.6106392 -0.5204
vn -0.3961803 0.18213582 -0.8999265
vn -0.77564603 0.31368172 -0.54770166
vn -0.5969117 0.6106392 -0.5204
vn -0.20611782 0.42991543 -0.8790269
vn -0.3961803 0.18213582 -0.8999265
vn -0.45556453 0.85986733 -0.23041081
vn -0.37711325 0.9209037 0.098599136
vn -0.51380557 0.8286722 -0.22204989
vn -0.40376082 0.60420084 -0.6869632
vn -0.7420105 0.6475443 -0.173513
vn -0.57721555 0.35413375 -0.7358066
vn -0.40376082 0.60420084 -0.6869632
vn -0.57721555 0.35413375 -0.7358066
vn -0.20611782 0.42991543 -0.8790269
vn -0.20611782 0.42991543 -0.8790269
vn -0.57721555 0.35413375 -0.7358066
vn -0.3961803 0.18213582 -0.8999265
vn -0.40376082 0.60420084 -0.6869632
vn -0.51380557 0.8286722 -0.22204989
vn -0.7420105 0.6475443 -0.173513
vn -0.5234713 0.8230113 -0.22052252
vn -0.5993201 0.79795 0.06396252
vn -0.46736607 0.8828126 0.047019243
vn -0.45556453 0.85986733 -0.23041081
vn -0.46736607 0.8828126 0.047019243
vn -0.37711325 0.9209037 0.098599136
vn -0.45556453 0.85986733 -0.23041081
vn -0.5234713 0.8230113 -0.22052252
vn -0.46736607 0.8828126 0.047019243
vn -0.7208271 0.6430911 0.25853848
vn -0.58783734 0.79716134 0.13777184
vn -0.44963324 0.8313745 0.32656753
vn -0.5993201 0.79795 0.06396252
vn -0.58842707 0.6809067 0.4360271
vn -0.44963324 0.8313745 0.32656753
vn -0.58842707 0.6809067 0.4360271
vn -0.7208271 0.6430911 0.25853848
vn -0.44963324 0.8313745 0.32656753
vn -0.5993201 0.79795 0.06396252
vn -0.44963324 0.8313745 0.32656753
vn -0.46736607 0.8828126 0.047019243
vn -0.77564603 0.31368172 -0.54770166
vn -0.3961803 0.18213582 -0.8999265
vn -0.84515 0.08463195 -0.5277869
vn -0.57721555 0.35413375 -0.7358066
vn -0.7420105 0.6475443 -0.173513
vn -0.80379236 0.03416735 -0.5939279
vn -0.51380557 0.8286722 -0.22204989
vn -0.37711325 0.9209037 0.098599136
vn -0.4037702 0.866734 0.29281694
vn -0.51380557 0.8286722 -0.22204989
vn -0.4037702 0.866734 0.29281694
vn -0.7420105 0.6475443 -0.173513
vn -0.58783734 0.79716134 0.13777184
vn -0.46817687 0.8825705 0.043354213
vn -0.3270629 0.90362716 0.27656388
vn -0.46736607 0.8828126 0.047019243
vn -0.44963324 0.8313745 0.32656753
vn -0.3270629 0.90362716 0.27656388
vn -0.44963324 0.8313745 0.32656753
vn -0.58783734 0.79716134 0.13777184
vn -0.3270629 0.90362716 0.27656388
vn -0.46736607 0.8828126 0.047019243
vn -0.3270629 0.90362716 0.27656388
vn -0.37711325 0.9209037 0.098599136
vn -0.3961803 0.18213582 -0.8999265
vn -0.55309427 -0.063429415 -0.8307005
vn -0.84515 0.08463195 -0.5277869
vn -0.57721555 0.35413375 -0.7358066
vn -0.55309427 -0.063429415 -0.8307005
vn -0.3961803 0.18213582 -0.8999265
vn -0.57721555 0.35413375 -0.7358066
vn -0.80379236 0.03416735 -0.5939279
vn -0.55309427 -0.063429415 -0.8307005
vn -0.4037702 0.866734 0.29281694
vn -0.57720566 0.67458963 0.46017668
vn -0.7420105 0.6475443 -0.173513
vn -0.46817687 0.8825705 0.043354213
vn -0.23355742 0.9183903 0.31939054
vn -0.3270629 0.90362716 0.27656388
vn -0.37711325 0.9209037 0.098599136
vn -0.23355742 0.9183903 0.31939054
vn -0.4037702 0.866734 0.29281694
vn -0.37711325 0.9209037 0.098599136
vn -0.3270629 0.90362716 0.27656388
vn -0.23355742 0.9183903 0.31939054
vn -0.84515 0.08463195 -0.5277869
vn -0.55309427 -0.063429415 -0.8307005
vn -0.019231752 0.962824 -0.2694437
vn -0.80379236 0.03416735 -0.5939279
vn -0.7420105 0.6475443 -0.173513
vn -0.97918004 0.19608612 -0.05250369
vn -0.57720566 0.67458963 0.46017668
vn -0.80378747 0.32658064 0.4972633
vn -0.7420105 0.6475443 -0.173513
vn -0.7420105 0.6475443 -0.173513
vn -0.80378747 0.32658064 0.4972633
vn -0.97918004 0.19608612 -0.05250369
vn -0.46817687 0.8825705 0.043354213
vn -0.433242 0.9011076 0.017506838
vn -0.23355742 0.9183903 0.31939054
vn -0.4037702 0.866734 0.29281694
vn -0.23355742 0.9183903 0.31939054
vn -0.20612903 0.81183076 0.5462981
vn -0.23355742 0.9183903 0.31939054
vn -0.433242 0.9011076 0.017506838
vn -0.20612903 0.81183076 0.5462981
vn -0.4037702 0.866734 0.29281694
vn -0.20612903 0.81183076 0.5462981
vn -0.57720566 0.67458963 0.46017668
vn -0.55309427 -0.063429415 -0.8307005
vn -0.02129901 0.5360252 -0.8439331
vn -0.019231752 0.962824 -0.2694437
vn -0.55309427 -0.063429415 -0.8307005
vn -0.80379236 0.03416735 -0.5939279
vn -0.02129901 0.5360252 -0.8439331
vn -0.80378747 0.32658064 0.4972633
vn -0.24294196 0.89067864 0.38427973
vn -0.97918004 0.19608612 -0.05250369
vn -0.433242 0.9011076 0.017506838
vn -0.5969181 0.7890276 0.14534181
vn -0.20612903 0.81183076 0.5462981
vn -0.57720566 0.67458963 0.46017668
vn -0.20612903 0.81183076 0.5462981
vn -0.39614525 0.6076891 0.6883188
vn -0.20612903 0.81183076 0.5462981
vn -0.5969181 0.7890276 0.14534181
vn -0.39614525 0.6076891 0.6883188
vn -0.80379236 0.03416735 -0.5939279
vn -0.97918004 0.19608612 -0.05250369
vn -0.2429412 0.5792231 -0.778126
vn -0.80379236 0.03416735 -0.5939279
vn -0.2429412 0.5792231 -0.778126
vn -0.02129901 0.5360252 -0.8439331
vn -0.80378747 0.32658064 0.4972633
vn -0.57720566 0.67458963 0.46017668
vn -0.55305654 0.36041027 0.7511544
vn -0.57720566 0.67458963 0.46017668
vn -0.39614525 0.6076891 0.6883188
vn -0.55305654 0.36041027 0.7511544
vn -0.24294196 0.89067864 0.38427973
vn -0.3789937 0.8938662 -0.2395137
vn -0.97918004 0.19608612 -0.05250369
vn -0.97918004 0.19608612 -0.05250369
vn -0.3789937 0.8938662 -0.2395137
vn -0.2429412 0.5792231 -0.778126
vn -0.5969181 0.7890276 0.14534181
vn -0.7756521 0.5455095 0.3174637
vn -0.39614525 0.6076891 0.6883188
vn -0.80378747 0.32658064 0.4972633
vn -0.021303456 0.8861671 0.46287578
vn -0.24294196 0.89067864 0.38427973
vn -0.80378747 0.32658064 0.4972633
vn -0.55305654 0.36041027 0.7511544
vn -0.021303456 0.8861671 0.46287578
vn -0.7756521 0.5455095 0.3174637
vn -0.8451121 0.3371907 0.41483492
vn -0.39614525 0.6076891 0.6883188
vn -0.39614525 0.6076891 0.6883188
vn -0.8451121 0.3371907 0.41483492
vn -0.55305654 0.36041027 0.7511544
vn -0.021303456 0.8861671 0.46287578
vn -0.55305654 0.36041027 0.7511544
vn -0.019178236 0.9685456 -0.24809575
vn -0.019178236 0.9685456 -0.24809575
vn -0.55305654 0.36041027 0.7511544
vn -0.8451121 0.3371907 0.41483492
vn -0.119925335 -0.93869907 0.3232056
vn -0.30761 -0.95099634 -0.031336308
vn -0.32309207 -0.84790576 0.42031813
vn -0.30761 -0.95099634 -0.031336308
vn -0.5070385 -0.8593528 0.06651837
vn -0.32309207 -0.84790576 0.42031813
vn -0.30761 -0.95099634 -0.031336308
vn -0.35443246 -0.8682082 0.34726375
vn -0.5070385 -0.8593528 0.06651837
vn -0.32309207 -0.84790576 0.42031813
vn -0.5070385 -0.8593528 0.06651837
vn -0.5982406 -0.6090257 0.5207645
vn -0.30761 -0.95099634 -0.031336308
vn -0.19727775 -0.9729496 0.12021011
vn -0.35443246 -0.8682082 0.34726375
vn -0.5070385 -0.8593528 0.06651837
vn -0.35443246 -0.8682082 0.34726375
vn -0.74549216 -0.62726253 0.22535062
vn -0.5070385 -0.8593528 0.06651837
vn -0.74549216 -0.62726253 0.22535062
vn -0.5982406 -0.6090257 0.5207645
vn -0.19727775 -0.9729496 0.12021011
vn -0.018741269 -0.95685154 0.28997236
vn -0.35443246 -0.8682082 0.34726375
vn -0.74549216 -0.62726253 0.22535062
vn -0.35443246 -0.8682082 0.34726375
vn -0.5697627 -0.5990649 0.5625759
vn -0.5982406 -0.6090257 0.5207645
vn -0.74549216 -0.62726253 0.22535062
vn -0.78480864 -0.2911365 0.5470967
vn -0.018741269 -0.95685154 0.28997236
vn -0.17358236 -0.8280401 0.5331215
vn -0.35443246 -0.8682082 0.34726375
vn -0.35443246 -0.8682082 0.34726375
vn -0.17358236 -0.8280401 0.5331215
vn -0.5697627 -0.5990649 0.5625759
vn -0.74549216 -0.62726253 0.22535062
vn -0.5697627 -0.5990649 0.5625759
vn -0.8969393 -0.32647368 0.29818594
vn -0.74549216 -0.62726253 0.22535062
vn -0.8969393 -0.32647368 0.29818594
vn -0.78480864 -0.2911365 0.5470967
vn -0.018741269 -0.95685154 0.28997236
vn 0.081329584 -0.80309445 0.5902752
vn -0.17358236 -0.8280401 0.5331215
vn -0.5697627 -0.5990649 0.5625759
vn -0.70531845 -0.30641901 0.6392442
vn -0.8969393 -0.32647368 0.29818594
vn -0.78480864 -0.2911365 0.5470967
vn -0.8969393 -0.32647368 0.29818594
vn -0.8594176 0.009350657 0.51118875
vn -0.018741269 -0.95685154 0.28997236
vn 0.2161626 -0.91117007 0.3507744
vn 0.081329584 -0.80309445 0.5902752
vn -0.17358236 -0.8280401 0.5331215
vn -0.34068868 -0.554285 0.7594071
vn -0.5697627 -0.5990649 0.5625759
vn -0.70531845 -0.30641901 0.6392442
vn -0.77322125 0.019456863 0.6338378
vn -0.9564709 -0.045528114 0.28825465
vn -0.8969393 -0.32647368 0.29818594
vn -0.9564709 -0.045528114 0.28825465
vn -0.8594176 0.009350657 0.51118875
vn -0.8969393 -0.32647368 0.29818594
vn -0.70531845 -0.30641901 0.6392442
vn -0.9564709 -0.045528114 0.28825465
vn 0.2161626 -0.91117007 0.3507744
vn 0.39319706 -0.84627 0.35947615
vn 0.081329584 -0.80309445 0.5902752
vn -0.17358236 -0.8280401 0.5331215
vn 0.081329584 -0.80309445 0.5902752
vn -0.051447812 -0.52161497 0.8516283
vn -0.17358236 -0.8280401 0.5331215
vn -0.051447812 -0.52161497 0.8516283
vn -0.34068868 -0.554285 0.7594071
vn -0.5697627 -0.5990649 0.5625759
vn -0.34068868 -0.554285 0.7594071
vn -0.43888956 -0.2660128 0.8582617
vn -0.34068868 -0.554285 0.7594071
vn -0.051447812 -0.52161497 0.8516283
vn -0.43888956 -0.2660128 0.8582617
vn -0.5697627 -0.5990649 0.5625759
vn -0.43888956 -0.2660128 0.8582617
vn -0.70531845 -0.30641901 0.6392442
vn -0.77322125 0.019456863 0.6338378
vn -0.770992 0.2922905 0.56580704
vn -0.9564709 -0.045528114 0.28825465
vn -0.8594176 0.009350657 0.51118875
vn -0.9564709 -0.045528114 0.28825465
vn -0.953175 0.17835501 0.24422738
vn -0.9564709 -0.045528114 0.28825465
vn -0.770992 0.2922905 0.56580704
vn -0.953175 0.17835501 0.24422738
vn 0.39319706 -0.84627 0.35947615
vn 1.9032925E-08 -0.799627 0.600497
vn 0.39050075 -0.7252376 0.5670445
vn 0.081329584 -0.80309445 0.5902752
vn 0.32483533 -0.4673249 0.82224655
vn -0.051447812 -0.52161497 0.8516283
vn 0.081329584 -0.80309445 0.5902752
vn 0.39319706 -0.84627 0.35947615
vn 0.39050075 -0.7252376 0.5670445
vn 0.081329584 -0.80309445 0.5902752
vn 0.39050075 -0.7252376 0.5670445
vn 0.32483533 -0.4673249 0.82224655
vn -0.43888956 -0.2660128 0.8582617
vn -0.4937002 0.06844622 0.86693436
vn -0.70531845 -0.30641901 0.6392442
vn -0.70531845 -0.30641901 0.6392442
vn -0.4937002 0.06844622 0.86693436
vn -0.77322125 0.019456863 0.6338378
vn -0.8594176 0.009350657 0.51118875
vn -0.953175 0.17835501 0.24422738
vn -0.86105204 0.23203936 0.45248973
vn -0.770992 0.2922905 0.56580704
vn -0.72227794 0.51002294 0.46710947
vn -0.953175 0.17835501 0.24422738
vn 1.9032925E-08 -0.799627 0.600497
vn -1.0834353E-08 -0.5196384 0.8543863
vn 0.39050075 -0.7252376 0.5670445
vn 0.39050075 -0.7252376 0.5670445
vn -1.0834353E-08 -0.5196384 0.8543863
vn 0.32483533 -0.4673249 0.82224655
vn -0.051447812 -0.52161497 0.8516283
vn 0.2722119 -0.1517641 0.95019376
vn -0.11339321 -0.2179619 0.9693475
vn -0.051447812 -0.52161497 0.8516283
vn -0.11339321 -0.2179619 0.9693475
vn -0.43888956 -0.2660128 0.8582617
vn -0.43888956 -0.2660128 0.8582617
vn -0.11339321 -0.2179619 0.9693475
vn -0.4937002 0.06844622 0.86693436
vn -0.051447812 -0.52161497 0.8516283
vn 0.32483533 -0.4673249 0.82224655
vn 0.2722119 -0.1517641 0.95019376
vn 0.39319706 -0.84627 0.35947615
vn 0 -0.9207794 0.39008373
vn 1.9032925E-08 -0.799627 0.600497
vn -0.77322125 0.019456863 0.6338378
vn -0.4937002 0.06844622 0.86693436
vn -0.49512908 0.35649264 0.7923132
vn -0.77322125 0.019456863 0.6338378
vn -0.49512908 0.35649264 0.7923132
vn -0.770992 0.2922905 0.56580704
vn -0.86105204 0.23203936 0.45248973
vn -0.9073122 0.3844833 0.170168
vn -0.8148741 0.44881475 0.36680424
vn -0.953175 0.17835501 0.24422738
vn -0.72227794 0.51002294 0.46710947
vn -0.9073122 0.3844833 0.170168
vn -0.953175 0.17835501 0.24422738
vn -0.9073122 0.3844833 0.170168
vn -0.86105204 0.23203936 0.45248973
vn -1.0834353E-08 -0.5196384 0.8543863
vn 0 -0.17386025 0.9847704
vn 0.32483533 -0.4673249 0.82224655
vn 0.32483533 -0.4673249 0.82224655
vn 0 -0.17386025 0.9847704
vn 0.2722119 -0.1517641 0.95019376
vn -0.11339321 -0.2179619 0.9693475
vn 0.2722119 -0.1517641 0.95019376
vn 0.24731329 0.13434762 0.95957637
vn -0.4937002 0.06844622 0.86693436
vn -0.14796345 0.112894714 0.9825281
vn -0.49512908 0.35649264 0.7923132
vn -0.11339321 -0.2179619 0.9693475
vn 0.24731329 0.13434762 0.95957637
vn -0.14796345 0.112894714 0.9825281
vn -0.11339321 -0.2179619 0.9693475
vn -0.14796345 0.112894714 0.9825281
vn -0.4937002 0.06844622 0.86693436
vn -0.770992 0.2922905 0.56580704
vn -0.49512908 0.35649264 0.7923132
vn -0.46247303 0.57445663 0.67536527
vn -0.770992 0.2922905 0.56580704
vn -0.46247303 0.57445663 0.67536527
vn -0.72227794 0.51002294 0.46710947
vn -0.8148741 0.44881475 0.36680424
vn -0.81157273 0.5808789 0.062684536
vn -0.7208271 0.6430911 0.25853848
vn -0.8148741 0.44881475 0.36680424
vn -0.9073122 0.3844833 0.170168
vn -0.81157273 0.5808789 0.062684536
vn 0 -0.17386025 0.9847704
vn 1.0322161E-08 0.1377688 0.9904643
vn 0.2722119 -0.1517641 0.95019376
vn 0.2722119 -0.1517641 0.95019376
vn 1.0322161E-08 0.1377688 0.9904643
vn 0.24731329 0.13434762 0.95957637
vn -0.14796345 0.112894714 0.9825281
vn 0.24731329 0.13434762 0.95957637
vn -0.15333003 0.38458943 0.91026413
vn -0.49512908 0.35649264 0.7923132
vn -0.15333003 0.38458943 0.91026413
vn -0.46247303 0.57445663 0.67536527
vn -0.49512908 0.35649264 0.7923132
vn -0.14796345 0.112894714 0.9825281
vn -0.15333003 0.38458943 0.91026413
vn -0.72227794 0.51002294 0.46710947
vn -0.632442 0.70099294 0.3295847
vn -0.9073122 0.3844833 0.170168
vn -0.9073122 0.3844833 0.170168
vn -0.632442 0.70099294 0.3295847
vn -0.81157273 0.5808789 0.062684536
vn -0.7208271 0.6430911 0.25853848
vn -0.6843407 0.72615916 -0.06611121
vn -0.58783734 0.79716134 0.13777184
vn -0.7208271 0.6430911 0.25853848
vn -0.81157273 0.5808789 0.062684536
vn -0.6843407 0.72615916 -0.06611121
vn 1.0322161E-08 0.1377688 0.9904643
vn 0.23231278 0.3555066 0.90534294
vn 0.24731329 0.13434762 0.95957637
vn 0.24731329 0.13434762 0.95957637
vn 0.23231278 0.3555066 0.90534294
vn -0.15333003 0.38458943 0.91026413
vn -0.46247303 0.57445663 0.67536527
vn -0.39800605 0.7630709 0.50922877
vn -0.72227794 0.51002294 0.46710947
vn -0.72227794 0.51002294 0.46710947
vn -0.39800605 0.7630709 0.50922877
vn -0.632442 0.70099294 0.3295847
vn -0.58783734 0.79716134 0.13777184
vn -0.5974264 0.7824261 -0.1757583
vn -0.46817687 0.8825705 0.043354213
vn -0.58783734 0.79716134 0.13777184
vn -0.6843407 0.72615916 -0.06611121
vn -0.5974264 0.7824261 -0.1757583
vn -0.81157273 0.5808789 0.062684536
vn -0.53201956 0.828119 0.17656165
vn -0.6843407 0.72615916 -0.06611121
vn -0.81157273 0.5808789 0.062684536
vn -0.632442 0.70099294 0.3295847
vn -0.53201956 0.828119 0.17656165
vn 1.0322161E-08 0.1377688 0.9904643
vn -5.0966418E-09 0.36071414 0.93267643
vn 0.23231278 0.3555066 0.90534294
vn -0.15333003 0.38458943 0.91026413
vn 0.23231278 0.3555066 0.90534294
vn -0.14391936 0.5964507 0.7896415
vn -0.46247303 0.57445663 0.67536527
vn -0.14391936 0.5964507 0.7896415
vn -0.39800605 0.7630709 0.50922877
vn -0.46247303 0.57445663 0.67536527
vn -0.15333003 0.38458943 0.91026413
vn -0.14391936 0.5964507 0.7896415
vn -0.46817687 0.8825705 0.043354213
vn -0.5898064 0.7586889 -0.27662152
vn -0.433242 0.9011076 0.017506838
vn -0.46817687 0.8825705 0.043354213
vn -0.5974264 0.7824261 -0.1757583
vn -0.5898064 0.7586889 -0.27662152
vn -0.6843407 0.72615916 -0.06611121
vn -0.4708918 0.88123214 0.041118145
vn -0.5974264 0.7824261 -0.1757583
vn -0.6843407 0.72615916 -0.06611121
vn -0.53201956 0.828119 0.17656165
vn -0.4708918 0.88123214 0.041118145
vn -0.632442 0.70099294 0.3295847
vn -0.32570457 0.87887716 0.34855604
vn -0.53201956 0.828119 0.17656165
vn -0.632442 0.70099294 0.3295847
vn -0.39800605 0.7630709 0.50922877
vn -0.32570457 0.87887716 0.34855604
vn -5.0966418E-09 0.36071414 0.93267643
vn -2.0489086E-08 0.5705842 0.8212391
vn 0.22513118 0.5537126 0.801697
vn 0.23231278 0.3555066 0.90534294
vn -5.0966418E-09 0.36071414 0.93267643
vn 0.22513118 0.5537126 0.801697
vn 0.23231278 0.3555066 0.90534294
vn 0.22513118 0.5537126 0.801697
vn -0.14391936 0.5964507 0.7896415
vn -0.433242 0.9011076 0.017506838
vn -0.5898064 0.7586889 -0.27662152
vn -0.7420175 0.57159185 -0.35027534
vn -0.5974264 0.7824261 -0.1757583
vn -0.4708918 0.88123214 0.041118145
vn -0.47744656 0.8759263 -0.06926608
vn -0.5974264 0.7824261 -0.1757583
vn -0.47744656 0.8759263 -0.06926608
vn -0.5898064 0.7586889 -0.27662152
vn -0.53201956 0.828119 0.17656165
vn -0.2617396 0.94034255 0.2173667
vn -0.4708918 0.88123214 0.041118145
vn -0.53201956 0.828119 0.17656165
vn -0.32570457 0.87887716 0.34855604
vn -0.2617396 0.94034255 0.2173667
vn -0.39800605 0.7630709 0.50922877
vn -0.116598636 0.7780721 0.6172589
vn -0.32570457 0.87887716 0.34855604
vn -0.14391936 0.5964507 0.7896415
vn 0.22513118 0.5537126 0.801697
vn -0.116598636 0.7780721 0.6172589
vn -0.14391936 0.5964507 0.7896415
vn -0.116598636 0.7780721 0.6172589
vn -0.39800605 0.7630709 0.50922877
vn -2.0489086E-08 0.5705842 0.8212391
vn 0.22314902 0.7354881 0.63973576
vn 0.22513118 0.5537126 0.801697
vn 0.22513118 0.5537126 0.801697
vn 0.22314902 0.7354881 0.63973576
vn -0.116598636 0.7780721 0.6172589
vn -0.433242 0.9011076 0.017506838
vn -0.7420175 0.57159185 -0.35027534
vn -0.5969181 0.7890276 0.14534181
vn -0.47744656 0.8759263 -0.06926608
vn -0.22778805 0.9619802 0.15068734
vn -0.25691414 0.94383746 0.20776403
vn -0.4708918 0.88123214 0.041118145
vn -0.2617396 0.94034255 0.2173667
vn -0.22778805 0.9619802 0.15068734
vn -0.4708918 0.88123214 0.041118145
vn -0.22778805 0.9619802 0.15068734
vn -0.47744656 0.8759263 -0.06926608
vn -0.5898064 0.7586889 -0.27662152
vn -0.47744656 0.8759263 -0.06926608
vn -0.64110625 0.76033807 -0.10425311
vn -0.47744656 0.8759263 -0.06926608
vn -0.25691414 0.94383746 0.20776403
vn -0.64110625 0.76033807 -0.10425311
vn -0.5898064 0.7586889 -0.27662152
vn -0.64110625 0.76033807 -0.10425311
vn -0.7420175 0.57159185 -0.35027534
vn -0.32570457 0.87887716 0.34855604
vn -0.067316756 0.89755607 0.4357311
vn -0.2617396 0.94034255 0.2173667
vn -0.116598636 0.7780721 0.6172589
vn 0.22314902 0.7354881 0.63973576
vn -0.067316756 0.89755607 0.4357311
vn -0.116598636 0.7780721 0.6172589
vn -0.067316756 0.89755607 0.4357311
vn -0.32570457 0.87887716 0.34855604
vn -2.0489086E-08 0.5705842 0.8212391
vn -1.5107153E-08 0.75079805 0.66053176
vn 0.22314902 0.7354881 0.63973576
vn -0.5969181 0.7890276 0.14534181
vn -0.91007066 0.37732264 -0.17146179
vn -0.7756521 0.5455095 0.3174637
vn -0.5969181 0.7890276 0.14534181
vn -0.7420175 0.57159185 -0.35027534
vn -0.91007066 0.37732264 -0.17146179
vn -0.22778805 0.9619802 0.15068734
vn 0.100333 0.96226436 0.25294393
vn -0.25691414 0.94383746 0.20776403
vn -0.64110625 0.76033807 -0.10425311
vn -0.37102166 0.8138554 0.44719386
vn -0.8247551 0.563615 0.04601264
vn -0.64110625 0.76033807 -0.10425311
vn -0.8247551 0.563615 0.04601264
vn -0.7420175 0.57159185 -0.35027534
vn -0.7420175 0.57159185 -0.35027534
vn -0.8247551 0.563615 0.04601264
vn -0.91007066 0.37732264 -0.17146179
vn -0.64110625 0.76033807 -0.10425311
vn -0.25691414 0.94383746 0.20776403
vn -0.37102166 0.8138554 0.44719386
vn -0.2617396 0.94034255 0.2173667
vn -0.067316756 0.89755607 0.4357311
vn 0.0035146393 0.95212376 0.30569232
vn -0.22778805 0.9619802 0.15068734
vn 0.0035146393 0.95212376 0.30569232
vn 0.100333 0.96226436 0.25294393
vn -0.22778805 0.9619802 0.15068734
vn -0.2617396 0.94034255 0.2173667
vn 0.0035146393 0.95212376 0.30569232
vn -1.5107153E-08 0.75079805 0.66053176
vn -5.0083906E-09 0.88499635 0.46559817
vn 0.23470177 0.8634862 0.44643778
vn -0.067316756 0.89755607 0.4357311
vn 0.22314902 0.7354881 0.63973576
vn 0.23470177 0.8634862 0.44643778
vn 0.22314902 0.7354881 0.63973576
vn -1.5107153E-08 0.75079805 0.66053176
vn 0.23470177 0.8634862 0.44643778
vn -0.067316756 0.89755607 0.4357311
vn 0.23470177 0.8634862 0.44643778
vn 0.0035146393 0.95212376 0.30569232
vn -0.7756521 0.5455095 0.3174637
vn -0.91007066 0.37732264 -0.17146179
vn -0.8451121 0.3371907 0.41483492
vn -0.8247551 0.563615 0.04601264
vn -0.37102166 0.8138554 0.44719386
vn -0.89107436 0.28743598 0.35123625
vn -0.25691414 0.94383746 0.20776403
vn 0.100333 0.96226436 0.25294393
vn 0.23734 0.8916016 0.3856374
vn -0.25691414 0.94383746 0.20776403
vn 0.23734 0.8916016 0.3856374
vn -0.37102166 0.8138554 0.44719386
vn -5.0083906E-09 0.88499635 0.46559817
vn 5.10694E-09 0.9525334 0.30443352
vn 0.27037346 0.9120991 0.3081776
vn 0.0035146393 0.95212376 0.30569232
vn 0.23470177 0.8634862 0.44643778
vn 0.27037346 0.9120991 0.3081776
vn 0.23470177 0.8634862 0.44643778
vn -5.0083906E-09 0.88499635 0.46559817
vn 0.27037346 0.9120991 0.3081776
vn 0.0035146393 0.95212376 0.30569232
vn 0.27037346 0.9120991 0.3081776
vn 0.100333 0.96226436 0.25294393
vn -0.91007066 0.37732264 -0.17146179
vn -0.98566127 0.16649686 0.0273979
vn -0.8451121 0.3371907 0.41483492
vn -0.8247551 0.563615 0.04601264
vn -0.98566127 0.16649686 0.0273979
vn -0.91007066 0.37732264 -0.17146179
vn -0.8247551 0.563615 0.04601264
vn -0.89107436 0.28743598 0.35123625
vn -0.98566127 0.16649686 0.0273979
vn 0.23734 0.8916016 0.3856374
vn 0.24755575 0.72384185 0.64402556
vn -0.37102166 0.8138554 0.44719386
vn 5.10694E-09 0.9525334 0.30443352
vn 0.35624817 0.90005636 0.25096995
vn 0.27037346 0.9120991 0.3081776
vn 0.100333 0.96226436 0.25294393
vn 0.35624817 0.90005636 0.25096995
vn 0.23734 0.8916016 0.3856374
vn 0.100333 0.96226436 0.25294393
vn 0.27037346 0.9120991 0.3081776
vn 0.35624817 0.90005636 0.25096995
vn -0.8451121 0.3371907 0.41483492
vn -0.98566127 0.16649686 0.0273979
vn -0.019178236 0.9685456 -0.24809575
vn -0.89107436 0.28743598 0.35123625
vn -0.37102166 0.8138554 0.44719386
vn -0.4895976 0.4155485 0.76655954
vn 0.24755575 0.72384185 0.64402556
vn 0.087327376 0.43362796 0.89685047
vn -0.37102166 0.8138554 0.44719386
vn -0.37102166 0.8138554 0.44719386
vn 0.087327376 0.43362796 0.89685047
vn -0.4895976 0.4155485 0.76655954
vn 5.10694E-09 0.9525334 0.30443352
vn -1.8502279E-08 0.9658456 0.25911862
vn 0.35624817 0.90005636 0.25096995
vn 0.23734 0.8916016 0.3856374
vn 0.35624817 0.90005636 0.25096995
vn 0.5358899 0.76255655 0.36239406
vn 0.35624817 0.90005636 0.25096995
vn -1.8502279E-08 0.9658456 0.25911862
vn 0.5358899 0.76255655 0.36239406
vn 0.23734 0.8916016 0.3856374
vn 0.5358899 0.76255655 0.36239406
vn 0.24755575 0.72384185 0.64402556
vn -0.98566127 0.16649686 0.0273979
vn -0.5964934 0.6283065 -0.49942595
vn -0.019178236 0.9685456 -0.24809575
vn -0.98566127 0.16649686 0.0273979
vn -0.89107436 0.28743598 0.35123625
vn -0.5964934 0.6283065 -0.49942595
vn 0.087327376 0.43362796 0.89685047
vn 0.39961544 0.86727536 0.29688525
vn -0.4895976 0.4155485 0.76655954
vn -1.8502279E-08 0.9658456 0.25911862
vn 3.7455173E-08 0.8782263 0.47824538
vn 0.5358899 0.76255655 0.36239406
vn 0.24755575 0.72384185 0.64402556
vn 0.5358899 0.76255655 0.36239406
vn 0.51389664 0.5901053 0.6226441
vn 0.5358899 0.76255655 0.36239406
vn 3.7455173E-08 0.8782263 0.47824538
vn 0.51389664 0.5901053 0.6226441
vn -0.89107436 0.28743598 0.35123625
vn -0.4895976 0.4155485 0.76655954
vn -0.64255613 0.71153986 -0.28431052
vn -0.89107436 0.28743598 0.35123625
vn -0.64255613 0.71153986 -0.28431052
vn -0.5964934 0.6283065 -0.49942595
vn 0.087327376 0.43362796 0.89685047
vn 0.24755575 0.72384185 0.64402556
vn 0.43260372 0.37841105 0.81832695
vn 0.24755575 0.72384185 0.64402556
vn 0.51389664 0.5901053 0.6226441
vn 0.43260372 0.37841105 0.81832695
vn 0.39961544 0.86727536 0.29688525
vn -0.18949206 0.9788188 0.07750183
vn -0.4895976 0.4155485 0.76655954
vn -0.4895976 0.4155485 0.76655954
vn -0.18949206 0.9788188 0.07750183
vn -0.64255613 0.71153986 -0.28431052
vn 3.7455173E-08 0.8782263 0.47824538
vn 0 0.6614126 0.7500222
vn 0.51389664 0.5901053 0.6226441
vn 0.087327376 0.43362796 0.89685047
vn 0.575204 0.8033928 0.15394878
vn 0.39961544 0.86727536 0.29688525
vn 0.087327376 0.43362796 0.89685047
vn 0.43260372 0.37841105 0.81832695
vn 0.575204 0.8033928 0.15394878
vn 0 0.6614126 0.7500222
vn 1.2766776E-08 0.46347785 0.88610846
vn 0.51389664 0.5901053 0.6226441
vn 0.51389664 0.5901053 0.6226441
vn 1.2766776E-08 0.46347785 0.88610846
vn 0.43260372 0.37841105 0.81832695
vn 0.575204 0.8033928 0.15394878
vn 0.43260372 0.37841105 0.81832695
vn -1.7527E-08 0.97142494 -0.23734725
vn -1.7527E-08 0.97142494 -0.23734725
vn 0.43260372 0.37841105 0.81832695
vn 1.2766776E-08 0.46347785 0.88610846
vn 1.5624991E-08 -0.99246025 0.12256706
vn 0.39318848 -0.9126332 0.11181879
vn 0 -0.992746 -0.12022954
vn 0.39318848 -0.9126332 0.11181879
vn 0.39050183 -0.9115959 -0.12845647
vn 0 -0.992746 -0.12022954
vn 0.39318848 -0.9126332 0.11181879
vn 0.08132743 -0.9906372 -0.10965222
vn 0.39050183 -0.9115959 -0.12845647
vn 0 -0.992746 -0.12022954
vn 0.39050183 -0.9115959 -0.12845647
vn 0 -0.877211 -0.48010525
vn 0.39318848 -0.9126332 0.11181879
vn 0.21615481 -0.9644848 0.15180951
vn 0.08132743 -0.9906372 -0.10965222
vn 0.39050183 -0.9115959 -0.12845647
vn 0.08132743 -0.9906372 -0.10965222
vn 0.3248287 -0.81583905 -0.4784275
vn 0.39050183 -0.9115959 -0.12845647
vn 0.3248287 -0.81583905 -0.4784275
vn 0 -0.877211 -0.48010525
vn 0.21615481 -0.9644848 0.15180951
vn -0.01874378 -0.9736432 0.227305
vn 0.08132743 -0.9906372 -0.10965222
vn 0.3248287 -0.81583905 -0.4784275
vn 0.08132743 -0.9906372 -0.10965222
vn -0.051445615 -0.877545 -0.4767262
vn 0 -0.877211 -0.48010525
vn 0.3248287 -0.81583905 -0.4784275
vn 0 -0.6429416 -0.7659151
vn -0.01874378 -0.9736432 0.227305
vn -0.17358753 -0.9836638 -0.04767567
vn 0.08132743 -0.9906372 -0.10965222
vn 0.08132743 -0.9906372 -0.10965222
vn -0.17358753 -0.9836638 -0.04767567
vn -0.051445615 -0.877545 -0.4767262
vn 0.3248287 -0.81583905 -0.4784275
vn -0.051445615 -0.877545 -0.4767262
vn 0.2722153 -0.60653436 -0.7470038
vn 0.3248287 -0.81583905 -0.4784275
vn 0.2722153 -0.60653436 -0.7470038
vn 0 -0.6429416 -0.7659151
vn -0.01874378 -0.9736432 0.227305
vn -0.35443228 -0.9255218 0.13336867
vn -0.17358753 -0.9836638 -0.04767567
vn -0.051445615 -0.877545 -0.4767262
vn -0.113394186 -0.6734428 -0.7304906
vn 0.2722153 -0.60653436 -0.7470038
vn 0 -0.6429416 -0.7659151
vn 0.2722153 -0.60653436 -0.7470038
vn 1.5483364E-08 -0.37591422 -0.92665446
vn -0.01874378 -0.9736432 0.227305
vn -0.19728005 -0.9027027 0.3823719
vn -0.35443228 -0.9255218 0.13336867
vn -0.17358753 -0.9836638 -0.04767567
vn -0.34068626 -0.85972726 -0.3805283
vn -0.051445615 -0.877545 -0.4767262
vn -0.113394186 -0.6734428 -0.7304906
vn -0.14796974 -0.3934986 -0.90733886
vn 0.24732181 -0.36343747 -0.8981898
vn 0.2722153 -0.60653436 -0.7470038
vn 0.24732181 -0.36343747 -0.8981898
vn 1.5483364E-08 -0.37591422 -0.92665446
vn 0.2722153 -0.60653436 -0.7470038
vn -0.113394186 -0.6734428 -0.7304906
vn 0.24732181 -0.36343747 -0.8981898
vn -0.19728005 -0.9027027 0.3823719
vn -0.30760863 -0.80791324 0.50264597
vn -0.35443228 -0.9255218 0.13336867
vn -0.17358753 -0.9836638 -0.04767567
vn -0.35443228 -0.9255218 0.13336867
vn -0.5697634 -0.80009425 -0.18766677
vn -0.17358753 -0.9836638 -0.04767567
vn -0.5697634 -0.80009425 -0.18766677
vn -0.34068626 -0.85972726 -0.3805283
vn -0.051445615 -0.877545 -0.4767262
vn -0.34068626 -0.85972726 -0.3805283
vn -0.4388895 -0.6594985 -0.6102769
vn -0.34068626 -0.85972726 -0.3805283
vn -0.5697634 -0.80009425 -0.18766677
vn -0.4388895 -0.6594985 -0.6102769
vn -0.051445615 -0.877545 -0.4767262
vn -0.4388895 -0.6594985 -0.6102769
vn -0.113394186 -0.6734428 -0.7304906
vn -0.14796974 -0.3934986 -0.90733886
vn -0.15332726 -0.12207067 -0.9806066
vn 0.24732181 -0.36343747 -0.8981898
vn 1.5483364E-08 -0.37591422 -0.92665446
vn 0.24732181 -0.36343747 -0.8981898
vn 0.23232266 -0.14479297 -0.96180093
vn 0.24732181 -0.36343747 -0.8981898
vn -0.15332726 -0.12207067 -0.9806066
vn 0.23232266 -0.14479297 -0.96180093
vn -0.30760863 -0.80791324 0.50264597
vn -0.32308728 -0.9444678 0.059959352
vn -0.5070328 -0.7774826 0.37207288
vn -0.35443228 -0.9255218 0.13336867
vn -0.74548984 -0.6559032 0.11847329
vn -0.5697634 -0.80009425 -0.18766677
vn -0.35443228 -0.9255218 0.13336867
vn -0.30760863 -0.80791324 0.50264597
vn -0.5070328 -0.7774826 0.37207288
vn -0.35443228 -0.9255218 0.13336867
vn -0.5070328 -0.7774826 0.37207288
vn -0.74548984 -0.6559032 0.11847329
vn -0.4388895 -0.6594985 -0.6102769
vn -0.49369976 -0.37419116 -0.7850106
vn -0.113394186 -0.6734428 -0.7304906
vn -0.113394186 -0.6734428 -0.7304906
vn -0.49369976 -0.37419116 -0.7850106
vn -0.14796974 -0.3934986 -0.90733886
vn 1.5483364E-08 -0.37591422 -0.92665446
vn 0.23232266 -0.14479297 -0.96180093
vn -2.5483333E-08 -0.15396386 -0.98807645
vn -0.15332726 -0.12207067 -0.9806066
vn -0.14391835 0.12171823 -0.98207533
vn 0.23232266 -0.14479297 -0.96180093
vn -0.32308728 -0.9444678 0.059959352
vn -0.5982529 -0.7878067 -0.14647204
vn -0.5070328 -0.7774826 0.37207288
vn -0.5070328 -0.7774826 0.37207288
vn -0.5982529 -0.7878067 -0.14647204
vn -0.74548984 -0.6559032 0.11847329
vn -0.5697634 -0.80009425 -0.18766677
vn -0.8969381 -0.43182975 -0.095000654
vn -0.7053166 -0.5849896 -0.40039417
vn -0.5697634 -0.80009425 -0.18766677
vn -0.7053166 -0.5849896 -0.40039417
vn -0.4388895 -0.6594985 -0.6102769
vn -0.4388895 -0.6594985 -0.6102769
vn -0.7053166 -0.5849896 -0.40039417
vn -0.49369976 -0.37419116 -0.7850106
vn -0.5697634 -0.80009425 -0.18766677
vn -0.74548984 -0.6559032 0.11847329
vn -0.8969381 -0.43182975 -0.095000654
vn -0.30760863 -0.80791324 0.50264597
vn -0.119921565 -0.9745404 0.18944603
vn -0.32308728 -0.9444678 0.059959352
vn -0.14796974 -0.3934986 -0.90733886
vn -0.49369976 -0.37419116 -0.7850106
vn -0.4951289 -0.08743101 -0.8644091
vn -0.14796974 -0.3934986 -0.90733886
vn -0.4951289 -0.08743101 -0.8644091
vn -0.15332726 -0.12207067 -0.9806066
vn -2.5483333E-08 -0.15396386 -0.98807645
vn 0.2251371 0.07867885 -0.9711451
vn -5.122264E-09 0.08351332 -0.99650675
vn 0.23232266 -0.14479297 -0.96180093
vn -0.14391835 0.12171823 -0.98207533
vn 0.2251371 0.07867885 -0.9711451
vn 0.23232266 -0.14479297 -0.96180093
vn 0.2251371 0.07867885 -0.9711451
vn -2.5483333E-08 -0.15396386 -0.98807645
vn -0.5982529 -0.7878067 -0.14647204
vn -0.7848076 -0.525679 -0.3282355
vn -0.74548984 -0.6559032 0.11847329
vn -0.74548984 -0.6559032 0.11847329
vn -0.7848076 -0.525679 -0.3282355
vn -0.8969381 -0.43182975 -0.095000654
vn -0.7053166 -0.5849896 -0.40039417
vn -0.8969381 -0.43182975 -0.095000654
vn -0.9564708 -0.18355651 -0.22687125
vn -0.49369976 -0.37419116 -0.7850106
vn -0.77322125 -0.30006725 -0.5586489
vn -0.4951289 -0.08743101 -0.8644091
vn -0.7053166 -0.5849896 -0.40039417
vn -0.9564708 -0.18355651 -0.22687125
vn -0.77322125 -0.30006725 -0.5586489
vn -0.7053166 -0.5849896 -0.40039417
vn -0.77322125 -0.30006725 -0.5586489
vn -0.49369976 -0.37419116 -0.7850106
vn -0.15332726 -0.12207067 -0.9806066
vn -0.4951289 -0.08743101 -0.8644091
vn -0.4624737 0.15981203 -0.8721113
vn -0.15332726 -0.12207067 -0.9806066
vn -0.4624737 0.15981203 -0.8721113
vn -0.14391835 0.12171823 -0.98207533
vn -5.122264E-09 0.08351332 -0.99650675
vn 0.22315651 0.3170932 -0.9217664
vn -5.035682E-09 0.3199517 -0.94743377
vn -5.122264E-09 0.08351332 -0.99650675
vn 0.2251371 0.07867885 -0.9711451
vn 0.22315651 0.3170932 -0.9217664
vn -0.7848076 -0.525679 -0.3282355
vn -0.85941875 -0.24749777 -0.44737485
vn -0.8969381 -0.43182975 -0.095000654
vn -0.8969381 -0.43182975 -0.095000654
vn -0.85941875 -0.24749777 -0.44737485
vn -0.9564708 -0.18355651 -0.22687125
vn -0.77322125 -0.30006725 -0.5586489
vn -0.9564708 -0.18355651 -0.22687125
vn -0.7709928 -0.029772222 -0.6361476
vn -0.4951289 -0.08743101 -0.8644091
vn -0.7709928 -0.029772222 -0.6361476
vn -0.4624737 0.15981203 -0.8721113
vn -0.4951289 -0.08743101 -0.8644091
vn -0.77322125 -0.30006725 -0.5586489
vn -0.7709928 -0.029772222 -0.6361476
vn -0.14391835 0.12171823 -0.98207533
vn -0.11659251 0.3652094 -0.9235952
vn 0.2251371 0.07867885 -0.9711451
vn 0.2251371 0.07867885 -0.9711451
vn -0.11659251 0.3652094 -0.9235952
vn 0.22315651 0.3170932 -0.9217664
vn -5.035682E-09 0.3199517 -0.94743377
vn 0.23470864 0.5245872 -0.8183644
vn 1.5025162E-08 0.53363496 -0.8457149
vn -5.035682E-09 0.3199517 -0.94743377
vn 0.22315651 0.3170932 -0.9217664
vn 0.23470864 0.5245872 -0.8183644
vn -0.85941875 -0.24749777 -0.44737485
vn -0.95317465 0.032345623 -0.30068567
vn -0.9564708 -0.18355651 -0.22687125
vn -0.9564708 -0.18355651 -0.22687125
vn -0.95317465 0.032345623 -0.30068567
vn -0.7709928 -0.029772222 -0.6361476
vn -0.4624737 0.15981203 -0.8721113
vn -0.3980102 0.40623325 -0.8225342
vn -0.14391835 0.12171823 -0.98207533
vn -0.14391835 0.12171823 -0.98207533
vn -0.3980102 0.40623325 -0.8225342
vn -0.11659251 0.3652094 -0.9235952
vn 1.5025162E-08 0.53363496 -0.8457149
vn 0.2703672 0.6358089 -0.7229443
vn 1.0213742E-08 0.67269176 -0.7399229
vn 1.5025162E-08 0.53363496 -0.8457149
vn 0.23470864 0.5245872 -0.8183644
vn 0.2703672 0.6358089 -0.7229443
vn 0.22315651 0.3170932 -0.9217664
vn -0.06730472 0.5594465 -0.8261294
vn 0.23470864 0.5245872 -0.8183644
vn 0.22315651 0.3170932 -0.9217664
vn -0.11659251 0.3652094 -0.9235952
vn -0.06730472 0.5594465 -0.8261294
vn -0.85941875 -0.24749777 -0.44737485
vn -0.8610543 -0.025296628 -0.5078834
vn -0.95317465 0.032345623 -0.30068567
vn -0.7709928 -0.029772222 -0.6361476
vn -0.95317465 0.032345623 -0.30068567
vn -0.722279 0.20814282 -0.6595375
vn -0.4624737 0.15981203 -0.8721113
vn -0.722279 0.20814282 -0.6595375
vn -0.3980102 0.40623325 -0.8225342
vn -0.4624737 0.15981203 -0.8721113
vn -0.7709928 -0.029772222 -0.6361476
vn -0.722279 0.20814282 -0.6595375
vn 1.0213742E-08 0.67269176 -0.7399229
vn 0.35623786 0.653986 -0.66738063
vn -2.6431803E-09 0.7068861 -0.7073273
vn 1.0213742E-08 0.67269176 -0.7399229
vn 0.2703672 0.6358089 -0.7229443
vn 0.35623786 0.653986 -0.66738063
vn 0.23470864 0.5245872 -0.8183644
vn 0.0035325212 0.67171675 -0.7407997
vn 0.2703672 0.6358089 -0.7229443
vn 0.23470864 0.5245872 -0.8183644
vn -0.06730472 0.5594465 -0.8261294
vn 0.0035325212 0.67171675 -0.7407997
vn -0.11659251 0.3652094 -0.9235952
vn -0.32570955 0.586852 -0.7412948
vn -0.06730472 0.5594465 -0.8261294
vn -0.11659251 0.3652094 -0.9235952
vn -0.3980102 0.40623325 -0.8225342
vn -0.32570955 0.586852 -0.7412948
vn -0.8610543 -0.025296628 -0.5078834
vn -0.81487346 0.20528245 -0.5420704
vn -0.907312 0.24789335 -0.33960837
vn -0.95317465 0.032345623 -0.30068567
vn -0.8610543 -0.025296628 -0.5078834
vn -0.907312 0.24789335 -0.33960837
vn -0.95317465 0.032345623 -0.30068567
vn -0.907312 0.24789335 -0.33960837
vn -0.722279 0.20814282 -0.6595375
vn -2.6431803E-09 0.7068861 -0.7073273
vn 0.35623786 0.653986 -0.66738063
vn 0.535901 0.47919396 -0.6951138
vn 0.2703672 0.6358089 -0.7229443
vn 0.0035325212 0.67171675 -0.7407997
vn 0.10034396 0.7068666 -0.7001933
vn 0.2703672 0.6358089 -0.7229443
vn 0.10034396 0.7068666 -0.7001933
vn 0.35623786 0.653986 -0.66738063
vn -0.06730472 0.5594465 -0.8261294
vn -0.2617378 0.7056778 -0.6584164
vn 0.0035325212 0.67171675 -0.7407997
vn -0.06730472 0.5594465 -0.8261294
vn -0.32570955 0.586852 -0.7412948
vn -0.2617378 0.7056778 -0.6584164
vn -0.3980102 0.40623325 -0.8225342
vn -0.6324442 0.44228882 -0.6359205
vn -0.32570955 0.586852 -0.7412948
vn -0.722279 0.20814282 -0.6595375
vn -0.907312 0.24789335 -0.33960837
vn -0.6324442 0.44228882 -0.6359205
vn -0.722279 0.20814282 -0.6595375
vn -0.6324442 0.44228882 -0.6359205
vn -0.3980102 0.40623325 -0.8225342
vn -0.81487346 0.20528245 -0.5420704
vn -0.8115733 0.47171482 -0.3447229
vn -0.907312 0.24789335 -0.33960837
vn -0.907312 0.24789335 -0.33960837
vn -0.8115733 0.47171482 -0.3447229
vn -0.6324442 0.44228882 -0.6359205
vn -2.6431803E-09 0.7068861 -0.7073273
vn 0.535901 0.47919396 -0.6951138
vn -1.4982925E-08 0.52145267 -0.8532801
vn 0.10034396 0.7068666 -0.7001933
vn -0.22777872 0.7577543 -0.6114942
vn -0.25689825 0.713507 -0.651852
vn 0.0035325212 0.67171675 -0.7407997
vn -0.2617378 0.7056778 -0.6584164
vn -0.22777872 0.7577543 -0.6114942
vn 0.0035325212 0.67171675 -0.7407997
vn -0.22777872 0.7577543 -0.6114942
vn 0.10034396 0.7068666 -0.7001933
vn 0.35623786 0.653986 -0.66738063
vn 0.10034396 0.7068666 -0.7001933
vn 0.2373404 0.5793336 -0.77977055
vn 0.10034396 0.7068666 -0.7001933
vn -0.25689825 0.713507 -0.651852
vn 0.2373404 0.5793336 -0.77977055
vn 0.35623786 0.653986 -0.66738063
vn 0.2373404 0.5793336 -0.77977055
vn 0.535901 0.47919396 -0.6951138
vn -0.32570955 0.586852 -0.7412948
vn -0.53202224 0.62889 -0.5669654
vn -0.2617378 0.7056778 -0.6584164
vn -0.6324442 0.44228882 -0.6359205
vn -0.8115733 0.47171482 -0.3447229
vn -0.53202224 0.62889 -0.5669654
vn -0.6324442 0.44228882 -0.6359205
vn -0.53202224 0.62889 -0.5669654
vn -0.32570955 0.586852 -0.7412948
vn -0.81487346 0.20528245 -0.5420704
vn -0.7208269 0.4276612 -0.5454489
vn -0.8115733 0.47171482 -0.3447229
vn -1.4982925E-08 0.52145267 -0.8532801
vn 0.51390994 0.19972384 -0.83427024
vn -2.4930104E-08 0.19778514 -0.98024535
vn -1.4982925E-08 0.52145267 -0.8532801
vn 0.535901 0.47919396 -0.6951138
vn 0.51390994 0.19972384 -0.83427024
vn -0.22777872 0.7577543 -0.6114942
vn -0.47745016 0.7932067 -0.3779741
vn -0.25689825 0.713507 -0.651852
vn 0.2373404 0.5793336 -0.77977055
vn -0.37100455 0.48122722 -0.794214
vn 0.2475567 0.30485857 -0.9196612
vn 0.2373404 0.5793336 -0.77977055
vn 0.2475567 0.30485857 -0.9196612
vn 0.535901 0.47919396 -0.6951138
vn 0.535901 0.47919396 -0.6951138
vn 0.2475567 0.30485857 -0.9196612
vn 0.51390994 0.19972384 -0.83427024
vn 0.2373404 0.5793336 -0.77977055
vn -0.25689825 0.713507 -0.651852
vn -0.37100455 0.48122722 -0.794214
vn -0.2617378 0.7056778 -0.6584164
vn -0.53202224 0.62889 -0.5669654
vn -0.47089404 0.74260867 -0.4762258
vn -0.22777872 0.7577543 -0.6114942
vn -0.47089404 0.74260867 -0.4762258
vn -0.47745016 0.7932067 -0.3779741
vn -0.22777872 0.7577543 -0.6114942
vn -0.2617378 0.7056778 -0.6584164
vn -0.47089404 0.74260867 -0.4762258
vn -0.7208269 0.4276612 -0.5454489
vn -0.5878405 0.6214734 -0.5178942
vn -0.6843442 0.66192186 -0.30583054
vn -0.53202224 0.62889 -0.5669654
vn -0.8115733 0.47171482 -0.3447229
vn -0.6843442 0.66192186 -0.30583054
vn -0.8115733 0.47171482 -0.3447229
vn -0.7208269 0.4276612 -0.5454489
vn -0.6843442 0.66192186 -0.30583054
vn -0.53202224 0.62889 -0.5669654
vn -0.6843442 0.66192186 -0.30583054
vn -0.47089404 0.74260867 -0.4762258
vn -2.4930104E-08 0.19778514 -0.98024535
vn 0.51390994 0.19972384 -0.83427024
vn 1.2767284E-08 -0.041676164 -0.9991311
vn 0.2475567 0.30485857 -0.9196612
vn -0.37100455 0.48122722 -0.794214
vn 0.08731877 -0.07288015 -0.9935108
vn -0.25689825 0.713507 -0.651852
vn -0.47745016 0.7932067 -0.3779741
vn -0.6411088 0.71059895 -0.28987676
vn -0.25689825 0.713507 -0.651852
vn -0.6411088 0.71059895 -0.28987676
vn -0.37100455 0.48122722 -0.794214
vn -0.5878405 0.6214734 -0.5178942
vn -0.4681739 0.7426567 -0.47882563
vn -0.59742695 0.76548046 -0.23899907
vn -0.47089404 0.74260867 -0.4762258
vn -0.6843442 0.66192186 -0.30583054
vn -0.59742695 0.76548046 -0.23899907
vn -0.6843442 0.66192186 -0.30583054
vn -0.5878405 0.6214734 -0.5178942
vn -0.59742695 0.76548046 -0.23899907
vn -0.47089404 0.74260867 -0.4762258
vn -0.59742695 0.76548046 -0.23899907
vn -0.47745016 0.7932067 -0.3779741
vn 0.51390994 0.19972384 -0.83427024
vn 0.43262017 -0.081457496 -0.89788884
vn 1.2767284E-08 -0.041676164 -0.9991311
vn 0.2475567 0.30485857 -0.9196612
vn 0.43262017 -0.081457496 -0.89788884
vn 0.51390994 0.19972384 -0.83427024
vn 0.2475567 0.30485857 -0.9196612
vn 0.08731877 -0.07288015 -0.9935108
vn 0.43262017 -0.081457496 -0.89788884
vn -0.6411088 0.71059895 -0.28987676
vn -0.8247551 0.46509233 -0.32166454
vn -0.37100455 0.48122722 -0.794214
vn -0.4681739 0.7426567 -0.47882563
vn -0.5898065 0.79535383 -0.13978773
vn -0.59742695 0.76548046 -0.23899907
vn -0.47745016 0.7932067 -0.3779741
vn -0.5898065 0.79535383 -0.13978773
vn -0.6411088 0.71059895 -0.28987676
vn -0.47745016 0.7932067 -0.3779741
vn -0.59742695 0.76548046 -0.23899907
vn -0.5898065 0.79535383 -0.13978773
vn 1.2767284E-08 -0.041676164 -0.9991311
vn 0.43262017 -0.081457496 -0.89788884
vn -2.9211224E-08 0.9599613 -0.28013277
vn 0.08731877 -0.07288015 -0.9935108
vn -0.37100455 0.48122722 -0.794214
vn -0.48959965 -0.023424923 -0.87163264
vn -0.8247551 0.46509233 -0.32166454
vn -0.89106935 0.07330233 -0.44790873
vn -0.37100455 0.48122722 -0.794214
vn -0.37100455 0.48122722 -0.794214
vn -0.89106935 0.07330233 -0.44790873
vn -0.48959965 -0.023424923 -0.87163264
vn -0.4681739 0.7426567 -0.47882563
vn -0.43323976 0.77162457 -0.4657241
vn -0.5898065 0.79535383 -0.13978773
vn -0.6411088 0.71059895 -0.28987676
vn -0.5898065 0.79535383 -0.13978773
vn -0.7420141 0.6701546 0.017548561
vn -0.5898065 0.79535383 -0.13978773
vn -0.43323976 0.77162457 -0.4657241
vn -0.7420141 0.6701546 0.017548561
vn -0.6411088 0.71059895 -0.28987676
vn -0.7420141 0.6701546 0.017548561
vn -0.8247551 0.46509233 -0.32166454
vn 0.43262017 -0.081457496 -0.89788884
vn 0.57517457 0.61878985 -0.5350451
vn -2.9211224E-08 0.9599613 -0.28013277
vn 0.43262017 -0.081457496 -0.89788884
vn 0.08731877 -0.07288015 -0.9935108
vn 0.57517457 0.61878985 -0.5350451
vn -0.89106935 0.07330233 -0.44790873
vn -0.6425722 0.7583523 -0.109556556
vn -0.48959965 -0.023424923 -0.87163264
vn -0.43323976 0.77162457 -0.4657241
vn -0.5969117 0.6106392 -0.5204
vn -0.7420141 0.6701546 0.017548561
vn -0.8247551 0.46509233 -0.32166454
vn -0.7420141 0.6701546 0.017548561
vn -0.9100703 0.4125025 -0.040171325
vn -0.7420141 0.6701546 0.017548561
vn -0.5969117 0.6106392 -0.5204
vn -0.9100703 0.4125025 -0.040171325
vn 0.08731877 -0.07288015 -0.9935108
vn -0.48959965 -0.023424923 -0.87163264
vn 0.39961845 0.6026306 -0.6907542
vn 0.08731877 -0.07288015 -0.9935108
vn 0.39961845 0.6026306 -0.6907542
vn 0.57517457 0.61878985 -0.5350451
vn -0.89106935 0.07330233 -0.44790873
vn -0.8247551 0.46509233 -0.32166454
vn -0.98566324 0.13048735 -0.10696255
vn -0.8247551 0.46509233 -0.32166454
vn -0.9100703 0.4125025 -0.040171325
vn -0.98566324 0.13048735 -0.10696255
vn -0.6425722 0.7583523 -0.109556556
vn -0.18949197 0.80892295 -0.55653983
vn -0.48959965 -0.023424923 -0.87163264
vn -0.48959965 -0.023424923 -0.87163264
vn -0.18949197 0.80892295 -0.55653983
vn 0.39961845 0.6026306 -0.6907542
vn -0.5969117 0.6106392 -0.5204
vn -0.77564603 0.31368172 -0.54770166
vn -0.9100703 0.4125025 -0.040171325
vn -0.89106935 0.07330233 -0.44790873
vn -0.59647113 0.7938602 0.11835551
vn -0.6425722 0.7583523 -0.109556556
vn -0.89106935 0.07330233 -0.44790873
vn -0.98566324 0.13048735 -0.10696255
vn -0.59647113 0.7938602 0.11835551
vn -0.77564603 0.31368172 -0.54770166
vn -0.84515 0.08463195 -0.5277869
vn -0.9100703 0.4125025 -0.040171325
vn -0.9100703 0.4125025 -0.040171325
vn -0.84515 0.08463195 -0.5277869
vn -0.98566324 0.13048735 -0.10696255
vn -0.59647113 0.7938602 0.11835551
vn -0.98566324 0.13048735 -0.10696255
vn -0.019231752 0.962824 -0.2694437
vn -0.019231752 0.962824 -0.2694437
vn -0.98566324 0.13048735 -0.10696255
vn -0.84515 0.08463195 -0.5277869
vn 0.37899354 0.89386636 -0.23951381
vn 0.24294122 0.5792232 -0.77812606
vn -0.6877881 0.70118386 -0.18785286
vn 0.37899354 0.89386636 -0.23951381
vn -0.6877881 0.70118386 -0.18785286
vn 0.24294178 0.89067864 0.38427973
vn 0.24294122 0.5792232 -0.77812606
vn -0.5545907 0.7962358 -0.2417391
vn -0.6877881 0.70118386 -0.18785286
vn 0.24294178 0.89067864 0.38427973
vn -0.6877881 0.70118386 -0.18785286
vn -0.554596 0.81043136 -0.18874341
vn -0.6877881 0.70118386 -0.18785286
vn -0.5545907 0.7962358 -0.2417391
vn -0.554596 0.81043136 -0.18874341
vn 0.24294122 0.5792232 -0.77812606
vn 0.021298885 0.5360252 -0.84393317
vn -0.5545907 0.7962358 -0.2417391
vn 0.24294178 0.89067864 0.38427973
vn -0.554596 0.81043136 -0.18874341
vn 0.021303456 0.8861671 0.46287578
vn 0.021298885 0.5360252 -0.84393317
vn -0.63297296 0.771045 -0.06953311
vn -0.5545907 0.7962358 -0.2417391
vn -0.554596 0.81043136 -0.18874341
vn -0.5545907 0.7962358 -0.2417391
vn 1.5289071E-08 0.9659265 -0.25881618
vn 0.021303456 0.8861671 0.46287578
vn -0.554596 0.81043136 -0.18874341
vn -0.6329716 0.7024751 -0.32538557
vn 0.021298885 0.5360252 -0.84393317
vn 0.019231599 0.962824 -0.2694438
vn -0.63297296 0.771045 -0.06953311
vn -0.5545907 0.7962358 -0.2417391
vn -0.39146206 0.9201087 -0.012547612
vn 1.5289071E-08 0.9659265 -0.25881618
vn -0.63297296 0.771045 -0.06953311
vn 0.019231599 0.962824 -0.2694438
vn -0.39146206 0.9201087 -0.012547612
vn -0.63297296 0.771045 -0.06953311
vn -0.39146206 0.9201087 -0.012547612
vn -0.5545907 0.7962358 -0.2417391
vn 0.021303456 0.8861671 0.46287578
vn -0.6329716 0.7024751 -0.32538557
vn 0.019178327 0.9685456 -0.24809563
vn -0.554596 0.81043136 -0.18874341
vn 1.5289071E-08 0.9659265 -0.25881618
vn -0.39146093 0.80311406 -0.44918388
vn -0.6329716 0.7024751 -0.32538557
vn -0.39146093 0.80311406 -0.44918388
vn 0.019178327 0.9685456 -0.24809563
vn -0.6329716 0.7024751 -0.32538557
vn -0.554596 0.81043136 -0.18874341
vn -0.39146093 0.80311406 -0.44918388
vn 0.019231599 0.962824 -0.2694438
vn 0.59647113 0.79386026 0.11835551
vn -0.4311951 0.86149645 0.26813143
vn 0.019231599 0.962824 -0.2694438
vn -0.4311951 0.86149645 0.26813143
vn -0.39146206 0.9201087 -0.012547612
vn 1.5289071E-08 0.9659265 -0.25881618
vn -0.25355974 0.67546874 -0.6924228
vn -0.39146093 0.80311406 -0.44918388
vn 0.019178327 0.9685456 -0.24809563
vn -0.4312364 0.6120128 -0.6629294
vn 0.5964935 0.6283065 -0.499426
vn -0.4312364 0.6120128 -0.6629294
vn -0.25355974 0.67546874 -0.6924228
vn 0.5964935 0.6283065 -0.499426
vn -0.4312364 0.6120128 -0.6629294
vn 0.019178327 0.9685456 -0.24809563
vn -0.39146093 0.80311406 -0.44918388
vn -0.39146093 0.80311406 -0.44918388
vn -0.25355974 0.67546874 -0.6924228
vn -0.4312364 0.6120128 -0.6629294
vn 0.59647113 0.79386026 0.11835551
vn 0.64257216 0.7583524 -0.109556735
vn -0.2535433 0.9311928 0.2619074
vn -0.39146206 0.9201087 -0.012547612
vn -0.4311951 0.86149645 0.26813143
vn -0.2535433 0.9311928 0.2619074
vn -0.4311951 0.86149645 0.26813143
vn 0.59647113 0.79386026 0.11835551
vn -0.2535433 0.9311928 0.2619074
vn -0.39146206 0.9201087 -0.012547612
vn -0.2535433 0.9311928 0.2619074
vn 1.5289071E-08 0.9659265 -0.25881618
vn 0.5964935 0.6283065 -0.499426
vn -0.25355974 0.67546874 -0.6924228
vn 0.64255613 0.71153986 -0.28431052
vn 0.64257216 0.7583524 -0.109556735
vn -0.34386158 0.85535264 0.38746744
vn -0.2535433 0.9311928 0.2619074
vn 1.5289071E-08 0.9659265 -0.25881618
vn -0.30106363 0.6825735 -0.66592354
vn -0.25355974 0.67546874 -0.6924228
vn 0.64255613 0.71153986 -0.28431052
vn -0.34389064 0.5470032 -0.7632343
vn 0.18949209 0.9788188 0.07750183
vn -0.25355974 0.67546874 -0.6924228
vn -0.30106363 0.6825735 -0.66592354
vn -0.34389064 0.5470032 -0.7632343
vn -0.25355974 0.67546874 -0.6924228
vn -0.34389064 0.5470032 -0.7632343
vn 0.64255613 0.71153986 -0.28431052
vn 0.64257216 0.7583524 -0.109556735
vn 0.18949188 0.808923 -0.5565396
vn -0.34386158 0.85535264 0.38746744
vn -0.2535433 0.9311928 0.2619074
vn -0.34386158 0.85535264 0.38746744
vn -0.3010647 0.9240856 0.23542678
vn -0.2535433 0.9311928 0.2619074
vn -0.3010647 0.9240856 0.23542678
vn 1.5289071E-08 0.9659265 -0.25881618
vn 0.18949209 0.9788188 0.07750183
vn -0.34389064 0.5470032 -0.7632343
vn -0.3996154 0.8672754 0.2968852
vn -0.34389064 0.5470032 -0.7632343
vn -0.30106363 0.6825735 -0.66592354
vn -0.3996154 0.8672754 0.2968852
vn 0.18949188 0.808923 -0.5565396
vn -0.3996185 0.6026306 -0.6907542
vn -0.34386158 0.85535264 0.38746744
vn -0.34386158 0.85535264 0.38746744
vn -0.3996185 0.6026306 -0.6907542
vn -0.3010647 0.9240856 0.23542678
vn 1.5289071E-08 0.9659265 -0.25881618
vn -2.484734E-09 0.74463236 -0.6674747
vn -0.30106363 0.6825735 -0.66592354
vn -0.3996154 0.8672754 0.2968852
vn -0.30106363 0.6825735 -0.66592354
vn -0.575204 0.8033928 0.15394872
vn -0.3996185 0.6026306 -0.6907542
vn -0.57517457 0.61878985 -0.5350451
vn -0.3010647 0.9240856 0.23542678
vn 1.5289071E-08 0.9659265 -0.25881618
vn -0.3010647 0.9240856 0.23542678
vn 0 0.97860336 0.20575583
vn -2.484734E-09 0.74463236 -0.6674747
vn -1.7527E-08 0.97142494 -0.23734725
vn -0.20179573 0.5777363 -0.79088503
vn -0.20179573 0.5777363 -0.79088503
vn -0.575204 0.8033928 0.15394872
vn -0.30106363 0.6825735 -0.66592354
vn -0.20179573 0.5777363 -0.79088503
vn -0.30106363 0.6825735 -0.66592354
vn -2.484734E-09 0.74463236 -0.6674747
vn -0.20179573 0.5777363 -0.79088503
vn -1.7527E-08 0.97142494 -0.23734725
vn -0.575204 0.8033928 0.15394872
vn -0.57517457 0.61878985 -0.5350451
vn -0.20181932 0.8957748 0.39605123
vn -0.3010647 0.9240856 0.23542678
vn -0.3010647 0.9240856 0.23542678
vn -0.20181932 0.8957748 0.39605123
vn 0 0.97860336 0.20575583
vn 1.5289071E-08 0.9659265 -0.25881618
vn 0.39146203 0.9201087 -0.012547612
vn 0.5545907 0.7962357 -0.24173915
vn -2.484734E-09 0.74463236 -0.6674747
vn 0.20179573 0.5777363 -0.79088503
vn -1.7527E-08 0.97142494 -0.23734725
vn -0.57517457 0.61878985 -0.5350451
vn -2.9211224E-08 0.9599613 -0.28013277
vn -0.20181932 0.8957748 0.39605123
vn -0.20181932 0.8957748 0.39605123
vn -2.9211224E-08 0.9599613 -0.28013277
vn 0 0.97860336 0.20575583
vn 1.5289071E-08 0.9659265 -0.25881618
vn 0.5545907 0.7962357 -0.24173915
vn 0.554596 0.8104316 -0.18874341
vn 0.39146203 0.9201087 -0.012547612
vn -0.019231752 0.962824 -0.2694437
vn 0.63297296 0.77104497 -0.06953317
vn -2.484734E-09 0.74463236 -0.6674747
vn 1.5289071E-08 0.9659265 -0.25881618
vn 0.3010636 0.6825735 -0.66592354
vn -2.484734E-09 0.74463236 -0.6674747
vn 0.3010636 0.6825735 -0.66592354
vn 0.20179573 0.5777363 -0.79088503
vn -1.7527E-08 0.97142494 -0.23734725
vn 0.20179573 0.5777363 -0.79088503
vn 0.575204 0.8033928 0.15394878
vn 0.20179573 0.5777363 -0.79088503
vn 0.3010636 0.6825735 -0.66592354
vn 0.575204 0.8033928 0.15394878
vn -2.9211224E-08 0.9599613 -0.28013277
vn 0.57517457 0.61878985 -0.5350451
vn 0.20181935 0.8957747 0.39605114
vn -2.9211224E-08 0.9599613 -0.28013277
vn 0.20181935 0.8957747 0.39605114
vn 0 0.97860336 0.20575583
vn 0.5545907 0.7962357 -0.24173915
vn -0.2429412 0.5792231 -0.778126
vn 0.68778807 0.70118386 -0.18785286
vn 0.554596 0.8104316 -0.18874341
vn 0.5545907 0.7962357 -0.24173915
vn 0.68778807 0.70118386 -0.18785286
vn 0.39146203 0.9201087 -0.012547612
vn 0.63297296 0.77104497 -0.06953317
vn 0.5545907 0.7962357 -0.24173915
vn -0.019231752 0.962824 -0.2694437
vn -0.02129901 0.5360252 -0.8439331
vn 0.63297296 0.77104497 -0.06953317
vn -0.02129901 0.5360252 -0.8439331
vn -0.2429412 0.5792231 -0.778126
vn 0.5545907 0.7962357 -0.24173915
vn 0.5545907 0.7962357 -0.24173915
vn 0.63297296 0.77104497 -0.06953317
vn -0.02129901 0.5360252 -0.8439331
vn 1.5289071E-08 0.9659265 -0.25881618
vn 0.554596 0.8104316 -0.18874341
vn 0.39146093 0.80311406 -0.44918388
vn 0.3010636 0.6825735 -0.66592354
vn 0.25355974 0.67546874 -0.6924228
vn 0.34389064 0.5470032 -0.7632343
vn 0.575204 0.8033928 0.15394878
vn 0.3010636 0.6825735 -0.66592354
vn 0.39961544 0.86727536 0.29688525
vn 0.3010636 0.6825735 -0.66592354
vn 1.5289071E-08 0.9659265 -0.25881618
vn 0.25355974 0.67546874 -0.6924228
vn 0.3010636 0.6825735 -0.66592354
vn 0.34389064 0.5470032 -0.7632343
vn 0.39961544 0.86727536 0.29688525
vn 0.57517457 0.61878985 -0.5350451
vn 0.39961845 0.6026306 -0.6907542
vn 0.30106473 0.9240856 0.23542678
vn 0 0.97860336 0.20575583
vn 0.20181935 0.8957747 0.39605114
vn 0.30106473 0.9240856 0.23542678
vn 0.20181935 0.8957747 0.39605114
vn 0.57517457 0.61878985 -0.5350451
vn 0.30106473 0.9240856 0.23542678
vn 0 0.97860336 0.20575583
vn 0.30106473 0.9240856 0.23542678
vn 1.5289071E-08 0.9659265 -0.25881618
vn 0.68778807 0.70118386 -0.18785286
vn -0.2429412 0.5792231 -0.778126
vn -0.3789937 0.8938662 -0.2395137
vn 0.39146203 0.9201087 -0.012547612
vn 0.4311951 0.86149657 0.26813155
vn -0.019231752 0.962824 -0.2694437
vn 0.554596 0.8104316 -0.18874341
vn 0.68778807 0.70118386 -0.18785286
vn -0.24294196 0.89067864 0.38427973
vn 0.68778807 0.70118386 -0.18785286
vn -0.3789937 0.8938662 -0.2395137
vn -0.24294196 0.89067864 0.38427973
vn 0.39146093 0.80311406 -0.44918388
vn 0.6329716 0.702475 -0.3253855
vn -0.019178236 0.9685456 -0.24809575
vn 0.25355974 0.67546874 -0.6924228
vn -0.64255613 0.71153986 -0.28431052
vn 0.34389064 0.5470032 -0.7632343
vn 0.39961544 0.86727536 0.29688525
vn 0.34389064 0.5470032 -0.7632343
vn -0.18949206 0.9788188 0.07750183
vn -0.18949206 0.9788188 0.07750183
vn 0.34389064 0.5470032 -0.7632343
vn -0.64255613 0.71153986 -0.28431052
vn 0.39961845 0.6026306 -0.6907542
vn 0.3438616 0.85535264 0.38746744
vn 0.30106473 0.9240856 0.23542678
vn 1.5289071E-08 0.9659265 -0.25881618
vn 0.39146093 0.80311406 -0.44918388
vn 0.25355974 0.67546874 -0.6924228
vn 0.39146203 0.9201087 -0.012547612
vn 1.5289071E-08 0.9659265 -0.25881618
vn 0.2535433 0.9311928 0.2619074
vn 0.30106473 0.9240856 0.23542678
vn 0.3438616 0.85535264 0.38746744
vn 0.2535433 0.9311928 0.2619074
vn 0.30106473 0.9240856 0.23542678
vn 0.2535433 0.9311928 0.2619074
vn 1.5289071E-08 0.9659265 -0.25881618
vn 0.39146203 0.9201087 -0.012547612
vn 0.2535433 0.9311928 0.2619074
vn 0.4311951 0.86149657 0.26813155
vn -0.019231752 0.962824 -0.2694437
vn 0.4311951 0.86149657 0.26813155
vn -0.59647113 0.7938602 0.11835551
vn 0.4311951 0.86149657 0.26813155
vn 0.2535433 0.9311928 0.2619074
vn -0.59647113 0.7938602 0.11835551
vn 0.554596 0.8104316 -0.18874341
vn -0.24294196 0.89067864 0.38427973
vn -0.021303456 0.8861671 0.46287578
vn 0.6329716 0.702475 -0.3253855
vn 0.554596 0.8104316 -0.18874341
vn -0.021303456 0.8861671 0.46287578
vn 0.6329716 0.702475 -0.3253855
vn -0.021303456 0.8861671 0.46287578
vn -0.019178236 0.9685456 -0.24809575
vn 0.6329716 0.702475 -0.3253855
vn 0.39146093 0.80311406 -0.44918388
vn 0.554596 0.8104316 -0.18874341
vn -0.64255613 0.71153986 -0.28431052
vn 0.25355974 0.67546874 -0.6924228
vn -0.5964934 0.6283065 -0.49942595
vn 0.39961845 0.6026306 -0.6907542
vn -0.18949197 0.80892295 -0.55653983
vn 0.3438616 0.85535264 0.38746744
vn 0.2535433 0.9311928 0.2619074
vn 0.3438616 0.85535264 0.38746744
vn -0.6425722 0.7583523 -0.109556556
vn -0.6425722 0.7583523 -0.109556556
vn -0.59647113 0.7938602 0.11835551
vn 0.2535433 0.9311928 0.2619074
vn -0.6425722 0.7583523 -0.109556556
vn 0.3438616 0.85535264 0.38746744
vn -0.18949197 0.80892295 -0.55653983
vn -0.019178236 0.9685456 -0.24809575
vn -0.5964934 0.6283065 -0.49942595
vn 0.43123633 0.61201286 -0.6629295
vn 0.43123633 0.61201286 -0.6629295
vn 0.39146093 0.80311406 -0.44918388
vn -0.019178236 0.9685456 -0.24809575
vn 0.43123633 0.61201286 -0.6629295
vn -0.5964934 0.6283065 -0.49942595
vn 0.25355974 0.67546874 -0.6924228
vn 0.25355974 0.67546874 -0.6924228
vn 0.39146093 0.80311406 -0.44918388
vn 0.43123633 0.61201286 -0.6629295
vn 0.5277846 0.20705646 0.82375425
vn 0.40480793 0.26597112 0.87486553
vn 0.42517716 0.21606284 0.87894326
vn 0.5277846 0.20705646 0.82375425
vn 0.44156858 0.27826023 0.85298795
vn 0.40480793 0.26597112 0.87486553
vn 0.5277846 0.20705646 0.82375425
vn 0.42517716 0.21606284 0.87894326
vn 0.43499097 0.18580341 0.8810561
vn 0.5277846 0.20705646 0.82375425
vn 0.52825963 0.29787117 0.79511917
vn 0.44156858 0.27826023 0.85298795
vn 0.5277846 0.20705646 0.82375425
vn 0.43499097 0.18580341 0.8810561
vn 0.56741905 0.19167018 0.80081093
vn 0.5277846 0.20705646 0.82375425
vn 0.6076387 0.20329487 0.76775396
vn 0.52825963 0.29787117 0.79511917
vn 0.5277846 0.20705646 0.82375425
vn 0.56741905 0.19167018 0.80081093
vn 0.6076387 0.20329487 0.76775396
vn 0.40480793 0.26597112 0.87486553
vn 0.55826026 0.15950036 0.81418985
vn 0.42517716 0.21606284 0.87894326
vn 0.40480793 0.26597112 0.87486553
vn 0.44156858 0.27826023 0.85298795
vn 0.56416905 0.18503118 0.80465937
vn 0.40480793 0.26597112 0.87486553
vn 0.56416905 0.18503118 0.80465937
vn 0.55826026 0.15950036 0.81418985
vn 0.43499097 0.18580341 0.8810561
vn 0.4516002 0.21213406 0.86663514
vn 0.56741905 0.19167018 0.80081093
vn 0.43499097 0.18580341 0.8810561
vn 0.42517716 0.21606284 0.87894326
vn 0.5077257 0.19172794 0.8399137
vn 0.43499097 0.18580341 0.8810561
vn 0.4081016 0.09552759 0.90792495
vn 0.4516002 0.21213406 0.86663514
vn 0.43499097 0.18580341 0.8810561
vn 0.5077257 0.19172794 0.8399137
vn 0.40846866 0.13729286 0.902388
vn 0.43499097 0.18580341 0.8810561
vn 0.40846866 0.13729286 0.902388
vn 0.4081016 0.09552759 0.90792495
vn 0.42517716 0.21606284 0.87894326
vn 0.55826026 0.15950036 0.81418985
vn 0.5077257 0.19172794 0.8399137
vn 0.52825963 0.29787117 0.79511917
vn 0.6076387 0.20329487 0.76775396
vn 0.61052966 0.32760715 0.7210597
vn 0.52825963 0.29787117 0.79511917
vn 0.55241287 0.25240082 0.7944393
vn 0.44156858 0.27826023 0.85298795
vn 0.52825963 0.29787117 0.79511917
vn 0.61052966 0.32760715 0.7210597
vn 0.57370603 0.3667615 0.73235726
vn 0.52825963 0.29787117 0.79511917
vn 0.57370603 0.3667615 0.73235726
vn 0.55241287 0.25240082 0.7944393
vn 0.44156858 0.27826023 0.85298795
vn 0.55241287 0.25240082 0.7944393
vn 0.56416905 0.18503118 0.80465937
vn 0.56741905 0.19167018 0.80081093
vn 0.4516002 0.21213406 0.86663514
vn 0.59555495 0.19026607 0.78045684
vn 0.56741905 0.19167018 0.80081093
vn 0.65770996 0.16937351 0.7339824
vn 0.6076387 0.20329487 0.76775396
vn 0.56741905 0.19167018 0.80081093
vn 0.59555495 0.19026607 0.78045684
vn 0.65770996 0.16937351 0.7339824
vn 0.40846866 0.13729286 0.902388
vn 0.38109595 0.12567186 0.91595435
vn 0.4081016 0.09552759 0.90792495
vn 0.40846866 0.13729286 0.902388
vn 0.5077257 0.19172794 0.8399137
vn 0.47479168 0.15260118 0.86676747
vn 0.40846866 0.13729286 0.902388
vn 0.3363859 0.16105312 0.92785037
vn 0.38109595 0.12567186 0.91595435
vn 0.40846866 0.13729286 0.902388
vn 0.47479168 0.15260118 0.86676747
vn 0.3363859 0.16105312 0.92785037
vn 0.5077257 0.19172794 0.8399137
vn 0.55826026 0.15950036 0.81418985
vn 0.47479168 0.15260118 0.86676747
vn 0.61052966 0.32760715 0.7210597
vn 0.6453908 0.41991627 0.6380762
vn 0.57370603 0.3667615 0.73235726
vn 0.61052966 0.32760715 0.7210597
vn 0.6076387 0.20329487 0.76775396
vn 0.70849365 0.21140254 0.67330956
vn 0.61052966 0.32760715 0.7210597
vn 0.75635165 0.33915454 0.5593803
vn 0.6453908 0.41991627 0.6380762
vn 0.61052966 0.32760715 0.7210597
vn 0.70849365 0.21140254 0.67330956
vn 0.75635165 0.33915454 0.5593803
vn 0.6076387 0.20329487 0.76775396
vn 0.65770996 0.16937351 0.7339824
vn 0.70849365 0.21140254 0.67330956
vn 0.55241287 0.25240082 0.7944393
vn 0.5629074 0.19863892 0.8022953
vn 0.56416905 0.18503118 0.80465937
vn 0.55241287 0.25240082 0.7944393
vn 0.57370603 0.3667615 0.73235726
vn 0.5433875 0.29764247 0.78494525
vn 0.55241287 0.25240082 0.7944393
vn 0.5433875 0.29764247 0.78494525
vn 0.5629074 0.19863892 0.8022953
vn 0.59555495 0.19026607 0.78045684
vn 0.68714315 0.16050243 0.7085713
vn 0.65770996 0.16937351 0.7339824
vn 0.3363859 0.16105312 0.92785037
vn 0.47479168 0.15260118 0.86676747
vn 0.3805462 0.22442561 0.8971163
vn 0.3363859 0.16105312 0.92785037
vn 0.3805462 0.22442561 0.8971163
vn 0.31374317 0.1842764 0.9314544
vn 0.55826026 0.15950036 0.81418985
vn 0.56416905 0.18503118 0.80465937
vn 0.5776079 0.12999952 0.80589646
vn 0.55826026 0.15950036 0.81418985
vn 0.5776079 0.12999952 0.80589646
vn 0.47479168 0.15260118 0.86676747
vn 0.5776079 0.12999952 0.80589646
vn 0.5629074 0.19863892 0.8022953
vn 0.3805462 0.22442561 0.8971163
vn 0.5776079 0.12999952 0.80589646
vn 0.56416905 0.18503118 0.80465937
vn 0.5629074 0.19863892 0.8022953
vn 0.5776079 0.12999952 0.80589646
vn 0.3805462 0.22442561 0.8971163
vn 0.47479168 0.15260118 0.86676747
vn 0.6453908 0.41991627 0.6380762
vn 0.75635165 0.33915454 0.5593803
vn 0.7312161 0.41668433 0.54009
vn 0.6453908 0.41991627 0.6380762
vn 0.5880547 0.47088534 0.6576159
vn 0.57370603 0.3667615 0.73235726
vn 0.6453908 0.41991627 0.6380762
vn 0.7312161 0.41668433 0.54009
vn 0.62018967 0.49488336 0.60865045
vn 0.6453908 0.41991627 0.6380762
vn 0.62018967 0.49488336 0.60865045
vn 0.5880547 0.47088534 0.6576159
vn 0.70849365 0.21140254 0.67330956
vn 0.65770996 0.16937351 0.7339824
vn 0.7840581 0.136652 0.6054578
vn 0.70849365 0.21140254 0.67330956
vn 0.846547 0.21268159 0.4879802
vn 0.75635165 0.33915454 0.5593803
vn 0.70849365 0.21140254 0.67330956
vn 0.7840581 0.136652 0.6054578
vn 0.846547 0.21268159 0.4879802
vn 0.65770996 0.16937351 0.7339824
vn 0.68714315 0.16050243 0.7085713
vn 0.7840581 0.136652 0.6054578
vn 0.5433875 0.29764247 0.78494525
vn 0.40716106 0.3496945 0.8437615
vn 0.5629074 0.19863892 0.8022953
vn 0.5433875 0.29764247 0.78494525
vn 0.57370603 0.3667615 0.73235726
vn 0.5515214 0.41006696 0.72640836
vn 0.5433875 0.29764247 0.78494525
vn 0.40763304 0.4365449 0.80203724
vn 0.40716106 0.3496945 0.8437615
vn 0.5433875 0.29764247 0.78494525
vn 0.5515214 0.41006696 0.72640836
vn 0.4352762 0.51274234 0.74002016
vn 0.5433875 0.29764247 0.78494525
vn 0.4352762 0.51274234 0.74002016
vn 0.40763304 0.4365449 0.80203724
vn 0.57370603 0.3667615 0.73235726
vn 0.5880547 0.47088534 0.6576159
vn 0.5515214 0.41006696 0.72640836
vn 0.5629074 0.19863892 0.8022953
vn 0.40716106 0.3496945 0.8437615
vn 0.3805462 0.22442561 0.8971163
vn 0.31374317 0.1842764 0.9314544
vn 0.3805462 0.22442561 0.8971163
vn 0.35612375 0.2686528 0.89498687
vn 0.3805462 0.22442561 0.8971163
vn 0.40716106 0.3496945 0.8437615
vn 0.35612375 0.2686528 0.89498687
vn 0.7312161 0.41668433 0.54009
vn 0.75635165 0.33915454 0.5593803
vn 0.84992903 0.31312346 0.42376196
vn 0.75635165 0.33915454 0.5593803
vn 0.846547 0.21268159 0.4879802
vn 0.84992903 0.31312346 0.42376196
vn 0.62018967 0.49488336 0.60865045
vn 0.47923693 0.62996525 0.61112666
vn 0.5880547 0.47088534 0.6576159
vn 0.68714315 0.16050243 0.7085713
vn 0.818454 0.10202783 0.56544065
vn 0.7840581 0.136652 0.6054578
vn 0.4352762 0.51274234 0.74002016
vn 0.35265625 0.5602015 0.7495383
vn 0.40763304 0.4365449 0.80203724
vn 0.4352762 0.51274234 0.74002016
vn 0.5515214 0.41006696 0.72640836
vn 0.46234608 0.5980339 0.654669
vn 0.4352762 0.51274234 0.74002016
vn 0.37840113 0.65902317 0.65000063
vn 0.35265625 0.5602015 0.7495383
vn 0.4352762 0.51274234 0.74002016
vn 0.46234608 0.5980339 0.654669
vn 0.37840113 0.65902317 0.65000063
vn 0.5880547 0.47088534 0.6576159
vn 0.47923693 0.62996525 0.61112666
vn 0.46234608 0.5980339 0.654669
vn 0.5880547 0.47088534 0.6576159
vn 0.46234608 0.5980339 0.654669
vn 0.5515214 0.41006696 0.72640836
vn 0.40716106 0.3496945 0.8437615
vn 0.3782031 0.38590002 0.84145314
vn 0.35612375 0.2686528 0.89498687
vn 0.40716106 0.3496945 0.8437615
vn 0.40763304 0.4365449 0.80203724
vn 0.3636878 0.46971786 0.8044229
vn 0.40716106 0.3496945 0.8437615
vn 0.3636878 0.46971786 0.8044229
vn 0.3782031 0.38590002 0.84145314
vn 0.3636878 0.46971786 0.8044229
vn 0.40763304 0.4365449 0.80203724
vn 0.35265625 0.5602015 0.7495383
vn 0.846547 0.21268159 0.4879802
vn 0.88483393 0.22143829 0.4099195
vn 0.84992903 0.31312346 0.42376196
vn 0.846547 0.21268159 0.4879802
vn 0.7840581 0.136652 0.6054578
vn 0.8852387 0.11738196 0.45008206
vn 0.846547 0.21268159 0.4879802
vn 0.8852387 0.11738196 0.45008206
vn 0.88483393 0.22143829 0.4099195
vn 0.7840581 0.136652 0.6054578
vn 0.818454 0.10202783 0.56544065
vn 0.8852387 0.11738196 0.45008206
vn 0.37840113 0.65902317 0.65000063
vn 0.46234608 0.5980339 0.654669
vn 0.3855576 0.7120097 0.58684534
vn 0.3855576 0.7120097 0.58684534
vn 0.46234608 0.5980339 0.654669
vn 0.47923693 0.62996525 0.61112666
vn 0.88483393 0.22143829 0.4099195
vn 0.8852387 0.11738196 0.45008206
vn 0.9169431 0.10489842 0.38498265
vn 0.818454 0.10202783 0.56544065
vn 0.90619206 0.052470356 0.41959834
vn 0.8852387 0.11738196 0.45008206
vn 0.8852387 0.11738196 0.45008206
vn 0.90619206 0.052470356 0.41959834
vn 0.9169431 0.10489842 0.38498265
vn 0.90619206 0.052470356 0.41959834
vn 0.9296359 0.036818624 0.36663535
vn 0.9169431 0.10489842 0.38498265
vn -0.5277843 0.2070576 0.82375413
vn -0.42517698 0.21606308 0.87894326
vn -0.40480793 0.26597142 0.8748655
vn -0.5277843 0.2070576 0.82375413
vn -0.43499017 0.18580377 0.8810564
vn -0.42517698 0.21606308 0.87894326
vn -0.5277843 0.2070576 0.82375413
vn -0.40480793 0.26597142 0.8748655
vn -0.44156948 0.2782601 0.8529875
vn -0.5277843 0.2070576 0.82375413
vn -0.5674188 0.19167107 0.8008109
vn -0.43499017 0.18580377 0.8810564
vn -0.5277843 0.2070576 0.82375413
vn -0.44156948 0.2782601 0.8529875
vn -0.52825934 0.2978707 0.79511964
vn -0.5277843 0.2070576 0.82375413
vn -0.60763836 0.20329499 0.7677543
vn -0.5674188 0.19167107 0.8008109
vn -0.5277843 0.2070576 0.82375413
vn -0.52825934 0.2978707 0.79511964
vn -0.60763836 0.20329499 0.7677543
vn -0.42517698 0.21606308 0.87894326
vn -0.558259 0.15950096 0.8141905
vn -0.40480793 0.26597142 0.8748655
vn -0.42517698 0.21606308 0.87894326
vn -0.43499017 0.18580377 0.8810564
vn -0.50772506 0.19172812 0.83991385
vn -0.42517698 0.21606308 0.87894326
vn -0.50772506 0.19172812 0.83991385
vn -0.558259 0.15950096 0.8141905
vn -0.44156948 0.2782601 0.8529875
vn -0.5524128 0.25240016 0.79443944
vn -0.52825934 0.2978707 0.79511964
vn -0.44156948 0.2782601 0.8529875
vn -0.40480793 0.26597142 0.8748655
vn -0.564168 0.18503189 0.80465996
vn -0.44156948 0.2782601 0.8529875
vn -0.564168 0.18503189 0.80465996
vn -0.5524128 0.25240016 0.79443944
vn -0.40480793 0.26597142 0.8748655
vn -0.558259 0.15950096 0.8141905
vn -0.564168 0.18503189 0.80465996
vn -0.5674188 0.19167107 0.8008109
vn -0.60763836 0.20329499 0.7677543
vn -0.6577099 0.16937375 0.7339824
vn -0.5674188 0.19167107 0.8008109
vn -0.45159927 0.21213382 0.86663544
vn -0.43499017 0.18580377 0.8810564
vn -0.5674188 0.19167107 0.8008109
vn -0.6577099 0.16937375 0.7339824
vn -0.59555537 0.19026637 0.7804566
vn -0.5674188 0.19167107 0.8008109
vn -0.59555537 0.19026637 0.7804566
vn -0.45159927 0.21213382 0.86663544
vn -0.50772506 0.19172812 0.83991385
vn -0.47479284 0.15260082 0.86676687
vn -0.558259 0.15950096 0.8141905
vn -0.50772506 0.19172812 0.83991385
vn -0.43499017 0.18580377 0.8810564
vn -0.40846926 0.13729346 0.9023874
vn -0.50772506 0.19172812 0.83991385
vn -0.40846926 0.13729346 0.9023874
vn -0.47479284 0.15260082 0.86676687
vn -0.52825934 0.2978707 0.79511964
vn -0.5524128 0.25240016 0.79443944
vn -0.5737055 0.36676294 0.732357
vn -0.52825934 0.2978707 0.79511964
vn -0.6105293 0.32760733 0.7210598
vn -0.60763836 0.20329499 0.7677543
vn -0.52825934 0.2978707 0.79511964
vn -0.5737055 0.36676294 0.732357
vn -0.6105293 0.32760733 0.7210598
vn -0.564168 0.18503189 0.80465996
vn -0.558259 0.15950096 0.8141905
vn -0.57760864 0.1299994 0.8058961
vn -0.564168 0.18503189 0.80465996
vn -0.5629068 0.1986394 0.8022957
vn -0.5524128 0.25240016 0.79443944
vn -0.564168 0.18503189 0.80465996
vn -0.57760864 0.1299994 0.8058961
vn -0.5629068 0.1986394 0.8022957
vn -0.558259 0.15950096 0.8141905
vn -0.47479284 0.15260082 0.86676687
vn -0.57760864 0.1299994 0.8058961
vn -0.6577099 0.16937375 0.7339824
vn -0.6871432 0.16050261 0.7085712
vn -0.59555537 0.19026637 0.7804566
vn -0.6577099 0.16937375 0.7339824
vn -0.60763836 0.20329499 0.7677543
vn -0.70849353 0.21140248 0.67330974
vn -0.6577099 0.16937375 0.7339824
vn -0.78405786 0.13665175 0.6054582
vn -0.6871432 0.16050261 0.7085712
vn -0.6577099 0.16937375 0.7339824
vn -0.70849353 0.21140248 0.67330974
vn -0.78405786 0.13665175 0.6054582
vn -0.60763836 0.20329499 0.7677543
vn -0.6105293 0.32760733 0.7210598
vn -0.70849353 0.21140248 0.67330974
vn -0.45159927 0.21213382 0.86663544
vn -0.40810192 0.095528066 0.9079247
vn -0.43499017 0.18580377 0.8810564
vn -0.43499017 0.18580377 0.8810564
vn -0.40810192 0.095528066 0.9079247
vn -0.40846926 0.13729346 0.9023874
vn -0.5737055 0.36676294 0.732357
vn -0.5524128 0.25240016 0.79443944
vn -0.5433875 0.29764283 0.7849451
vn -0.5737055 0.36676294 0.732357
vn -0.64539045 0.419917 0.63807595
vn -0.6105293 0.32760733 0.7210598
vn -0.5737055 0.36676294 0.732357
vn -0.5433875 0.29764283 0.7849451
vn -0.55152076 0.41006863 0.726408
vn -0.5737055 0.36676294 0.732357
vn -0.58805525 0.47088546 0.6576153
vn -0.64539045 0.419917 0.63807595
vn -0.5737055 0.36676294 0.732357
vn -0.55152076 0.41006863 0.726408
vn -0.58805525 0.47088546 0.6576153
vn -0.5524128 0.25240016 0.79443944
vn -0.5629068 0.1986394 0.8022957
vn -0.5433875 0.29764283 0.7849451
vn -0.47479284 0.15260082 0.86676687
vn -0.38054642 0.22442585 0.89711624
vn -0.57760864 0.1299994 0.8058961
vn -0.47479284 0.15260082 0.86676687
vn -0.40846926 0.13729346 0.9023874
vn -0.33638698 0.16105372 0.92784995
vn -0.47479284 0.15260082 0.86676687
vn -0.33638698 0.16105372 0.92784995
vn -0.38054642 0.22442585 0.89711624
vn -0.57760864 0.1299994 0.8058961
vn -0.38054642 0.22442585 0.89711624
vn -0.5629068 0.1986394 0.8022957
vn -0.6871432 0.16050261 0.7085712
vn -0.78405786 0.13665175 0.6054582
vn -0.8184544 0.10202676 0.5654406
vn -0.70849353 0.21140248 0.67330974
vn -0.6105293 0.32760733 0.7210598
vn -0.75635177 0.33915532 0.5593798
vn -0.70849353 0.21140248 0.67330974
vn -0.84654695 0.21268228 0.48797995
vn -0.78405786 0.13665175 0.6054582
vn -0.70849353 0.21140248 0.67330974
vn -0.75635177 0.33915532 0.5593798
vn -0.84654695 0.21268228 0.48797995
vn -0.6105293 0.32760733 0.7210598
vn -0.64539045 0.419917 0.63807595
vn -0.75635177 0.33915532 0.5593798
vn -0.40810192 0.095528066 0.9079247
vn -0.38109806 0.12567359 0.91595334
vn -0.40846926 0.13729346 0.9023874
vn -0.40846926 0.13729346 0.9023874
vn -0.38109806 0.12567359 0.91595334
vn -0.33638698 0.16105372 0.92784995
vn -0.55152076 0.41006863 0.726408
vn -0.46234706 0.5980334 0.6546688
vn -0.58805525 0.47088546 0.6576153
vn -0.55152076 0.41006863 0.726408
vn -0.5433875 0.29764283 0.7849451
vn -0.43527737 0.5127418 0.7400199
vn -0.55152076 0.41006863 0.726408
vn -0.43527737 0.5127418 0.7400199
vn -0.46234706 0.5980334 0.6546688
vn -0.38054642 0.22442585 0.89711624
vn -0.40716213 0.3496942 0.8437611
vn -0.5629068 0.1986394 0.8022957
vn -0.38054642 0.22442585 0.89711624
vn -0.33638698 0.16105372 0.92784995
vn -0.3137406 0.184277 0.9314552
vn -0.38054642 0.22442585 0.89711624
vn -0.35612273 0.2686535 0.894987
vn -0.40716213 0.3496942 0.8437611
vn -0.38054642 0.22442585 0.89711624
vn -0.3137406 0.184277 0.9314552
vn -0.35612273 0.2686535 0.894987
vn -0.5629068 0.1986394 0.8022957
vn -0.40716213 0.3496942 0.8437611
vn -0.5433875 0.29764283 0.7849451
vn -0.8184544 0.10202676 0.5654406
vn -0.78405786 0.13665175 0.6054582
vn -0.88523906 0.11738175 0.45008153
vn -0.8184544 0.10202676 0.5654406
vn -0.88523906 0.11738175 0.45008153
vn -0.9061923 0.05247006 0.4195978
vn -0.78405786 0.13665175 0.6054582
vn -0.84654695 0.21268228 0.48797995
vn -0.88523906 0.11738175 0.45008153
vn -0.64539045 0.419917 0.63807595
vn -0.73121536 0.41668487 0.54009056
vn -0.75635177 0.33915532 0.5593798
vn -0.64539045 0.419917 0.63807595
vn -0.58805525 0.47088546 0.6576153
vn -0.62018913 0.49488378 0.60865057
vn -0.64539045 0.419917 0.63807595
vn -0.62018913 0.49488378 0.60865057
vn -0.73121536 0.41668487 0.54009056
vn -0.43527737 0.5127418 0.7400199
vn -0.37840298 0.65902257 0.6500004
vn -0.46234706 0.5980334 0.6546688
vn -0.43527737 0.5127418 0.7400199
vn -0.5433875 0.29764283 0.7849451
vn -0.40763324 0.4365449 0.80203724
vn -0.43527737 0.5127418 0.7400199
vn -0.35265818 0.5602005 0.7495382
vn -0.37840298 0.65902257 0.6500004
vn -0.43527737 0.5127418 0.7400199
vn -0.40763324 0.4365449 0.80203724
vn -0.35265818 0.5602005 0.7495382
vn -0.5433875 0.29764283 0.7849451
vn -0.40716213 0.3496942 0.8437611
vn -0.40763324 0.4365449 0.80203724
vn -0.35612273 0.2686535 0.894987
vn -0.3782063 0.38589895 0.84145224
vn -0.40716213 0.3496942 0.8437611
vn -0.9061923 0.05247006 0.4195978
vn -0.88523906 0.11738175 0.45008153
vn -0.9169433 0.10489884 0.38498196
vn -0.9061923 0.05247006 0.4195978
vn -0.9169433 0.10489884 0.38498196
vn -0.92963564 0.03682044 0.3666359
vn -0.84654695 0.21268228 0.48797995
vn -0.75635177 0.33915532 0.5593798
vn -0.8499294 0.31312406 0.42376104
vn -0.84654695 0.21268228 0.48797995
vn -0.8848339 0.22143918 0.40991908
vn -0.88523906 0.11738175 0.45008153
vn -0.84654695 0.21268228 0.48797995
vn -0.8499294 0.31312406 0.42376104
vn -0.8848339 0.22143918 0.40991908
vn -0.8848339 0.22143918 0.40991908
vn -0.9169433 0.10489884 0.38498196
vn -0.88523906 0.11738175 0.45008153
vn -0.8499294 0.31312406 0.42376104
vn -0.75635177 0.33915532 0.5593798
vn -0.73121536 0.41668487 0.54009056
vn -0.58805525 0.47088546 0.6576153
vn -0.4792378 0.62996554 0.61112565
vn -0.62018913 0.49488378 0.60865057
vn -0.58805525 0.47088546 0.6576153
vn -0.46234706 0.5980334 0.6546688
vn -0.4792378 0.62996554 0.61112565
vn -0.37840298 0.65902257 0.6500004
vn -0.38555914 0.71200997 0.5868441
vn -0.46234706 0.5980334 0.6546688
vn -0.46234706 0.5980334 0.6546688
vn -0.38555914 0.71200997 0.5868441
vn -0.4792378 0.62996554 0.61112565
vn -0.35265818 0.5602005 0.7495382
vn -0.40763324 0.4365449 0.80203724
vn -0.36368772 0.46971774 0.8044231
vn -0.36368772 0.46971774 0.8044231
vn -0.40716213 0.3496942 0.8437611
vn -0.3782063 0.38589895 0.84145224
vn -0.36368772 0.46971774 0.8044231
vn -0.40763324 0.4365449 0.80203724
vn -0.40716213 0.3496942 0.8437611
# 13884 vertex normals

vt 1 0.246639 0
vt 1 0.271333 0
vt 0.982054 0.248937 0
vt 0.982955 0.271888 0
vt 1 0.292873 0
vt 0.981673 0.293224 0
vt 0.971042 0.257077 0
vt 0.96911 0.273912 0
vt 0.961962 0.24813 0
vt 0.966173 0.294053 0
vt 0.956304 0.272012 0
vt 0.954168 0.295488 0
vt 0.945638 0.243324 0
vt 0.940277 0.271069 0
vt 0.927845 0.242581 0
vt 0.937163 0.299128 0
vt 0.924275 0.273998 0
vt 0.921574 0.304203 0
vt 0.910369 0.243076 0
vt 0.908177 0.278549 0
vt 0.892158 0.242991 0
vt 0.908815 0.309358 0
vt 0.889157 0.285596 0
vt 0.894095 0.316941 0
vt 0.872207 0.277796 0
vt 0.874371 0.239013 0
vt 0.878262 0.309706 0
vt 0.879082 0.325303 0
vt 0.868279 0.311893 0
vt 0.864347 0.334079 0
vt 0.85975 0.27633 0
vt 0.854917 0.316069 0
vt 0.852136 0.340971 0
vt 0.858523 0.235599 0
vt 0.850783 0.277444 0
vt 0.849665 0.250103 0
vt 0.841574 0.21924 0
vt 0.837237 0.230108 0
vt 0.823583 0.209258 0
vt 0.819854 0.221742 0
vt 0.805625 0.213581 0
vt 0.802615 0.228199 0
vt 0.783309 0.239791 0
vt 0.784724 0.253201 0
vt 0.846958 0.312129 0
vt 0.839483 0.343267 0
vt 0.836615 0.334196 0
vt 0.840729 0.348589 0
vt 0.824653 0.35769 0
vt 0.821894 0.350365 0
vt 0.807691 0.363028 0
vt 0.81886 0.341199 0
vt 0.802176 0.34821 0
vt 0.80025 0.333236 0
vt 0.795932 0.364272 0
vt 0.782845 0.324795 0
vt 0.786052 0.315266 0
vt 0.794213 0.354739 0
vt 0.78615 0.36554 0
vt 0.783569 0.349362 0
vt 0.772391 0.366414 0
vt 0.770485 0.345598 0
vt 0.755525 0.367628 0
vt 0.775744 0.28289 0
vt 0.779984 0.285093 0
vt 0.768328 0.235989 0
vt 0.766713 0.278492 0
vt 0.768883 0.313301 0
vt 0.753976 0.343506 0
vt 0.753401 0.311267 0
vt 0.753186 0.274227 0
vt 0.738596 0.367823 0
vt 0.738596 0.341873 0
vt 0.738596 0.310943 0
vt 0.738596 0.273571 0
vt 0 0.246639 0
vt 0.017946 0.248937 0
vt 0 0.271333 0
vt 0.017045 0.271888 0
vt 0.028958 0.257077 0
vt 0 0.292873 0
vt 0.018327 0.293224 0
vt 0.03089 0.273912 0
vt 0.033827 0.294053 0
vt 0.038038 0.24813 0
vt 0.043696 0.272012 0
vt 0.054362 0.243324 0
vt 0.045832 0.295488 0
vt 0.059723 0.271069 0
vt 0.062837 0.299128 0
vt 0.072154 0.242581 0
vt 0.075725 0.273998 0
vt 0.089631 0.243076 0
vt 0.078426 0.304203 0
vt 0.091823 0.278549 0
vt 0.091185 0.309358 0
vt 0.107842 0.242991 0
vt 0.110843 0.285596 0
vt 0.105905 0.316941 0
vt 0.127793 0.277796 0
vt 0.125629 0.239013 0
vt 0.121738 0.309706 0
vt 0.120918 0.325303 0
vt 0.131721 0.311893 0
vt 0.135653 0.334079 0
vt 0.14025 0.27633 0
vt 0.145083 0.316069 0
vt 0.147864 0.340971 0
vt 0.141477 0.235599 0
vt 0.149217 0.277444 0
vt 0.150335 0.250103 0
vt 0.158426 0.21924 0
vt 0.162763 0.230108 0
vt 0.176417 0.209258 0
vt 0.180145 0.221742 0
vt 0.194375 0.213581 0
vt 0.197385 0.228199 0
vt 0.216691 0.239791 0
vt 0.215276 0.253201 0
vt 0.153042 0.312129 0
vt 0.160517 0.343267 0
vt 0.163385 0.334196 0
vt 0.159271 0.348589 0
vt 0.175347 0.35769 0
vt 0.178106 0.350365 0
vt 0.192309 0.363028 0
vt 0.18114 0.341199 0
vt 0.197824 0.34821 0
vt 0.19975 0.333236 0
vt 0.204068 0.364272 0
vt 0.205787 0.354739 0
vt 0.21385 0.36554 0
vt 0.216431 0.349362 0
vt 0.227609 0.366414 0
vt 0.217155 0.324795 0
vt 0.229515 0.345598 0
vt 0.244475 0.367628 0
vt 0.213948 0.315266 0
vt 0.231117 0.313301 0
vt 0.246024 0.343506 0
vt 0.224256 0.28289 0
vt 0.231672 0.235989 0
vt 0.220016 0.285093 0
vt 0.233287 0.278492 0
vt 0.246599 0.311267 0
vt 0.246814 0.274227 0
vt 0.261404 0.367823 0
vt 0.261404 0.341873 0
vt 0.261404 0.310943 0
vt 0.261404 0.273571 0
vt 0.641111 0.78538 0
vt 0.648556 0.800165 0
vt 0.64044 0.803028 0
vt 0.642085 0.813921 0
vt 0.654659 0.817267 0
vt 0.632246 0.812673 0
vt 0.644902 0.830352 0
vt 0.658926 0.830883 0
vt 0.648204 0.850582 0
vt 0.631587 0.826168 0
vt 0.633139 0.844994 0
vt 0.637618 0.870359 0
vt 0.621071 0.818856 0
vt 0.623934 0.809579 0
vt 0.618783 0.838111 0
vt 0.61813 0.872829 0
vt 0.624986 0.892532 0
vt 0.612417 0.803666 0
vt 0.612132 0.825547 0
vt 0.610273 0.853588 0
vt 0.604378 0.834499 0
vt 0.600615 0.813615 0
vt 0.606005 0.89058 0
vt 0.611479 0.913092 0
vt 0.599513 0.869625 0
vt 0.594404 0.844799 0
vt 0.589617 0.819843 0
vt 0.584122 0.856098 0
vt 0.58828 0.882227 0
vt 0.593071 0.906183 0
vt 0.597385 0.930971 0
vt 0.597115 0.794207 0
vt 0.608361 0.78673 0
vt 0.618351 0.797086 0
vt 0.614187 0.782282 0
vt 0.586263 0.79782 0
vt 0.577209 0.823099 0
vt 0.574505 0.797015 0
vt 0.576307 0.887734 0
vt 0.581292 0.918718 0
vt 0.577914 0.860777 0
vt 0.572454 0.833243 0
vt 0.568759 0.808852 0
vt 0.561873 0.81623 0
vt 0.566063 0.794182 0
vt 0.556711 0.793423 0
vt 0.546004 0.818567 0
vt 0.5445 0.791423 0
vt 0.563402 0.905592 0
vt 0.5846 0.944841 0
vt 0.566323 0.933553 0
vt 0.568489 0.958618 0
vt 0.547105 0.909113 0
vt 0.548511 0.942214 0
vt 0.550549 0.970127 0
vt 0.532096 0.917104 0
vt 0.539389 0.889591 0
vt 0.534348 0.946161 0
vt 0.537254 0.976456 0
vt 0.519864 0.98139 0
vt 0.517968 0.949586 0
vt 0.5 0.983732 0
vt 0.529225 0.891044 0
vt 0.53723 0.865203 0
vt 0.516653 0.91979 0
vt 0.5 0.950476 0
vt 0.528105 0.864762 0
vt 0.515233 0.891741 0
vt 0.5 0.920367 0
vt 0.482032 0.949586 0
vt 0.480136 0.98139 0
vt 0.483347 0.91979 0
vt 0.5143 0.864906 0
vt 0.5 0.892117 0
vt 0.484767 0.891741 0
vt 0.465652 0.946161 0
vt 0.462746 0.976456 0
vt 0.449451 0.970127 0
vt 0.467904 0.917104 0
vt 0.451489 0.942214 0
vt 0.431511 0.958618 0
vt 0.470775 0.891044 0
vt 0.528579 0.838444 0
vt 0.53973 0.83832 0
vt 0.514253 0.838904 0
vt 0.5 0.865278 0
vt 0.5 0.839943 0
vt 0.4857 0.864906 0
vt 0.471895 0.864762 0
vt 0.485747 0.838904 0
vt 0.5 0.811446 0
vt 0.515027 0.812568 0
vt 0.530147 0.813789 0
vt 0.530834 0.788068 0
vt 0.516233 0.784259 0
vt 0.5 0.780717 0
vt 0.484973 0.812568 0
vt 0.483767 0.784259 0
vt 0.469166 0.788068 0
vt 0.471421 0.838444 0
vt 0.469853 0.813789 0
vt 0.4555 0.791423 0
vt 0.46277 0.865203 0
vt 0.46027 0.83832 0
vt 0.453995 0.818567 0
vt 0.443289 0.793423 0
vt 0.438127 0.81623 0
vt 0.433937 0.794182 0
vt 0.460611 0.889591 0
vt 0.452895 0.909113 0
vt 0.433677 0.933553 0
vt 0.4154 0.944841 0
vt 0.436598 0.905592 0
vt 0.418708 0.918718 0
vt 0.423693 0.887734 0
vt 0.402615 0.930971 0
vt 0.406929 0.906183 0
vt 0.388521 0.913092 0
vt 0.41172 0.882227 0
vt 0.422086 0.860777 0
vt 0.393995 0.89058 0
vt 0.375014 0.892532 0
vt 0.415878 0.856098 0
vt 0.427546 0.833243 0
vt 0.400487 0.869625 0
vt 0.38187 0.872829 0
vt 0.362382 0.870359 0
vt 0.431241 0.808852 0
vt 0.422791 0.823099 0
vt 0.425495 0.797015 0
vt 0.413737 0.79782 0
vt 0.410383 0.819843 0
vt 0.402885 0.794207 0
vt 0.405596 0.844799 0
vt 0.389727 0.853588 0
vt 0.395622 0.834499 0
vt 0.381217 0.838111 0
vt 0.366861 0.844994 0
vt 0.351796 0.850582 0
vt 0.399385 0.813615 0
vt 0.387868 0.825547 0
vt 0.387583 0.803666 0
vt 0.378929 0.818856 0
vt 0.368413 0.826168 0
vt 0.355098 0.830352 0
vt 0.341074 0.830883 0
vt 0.345341 0.817267 0
vt 0.357915 0.813921 0
vt 0.351444 0.800165 0
vt 0.367754 0.812673 0
vt 0.376066 0.809579 0
vt 0.35956 0.803028 0
vt 0.358889 0.78538 0
vt 0.391639 0.78673 0
vt 0.381649 0.797086 0
vt 0.385813 0.782282 0
vt 0.374019 0.803146 0
vt 0.380237 0.777662 0
vt 0.376358 0.792263 0
vt 0.368391 0.803815 0
vt 0.369704 0.789012 0
vt 0.361706 0.799058 0
vt 0.362273 0.785018 0
vt 0.373619 0.77229 0
vt 0.366504 0.766983 0
vt 0.359964 0.764987 0
vt 0.349549 0.776562 0
vt 0.35335 0.763069 0
vt 0.360946 0.73579 0
vt 0.368217 0.737921 0
vt 0.373865 0.742274 0
vt 0.380714 0.749253 0
vt 0.387126 0.756595 0
vt 0.393055 0.762254 0
vt 0.383311 0.715706 0
vt 0.389696 0.723247 0
vt 0.396343 0.731136 0
vt 0.401436 0.737235 0
vt 0.394868 0.687493 0
vt 0.400319 0.695038 0
vt 0.406242 0.704177 0
vt 0.41139 0.710357 0
vt 0.417817 0.680326 0
vt 0.423604 0.685678 0
vt 0.377151 0.710083 0
vt 0.390655 0.681879 0
vt 0.407404 0.661834 0
vt 0.412165 0.669833 0
vt 0.402867 0.654296 0
vt 0.429701 0.660196 0
vt 0.424859 0.647005 0
vt 0.421534 0.63881 0
vt 0.434581 0.670199 0
vt 0.444855 0.641773 0
vt 0.448973 0.657212 0
vt 0.464121 0.645158 0
vt 0.441571 0.626619 0
vt 0.461748 0.628924 0
vt 0.481146 0.63838 0
vt 0.37123 0.704521 0
vt 0.383666 0.677988 0
vt 0.396578 0.649836 0
vt 0.412083 0.62504 0
vt 0.418492 0.630845 0
vt 0.433063 0.598685 0
vt 0.439273 0.617216 0
vt 0.437185 0.608082 0
vt 0.452851 0.582507 0
vt 0.459977 0.611482 0
vt 0.458604 0.600395 0
vt 0.45501 0.591697 0
vt 0.475235 0.571418 0
vt 0.476901 0.580048 0
vt 0.5 0.564836 0
vt 0.480882 0.620744 0
vt 0.479747 0.603664 0
vt 0.478147 0.590251 0
vt 0.5 0.576287 0
vt 0.5 0.585601 0
vt 0.5 0.635846 0
vt 0.5 0.61873 0
vt 0.5 0.600523 0
vt 0.520253 0.603664 0
vt 0.519118 0.620744 0
vt 0.518855 0.63838 0
vt 0.521853 0.590251 0
vt 0.523099 0.580048 0
vt 0.541396 0.600395 0
vt 0.540023 0.611482 0
vt 0.538252 0.628924 0
vt 0.535879 0.645158 0
vt 0.524765 0.571418 0
vt 0.54499 0.591697 0
vt 0.547149 0.582507 0
vt 0.562815 0.608082 0
vt 0.566937 0.598685 0
vt 0.560726 0.617216 0
vt 0.581508 0.630845 0
vt 0.587917 0.62504 0
vt 0.558429 0.626619 0
vt 0.578466 0.63881 0
vt 0.597133 0.654296 0
vt 0.603422 0.649836 0
vt 0.555145 0.641773 0
vt 0.57514 0.647005 0
vt 0.592596 0.661834 0
vt 0.551027 0.657212 0
vt 0.565419 0.670199 0
vt 0.570299 0.660196 0
vt 0.576396 0.685678 0
vt 0.587835 0.669833 0
vt 0.582183 0.680326 0
vt 0.599681 0.695038 0
vt 0.605132 0.687493 0
vt 0.609345 0.681879 0
vt 0.616334 0.677988 0
vt 0.58861 0.710357 0
vt 0.593758 0.704177 0
vt 0.598564 0.737235 0
vt 0.603657 0.731136 0
vt 0.606946 0.762254 0
vt 0.610304 0.723247 0
vt 0.612874 0.756595 0
vt 0.616689 0.715706 0
vt 0.619286 0.749253 0
vt 0.619763 0.777662 0
vt 0.622849 0.710083 0
vt 0.626135 0.742274 0
vt 0.626381 0.77229 0
vt 0.623642 0.792263 0
vt 0.62877 0.704521 0
vt 0.631783 0.737921 0
vt 0.639054 0.73579 0
vt 0.633496 0.766983 0
vt 0.640036 0.764987 0
vt 0.64665 0.763069 0
vt 0.650451 0.776562 0
vt 0.637727 0.785018 0
vt 0.630296 0.789012 0
vt 0.638294 0.799058 0
vt 0.631609 0.803815 0
vt 0.625981 0.803146 0
vt 0.331372 0.629801 0
vt 0.339338 0.64275 0
vt 0.326093 0.645857 0
vt 0.330978 0.660038 0
vt 0.345479 0.652878 0
vt 0.317575 0.664805 0
vt 0.335417 0.673927 0
vt 0.351295 0.664258 0
vt 0.320511 0.680901 0
vt 0.30476 0.680098 0
vt 0.339689 0.689301 0
vt 0.356307 0.674637 0
vt 0.323032 0.696916 0
vt 0.306314 0.694988 0
vt 0.293574 0.689653 0
vt 0.343841 0.702877 0
vt 0.359952 0.681415 0
vt 0.326174 0.715378 0
vt 0.308197 0.71756 0
vt 0.292876 0.707555 0
vt 0.280267 0.691428 0
vt 0.346338 0.711846 0
vt 0.366283 0.690813 0
vt 0.350849 0.723617 0
vt 0.328877 0.73468 0
vt 0.330825 0.751684 0
vt 0.333574 0.76783 0
vt 0.310357 0.739757 0
vt 0.313322 0.762295 0
vt 0.316498 0.787163 0
vt 0.318255 0.806425 0
vt 0.293689 0.729676 0
vt 0.295447 0.755087 0
vt 0.298381 0.78302 0
vt 0.301236 0.816285 0
vt 0.301147 0.844355 0
vt 0.279913 0.713026 0
vt 0.280752 0.738064 0
vt 0.268567 0.71284 0
vt 0.269378 0.68838 0
vt 0.28095 0.76591 0
vt 0.267751 0.739657 0
vt 0.281464 0.796329 0
vt 0.266761 0.766892 0
vt 0.2826 0.834871 0
vt 0.26565 0.797123 0
vt 0.282962 0.87182 0
vt 0.264736 0.835177 0
vt 0.263972 0.874292 0
vt 0.240694 0.861512 0
vt 0.244142 0.823677 0
vt 0.22438 0.834724 0
vt 0.246726 0.786675 0
vt 0.230315 0.802996 0
vt 0.210896 0.792487 0
vt 0.249391 0.756996 0
vt 0.232935 0.769528 0
vt 0.215529 0.771346 0
vt 0.198489 0.750103 0
vt 0.252437 0.731948 0
vt 0.235978 0.741409 0
vt 0.219337 0.745804 0
vt 0.20212 0.733323 0
vt 0.187772 0.712118 0
vt 0.25534 0.706943 0
vt 0.239036 0.717272 0
vt 0.222878 0.721952 0
vt 0.20583 0.715973 0
vt 0.191619 0.698378 0
vt 0.175756 0.678599 0
vt 0.180428 0.666952 0
vt 0.195284 0.687601 0
vt 0.183387 0.659062 0
vt 0.209909 0.698898 0
vt 0.199897 0.67486 0
vt 0.188245 0.649158 0
vt 0.226604 0.700338 0
vt 0.214339 0.680996 0
vt 0.204848 0.661289 0
vt 0.194157 0.639099 0
vt 0.200313 0.629781 0
vt 0.242582 0.693718 0
vt 0.230681 0.679472 0
vt 0.219017 0.663777 0
vt 0.210119 0.648839 0
vt 0.20791 0.62201 0
vt 0.21624 0.635653 0
vt 0.225319 0.647165 0
vt 0.236281 0.659694 0
vt 0.247411 0.671919 0
vt 0.256422 0.680576 0
vt 0.856139 0.034903 0
vt 0.854316 0.046368 0
vt 0.850682 0.037673 0
vt 0.850676 0.042419 0
vt 0.846194 0.040438 0
vt 0.847048 0.046105 0
vt 0.850619 0.050699 0
vt 0.848717 0.053006 0
vt 0.850583 0.05779 0
vt 0.852508 0.053123 0
vt 0.833386 0.034903 0
vt 0.831623 0.046368 0
vt 0.828125 0.037673 0
vt 0.828125 0.042419 0
vt 0.824493 0.046105 0
vt 0.822797 0.034771 0
vt 0.828125 0.050699 0
vt 0.826175 0.053006 0
vt 0.828125 0.05779 0
vt 0.829901 0.053123 0
vt 0.809076 0.04072 0
vt 0.808231 0.046481 0
vt 0.804688 0.042605 0
vt 0.806525 0.053276 0
vt 0.804688 0.050886 0
vt 0.804688 0.057976 0
vt 0.80286 0.053166 0
vt 0.801203 0.046298 0
vt 0.799483 0.034868 0
vt 0.041255 0.72821 0
vt 0.046535 0.744267 0
vt 0.033289 0.74116 0
vt 0.041649 0.758448 0
vt 0.055052 0.763215 0
vt 0.027148 0.751288 0
vt 0.052116 0.779311 0
vt 0.067867 0.778508 0
vt 0.03721 0.772337 0
vt 0.021333 0.762667 0
vt 0.066313 0.793398 0
vt 0.079053 0.788063 0
vt 0.049595 0.795326 0
vt 0.032938 0.787711 0
vt 0.01632 0.773047 0
vt 0.079751 0.805965 0
vt 0.09236 0.789838 0
vt 0.06443 0.81597 0
vt 0.046453 0.813788 0
vt 0.028787 0.801287 0
vt 0.012675 0.779824 0
vt 0.092714 0.811436 0
vt 0.078938 0.828086 0
vt 0.06227 0.838167 0
vt 0.04375 0.83309 0
vt 0.026289 0.810256 0
vt 0.006344 0.789223 0
vt 0.021778 0.822027 0
vt 0.041802 0.850094 0
vt 0.039053 0.86624 0
vt 0.059305 0.860705 0
vt 0.056129 0.885573 0
vt 0.054372 0.904835 0
vt 0.07718 0.853497 0
vt 0.074247 0.88143 0
vt 0.071392 0.914695 0
vt 0.071481 0.942765 0
vt 0.091876 0.836473 0
vt 0.091678 0.86432 0
vt 0.091163 0.894739 0
vt 0.090027 0.933281 0
vt 0.089665 0.97023 0
vt 0.10406 0.81125 0
vt 0.104876 0.838067 0
vt 0.105866 0.865301 0
vt 0.106978 0.895533 0
vt 0.107891 0.933587 0
vt 0.108656 0.972702 0
vt 0.131933 0.959922 0
vt 0.128485 0.922087 0
vt 0.148247 0.933134 0
vt 0.125901 0.885085 0
vt 0.142312 0.901406 0
vt 0.161732 0.890897 0
vt 0.123236 0.855406 0
vt 0.139692 0.867938 0
vt 0.157098 0.869756 0
vt 0.174138 0.848513 0
vt 0.12019 0.830358 0
vt 0.13665 0.839819 0
vt 0.153291 0.844214 0
vt 0.170507 0.831733 0
vt 0.184855 0.810528 0
vt 0.10325 0.78679 0
vt 0.117287 0.805353 0
vt 0.116205 0.778986 0
vt 0.133591 0.815682 0
vt 0.130045 0.792128 0
vt 0.125216 0.770329 0
vt 0.149749 0.820362 0
vt 0.146023 0.798748 0
vt 0.141946 0.777882 0
vt 0.136346 0.758104 0
vt 0.147308 0.745575 0
vt 0.166797 0.814383 0
vt 0.162718 0.797308 0
vt 0.158288 0.779406 0
vt 0.153611 0.762187 0
vt 0.156387 0.734063 0
vt 0.181008 0.796788 0
vt 0.177344 0.786011 0
vt 0.17273 0.77327 0
vt 0.167779 0.759699 0
vt 0.162508 0.747248 0
vt 0.164717 0.72042 0
vt 0.172315 0.728191 0
vt 0.17847 0.737509 0
vt 0.184382 0.747568 0
vt 0.18924 0.757472 0
vt 0.192199 0.765362 0
vt 0.196871 0.777009 0
vt 0.143861 0.034903 0
vt 0.149318 0.037673 0
vt 0.145684 0.046368 0
vt 0.153806 0.040438 0
vt 0.149324 0.042419 0
vt 0.152952 0.046105 0
vt 0.149381 0.050699 0
vt 0.151283 0.053006 0
vt 0.149417 0.05779 0
vt 0.147492 0.053123 0
vt 0.177203 0.034771 0
vt 0.175507 0.046105 0
vt 0.171875 0.037673 0
vt 0.171875 0.042419 0
vt 0.168377 0.046368 0
vt 0.166614 0.034903 0
vt 0.171875 0.050699 0
vt 0.170099 0.053123 0
vt 0.171875 0.05779 0
vt 0.173824 0.053006 0
vt 0.200517 0.034868 0
vt 0.198797 0.046298 0
vt 0.195313 0.042605 0
vt 0.19714 0.053166 0
vt 0.195312 0.050886 0
vt 0.195313 0.057976 0
vt 0.193475 0.053276 0
vt 0.191769 0.046481 0
vt 0.190924 0.04072 0
vt 0.588721 0.278153 0
vt 0.582016 0.277272 0
vt 0.585724 0.243473 0
vt 0.579538 0.245527 0
vt 0.580062 0.223576 0
vt 0.574843 0.230598 0
vt 0.572496 0.223027 0
vt 0.575612 0.216792 0
vt 0.584476 0.204734 0
vt 0.558575 0.225614 0
vt 0.559522 0.21516 0
vt 0.578869 0.20046 0
vt 0.585742 0.165155 0
vt 0.56906 0.19692 0
vt 0.544464 0.214677 0
vt 0.54754 0.200821 0
vt 0.580287 0.164745 0
vt 0.579107 0.111765 0
vt 0.572563 0.171782 0
vt 0.550954 0.181582 0
vt 0.569829 0.156579 0
vt 0.573229 0.11254 0
vt 0.567379 0.072287 0
vt 0.558012 0.256954 0
vt 0.543814 0.228763 0
vt 0.537418 0.189766 0
vt 0.534604 0.202606 0
vt 0.531452 0.214551 0
vt 0.565065 0.153101 0
vt 0.54817 0.170816 0
vt 0.569512 0.118667 0
vt 0.560156 0.143814 0
vt 0.545179 0.265743 0
vt 0.530207 0.230166 0
vt 0.521366 0.203111 0
vt 0.519351 0.214686 0
vt 0.522796 0.191453 0
vt 0.534743 0.178895 0
vt 0.561988 0.073628 0
vt 0.551767 0.04153 0
vt 0.560465 0.084512 0
vt 0.562793 0.116734 0
vt 0.565997 0.260594 0
vt 0.561391 0.278111 0
vt 0.510333 0.203808 0
vt 0.511081 0.191263 0
vt 0.522225 0.180312 0
vt 0.544742 0.147937 0
vt 0.548541 0.131343 0
vt 0.534423 0.155447 0
vt 0.537304 0.124374 0
vt 0.550537 0.111032 0
vt 0.55674 0.090372 0
vt 0.547724 0.059163 0
vt 0.547862 0.046971 0
vt 0.535192 0.025609 0
vt 0.522961 0.156798 0
vt 0.524945 0.120546 0
vt 0.539075 0.102785 0
vt 0.550226 0.096684 0
vt 0.541856 0.082074 0
vt 0.526237 0.095475 0
vt 0.544414 0.06504 0
vt 0.527808 0.070576 0
vt 0.531572 0.041706 0
vt 0.530028 0.049685 0
vt 0.532842 0.032304 0
vt 0.515555 0.033574 0
vt 0.517155 0.015965 0
vt 0.516267 0.022441 0
vt 0.5 0.013262 0
vt 0.510992 0.179395 0
vt 0.511492 0.154212 0
vt 0.512515 0.116896 0
vt 0.513216 0.090654 0
vt 0.51397 0.062801 0
vt 0.514742 0.041845 0
vt 0.5 0.030859 0
vt 0.5 0.020106 0
vt 0.483733 0.022441 0
vt 0.482845 0.015965 0
vt 0.5 0.190575 0
vt 0.5 0.178524 0
vt 0.5 0.153341 0
vt 0.5 0.115591 0
vt 0.5 0.088735 0
vt 0.5 0.059789 0
vt 0.5 0.039816 0
vt 0.485258 0.041845 0
vt 0.48603 0.062801 0
vt 0.486784 0.090654 0
vt 0.487485 0.116896 0
vt 0.488508 0.154212 0
vt 0.489008 0.179395 0
vt 0.484445 0.033574 0
vt 0.469971 0.049685 0
vt 0.472192 0.070576 0
vt 0.473763 0.095475 0
vt 0.475055 0.120546 0
vt 0.477039 0.156798 0
vt 0.467158 0.032304 0
vt 0.468428 0.041706 0
vt 0.455586 0.06504 0
vt 0.458144 0.082074 0
vt 0.460925 0.102785 0
vt 0.464808 0.025609 0
vt 0.452138 0.046971 0
vt 0.448233 0.04153 0
vt 0.452276 0.059163 0
vt 0.438012 0.073628 0
vt 0.432621 0.072287 0
vt 0.44326 0.090372 0
vt 0.439535 0.084512 0
vt 0.426771 0.11254 0
vt 0.420893 0.111765 0
vt 0.449774 0.096684 0
vt 0.449463 0.111032 0
vt 0.437207 0.116734 0
vt 0.430488 0.118667 0
vt 0.462696 0.124374 0
vt 0.451459 0.131343 0
vt 0.439844 0.143814 0
vt 0.455258 0.147937 0
vt 0.465577 0.155447 0
vt 0.45183 0.170816 0
vt 0.465257 0.178895 0
vt 0.434935 0.153101 0
vt 0.430171 0.156579 0
vt 0.449046 0.181582 0
vt 0.462582 0.189766 0
vt 0.419713 0.164745 0
vt 0.427437 0.171782 0
vt 0.414258 0.165155 0
vt 0.421131 0.20046 0
vt 0.415524 0.204734 0
vt 0.43094 0.19692 0
vt 0.424388 0.216792 0
vt 0.419938 0.223576 0
vt 0.45246 0.200821 0
vt 0.440478 0.21516 0
vt 0.427504 0.223027 0
vt 0.425157 0.230598 0
vt 0.441425 0.225614 0
vt 0.455536 0.214677 0
vt 0.465396 0.202606 0
vt 0.477204 0.191453 0
vt 0.477775 0.180312 0
vt 0.488919 0.191263 0
vt 0.478634 0.203111 0
vt 0.489667 0.203808 0
vt 0.468548 0.214551 0
vt 0.480649 0.214686 0
vt 0.456186 0.228763 0
vt 0.469793 0.230166 0
vt 0.441988 0.256954 0
vt 0.45482 0.265743 0
vt 0.5 0.203113 0
vt 0.490912 0.215006 0
vt 0.481704 0.231331 0
vt 0.434003 0.260594 0
vt 0.438609 0.278111 0
vt 0.509088 0.215006 0
vt 0.5 0.214689 0
vt 0.5 0.231494 0
vt 0.491103 0.231301 0
vt 0.478776 0.272633 0
vt 0.4673 0.270745 0
vt 0.489551 0.273238 0
vt 0.5 0.271453 0
vt 0.508897 0.231301 0
vt 0.518296 0.231331 0
vt 0.510449 0.273238 0
vt 0.5 0.318483 0
vt 0.484697 0.319584 0
vt 0.464948 0.32201 0
vt 0.446434 0.302726 0
vt 0.521224 0.272633 0
vt 0.515302 0.319584 0
vt 0.5 0.362153 0
vt 0.483789 0.362555 0
vt 0.420462 0.245527 0
vt 0.417984 0.277272 0
vt 0.417891 0.312193 0
vt 0.5327 0.270745 0
vt 0.535052 0.32201 0
vt 0.553566 0.302726 0
vt 0.516211 0.362555 0
vt 0.5 0.405175 0
vt 0.467338 0.365598 0
vt 0.445862 0.348412 0
vt 0.483549 0.404414 0
vt 0.437844 0.330419 0
vt 0.554138 0.348412 0
vt 0.532661 0.365598 0
vt 0.516451 0.404414 0
vt 0.468676 0.402678 0
vt 0.452465 0.378247 0
vt 0.428656 0.371133 0
vt 0.421008 0.342914 0
vt 0.582109 0.312193 0
vt 0.587956 0.314974 0
vt 0.562156 0.330419 0
vt 0.578992 0.342914 0
vt 0.571344 0.371133 0
vt 0.584358 0.348384 0
vt 0.576219 0.379724 0
vt 0.547535 0.378247 0
vt 0.560931 0.396757 0
vt 0.565218 0.407509 0
vt 0.531324 0.402678 0
vt 0.542192 0.401049 0
vt 0.547716 0.420208 0
vt 0.533162 0.435896 0
vt 0.550875 0.431833 0
vt 0.535419 0.447837 0
vt 0.517521 0.444893 0
vt 0.518876 0.458697 0
vt 0.5 0.447764 0
vt 0.5 0.4661 0
vt 0.481124 0.458697 0
vt 0.482479 0.444893 0
vt 0.464581 0.447837 0
vt 0.466838 0.435896 0
vt 0.449125 0.431833 0
vt 0.452284 0.420208 0
vt 0.434782 0.407509 0
vt 0.457808 0.401049 0
vt 0.439069 0.396757 0
vt 0.423781 0.379724 0
vt 0.415642 0.348384 0
vt 0.412044 0.314974 0
vt 0.411279 0.278153 0
vt 0.414276 0.243473 0
vt 0.38003 0.020655 0
vt 0.378831 0.053501 0
vt 0.359418 0.014758 0
vt 0.358286 0.055446 0
vt 0.370685 0.101371 0
vt 0.337891 0.054927 0
vt 0.337891 0.012618 0
vt 0.316363 0.014758 0
vt 0.356269 0.098562 0
vt 0.317495 0.055446 0
vt 0.337891 0.096973 0
vt 0.319512 0.098562 0
vt 0.368675 0.138857 0
vt 0.378406 0.11421 0
vt 0.379864 0.139779 0
vt 0.354129 0.13639 0
vt 0.29695 0.053501 0
vt 0.295751 0.020655 0
vt 0.305096 0.101371 0
vt 0.337891 0.135459 0
vt 0.321652 0.13639 0
vt 0.337891 0.171566 0
vt 0.354273 0.172257 0
vt 0.369759 0.173143 0
vt 0.383058 0.169883 0
vt 0.307107 0.138857 0
vt 0.321508 0.172257 0
vt 0.337891 0.207207 0
vt 0.35535 0.207196 0
vt 0.372299 0.205866 0
vt 0.387732 0.200498 0
vt 0.297375 0.11421 0
vt 0.295917 0.139779 0
vt 0.306023 0.173143 0
vt 0.292723 0.169883 0
vt 0.320431 0.207196 0
vt 0.303482 0.205866 0
vt 0.288049 0.200498 0
vt 0.337891 0.244226 0
vt 0.31863 0.243439 0
vt 0.29963 0.239776 0
vt 0.281489 0.232412 0
vt 0.357151 0.243439 0
vt 0.337891 0.284257 0
vt 0.316579 0.282224 0
vt 0.295184 0.276427 0
vt 0.273774 0.266395 0
vt 0.359202 0.282224 0
vt 0.376151 0.239776 0
vt 0.380597 0.276427 0
vt 0.394292 0.232412 0
vt 0.402007 0.266395 0
vt 0.897864 0.490052 0
vt 0.913375 0.47374 0
vt 0.915362 0.490052 0
vt 0.896678 0.476379 0
vt 0.929503 0.470819 0
vt 0.932794 0.490052 0
vt 0.911771 0.456581 0
vt 0.895625 0.459235 0
vt 0.927698 0.450902 0
vt 0.942877 0.467829 0
vt 0.94434 0.490052 0
vt 0.954208 0.490052 0
vt 0.901031 0.44158 0
vt 0.892732 0.443289 0
vt 0.912427 0.440026 0
vt 0.955591 0.465387 0
vt 0.967304 0.490052 0
vt 0.94212 0.444799 0
vt 0.927431 0.43062 0
vt 0.89702 0.433649 0
vt 0.889252 0.433756 0
vt 0.893687 0.423138 0
vt 0.909556 0.421578 0
vt 0.905866 0.412152 0
vt 0.902231 0.402971 0
vt 0.914838 0.426652 0
vt 0.926988 0.411025 0
vt 0.923584 0.393325 0
vt 0.920356 0.383437 0
vt 0.917465 0.37448 0
vt 0.94167 0.420727 0
vt 0.940468 0.396043 0
vt 0.937505 0.370768 0
vt 0.934466 0.360035 0
vt 0.932136 0.351876 0
vt 0.947872 0.332691 0
vt 0.956026 0.439554 0
vt 0.955556 0.412383 0
vt 0.954472 0.383628 0
vt 0.952561 0.352764 0
vt 0.950432 0.340612 0
vt 0.963653 0.319333 0
vt 0.969806 0.463553 0
vt 0.971109 0.435549 0
vt 0.971025 0.405785 0
vt 0.969918 0.374617 0
vt 0.967257 0.342264 0
vt 0.965521 0.329246 0
vt 0.981624 0.311755 0
vt 0.982646 0.321341 0
vt 1 0.308613 0
vt 1 0.319288 0
vt 0.983971 0.335525 0
vt 1 0.333438 0
vt 1 0.366186 0
vt 0.984747 0.36884 0
vt 1 0.400706 0
vt 0.98528 0.401789 0
vt 1 0.432868 0
vt 0.98529 0.433531 0
vt 1 0.462431 0
vt 0.984563 0.462564 0
vt 1 0.490052 0
vt 0.983551 0.490052 0
vt 0.102136 0.490052 0
vt 0.084638 0.490052 0
vt 0.086625 0.47374 0
vt 0.103322 0.476379 0
vt 0.088229 0.456581 0
vt 0.104375 0.459235 0
vt 0.070497 0.470819 0
vt 0.067206 0.490052 0
vt 0.072302 0.450902 0
vt 0.057123 0.467829 0
vt 0.05566 0.490052 0
vt 0.045792 0.490052 0
vt 0.098969 0.44158 0
vt 0.107268 0.443289 0
vt 0.087573 0.440026 0
vt 0.044409 0.465387 0
vt 0.032696 0.490052 0
vt 0.05788 0.444799 0
vt 0.072569 0.43062 0
vt 0.10298 0.433649 0
vt 0.110748 0.433756 0
vt 0.106313 0.423138 0
vt 0.090444 0.421578 0
vt 0.094134 0.412152 0
vt 0.097769 0.402971 0
vt 0.085162 0.426652 0
vt 0.073013 0.411025 0
vt 0.076416 0.393325 0
vt 0.079644 0.383437 0
vt 0.082535 0.37448 0
vt 0.05833 0.420727 0
vt 0.059532 0.396043 0
vt 0.062495 0.370768 0
vt 0.065534 0.360035 0
vt 0.067864 0.351876 0
vt 0.052128 0.332691 0
vt 0.043974 0.439554 0
vt 0.044444 0.412383 0
vt 0.045528 0.383628 0
vt 0.047439 0.352764 0
vt 0.049568 0.340612 0
vt 0.036347 0.319333 0
vt 0.030194 0.463553 0
vt 0.028891 0.435549 0
vt 0.028975 0.405785 0
vt 0.030082 0.374617 0
vt 0.032743 0.342264 0
vt 0.034479 0.329246 0
vt 0.018376 0.311755 0
vt 0.017354 0.321341 0
vt 0 0.308613 0
vt 0 0.319288 0
vt 0.016029 0.335525 0
vt 0 0.333438 0
vt 0 0.366186 0
vt 0.015252 0.368841 0
vt 0 0.400706 0
vt 0.01472 0.401789 0
vt 0 0.432868 0
vt 0.01471 0.433531 0
vt 0 0.462431 0
vt 0.015437 0.462564 0
vt 0 0.490052 0
vt 0.016449 0.490052 0
vt 0.641727 0.966736 0
vt 0.635793 0.96782 0
vt 0.638953 0.941206 0
vt 0.639847 0.972085 0
vt 0.632856 0.96646 0
vt 0.632856 0.937945 0
vt 0.626305 0.941587 0
vt 0.634995 0.97554 0
vt 0.636296 0.978853 0
vt 0.632856 0.976678 0
vt 0.632856 0.982235 0
vt 0.629586 0.978881 0
vt 0.630851 0.975548 0
vt 0.626118 0.97247 0
vt 0.6301 0.967906 0
vt 0.622187 0.961925 0
vt 0.663191 0.906854 0
vt 0.667332 0.886492 0
vt 0.671106 0.91286 0
vt 0.667121 0.91743 0
vt 0.6739 0.911407 0
vt 0.6739 0.882874 0
vt 0.679991 0.886167 0
vt 0.671882 0.920502 0
vt 0.670617 0.923853 0
vt 0.6739 0.921622 0
vt 0.6739 0.927182 0
vt 0.677324 0.923782 0
vt 0.676025 0.920483 0
vt 0.680853 0.91704 0
vt 0.6768 0.912776 0
vt 0.684624 0.906362 0
vt 0.693196 0.968888 0
vt 0.695397 0.943216 0
vt 0.699144 0.969616 0
vt 0.695159 0.974189 0
vt 0.701979 0.968176 0
vt 0.701979 0.939625 0
vt 0.708084 0.94297 0
vt 0.699946 0.977258 0
vt 0.698682 0.980625 0
vt 0.701979 0.978366 0
vt 0.701979 0.983929 0
vt 0.705292 0.980687 0
vt 0.703994 0.97744 0
vt 0.708874 0.973957 0
vt 0.704824 0.969615 0
vt 0.712684 0.963278 0
vt 0.832702 0.269075 0
vt 0.828287 0.273744 0
vt 0.825859 0.255502 0
vt 0.834411 0.285156 0
vt 0.823282 0.265196 0
vt 0.816406 0.250459 0
vt 0.816406 0.273659 0
vt 0.816406 0.261815 0
vt 0.808951 0.264832 0
vt 0.805612 0.254603 0
vt 0.80019 0.268888 0
vt 0.804668 0.273597 0
vt 0.798781 0.285156 0
vt 0.816406 0.285156 0
vt 0.803512 0.285156 0
vt 0.801007 0.301653 0
vt 0.805147 0.29704 0
vt 0.806552 0.314482 0
vt 0.829668 0.285156 0
vt 0.828224 0.297066 0
vt 0.816406 0.297032 0
vt 0.80951 0.306206 0
vt 0.816406 0.318918 0
vt 0.816406 0.309511 0
vt 0.823199 0.306107 0
vt 0.825735 0.31408 0
vt 0.831638 0.304539 0
vt 0.377813 0.961925 0
vt 0.3699 0.967906 0
vt 0.373695 0.941587 0
vt 0.373882 0.97247 0
vt 0.367144 0.96646 0
vt 0.367144 0.937945 0
vt 0.361047 0.941206 0
vt 0.369149 0.975548 0
vt 0.370414 0.978881 0
vt 0.367144 0.976678 0
vt 0.367144 0.982235 0
vt 0.363704 0.978853 0
vt 0.365005 0.97554 0
vt 0.360153 0.972085 0
vt 0.364207 0.96782 0
vt 0.358273 0.966736 0
vt 0.315376 0.906362 0
vt 0.320008 0.886167 0
vt 0.3232 0.912776 0
vt 0.319147 0.91704 0
vt 0.3261 0.911407 0
vt 0.3261 0.882874 0
vt 0.332668 0.886492 0
vt 0.323975 0.920483 0
vt 0.322676 0.923782 0
vt 0.3261 0.921622 0
vt 0.3261 0.927182 0
vt 0.329383 0.923853 0
vt 0.328118 0.920502 0
vt 0.332879 0.91743 0
vt 0.328894 0.91286 0
vt 0.336809 0.906854 0
vt 0.306804 0.968888 0
vt 0.300856 0.969616 0
vt 0.304603 0.943216 0
vt 0.304841 0.974189 0
vt 0.298021 0.968176 0
vt 0.298021 0.939625 0
vt 0.291916 0.94297 0
vt 0.300054 0.977258 0
vt 0.301318 0.980625 0
vt 0.298021 0.978366 0
vt 0.298021 0.983929 0
vt 0.294708 0.980687 0
vt 0.296006 0.97744 0
vt 0.291126 0.973957 0
vt 0.295176 0.969615 0
vt 0.287316 0.963278 0
vt 0.167298 0.269075 0
vt 0.174141 0.255502 0
vt 0.171713 0.273744 0
vt 0.165589 0.285156 0
vt 0.176718 0.265196 0
vt 0.183594 0.250459 0
vt 0.183594 0.273659 0
vt 0.183594 0.261815 0
vt 0.191049 0.264832 0
vt 0.194388 0.254603 0
vt 0.19981 0.268888 0
vt 0.195332 0.273597 0
vt 0.201219 0.285156 0
vt 0.183594 0.285156 0
vt 0.196488 0.285156 0
vt 0.198993 0.301653 0
vt 0.194853 0.29704 0
vt 0.193448 0.314482 0
vt 0.170332 0.285156 0
vt 0.171776 0.297066 0
vt 0.183594 0.297032 0
vt 0.19049 0.306206 0
vt 0.183594 0.318918 0
vt 0.183594 0.309511 0
vt 0.176801 0.306107 0
vt 0.174265 0.31408 0
vt 0.168362 0.304539 0
vt 0.875658 0.423986 0
vt 0.858563 0.432857 0
vt 0.862996 0.396067 0
vt 0.875445 0.455663 0
vt 0.87134 0.485291 0
vt 0.860016 0.45494 0
vt 0.857512 0.478747 0
vt 0.845931 0.456046 0
vt 0.843172 0.471395 0
vt 0.851401 0.412842 0
vt 0.846592 0.376156 0
vt 0.845535 0.439671 0
vt 0.831233 0.45129 0
vt 0.829688 0.454247 0
vt 0.83226 0.447118 0
vt 0.841157 0.426693 0
vt 0.84077 0.396516 0
vt 0.8277 0.37321 0
vt 0.829039 0.44932 0
vt 0.828226 0.450611 0
vt 0.827545 0.447197 0
vt 0.829668 0.447526 0
vt 0.831152 0.443066 0
vt 0.829109 0.445548 0
vt 0.828399 0.443612 0
vt 0.835142 0.417399 0
vt 0.829495 0.439271 0
vt 0.827651 0.394175 0
vt 0.827361 0.415962 0
vt 0.827088 0.43903 0
vt 0.827205 0.443306 0
vt 0.826463 0.443711 0
vt 0.825327 0.44011 0
vt 0.825779 0.445201 0
vt 0.81817 0.420273 0
vt 0.823732 0.443056 0
vt 0.825561 0.44768 0
vt 0.812633 0.400822 0
vt 0.812068 0.430641 0
vt 0.823165 0.447904 0
vt 0.806683 0.383007 0
vt 0.801346 0.418273 0
vt 0.789781 0.403894 0
vt 0.808959 0.445365 0
vt 0.7949 0.443306 0
vt 0.778799 0.441662 0
vt 0.823925 0.451416 0
vt 0.809379 0.459885 0
vt 0.795629 0.465606 0
vt 0.813338 0.474919 0
vt 0.825468 0.45439 0
vt 0.825947 0.449143 0
vt 0.826571 0.450326 0
vt 0.800844 0.489714 0
vt 0.78827 0.501898 0
vt 0.7818 0.470928 0
vt 0.124342 0.423986 0
vt 0.137004 0.396067 0
vt 0.141437 0.432857 0
vt 0.124555 0.455663 0
vt 0.139984 0.45494 0
vt 0.12866 0.485291 0
vt 0.142488 0.478747 0
vt 0.154069 0.456046 0
vt 0.156828 0.471395 0
vt 0.148599 0.412842 0
vt 0.153408 0.376156 0
vt 0.154465 0.439671 0
vt 0.168767 0.45129 0
vt 0.170312 0.454247 0
vt 0.16774 0.447118 0
vt 0.158843 0.426693 0
vt 0.15923 0.396516 0
vt 0.1723 0.37321 0
vt 0.170961 0.44932 0
vt 0.171774 0.450611 0
vt 0.172455 0.447197 0
vt 0.170332 0.447526 0
vt 0.168848 0.443066 0
vt 0.170891 0.445548 0
vt 0.171601 0.443612 0
vt 0.164858 0.417399 0
vt 0.170505 0.439271 0
vt 0.172349 0.394175 0
vt 0.172639 0.415962 0
vt 0.172912 0.43903 0
vt 0.172795 0.443306 0
vt 0.173537 0.443711 0
vt 0.174673 0.44011 0
vt 0.174221 0.445201 0
vt 0.18183 0.420273 0
vt 0.176268 0.443056 0
vt 0.174439 0.44768 0
vt 0.187367 0.400822 0
vt 0.187931 0.430641 0
vt 0.176835 0.447904 0
vt 0.193317 0.383007 0
vt 0.198654 0.418273 0
vt 0.210219 0.403894 0
vt 0.191041 0.445365 0
vt 0.2051 0.443306 0
vt 0.221201 0.441662 0
vt 0.176075 0.451416 0
vt 0.190621 0.459885 0
vt 0.204371 0.465606 0
vt 0.186662 0.474919 0
vt 0.174532 0.45439 0
vt 0.174053 0.449143 0
vt 0.173429 0.450326 0
vt 0.199156 0.489714 0
vt 0.21173 0.501898 0
vt 0.2182 0.470928 0
vt 0.57048 0.780543 0
vt 0.57048 0.762611 0
vt 0.582053 0.7655 0
vt 0.558637 0.76451 0
vt 0.57502 0.756483 0
vt 0.582116 0.74091 0
vt 0.566762 0.754824 0
vt 0.557946 0.741364 0
vt 0.57048 0.750614 0
vt 0.566434 0.747357 0
vt 0.57048 0.724254 0
vt 0.57048 0.740855 0
vt 0.574956 0.748544 0
vt 0.42952 0.780543 0
vt 0.417947 0.7655 0
vt 0.42952 0.762611 0
vt 0.441363 0.76451 0
vt 0.433238 0.754824 0
vt 0.442054 0.741364 0
vt 0.42498 0.756483 0
vt 0.417884 0.74091 0
vt 0.42952 0.750614 0
vt 0.425044 0.748544 0
vt 0.42952 0.724254 0
vt 0.42952 0.740855 0
vt 0.433566 0.747357 0
vt 0.372753 0.339952 0
vt 0.373821 0.296833 0
vt 0.38198 0.296982 0
vt 0.365715 0.296769 0
vt 0.380868 0.340245 0
vt 0.365736 0.339962 0
vt 0.38474 0.383872 0
vt 0.367196 0.385785 0
vt 0.377149 0.389548 0
vt 0.352649 0.340277 0
vt 0.352528 0.296768 0
vt 0.394969 0.425278 0
vt 0.353314 0.38363 0
vt 0.370564 0.428996 0
vt 0.354459 0.425471 0
vt 0.337891 0.339505 0
vt 0.337891 0.296769 0
vt 0.388911 0.435924 0
vt 0.412118 0.454787 0
vt 0.337891 0.424195 0
vt 0.354861 0.465328 0
vt 0.337891 0.464604 0
vt 0.337891 0.382614 0
vt 0.323253 0.296768 0
vt 0.40825 0.468188 0
vt 0.432237 0.481767 0
vt 0.37108 0.468935 0
vt 0.321322 0.425471 0
vt 0.337891 0.501777 0
vt 0.320921 0.465328 0
vt 0.323133 0.340277 0
vt 0.322468 0.38363 0
vt 0.427884 0.495259 0
vt 0.450283 0.515527 0
vt 0.4548 0.50219 0
vt 0.387635 0.476778 0
vt 0.354874 0.502591 0
vt 0.305218 0.428996 0
vt 0.320907 0.502591 0
vt 0.304702 0.468935 0
vt 0.310046 0.339962 0
vt 0.308586 0.385785 0
vt 0.310067 0.296769 0
vt 0.440181 0.540339 0
vt 0.4042 0.493824 0
vt 0.421054 0.516574 0
vt 0.370803 0.505023 0
vt 0.337891 0.539046 0
vt 0.28687 0.435924 0
vt 0.304978 0.505023 0
vt 0.288146 0.476778 0
vt 0.303029 0.339952 0
vt 0.298633 0.389548 0
vt 0.42795 0.565918 0
vt 0.385949 0.509908 0
vt 0.400017 0.52035 0
vt 0.355322 0.53884 0
vt 0.320459 0.53884 0
vt 0.267531 0.468188 0
vt 0.289832 0.509908 0
vt 0.271581 0.493824 0
vt 0.291041 0.383872 0
vt 0.280812 0.425278 0
vt 0.30196 0.296833 0
vt 0.413129 0.540444 0
vt 0.413528 0.587629 0
vt 0.371386 0.539446 0
vt 0.38562 0.539282 0
vt 0.337891 0.576387 0
vt 0.304396 0.539446 0
vt 0.247898 0.495259 0
vt 0.263663 0.454787 0
vt 0.243544 0.481767 0
vt 0.294914 0.340245 0
vt 0.293801 0.296982 0
vt 0.403258 0.559344 0
vt 0.400183 0.600137 0
vt 0.396345 0.539531 0
vt 0.356676 0.576102 0
vt 0.374023 0.574451 0
vt 0.290161 0.539282 0
vt 0.275765 0.52035 0
vt 0.319105 0.576102 0
vt 0.225498 0.515527 0
vt 0.254727 0.516574 0
vt 0.2356 0.540339 0
vt 0.389886 0.569172 0
vt 0.378617 0.612356 0
vt 0.337891 0.618517 0
vt 0.358933 0.617034 0
vt 0.301758 0.574451 0
vt 0.279436 0.539531 0
vt 0.285895 0.569172 0
vt 0.220981 0.50219 0
vt 0.247831 0.565918 0
vt 0.316849 0.617034 0
vt 0.262653 0.540444 0
vt 0.297164 0.612356 0
vt 0.272523 0.559344 0
vt 0.275598 0.600137 0
vt 0.262253 0.587629 0
vt 0.753579 0.234127 0
vt 0.769505 0.193182 0
vt 0.738596 0.233926 0
vt 0.785353 0.193056 0
vt 0.754023 0.192295 0
vt 0.769923 0.150962 0
vt 0.738596 0.192375 0
vt 0.754373 0.149756 0
vt 0.785971 0.152552 0
vt 0.769805 0.107636 0
vt 0.785477 0.112359 0
vt 0.738596 0.149702 0
vt 0.806482 0.185861 0
vt 0.782716 0.068402 0
vt 0.754182 0.105963 0
vt 0.768238 0.061749 0
vt 0.826669 0.184546 0
vt 0.843162 0.189051 0
vt 0.807646 0.120148 0
vt 0.807352 0.15323 0
vt 0.773308 0.011719 0
vt 0.804416 0.093653 0
vt 0.785647 0.05207 0
vt 0.800248 0.075912 0
vt 0.738596 0.105568 0
vt 0.860014 0.195927 0
vt 0.844657 0.156761 0
vt 0.862302 0.159653 0
vt 0.828958 0.123597 0
vt 0.827981 0.154509 0
vt 0.765469 0.011719 0
vt 0.753426 0.061219 0
vt 0.779297 0.011719 0
vt 0.824049 0.087463 0
vt 0.846436 0.123649 0
vt 0.876532 0.200226 0
vt 0.86463 0.123106 0
vt 0.879287 0.162493 0
vt 0.828531 0.099756 0
vt 0.752733 0.011719 0
vt 0.738596 0.060566 0
vt 0.882369 0.124789 0
vt 0.848046 0.093197 0
vt 0.868623 0.083481 0
vt 0.894893 0.204106 0
vt 0.844033 0.084176 0
vt 0.738596 0.011719 0
vt 0.887617 0.086652 0
vt 0.897913 0.165406 0
vt 0.901592 0.127327 0
vt 0.860258 0.070898 0
vt 0.906012 0.08965 0
vt 0.881255 0.042352 0
vt 0.895744 0.046982 0
vt 0.913954 0.20676 0
vt 0.917554 0.168664 0
vt 0.873047 0.039063 0
vt 0.911674 0.052694 0
vt 0.92102 0.130248 0
vt 0.924502 0.092679 0
vt 0.93292 0.208539 0
vt 0.927965 0.056635 0
vt 0.936893 0.171966 0
vt 0.939961 0.132625 0
vt 0.939081 0.093926 0
vt 0.941365 0.057328 0
vt 0.952478 0.211536 0
vt 0.956504 0.174045 0
vt 0.96089 0.094573 0
vt 0.961849 0.05647 0
vt 0.97476 0.22012 0
vt 0.959145 0.134166 0
vt 0.977649 0.175801 0
vt 0.979958 0.093438 0
vt 0.980166 0.054302 0
vt 0.979201 0.134021 0
vt 1 0.216042 0
vt 1 0.175546 0
vt 1 0.092636 0
vt 1 0.053091 0
vt 1 0.133462 0
vt 0 0.216042 0
vt 0.02524 0.22012 0
vt 0.022351 0.175801 0
vt 0 0.175546 0
vt 0.020799 0.134021 0
vt 0 0.133462 0
vt 0.043496 0.174045 0
vt 0.047522 0.211536 0
vt 0.020042 0.093438 0
vt 0 0.092636 0
vt 0.040855 0.134166 0
vt 0.019834 0.054302 0
vt 0 0.053091 0
vt 0.060039 0.132625 0
vt 0.063107 0.171966 0
vt 0.039109 0.094573 0
vt 0.06708 0.208539 0
vt 0.038151 0.05647 0
vt 0.07898 0.130248 0
vt 0.060919 0.093926 0
vt 0.075498 0.092679 0
vt 0.086046 0.20676 0
vt 0.058635 0.057328 0
vt 0.082446 0.168664 0
vt 0.072035 0.056635 0
vt 0.093988 0.08965 0
vt 0.088326 0.052694 0
vt 0.105107 0.204106 0
vt 0.098408 0.127327 0
vt 0.102087 0.165406 0
vt 0.104256 0.046982 0
vt 0.123468 0.200226 0
vt 0.117631 0.124789 0
vt 0.120713 0.162493 0
vt 0.112383 0.086652 0
vt 0.118745 0.042352 0
vt 0.13537 0.123106 0
vt 0.137698 0.159653 0
vt 0.131377 0.083481 0
vt 0.126953 0.039063 0
vt 0.139986 0.195927 0
vt 0.139742 0.070898 0
vt 0.153564 0.123649 0
vt 0.151954 0.093197 0
vt 0.156838 0.189051 0
vt 0.171469 0.099756 0
vt 0.155343 0.156761 0
vt 0.171042 0.123597 0
vt 0.155967 0.084176 0
vt 0.173331 0.184546 0
vt 0.193518 0.185861 0
vt 0.192354 0.120148 0
vt 0.172019 0.154509 0
vt 0.192648 0.15323 0
vt 0.175951 0.087463 0
vt 0.214647 0.193056 0
vt 0.214029 0.152552 0
vt 0.195584 0.093653 0
vt 0.214523 0.112359 0
vt 0.230495 0.193182 0
vt 0.230077 0.150962 0
vt 0.217284 0.068402 0
vt 0.230195 0.107636 0
vt 0.199752 0.075912 0
vt 0.246421 0.234127 0
vt 0.245627 0.149756 0
vt 0.231762 0.061749 0
vt 0.245818 0.105963 0
vt 0.214353 0.05207 0
vt 0.245976 0.192295 0
vt 0.246574 0.061219 0
vt 0.226692 0.011719 0
vt 0.234531 0.011719 0
vt 0.261404 0.149702 0
vt 0.261404 0.233926 0
vt 0.261404 0.192375 0
vt 0.247267 0.011719 0
vt 0.261404 0.105568 0
vt 0.261404 0.060566 0
vt 0.220703 0.011719 0
vt 0.261404 0.011719 0
vt 0.171826 0.512187 0
vt 0.175968 0.51897 0
vt 0.162968 0.53127 0
vt 0.166706 0.540152 0
vt 0.179925 0.525827 0
vt 0.155362 0.545199 0
vt 0.16965 0.547968 0
vt 0.184291 0.532457 0
vt 0.157107 0.557783 0
vt 0.143457 0.563047 0
vt 0.172916 0.556344 0
vt 0.189256 0.540004 0
vt 0.145893 0.57361 0
vt 0.134876 0.585731 0
vt 0.131401 0.573995 0
vt 0.159448 0.56739 0
vt 0.176109 0.565409 0
vt 0.193706 0.547218 0
vt 0.121179 0.589972 0
vt 0.149349 0.585878 0
vt 0.137276 0.602324 0
vt 0.162134 0.577747 0
vt 0.178883 0.574527 0
vt 0.199777 0.555728 0
vt 0.11999 0.57768 0
vt 0.151047 0.598755 0
vt 0.122685 0.613084 0
vt 0.13948 0.61922 0
vt 0.164501 0.590145 0
vt 0.184406 0.586837 0
vt 0.10669 0.578763 0
vt 0.124403 0.638504 0
vt 0.152852 0.616111 0
vt 0.141056 0.64242 0
vt 0.166007 0.602126 0
vt 0.168709 0.618417 0
vt 0.106076 0.590957 0
vt 0.125855 0.666215 0
vt 0.105625 0.617396 0
vt 0.105195 0.646704 0
vt 0.154059 0.632549 0
vt 0.153754 0.657688 0
vt 0.093446 0.577481 0
vt 0.104652 0.678153 0
vt 0.141146 0.66527 0
vt 0.126253 0.693201 0
vt 0.092003 0.589163 0
vt 0.089448 0.617538 0
vt 0.103686 0.708023 0
vt 0.087372 0.647282 0
vt 0.08406 0.676483 0
vt 0.139055 0.693717 0
vt 0.080366 0.573703 0
vt 0.07789 0.585693 0
vt 0.079867 0.705809 0
vt 0.125137 0.723232 0
vt 0.102396 0.740753 0
vt 0.068932 0.635948 0
vt 0.064281 0.662794 0
vt 0.067626 0.566878 0
vt 0.07348 0.609149 0
vt 0.064104 0.578366 0
vt 0.075869 0.737876 0
vt 0.047511 0.63919 0
vt 0.058458 0.68923 0
vt 0.041155 0.661084 0
vt 0.055741 0.556141 0
vt 0.053562 0.617513 0
vt 0.059401 0.595449 0
vt 0.05215 0.717166 0
vt 0.030634 0.623645 0
vt 0.034623 0.684195 0
vt 0.023775 0.638338 0
vt 0.052531 0.566683 0
vt 0.043344 0.54868 0
vt 0.047717 0.53664 0
vt 0.042939 0.593403 0
vt 0.047942 0.579287 0
vt 0.037011 0.609307 0
vt 0.01741 0.597581 0
vt 0.036511 0.526338 0
vt 0.039001 0.5579 0
vt 0.031289 0.532861 0
vt 0.029532 0.578741 0
vt 0.024466 0.5889 0
vt 0.041553 0.519534 0
vt 0.026786 0.538534 0
vt 0.034265 0.567951 0
vt 0.010459 0.559829 0
vt 0.021732 0.54551 0
vt 0.017167 0.551823 0
vt 0.267377 0.627398 0
vt 0.273438 0.637028 0
vt 0.270103 0.646313 0
vt 0.273438 0.64234 0
vt 0.277873 0.639837 0
vt 0.273438 0.650494 0
vt 0.271721 0.65287 0
vt 0.276983 0.646085 0
vt 0.273438 0.657564 0
vt 0.275399 0.652759 0
vt 0.232688 0.598721 0
vt 0.230159 0.613633 0
vt 0.226563 0.601845 0
vt 0.226563 0.60994 0
vt 0.226562 0.618108 0
vt 0.22855 0.62047 0
vt 0.22314 0.614004 0
vt 0.220397 0.598814 0
vt 0.226563 0.625252 0
vt 0.224889 0.620458 0
vt 0.256024 0.618549 0
vt 0.253575 0.634354 0
vt 0.25 0.621997 0
vt 0.25 0.630713 0
vt 0.25 0.638873 0
vt 0.251972 0.641243 0
vt 0.244772 0.623996 0
vt 0.25 0.645959 0
vt 0.246551 0.634711 0
vt 0.248309 0.641206 0
vt 0.828174 0.512187 0
vt 0.837032 0.53127 0
vt 0.824032 0.51897 0
vt 0.833294 0.540152 0
vt 0.844638 0.545199 0
vt 0.820075 0.525827 0
vt 0.842893 0.557783 0
vt 0.856543 0.563047 0
vt 0.83035 0.547968 0
vt 0.815709 0.532457 0
vt 0.854107 0.57361 0
vt 0.865124 0.585731 0
vt 0.868599 0.573995 0
vt 0.827084 0.556344 0
vt 0.810744 0.540004 0
vt 0.840552 0.56739 0
vt 0.878821 0.589972 0
vt 0.88001 0.57768 0
vt 0.823891 0.565409 0
vt 0.806294 0.547218 0
vt 0.850651 0.585878 0
vt 0.89331 0.578763 0
vt 0.837866 0.577747 0
vt 0.821117 0.574527 0
vt 0.800223 0.555728 0
vt 0.862724 0.602324 0
vt 0.893924 0.590957 0
vt 0.906554 0.577481 0
vt 0.835499 0.590145 0
vt 0.848953 0.598755 0
vt 0.815594 0.586837 0
vt 0.877315 0.613084 0
vt 0.907997 0.589163 0
vt 0.919634 0.573703 0
vt 0.847148 0.616111 0
vt 0.86052 0.61922 0
vt 0.833993 0.602126 0
vt 0.894375 0.617396 0
vt 0.92211 0.585693 0
vt 0.932374 0.566878 0
vt 0.858944 0.64242 0
vt 0.875597 0.638504 0
vt 0.831291 0.618417 0
vt 0.910552 0.617538 0
vt 0.935896 0.578366 0
vt 0.944259 0.556141 0
vt 0.845941 0.632549 0
vt 0.894805 0.646704 0
vt 0.874145 0.666215 0
vt 0.92652 0.609149 0
vt 0.947469 0.566683 0
vt 0.956656 0.54868 0
vt 0.952283 0.53664 0
vt 0.846246 0.657688 0
vt 0.858854 0.66527 0
vt 0.912628 0.647282 0
vt 0.895348 0.678153 0
vt 0.940599 0.595449 0
vt 0.931068 0.635948 0
vt 0.946438 0.617513 0
vt 0.960999 0.5579 0
vt 0.952058 0.579287 0
vt 0.963489 0.526338 0
vt 0.958447 0.519534 0
vt 0.860945 0.693717 0
vt 0.873747 0.693201 0
vt 0.952489 0.63919 0
vt 0.957061 0.593403 0
vt 0.962989 0.609307 0
vt 0.91594 0.676483 0
vt 0.935719 0.662794 0
vt 0.968711 0.532861 0
vt 0.965735 0.567951 0
vt 0.973214 0.538534 0
vt 0.874863 0.723232 0
vt 0.896314 0.708023 0
vt 0.969366 0.623645 0
vt 0.970468 0.578741 0
vt 0.975534 0.5889 0
vt 0.920133 0.705809 0
vt 0.958845 0.661084 0
vt 0.941542 0.68923 0
vt 0.978267 0.54551 0
vt 0.897604 0.740753 0
vt 0.98259 0.597581 0
vt 0.982833 0.551823 0
vt 0.989541 0.559829 0
vt 0.965377 0.684195 0
vt 0.94785 0.717166 0
vt 0.924131 0.737876 0
vt 0.976225 0.638338 0
vt 0.732623 0.627398 0
vt 0.729897 0.646313 0
vt 0.726563 0.637028 0
vt 0.726563 0.64234 0
vt 0.726562 0.650494 0
vt 0.728279 0.65287 0
vt 0.722127 0.639837 0
vt 0.726563 0.657564 0
vt 0.723017 0.646085 0
vt 0.724601 0.652759 0
vt 0.779603 0.598814 0
vt 0.77686 0.614004 0
vt 0.773438 0.601845 0
vt 0.773438 0.60994 0
vt 0.773438 0.618108 0
vt 0.775111 0.620458 0
vt 0.769841 0.613633 0
vt 0.767312 0.598721 0
vt 0.773438 0.625252 0
vt 0.77145 0.62047 0
vt 0.743976 0.618549 0
vt 0.75 0.621997 0
vt 0.746425 0.634354 0
vt 0.75 0.630713 0
vt 0.755228 0.623996 0
vt 0.75 0.638873 0
vt 0.748028 0.641243 0
vt 0.753449 0.634711 0
vt 0.75 0.645959 0
vt 0.751691 0.641206 0
vt 0.257736 0.936738 0
vt 0.257736 0.931093 0
vt 0.261017 0.933328 0
vt 0.254313 0.933255 0
vt 0.259745 0.929989 0
vt 0.264473 0.926901 0
vt 0.255619 0.92997 0
vt 0.250827 0.926504 0
vt 0.260668 0.922677 0
vt 0.257736 0.921593 0
vt 0.254699 0.922586 0
vt 0.248925 0.921157 0
vt 0.270425 0.911008 0
vt 0.251636 0.895496 0
vt 0.264319 0.895815 0
vt 0.257736 0.892182 0
vt 0.22258 0.984491 0
vt 0.22258 0.978869 0
vt 0.225846 0.981097 0
vt 0.219173 0.981025 0
vt 0.22458 0.977773 0
vt 0.229288 0.974703 0
vt 0.220473 0.977754 0
vt 0.215701 0.974308 0
vt 0.225499 0.970496 0
vt 0.22258 0.969418 0
vt 0.219556 0.970406 0
vt 0.210016 0.958333 0
vt 0.235216 0.958876 0
vt 0.216505 0.943427 0
vt 0.229137 0.943745 0
vt 0.22258 0.940125 0
vt 0.189377 0.933982 0
vt 0.189377 0.92836 0
vt 0.192646 0.930588 0
vt 0.185966 0.930516 0
vt 0.191379 0.92726 0
vt 0.196093 0.924185 0
vt 0.187267 0.927241 0
vt 0.182489 0.923789 0
vt 0.1923 0.919972 0
vt 0.189377 0.918892 0
vt 0.186349 0.919881 0
vt 0.176796 0.907793 0
vt 0.200051 0.91362 0
vt 0.183294 0.892868 0
vt 0.195942 0.893186 0
vt 0.189377 0.889562 0
vt 0.456667 0.696189 0
vt 0.463444 0.682687 0
vt 0.461601 0.701915 0
vt 0.454247 0.714972 0
vt 0.466349 0.69246 0
vt 0.472656 0.677756 0
vt 0.45992 0.715108 0
vt 0.456861 0.734197 0
vt 0.472656 0.68903 0
vt 0.481772 0.683055 0
vt 0.472656 0.715198 0
vt 0.472656 0.702202 0
vt 0.461712 0.728661 0
vt 0.462537 0.747539 0
vt 0.479245 0.692765 0
vt 0.488287 0.696638 0
vt 0.46634 0.738595 0
vt 0.472656 0.754998 0
vt 0.483979 0.702289 0
vt 0.472656 0.728399 0
vt 0.485707 0.714796 0
vt 0.483628 0.728038 0
vt 0.472656 0.742084 0
vt 0.483111 0.747848 0
vt 0.491065 0.714489 0
vt 0.479241 0.738156 0
vt 0.489663 0.734899 0
vt 0.742264 0.892182 0
vt 0.742264 0.921593 0
vt 0.735681 0.895815 0
vt 0.748364 0.895496 0
vt 0.739332 0.922677 0
vt 0.729576 0.911008 0
vt 0.745301 0.922586 0
vt 0.751075 0.921157 0
vt 0.735527 0.926901 0
vt 0.740255 0.929989 0
vt 0.749173 0.926504 0
vt 0.742264 0.931093 0
vt 0.744381 0.92997 0
vt 0.738983 0.933328 0
vt 0.745687 0.933255 0
vt 0.742264 0.936738 0
vt 0.77742 0.984491 0
vt 0.774154 0.981097 0
vt 0.77742 0.978869 0
vt 0.780827 0.981025 0
vt 0.77542 0.977773 0
vt 0.770712 0.974703 0
vt 0.779527 0.977754 0
vt 0.784299 0.974308 0
vt 0.774501 0.970496 0
vt 0.764784 0.958876 0
vt 0.77742 0.969418 0
vt 0.780444 0.970406 0
vt 0.789984 0.958333 0
vt 0.770863 0.943745 0
vt 0.783495 0.943427 0
vt 0.77742 0.940125 0
vt 0.810623 0.933982 0
vt 0.807354 0.930588 0
vt 0.810623 0.92836 0
vt 0.814034 0.930516 0
vt 0.808621 0.92726 0
vt 0.803907 0.924185 0
vt 0.812733 0.927241 0
vt 0.817511 0.923789 0
vt 0.8077 0.919972 0
vt 0.799949 0.91362 0
vt 0.810623 0.918892 0
vt 0.813651 0.919881 0
vt 0.823204 0.907793 0
vt 0.804058 0.893186 0
vt 0.816706 0.892868 0
vt 0.810623 0.889562 0
vt 0.543333 0.696189 0
vt 0.538399 0.701915 0
vt 0.536556 0.682687 0
vt 0.545753 0.714972 0
vt 0.533651 0.69246 0
vt 0.527344 0.677756 0
vt 0.54008 0.715108 0
vt 0.543139 0.734197 0
vt 0.527344 0.68903 0
vt 0.527344 0.702202 0
vt 0.538288 0.728661 0
vt 0.537463 0.747539 0
vt 0.518228 0.683055 0
vt 0.527344 0.715198 0
vt 0.53366 0.738595 0
vt 0.527344 0.754998 0
vt 0.520755 0.692765 0
vt 0.527344 0.728399 0
vt 0.516021 0.702289 0
vt 0.516372 0.728038 0
vt 0.514293 0.714796 0
vt 0.527344 0.742084 0
vt 0.516889 0.747848 0
vt 0.511713 0.696638 0
vt 0.508935 0.714489 0
vt 0.510337 0.734899 0
vt 0.520759 0.738156 0
vt 0.35206 2.81435 0
vt 0.32861 2.82343 0
vt 0.32781 2.80858 0
vt 0.34344 2.83538 0
vt 0.3285 2.78831 0
vt 0.36555 2.84839 0
vt 0.35797 2.79016 0
vt 0.3805 2.82289 0
vt 0.31199 2.82502 0
vt 0.32811 2.84843 0
vt 0.33595 2.76889 0
vt 0.30588 2.81104 0
vt 0.30353 2.76991 0
vt 0.29777 2.79081 0
vt 0.39248 2.86 0
vt 0.35029 2.86894 0
vt 0.37686 2.88329 0
vt 0.36315 2.77047 0
vt 0.39113 2.79408 0
vt 0.26931 2.77111 0
vt 0.2982 2.81263 0
vt 0.27338 2.80116 0
vt 0.40987 2.8997 0
vt 0.409 2.83229 0
vt 0.42773 2.87199 0
vt 0.32256 2.85588 0
vt 0.34656 2.87941 0
vt 0.39738 2.77626 0
vt 0.29396 2.8438 0
vt 0.2687 2.8479 0
vt 0.30704 2.83102 0
vt 0.4397 2.91148 0
vt 0.39681 2.91241 0
vt 0.42272 2.92929 0
vt 0.42273 2.80085 0
vt 0.44252 2.84127 0
vt 0.3102 2.8695 0
vt 0.36866 2.89559 0
vt 0.33195 2.89331 0
vt 0.3526 2.91303 0
vt 0.28547 2.85601 0
vt 0.46005 2.88005 0
vt 0.40258 2.95013 0
vt 0.42979 2.78457 0
vt 0.32688 2.92819 0
vt 0.37448 2.9313 0
vt 0.34895 2.95157 0
vt 0.29465 2.87824 0
vt 0.30898 2.90381 0
vt 0.47233 2.84948 0
vt 0.45405 2.81001 0
vt 0.37401 2.97493 0
vt 0.48107 2.81603 0
vt 0.45951 2.79328 0
vt 0.48598 2.80063 0
vt 0.147943 2.81435 0
vt 0.172187 2.80858 0
vt 0.171385 2.82343 0
vt 0.171498 2.78831 0
vt 0.156562 2.83538 0
vt 0.142027 2.79016 0
vt 0.134454 2.84839 0
vt 0.119498 2.82289 0
vt 0.188005 2.82502 0
vt 0.194119 2.81104 0
vt 0.149711 2.86894 0
vt 0.17189 2.84843 0
vt 0.108874 2.79408 0
vt 0.164055 2.76889 0
vt 0.136852 2.77047 0
vt 0.201797 2.81263 0
vt 0.202229 2.79081 0
vt 0.123139 2.88329 0
vt 0.107518 2.86 0
vt 0.192963 2.83102 0
vt 0.177443 2.85588 0
vt 0.102624 2.77626 0
vt 0.091 2.83229 0
vt 0.077268 2.80085 0
vt 0.196469 2.76991 0
vt 0.153442 2.87941 0
vt 0.090126 2.8997 0
vt 0.131337 2.89559 0
vt 0.103187 2.91241 0
vt 0.206044 2.8438 0
vt 0.226624 2.80116 0
vt 0.070205 2.78457 0
vt 0.072271 2.87199 0
vt 0.057478 2.84127 0
vt 0.230685 2.77111 0
vt 0.125523 2.9313 0
vt 0.147396 2.91303 0
vt 0.189801 2.8695 0
vt 0.231304 2.8479 0
vt 0.214525 2.85601 0
vt 0.04595 2.81001 0
vt 0.040487 2.79328 0
vt 0.060304 2.91148 0
vt 0.077283 2.92929 0
vt 0.151046 2.95157 0
vt 0.168049 2.89331 0
vt 0.173119 2.92819 0
vt 0.205353 2.87824 0
vt 0.018931 2.81603 0
vt 0.014022 2.80063 0
vt 0.039948 2.88005 0
vt 0.027673 2.84948 0
vt 0.097419 2.95013 0
vt 0.125988 2.97493 0
vt 0.191024 2.90381 0
vt 0.603154 1.30675 0
vt 0.595627 1.33331 0
vt 0.582459 1.29927 0
vt 0.5 1.35055 0
vt 0.608654 1.35042 0
vt 0.562396 1.27657 0
vt 0.595627 1.36651 0
vt 0.587743 1.28043 0
vt 0.582459 1.39313 0
vt 0.554327 1.25766 0
vt 0.603153 1.38909 0
vt 0.562396 1.42325 0
vt 0.533231 1.25997 0
vt 0.587743 1.4154 0
vt 0.554327 1.44319 0
vt 0.5 1.25233 0
vt 0.533231 1.43985 0
vt 0.515411 1.23926 0
vt 0.5 1.44007 0
vt 0.466768 1.25997 0
vt 0.515411 1.45657 0
vt 0.484589 1.23926 0
vt 0.404373 1.33331 0
vt 0.417541 1.29927 0
vt 0.466769 1.43985 0
vt 0.445673 1.25766 0
vt 0.396846 1.30675 0
vt 0.484589 1.45657 0
vt 0.404373 1.36651 0
vt 0.391346 1.35042 0
vt 0.437604 1.27657 0
vt 0.445673 1.44319 0
vt 0.417541 1.39313 0
vt 0.412257 1.28043 0
vt 0.437604 1.42325 0
vt 0.396847 1.38909 0
vt 0.412257 1.4154 0
vt 0.778077 1.01532 0
vt 0.800825 1.0738 0
vt 0.765112 1.03533 0
vt 0.814773 1.11225 0
vt 0.776848 1.08668 0
vt 0.782356 1.12207 0
vt 0.743445 1.09571 0
vt 0.82333 1.14756 0
vt 0.737127 1.02414 0
vt 0.828986 1.18373 0
vt 0.786633 1.1542 0
vt 0.747481 1.12764 0
vt 0.716909 1.03532 0
vt 0.788762 1.18538 0
vt 0.750695 1.15649 0
vt 0.716909 1.09937 0
vt 0.789785 1.21813 0
vt 0.751759 1.1865 0
vt 0.71691 1.15695 0
vt 0.716909 1.1284 0
vt 0.690215 1.09571 0
vt 0.829377 1.22074 0
vt 0.752612 1.21657 0
vt 0.686178 1.12764 0
vt 0.716909 1.18658 0
vt 0.696531 1.02414 0
vt 0.825334 1.25966 0
vt 0.787679 1.25077 0
vt 0.751889 1.24784 0
vt 0.651303 1.12207 0
vt 0.682963 1.15649 0
vt 0.716909 1.21633 0
vt 0.668547 1.03534 0
vt 0.783189 1.2821 0
vt 0.749698 1.2773 0
vt 0.65681 1.08668 0
vt 0.647027 1.1542 0
vt 0.6819 1.1865 0
vt 0.716909 1.24691 0
vt 0.817454 1.29343 0
vt 0.746516 1.30734 0
vt 0.618885 1.11225 0
vt 0.632833 1.0738 0
vt 0.644897 1.18538 0
vt 0.604673 1.18373 0
vt 0.716909 1.27568 0
vt 0.681047 1.21657 0
vt 0.80651 1.32671 0
vt 0.776711 1.31493 0
vt 0.655582 1.01532 0
vt 0.610328 1.14756 0
vt 0.716909 1.30546 0
vt 0.681769 1.24784 0
vt 0.643874 1.21813 0
vt 0.791945 1.36076 0
vt 0.767799 1.34821 0
vt 0.742261 1.33993 0
vt 0.716909 1.33738 0
vt 0.683961 1.2773 0
vt 0.604282 1.22073 0
vt 0.756596 1.39395 0
vt 0.736734 1.38538 0
vt 0.716916 1.3824 0
vt 0.687142 1.30734 0
vt 0.64598 1.25077 0
vt 0.773744 1.40755 0
vt 0.716914 1.42667 0
vt 0.691397 1.33993 0
vt 0.65047 1.2821 0
vt 0.608324 1.25966 0
vt 0.745937 1.43685 0
vt 0.730093 1.4295 0
vt 0.696924 1.38538 0
vt 0.656947 1.31493 0
vt 0.616205 1.29343 0
vt 0.76016 1.44589 0
vt 0.728148 1.46029 0
vt 0.716923 1.4592 0
vt 0.703566 1.4295 0
vt 0.665859 1.34821 0
vt 0.627149 1.32671 0
vt 0.753097 1.46569 0
vt 0.741152 1.46315 0
vt 0.726034 1.48428 0
vt 0.717028 1.48513 0
vt 0.70551 1.46029 0
vt 0.677062 1.39395 0
vt 0.641714 1.36076 0
vt 0.749077 1.48082 0
vt 0.723938 1.50778 0
vt 0.716939 1.51177 0
vt 0.707625 1.48428 0
vt 0.687721 1.43685 0
vt 0.659915 1.40755 0
vt 0.738308 1.48233 0
vt 0.70972 1.50778 0
vt 0.692507 1.46315 0
vt 0.673499 1.44589 0
vt 0.742631 1.50148 0
vt 0.733328 1.50421 0
vt 0.700331 1.50421 0
vt 0.695352 1.48233 0
vt 0.680562 1.46569 0
vt 0.691028 1.50148 0
vt 0.684582 1.48082 0
vt 0.93313 1.47803 0
vt 0.955879 1.53651 0
vt 0.920165 1.49804 0
vt 0.969827 1.57495 0
vt 0.931902 1.54938 0
vt 0.937409 1.58477 0
vt 0.898498 1.55842 0
vt 0.978384 1.61027 0
vt 0.89218 1.48685 0
vt 0.984039 1.64644 0
vt 0.941685 1.61691 0
vt 0.902535 1.59035 0
vt 0.871962 1.49803 0
vt 0.943816 1.64809 0
vt 0.905749 1.61919 0
vt 0.871962 1.56208 0
vt 0.944838 1.68084 0
vt 0.906813 1.64921 0
vt 0.871963 1.61965 0
vt 0.871962 1.59111 0
vt 0.845267 1.55842 0
vt 0.98443 1.68344 0
vt 0.907666 1.67927 0
vt 0.841231 1.59035 0
vt 0.871962 1.64929 0
vt 0.851585 1.48685 0
vt 0.980388 1.72236 0
vt 0.942733 1.71347 0
vt 0.906943 1.71055 0
vt 0.806357 1.58477 0
vt 0.838016 1.61919 0
vt 0.871962 1.67903 0
vt 0.8236 1.49804 0
vt 0.938243 1.7448 0
vt 0.904751 1.74001 0
vt 0.811863 1.54938 0
vt 0.80208 1.61691 0
vt 0.836953 1.64921 0
vt 0.871962 1.70961 0
vt 0.972508 1.75614 0
vt 0.90157 1.77004 0
vt 0.773938 1.57495 0
vt 0.787887 1.53651 0
vt 0.79995 1.64809 0
vt 0.759726 1.64644 0
vt 0.871962 1.73839 0
vt 0.836099 1.67927 0
vt 0.961564 1.78942 0
vt 0.931764 1.77764 0
vt 0.810636 1.47803 0
vt 0.765382 1.61027 0
vt 0.871962 1.76816 0
vt 0.836822 1.71055 0
vt 0.798926 1.68084 0
vt 0.946998 1.82347 0
vt 0.922853 1.81091 0
vt 0.897314 1.80264 0
vt 0.871962 1.80009 0
vt 0.839014 1.74001 0
vt 0.759335 1.68344 0
vt 0.912314 1.85666 0
vt 0.89212 1.84808 0
vt 0.871971 1.84511 0
vt 0.842196 1.77004 0
vt 0.801033 1.71347 0
vt 0.929747 1.87025 0
vt 0.871973 1.88937 0
vt 0.84645 1.80264 0
vt 0.805523 1.7448 0
vt 0.763378 1.72236 0
vt 0.902964 1.89955 0
vt 0.886045 1.8922 0
vt 0.851644 1.84808 0
vt 0.812 1.77764 0
vt 0.771257 1.75614 0
vt 0.91815 1.9086 0
vt 0.884004 1.92299 0
vt 0.871985 1.92191 0
vt 0.857719 1.8922 0
vt 0.820912 1.81091 0
vt 0.782201 1.78942 0
vt 0.910725 1.9284 0
vt 0.897932 1.92585 0
vt 0.881556 1.94699 0
vt 0.872044 1.94784 0
vt 0.85976 1.923 0
vt 0.831451 1.85666 0
vt 0.796767 1.82347 0
vt 0.905771 1.94353 0
vt 0.880069 1.97048 0
vt 0.872008 1.97447 0
vt 0.86221 1.94699 0
vt 0.8408 1.89955 0
vt 0.814017 1.87025 0
vt 0.894454 1.94504 0
vt 0.863695 1.97048 0
vt 0.845832 1.92585 0
vt 0.825615 1.9086 0
vt 0.901599 1.96419 0
vt 0.890884 1.96692 0
vt 0.85288 1.96692 0
vt 0.849311 1.94504 0
vt 0.83304 1.9284 0
vt 0.842167 1.96419 0
vt 0.837994 1.94353 0
vt 0.571048 1.97558 0
vt 0.548298 1.9171 0
vt 0.584012 1.95556 0
vt 0.53435 1.87865 0
vt 0.572275 1.90422 0
vt 0.566768 1.86883 0
vt 0.605679 1.89518 0
vt 0.525794 1.84333 0
vt 0.611996 1.96675 0
vt 0.520137 1.80717 0
vt 0.562492 1.8367 0
vt 0.601642 1.86325 0
vt 0.632214 1.95558 0
vt 0.560361 1.80551 0
vt 0.598427 1.83441 0
vt 0.632214 1.89153 0
vt 0.559339 1.77276 0
vt 0.597364 1.80439 0
vt 0.632214 1.83395 0
vt 0.632215 1.8625 0
vt 0.658909 1.89518 0
vt 0.519747 1.77016 0
vt 0.596511 1.77433 0
vt 0.662946 1.86325 0
vt 0.632215 1.80432 0
vt 0.652592 1.96675 0
vt 0.523789 1.73124 0
vt 0.561445 1.74013 0
vt 0.597234 1.74306 0
vt 0.69782 1.86883 0
vt 0.666161 1.83441 0
vt 0.632214 1.77457 0
vt 0.680576 1.95556 0
vt 0.565935 1.7088 0
vt 0.599426 1.71359 0
vt 0.692314 1.90422 0
vt 0.702097 1.8367 0
vt 0.667224 1.80439 0
vt 0.632215 1.74399 0
vt 0.531669 1.69747 0
vt 0.602607 1.68356 0
vt 0.730238 1.87865 0
vt 0.71629 1.9171 0
vt 0.704227 1.80551 0
vt 0.744452 1.80717 0
vt 0.632215 1.71522 0
vt 0.668077 1.77433 0
vt 0.542614 1.66419 0
vt 0.572413 1.67596 0
vt 0.693541 1.97558 0
vt 0.738795 1.84333 0
vt 0.632215 1.68544 0
vt 0.667354 1.74306 0
vt 0.70525 1.77276 0
vt 0.557179 1.63013 0
vt 0.581324 1.64269 0
vt 0.606862 1.65096 0
vt 0.632215 1.65352 0
vt 0.665163 1.71359 0
vt 0.744841 1.77016 0
vt 0.59539 1.59694 0
vt 0.613822 1.60552 0
vt 0.632213 1.6085 0
vt 0.661981 1.68356 0
vt 0.703144 1.74013 0
vt 0.579477 1.58335 0
vt 0.632217 1.56423 0
vt 0.657726 1.65096 0
vt 0.698654 1.7088 0
vt 0.740799 1.73124 0
vt 0.606222 1.55405 0
vt 0.620414 1.5614 0
vt 0.650766 1.60552 0
vt 0.692176 1.67596 0
vt 0.73292 1.69747 0
vt 0.593484 1.545 0
vt 0.622197 1.53061 0
vt 0.632217 1.53169 0
vt 0.644174 1.5614 0
vt 0.683265 1.64269 0
vt 0.721975 1.66419 0
vt 0.599939 1.52521 0
vt 0.610595 1.52775 0
vt 0.623772 1.50661 0
vt 0.63211 1.50577 0
vt 0.642392 1.53061 0
vt 0.669199 1.59694 0
vt 0.70741 1.63013 0
vt 0.602437 1.51008 0
vt 0.625163 1.48312 0
vt 0.632184 1.47913 0
vt 0.640816 1.50661 0
vt 0.658366 1.55405 0
vt 0.685111 1.58335 0
vt 0.612408 1.50856 0
vt 0.639426 1.48312 0
vt 0.653994 1.52775 0
vt 0.671104 1.545 0
vt 0.606413 1.48941 0
vt 0.615744 1.48669 0
vt 0.648843 1.48669 0
vt 0.65218 1.50856 0
vt 0.664649 1.52521 0
vt 0.658175 1.48941 0
vt 0.662151 1.51008 0
vt 0.221923 1.01532 0
vt 0.234888 1.03533 0
vt 0.199175 1.0738 0
vt 0.223152 1.08668 0
vt 0.256555 1.09571 0
vt 0.185227 1.11225 0
vt 0.262873 1.02414 0
vt 0.217644 1.12207 0
vt 0.283091 1.03532 0
vt 0.252519 1.12764 0
vt 0.17667 1.14756 0
vt 0.283091 1.09937 0
vt 0.213367 1.1542 0
vt 0.309785 1.09571 0
vt 0.249305 1.15649 0
vt 0.171014 1.18373 0
vt 0.303469 1.02414 0
vt 0.283091 1.1284 0
vt 0.248241 1.1865 0
vt 0.211238 1.18538 0
vt 0.331453 1.03534 0
vt 0.313822 1.12764 0
vt 0.28309 1.15695 0
vt 0.247388 1.21657 0
vt 0.210215 1.21813 0
vt 0.367167 1.0738 0
vt 0.34319 1.08668 0
vt 0.348697 1.12207 0
vt 0.283091 1.18658 0
vt 0.170623 1.22073 0
vt 0.248111 1.24784 0
vt 0.381115 1.11225 0
vt 0.352973 1.1542 0
vt 0.317037 1.15649 0
vt 0.344418 1.01532 0
vt 0.283091 1.21633 0
vt 0.212321 1.25077 0
vt 0.174665 1.25966 0
vt 0.389672 1.14756 0
vt 0.355103 1.18538 0
vt 0.3181 1.1865 0
vt 0.283091 1.24691 0
vt 0.216811 1.2821 0
vt 0.182546 1.29343 0
vt 0.395327 1.18373 0
vt 0.318953 1.21657 0
vt 0.250302 1.2773 0
vt 0.223289 1.31493 0
vt 0.19349 1.32671 0
vt 0.356126 1.21813 0
vt 0.283091 1.27568 0
vt 0.232201 1.34821 0
vt 0.208055 1.36076 0
vt 0.253484 1.30734 0
vt 0.395718 1.22073 0
vt 0.318231 1.24784 0
vt 0.243403 1.39395 0
vt 0.226256 1.40755 0
vt 0.257739 1.33993 0
vt 0.283091 1.30546 0
vt 0.391676 1.25966 0
vt 0.35402 1.25077 0
vt 0.254063 1.43685 0
vt 0.263266 1.38538 0
vt 0.283091 1.33738 0
vt 0.316039 1.2773 0
vt 0.34953 1.2821 0
vt 0.23984 1.44589 0
vt 0.283084 1.3824 0
vt 0.283086 1.42667 0
vt 0.269907 1.4295 0
vt 0.312858 1.30734 0
vt 0.383795 1.29343 0
vt 0.258848 1.46315 0
vt 0.246903 1.46569 0
vt 0.303076 1.38538 0
vt 0.283077 1.45921 0
vt 0.271852 1.46029 0
vt 0.308603 1.33993 0
vt 0.372851 1.32671 0
vt 0.343053 1.31493 0
vt 0.250923 1.48082 0
vt 0.273966 1.48428 0
vt 0.296434 1.4295 0
vt 0.358286 1.36076 0
vt 0.334141 1.34821 0
vt 0.261692 1.48233 0
vt 0.29449 1.46029 0
vt 0.322938 1.39395 0
vt 0.257369 1.50148 0
vt 0.282972 1.48513 0
vt 0.292375 1.48428 0
vt 0.340085 1.40755 0
vt 0.312279 1.43685 0
vt 0.266672 1.50421 0
vt 0.29028 1.50778 0
vt 0.326501 1.44589 0
vt 0.307493 1.46315 0
vt 0.276062 1.50778 0
vt 0.304648 1.48233 0
vt 0.283061 1.51177 0
vt 0.319438 1.46569 0
vt 0.299669 1.50421 0
vt 0.315418 1.48082 0
vt 0.308972 1.50148 0
vt 0.06687 1.47803 0
vt 0.079835 1.49804 0
vt 0.044122 1.53651 0
vt 0.068098 1.54938 0
vt 0.101502 1.55842 0
vt 0.030173 1.57495 0
vt 0.10782 1.48685 0
vt 0.062591 1.58477 0
vt 0.128038 1.49803 0
vt 0.097465 1.59035 0
vt 0.021616 1.61027 0
vt 0.128038 1.56207 0
vt 0.058315 1.61691 0
vt 0.154733 1.55842 0
vt 0.094251 1.61919 0
vt 0.015961 1.64644 0
vt 0.148415 1.48685 0
vt 0.128038 1.59111 0
vt 0.093187 1.64921 0
vt 0.056185 1.64809 0
vt 0.1764 1.49804 0
vt 0.158769 1.59035 0
vt 0.128037 1.61965 0
vt 0.092334 1.67927 0
vt 0.055162 1.68084 0
vt 0.212113 1.53651 0
vt 0.188137 1.54938 0
vt 0.193643 1.58477 0
vt 0.128038 1.64929 0
vt 0.01557 1.68344 0
vt 0.093057 1.71055 0
vt 0.226062 1.57495 0
vt 0.19792 1.61691 0
vt 0.161984 1.61919 0
vt 0.189364 1.47803 0
vt 0.128038 1.67903 0
vt 0.057267 1.71347 0
vt 0.019612 1.72236 0
vt 0.234618 1.61027 0
vt 0.20005 1.64809 0
vt 0.163047 1.64921 0
vt 0.128038 1.70961 0
vt 0.061757 1.7448 0
vt 0.027492 1.75614 0
vt 0.240274 1.64644 0
vt 0.163901 1.67927 0
vt 0.095249 1.74001 0
vt 0.068236 1.77764 0
vt 0.038436 1.78942 0
vt 0.201074 1.68084 0
vt 0.128038 1.73839 0
vt 0.077147 1.81091 0
vt 0.053002 1.82347 0
vt 0.09843 1.77004 0
vt 0.240665 1.68344 0
vt 0.163178 1.71055 0
vt 0.087686 1.85666 0
vt 0.070253 1.87025 0
vt 0.102686 1.80264 0
vt 0.128038 1.76816 0
vt 0.236622 1.72236 0
vt 0.198967 1.71347 0
vt 0.097036 1.89955 0
vt 0.10788 1.84808 0
vt 0.128038 1.80009 0
vt 0.160986 1.74001 0
vt 0.194477 1.7448 0
vt 0.08185 1.9086 0
vt 0.128029 1.84511 0
vt 0.128027 1.88937 0
vt 0.113955 1.8922 0
vt 0.157804 1.77004 0
vt 0.228743 1.75614 0
vt 0.102068 1.92585 0
vt 0.089275 1.9284 0
vt 0.148356 1.84808 0
vt 0.128015 1.92191 0
vt 0.115996 1.92299 0
vt 0.15355 1.80264 0
vt 0.217799 1.78942 0
vt 0.188 1.77764 0
vt 0.094229 1.94353 0
vt 0.118444 1.94699 0
vt 0.142281 1.8922 0
vt 0.203233 1.82347 0
vt 0.179088 1.81091 0
vt 0.105547 1.94504 0
vt 0.14024 1.923 0
vt 0.168549 1.85666 0
vt 0.098401 1.96419 0
vt 0.127956 1.94784 0
vt 0.137791 1.94699 0
vt 0.185983 1.87025 0
vt 0.1592 1.89955 0
vt 0.109116 1.96692 0
vt 0.136305 1.97048 0
vt 0.174385 1.9086 0
vt 0.154168 1.92585 0
vt 0.119931 1.97048 0
vt 0.150689 1.94504 0
vt 0.127992 1.97447 0
vt 0.16696 1.9284 0
vt 0.14712 1.96692 0
vt 0.162006 1.94353 0
vt 0.157833 1.96419 0
vt 0.428952 1.97558 0
vt 0.415988 1.95556 0
vt 0.451702 1.9171 0
vt 0.427725 1.90422 0
vt 0.394321 1.89518 0
vt 0.46565 1.87865 0
vt 0.388004 1.96675 0
vt 0.433232 1.86883 0
vt 0.367786 1.95558 0
vt 0.398358 1.86325 0
vt 0.474206 1.84333 0
vt 0.367786 1.89153 0
vt 0.437508 1.8367 0
vt 0.341091 1.89518 0
vt 0.401573 1.83441 0
vt 0.479863 1.80717 0
vt 0.347408 1.96675 0
vt 0.367786 1.8625 0
vt 0.402636 1.80439 0
vt 0.439639 1.80551 0
vt 0.319424 1.95556 0
vt 0.337054 1.86325 0
vt 0.367786 1.83395 0
vt 0.403489 1.77433 0
vt 0.440661 1.77276 0
vt 0.28371 1.9171 0
vt 0.307686 1.90422 0
vt 0.30218 1.86883 0
vt 0.367785 1.80432 0
vt 0.480253 1.77016 0
vt 0.402766 1.74306 0
vt 0.269761 1.87865 0
vt 0.297903 1.8367 0
vt 0.333839 1.83441 0
vt 0.306459 1.97558 0
vt 0.367786 1.77457 0
vt 0.438555 1.74013 0
vt 0.47621 1.73124 0
vt 0.261205 1.84333 0
vt 0.295773 1.80551 0
vt 0.332776 1.80439 0
vt 0.367785 1.74399 0
vt 0.434065 1.7088 0
vt 0.468331 1.69747 0
vt 0.255548 1.80717 0
vt 0.331923 1.77433 0
vt 0.400574 1.71359 0
vt 0.427587 1.67596 0
vt 0.457386 1.66419 0
vt 0.29475 1.77276 0
vt 0.367785 1.71522 0
vt 0.418676 1.64269 0
vt 0.442821 1.63013 0
vt 0.397393 1.68356 0
vt 0.255159 1.77016 0
vt 0.332646 1.74306 0
vt 0.40461 1.59694 0
vt 0.420523 1.58335 0
vt 0.393138 1.65096 0
vt 0.367785 1.68544 0
vt 0.259201 1.73124 0
vt 0.296856 1.74013 0
vt 0.393778 1.55405 0
vt 0.386178 1.60552 0
vt 0.367785 1.65352 0
vt 0.334837 1.71359 0
vt 0.301346 1.7088 0
vt 0.406516 1.545 0
vt 0.367787 1.6085 0
vt 0.367783 1.56423 0
vt 0.379586 1.5614 0
vt 0.338019 1.68356 0
vt 0.26708 1.69747 0
vt 0.389405 1.52775 0
vt 0.400061 1.52521 0
vt 0.349234 1.60552 0
vt 0.367783 1.53169 0
vt 0.377803 1.53061 0
vt 0.342274 1.65096 0
vt 0.278025 1.66419 0
vt 0.307824 1.67596 0
vt 0.397563 1.51008 0
vt 0.376228 1.50661 0
vt 0.355826 1.5614 0
vt 0.292591 1.63013 0
vt 0.316735 1.64269 0
vt 0.387592 1.50856 0
vt 0.357608 1.53061 0
vt 0.330801 1.59694 0
vt 0.393587 1.48941 0
vt 0.367889 1.50577 0
vt 0.359183 1.50661 0
vt 0.314889 1.58335 0
vt 0.341634 1.55405 0
vt 0.384256 1.48669 0
vt 0.360574 1.48312 0
vt 0.328896 1.545 0
vt 0.346006 1.52775 0
vt 0.374837 1.48312 0
vt 0.34782 1.50856 0
vt 0.367816 1.47913 0
vt 0.335351 1.52521 0
vt 0.351157 1.48669 0
vt 0.337849 1.51008 0
vt 0.341825 1.48941 0
vt 0.571887 1.12774 0
vt 0.565056 1.13693 0
vt 0.540675 1.12597 0
vt 0.565679 1.11787 0
vt 0.531628 1.13042 0
vt 0.531799 1.12066 0
vt 0.555336 1.14584 0
vt 0.556358 1.10791 0
vt 0.532679 1.13781 0
vt 0.5 1.125 0
vt 0.533143 1.11345 0
vt 0.54431 1.15345 0
vt 0.52305 1.13982 0
vt 0.545535 1.09918 0
vt 0.523335 1.11106 0
vt 0.54315 1.16736 0
vt 0.526392 1.14975 0
vt 0.520091 1.09861 0
vt 0.526766 1.10151 0
vt 0.544603 1.08527 0
vt 0.540035 1.18056 0
vt 0.519883 1.15241 0
vt 0.541666 1.07194 0
vt 0.520302 1.16296 0
vt 0.512036 1.09361 0
vt 0.520752 1.08824 0
vt 0.536957 1.06121 0
vt 0.53515 1.19111 0
vt 0.511983 1.15711 0
vt 0.52543 1.06185 0
vt 0.523948 1.18985 0
vt 0.5 1.09673 0
vt 0.51246 1.06535 0
vt 0.511686 1.18567 0
vt 0.5 1.15365 0
vt 0.5 1.07108 0
vt 0.50647 1.08894 0
vt 0.506426 1.16159 0
vt 0.47695 1.13982 0
vt 0.468371 1.13042 0
vt 0.49353 1.08894 0
vt 0.5 1.17936 0
vt 0.468201 1.12066 0
vt 0.45569 1.15345 0
vt 0.467321 1.13781 0
vt 0.487964 1.09361 0
vt 0.48754 1.06535 0
vt 0.488314 1.18567 0
vt 0.493574 1.16159 0
vt 0.434944 1.13693 0
vt 0.459325 1.12597 0
vt 0.444664 1.14584 0
vt 0.476665 1.11106 0
vt 0.479909 1.09861 0
vt 0.479248 1.08824 0
vt 0.47457 1.06185 0
vt 0.476052 1.18985 0
vt 0.488017 1.15711 0
vt 0.428113 1.12774 0
vt 0.473608 1.14975 0
vt 0.434321 1.11787 0
vt 0.466857 1.11345 0
vt 0.454465 1.09918 0
vt 0.458334 1.07194 0
vt 0.463043 1.06121 0
vt 0.479698 1.16296 0
vt 0.480117 1.15241 0
vt 0.45685 1.16736 0
vt 0.443642 1.10791 0
vt 0.455397 1.08527 0
vt 0.46485 1.19111 0
vt 0.459965 1.18056 0
vt 0.473234 1.10151 0
vt 0.59176 2.2574 0
vt 0.68556 2.29372 0
vt 0.68876 2.23432 0
vt 0.62624 2.34152 0
vt 0.686 2.15324 0
vt 0.5378 2.39356 0
vt 0.56812 2.16064 0
vt 0.478 2.29156 0
vt 0.75204 2.30008 0
vt 0.68756 2.39372 0
vt 0.6562 2.07556 0
vt 0.77648 2.24416 0
vt 0.78588 2.07964 0
vt 0.80892 2.16324 0
vt 0.43008 2.44 0
vt 0.59884 2.47576 0
vt 0.49256 2.53316 0
vt 0.5474 2.08188 0
vt 0.43548 2.17632 0
vt 0.92276 2.08444 0
vt 0.8072 2.25052 0
vt 0.90648 2.20464 0
vt 0.36052 2.5988 0
vt 0.364 2.32916 0
vt 0.28908 2.48796 0
vt 0.70976 2.42352 0
vt 0.61376 2.51764 0
vt 0.41048 2.10504 0
vt 0.82416 2.3752 0
vt 0.9252 2.3916 0
vt 0.77184 2.32408 0
vt 0.2412 2.64592 0
vt 0.41276 2.64964 0
vt 0.30912 2.71716 0
vt 0.30908 2.2034 0
vt 0.22992 2.36508 0
vt 0.7592 2.478 0
vt 0.52536 2.58236 0
vt 0.6722 2.57324 0
vt 0.5896 2.65212 0
vt 0.85812 2.42404 0
vt 0.1598 2.5202 0
vt 0.38968 2.80052 0
vt 0.28084 2.13828 0
vt 0.69248 2.71276 0
vt 0.50208 2.7252 0
vt 0.6042 2.80628 0
vt 0.8214 2.51296 0
vt 0.76408 2.61524 0
vt 0.11068 2.39792 0
vt 0.1838 2.24004 0
vt 0.50396 2.89972 0
vt 0.07572 2.26412 0
vt 0.16196 2.17312 0
vt 0.05608 2.20252 0
vt 0.591772 2.2574 0
vt 0.688748 2.23432 0
vt 0.68554 2.29372 0
vt 0.685992 2.15324 0
vt 0.626248 2.34152 0
vt 0.568108 2.16064 0
vt 0.537816 2.39356 0
vt 0.477992 2.29156 0
vt 0.75202 2.30008 0
vt 0.776476 2.24416 0
vt 0.598844 2.47576 0
vt 0.435496 2.17632 0
vt 0.65622 2.07556 0
vt 0.547408 2.08188 0
vt 0.807188 2.25052 0
vt 0.808916 2.16324 0
vt 0.492556 2.53316 0
vt 0.430072 2.44 0
vt 0.771852 2.32408 0
vt 0.709772 2.42352 0
vt 0.410496 2.10504 0
vt 0.309072 2.2034 0
vt 0.785876 2.07964 0
vt 0.613768 2.51764 0
vt 0.360504 2.5988 0
vt 0.525348 2.58236 0
vt 0.412748 2.64964 0
vt 0.824176 2.3752 0
vt 0.906496 2.20464 0
vt 0.28082 2.13828 0
vt 0.289084 2.48796 0
vt 0.229912 2.36508 0
vt 0.92274 2.08444 0
vt 0.502092 2.7252 0
vt 0.589584 2.65212 0
vt 0.759204 2.478 0
vt 0.925216 2.3916 0
vt 0.8581 2.42404 0
vt 0.161948 2.17312 0
vt 0.241216 2.64592 0
vt 0.309132 2.71716 0
vt 0.604184 2.80628 0
vt 0.672196 2.57324 0
vt 0.692476 2.71276 0
vt 0.821412 2.51296 0
vt 0.075724 2.26412 0
vt 0.056088 2.20252 0
vt 0.159792 2.5202 0
vt 0.110692 2.39792 0
vt 0.389676 2.80052 0
vt 0.503952 2.89972 0
vt 0.764096 2.61524 0
# 2985 texture coords

usemtl Material #10
s 1
f 1/1/1 2/2/2 3/3/3
f 3/3/4 2/2/5 4/4/6
f 2/2/7 5/5/8 4/4/9
f 5/5/10 6/6/11 4/4/12
f 3/3/13 4/4/14 7/7/15
f 4/4/16 6/6/17 8/8/18
f 4/4/19 8/8/20 7/7/21
f 7/7/22 8/8/23 9/9/24
f 6/6/25 10/10/26 8/8/27
f 8/8/28 11/11/29 9/9/30
f 8/8/31 10/10/32 11/11/33
f 10/10/34 12/12/35 11/11/36
f 9/9/37 11/11/38 13/13/39
f 11/11/40 12/12/41 14/14/42
f 11/11/43 14/14/44 13/13/45
f 13/13/46 14/14/47 15/15/48
f 12/12/49 16/16/50 14/14/51
f 14/14/52 17/17/53 15/15/54
f 14/14/55 16/16/56 17/17/57
f 16/16/58 18/18/59 17/17/60
f 15/15/61 17/17/62 19/19/63
f 17/17/64 18/18/65 20/20/66
f 17/17/67 20/20/68 19/19/69
f 19/19/70 20/20/71 21/21/72
f 18/18/73 22/22/74 20/20/75
f 20/20/76 23/23/77 21/21/78
f 20/20/79 22/22/80 23/23/81
f 22/22/82 24/24/83 23/23/84
f 23/23/85 25/25/86 21/21/87
f 21/21/88 25/25/89 26/26/90
f 23/23/91 24/24/92 27/27/93
f 23/23/94 27/27/95 25/25/96
f 24/24/97 28/28/98 27/27/99
f 27/27/100 29/29/101 25/25/102
f 27/27/103 28/28/104 29/29/105
f 28/28/106 30/30/107 29/29/108
f 25/25/109 31/31/110 26/26/111
f 25/25/112 29/29/113 31/31/114
f 29/29/115 30/30/116 32/32/117
f 29/29/118 32/32/119 31/31/120
f 30/30/121 33/33/122 32/32/123
f 26/26/124 31/31/125 34/34/126
f 31/31/127 32/32/128 35/35/129
f 35/35/130 36/36/131 31/31/132
f 31/31/133 36/36/134 34/34/135
f 34/34/136 36/36/137 37/37/138
f 36/36/139 38/38/140 37/37/141
f 37/37/142 38/38/143 39/39/144
f 38/38/145 40/40/146 39/39/147
f 39/39/148 40/40/149 41/41/150
f 40/40/151 42/42/152 41/41/153
f 41/41/154 42/42/155 43/43/156
f 42/42/157 44/44/158 43/43/159
f 35/35/160 32/32/161 45/45/162
f 32/32/163 33/33/164 46/46/165
f 32/32/166 46/46/167 45/45/168
f 45/45/169 46/46/170 47/47/171
f 33/33/172 48/48/173 46/46/174
f 48/48/175 49/49/176 46/46/177
f 46/46/178 50/50/179 47/47/180
f 46/46/181 49/49/182 50/50/183
f 49/49/184 51/51/185 50/50/186
f 47/47/187 50/50/188 52/52/189
f 50/50/190 51/51/191 53/53/192
f 50/50/193 53/53/194 52/52/195
f 52/52/196 53/53/197 54/54/198
f 51/51/199 55/55/200 53/53/201
f 53/53/202 56/56/203 54/54/204
f 54/54/205 56/56/206 57/57/207
f 53/53/208 55/55/209 58/58/210
f 55/55/211 59/59/212 58/58/213
f 58/58/214 60/60/215 53/53/216
f 53/53/217 60/60/218 56/56/219
f 58/58/220 59/59/221 60/60/222
f 59/59/223 61/61/224 60/60/225
f 60/60/226 62/62/227 56/56/228
f 60/60/229 61/61/230 62/62/231
f 61/61/232 63/63/233 62/62/234
f 56/56/235 64/64/236 57/57/237
f 43/43/238 44/44/239 64/64/240
f 44/44/241 65/65/242 64/64/243
f 65/65/244 57/57/245 64/64/246
f 43/43/247 64/64/248 66/66/249
f 66/66/250 64/64/251 67/67/252
f 64/64/253 56/56/254 68/68/255
f 56/56/256 62/62/257 68/68/258
f 64/64/259 68/68/260 67/67/261
f 62/62/262 63/63/263 69/69/264
f 62/62/265 69/69/266 68/68/267
f 68/68/268 70/70/269 67/67/270
f 68/68/271 69/69/272 70/70/273
f 67/67/274 70/70/275 71/71/276
f 63/63/277 72/72/278 69/69/279
f 69/69/280 73/73/281 70/70/282
f 69/69/283 72/72/284 73/73/285
f 73/73/286 74/74/287 70/70/288
f 70/70/289 74/74/290 71/71/291
f 71/71/292 74/74/293 75/75/294
f 1/76/295 76/77/296 2/78/297
f 2/78/298 76/77/299 77/79/300
f 76/77/301 78/80/302 77/79/303
f 2/78/304 77/79/305 5/81/306
f 5/81/307 77/79/308 79/82/309
f 77/79/310 78/80/311 80/83/312
f 77/79/313 80/83/314 79/82/315
f 79/82/316 80/83/317 81/84/318
f 78/80/319 82/85/320 80/83/321
f 80/83/322 83/86/323 81/84/324
f 80/83/325 82/85/326 83/86/327
f 82/85/328 84/87/329 83/86/330
f 81/84/331 83/86/332 85/88/333
f 83/86/334 84/87/335 86/89/336
f 83/86/337 86/89/338 85/88/339
f 85/88/340 86/89/341 87/90/342
f 84/87/343 88/91/344 86/89/345
f 86/89/346 89/92/347 87/90/348
f 86/89/349 88/91/350 89/92/351
f 88/91/352 90/93/353 89/92/354
f 87/90/355 89/92/356 91/94/357
f 89/92/358 90/93/359 92/95/360
f 89/92/361 92/95/362 91/94/363
f 91/94/364 92/95/365 93/96/366
f 90/93/367 94/97/368 92/95/369
f 92/95/370 95/98/371 93/96/372
f 92/95/373 94/97/374 95/98/375
f 93/96/376 95/98/377 96/99/378
f 95/98/379 94/97/380 97/100/381
f 94/97/382 98/101/383 97/100/384
f 95/98/385 99/102/386 96/99/387
f 95/98/388 97/100/389 99/102/390
f 96/99/391 99/102/392 100/103/393
f 99/102/394 97/100/395 101/104/396
f 99/102/397 101/104/398 100/103/399
f 100/103/400 101/104/401 102/105/402
f 97/100/403 98/101/404 103/106/405
f 97/100/406 103/106/407 101/104/408
f 101/104/409 104/107/410 102/105/411
f 101/104/412 103/106/413 104/107/414
f 102/105/415 104/107/416 105/108/417
f 98/101/418 106/109/419 103/106/420
f 103/106/421 107/110/422 104/107/423
f 107/110/424 103/106/425 108/111/426
f 103/106/427 106/109/428 108/111/429
f 106/109/430 109/112/431 108/111/432
f 108/111/433 109/112/434 110/113/435
f 109/112/436 111/114/437 110/113/438
f 110/113/439 111/114/440 112/115/441
f 111/114/442 113/116/443 112/115/444
f 112/115/445 113/116/446 114/117/447
f 113/116/448 115/118/449 114/117/450
f 114/117/451 115/118/452 116/119/453
f 107/110/454 117/120/455 104/107/456
f 104/107/457 118/121/458 105/108/459
f 104/107/460 117/120/461 118/121/462
f 117/120/463 119/122/464 118/121/465
f 105/108/466 118/121/467 120/123/468
f 120/123/469 118/121/470 121/124/471
f 118/121/472 119/122/473 122/125/474
f 118/121/475 122/125/476 121/124/477
f 121/124/478 122/125/479 123/126/480
f 119/122/481 124/127/482 122/125/483
f 122/125/484 125/128/485 123/126/486
f 122/125/487 124/127/488 125/128/489
f 124/127/490 126/129/491 125/128/492
f 123/126/493 125/128/494 127/130/495
f 127/130/496 125/128/497 128/131/498
f 127/130/499 128/131/500 129/132/501
f 128/131/502 125/128/503 130/133/504
f 128/131/505 130/133/506 129/132/507
f 129/132/508 130/133/509 131/134/510
f 125/128/511 126/129/512 132/135/513
f 125/128/514 132/135/515 130/133/516
f 130/133/517 133/136/518 131/134/519
f 130/133/520 132/135/521 133/136/522
f 131/134/523 133/136/524 134/137/525
f 126/129/526 135/138/527 132/135/528
f 133/136/529 136/139/530 137/140/531
f 133/136/532 137/140/533 134/137/534
f 133/136/535 132/135/536 136/139/537
f 132/135/538 135/138/539 138/141/540
f 132/135/541 138/141/542 136/139/543
f 116/119/544 115/118/545 138/141/546
f 115/118/547 139/142/548 138/141/549
f 138/141/550 135/138/551 140/143/552
f 140/143/553 116/119/554 138/141/555
f 138/141/556 141/144/557 136/139/558
f 138/141/559 139/142/560 141/144/561
f 136/139/562 142/145/563 137/140/564
f 136/139/565 141/144/566 142/145/567
f 141/144/568 143/146/569 142/145/570
f 134/137/571 137/140/572 72/147/573
f 72/147/574 137/140/575 73/148/576
f 137/140/577 142/145/578 73/148/579
f 73/148/580 142/145/581 74/149/582
f 142/145/583 143/146/584 74/149/585
f 74/149/586 143/146/587 75/150/588
f 144/151/589 145/152/590 146/153/591
f 146/153/592 145/152/593 147/154/594
f 145/152/595 148/155/596 147/154/597
f 146/153/598 147/154/599 149/156/600
f 147/154/601 148/155/602 150/157/603
f 148/155/604 48/158/605 150/157/606
f 48/158/607 33/159/608 150/157/609
f 147/154/610 151/160/611 149/156/612
f 147/154/613 150/157/614 151/160/615
f 150/157/616 33/159/617 152/161/618
f 150/157/619 152/161/620 151/160/621
f 33/159/622 30/162/623 152/161/624
f 151/160/625 153/163/626 149/156/627
f 149/156/628 153/163/629 154/164/630
f 151/160/631 152/161/632 155/165/633
f 151/160/634 155/165/635 153/163/636
f 152/161/637 30/162/638 156/166/639
f 152/161/640 156/166/641 155/165/642
f 30/162/643 28/167/644 156/166/645
f 153/163/646 157/168/647 154/164/648
f 153/163/649 155/165/650 158/169/651
f 153/163/652 158/169/653 157/168/654
f 155/165/655 156/166/656 159/170/657
f 155/165/658 160/171/659 158/169/660
f 155/165/661 159/170/662 160/171/663
f 158/169/664 161/172/665 157/168/666
f 158/169/667 160/171/668 161/172/669
f 156/166/670 28/167/671 162/173/672
f 28/167/673 24/174/674 162/173/675
f 156/166/676 163/175/677 159/170/678
f 156/166/679 162/173/680 163/175/681
f 159/170/682 164/176/683 160/171/684
f 159/170/685 163/175/686 164/176/687
f 160/171/688 165/177/689 161/172/690
f 160/171/691 164/176/692 165/177/693
f 164/176/694 163/175/695 166/178/696
f 164/176/697 166/178/698 165/177/699
f 163/175/700 162/173/701 167/179/702
f 163/175/703 167/179/704 166/178/705
f 162/173/706 24/174/707 168/180/708
f 162/173/709 168/180/710 167/179/711
f 24/174/712 22/181/713 168/180/714
f 161/172/715 169/182/716 157/168/717
f 161/172/718 165/177/719 169/182/720
f 169/182/721 170/183/722 157/168/723
f 157/168/724 171/184/725 154/164/726
f 157/168/727 170/183/728 171/184/729
f 170/183/730 172/185/731 171/184/732
f 169/182/733 165/177/734 173/186/735
f 165/177/736 166/178/737 174/187/738
f 165/177/739 174/187/740 173/186/741
f 173/186/742 174/187/743 175/188/744
f 167/179/745 168/180/746 176/189/747
f 168/180/748 22/181/749 177/190/750
f 168/180/751 177/190/752 176/189/753
f 176/189/754 178/191/755 167/179/756
f 167/179/757 178/191/758 166/178/759
f 166/178/760 179/192/761 174/187/762
f 166/178/763 178/191/764 179/192/765
f 174/187/766 180/193/767 175/188/768
f 174/187/769 179/192/770 180/193/771
f 179/192/772 181/194/773 180/193/774
f 180/193/775 182/195/776 175/188/777
f 180/193/778 181/194/779 182/195/780
f 182/195/781 181/194/782 183/196/783
f 181/194/784 184/197/785 183/196/786
f 183/196/787 184/197/788 185/198/789
f 176/189/790 177/190/791 186/199/792
f 22/181/793 18/200/794 177/190/795
f 177/190/796 187/201/797 186/199/798
f 177/190/799 18/200/800 187/201/801
f 18/200/802 16/202/803 187/201/804
f 186/199/805 187/201/806 188/203/807
f 187/201/808 16/202/809 189/204/810
f 187/201/811 189/204/812 188/203/813
f 16/202/814 12/205/815 189/204/816
f 189/204/817 190/206/818 188/203/819
f 188/203/820 190/206/821 191/207/822
f 189/204/823 12/205/824 192/208/825
f 189/204/826 192/208/827 190/206/828
f 12/205/829 10/209/830 192/208/831
f 10/209/832 6/210/833 192/208/834
f 192/208/835 193/211/836 190/206/837
f 192/208/838 6/210/839 193/211/840
f 6/210/841 5/212/842 193/211/843
f 190/206/844 194/213/845 191/207/846
f 191/207/847 194/213/848 195/214/849
f 190/206/850 193/211/851 196/215/852
f 190/206/853 196/215/854 194/213/855
f 193/211/856 5/212/857 197/216/858
f 193/211/859 197/216/860 196/215/861
f 194/213/862 198/217/863 195/214/864
f 194/213/865 196/215/866 199/218/867
f 194/213/868 199/218/869 198/217/870
f 196/215/871 197/216/872 200/219/873
f 196/215/874 200/219/875 199/218/876
f 197/216/877 5/212/878 201/220/879
f 5/212/880 79/221/881 201/220/882
f 197/216/883 202/222/884 200/219/885
f 197/216/886 201/220/887 202/222/888
f 199/218/889 203/223/890 198/217/891
f 199/218/892 200/219/893 204/224/894
f 199/218/895 204/224/896 203/223/897
f 200/219/898 202/222/899 205/225/900
f 200/219/901 205/225/902 204/224/903
f 201/220/904 79/221/905 206/226/906
f 79/221/907 81/227/908 206/226/909
f 81/227/910 85/228/911 206/226/912
f 201/220/913 207/229/914 202/222/915
f 201/220/916 206/226/917 207/229/918
f 206/226/919 85/228/920 208/230/921
f 206/226/922 208/230/923 207/229/924
f 85/228/925 87/231/926 208/230/927
f 202/222/928 209/232/929 205/225/930
f 202/222/931 207/229/932 209/232/933
f 198/217/934 210/233/935 195/214/936
f 195/214/937 210/233/938 211/234/939
f 198/217/940 203/223/941 212/235/942
f 198/217/943 212/235/944 210/233/945
f 204/224/946 213/236/947 203/223/948
f 203/223/949 214/237/950 212/235/951
f 203/223/952 213/236/953 214/237/954
f 213/236/955 204/224/956 215/238/957
f 204/224/958 205/225/959 215/238/960
f 213/236/961 215/238/962 214/237/963
f 205/225/964 209/232/965 216/239/966
f 205/225/967 216/239/968 215/238/969
f 215/238/970 217/240/971 214/237/972
f 215/238/973 216/239/974 217/240/975
f 214/237/976 218/241/977 212/235/978
f 214/237/979 217/240/980 218/241/981
f 212/235/982 219/242/983 210/233/984
f 212/235/985 218/241/986 219/242/987
f 210/233/988 220/243/989 211/234/990
f 210/233/991 219/242/992 220/243/993
f 211/234/994 220/243/995 184/197/996
f 184/197/997 220/243/998 185/198/999
f 185/198/1000 220/243/1001 221/244/1002
f 220/243/1003 219/242/1004 221/244/1005
f 221/244/1006 219/242/1007 222/245/1008
f 222/245/1009 219/242/1010 223/246/1011
f 219/242/1012 218/241/1013 223/246/1014
f 218/241/1015 217/240/1016 224/247/1017
f 218/241/1018 224/247/1019 223/246/1020
f 223/246/1021 224/247/1022 225/248/1023
f 225/248/1024 224/247/1025 226/249/1026
f 217/240/1027 216/239/1028 227/250/1029
f 217/240/1030 227/250/1031 224/247/1032
f 224/247/1033 228/251/1034 226/249/1035
f 224/247/1036 227/250/1037 228/251/1038
f 226/249/1039 228/251/1040 229/252/1041
f 216/239/1042 209/232/1043 230/253/1044
f 216/239/1045 230/253/1046 227/250/1047
f 227/250/1048 231/254/1049 228/251/1050
f 227/250/1051 230/253/1052 231/254/1053
f 231/254/1054 232/255/1055 228/251/1056
f 228/251/1057 232/255/1058 229/252/1059
f 229/252/1060 232/255/1061 233/256/1062
f 232/255/1063 234/257/1064 233/256/1065
f 233/256/1066 234/257/1067 235/258/1068
f 230/253/1069 209/232/1070 236/259/1071
f 209/232/1072 207/229/1073 236/259/1074
f 236/259/1075 207/229/1076 237/260/1077
f 207/229/1078 208/230/1079 237/260/1080
f 237/260/1081 208/230/1082 238/261/1083
f 208/230/1084 87/231/1085 238/261/1086
f 87/231/1087 91/262/1088 238/261/1089
f 237/260/1090 238/261/1091 239/263/1092
f 238/261/1093 91/262/1094 240/264/1095
f 238/261/1096 240/264/1097 239/263/1098
f 239/263/1099 240/264/1100 241/265/1101
f 91/262/1102 93/266/1103 240/264/1104
f 240/264/1105 242/267/1106 241/265/1107
f 240/264/1108 93/266/1109 242/267/1110
f 93/266/1111 96/268/1112 242/267/1113
f 242/267/1114 243/269/1115 241/265/1116
f 241/265/1117 243/269/1118 244/270/1119
f 242/267/1120 96/268/1121 245/271/1122
f 242/267/1123 245/271/1124 243/269/1125
f 96/268/1126 100/272/1127 245/271/1128
f 243/269/1129 246/273/1130 244/270/1131
f 244/270/1132 246/273/1133 247/274/1134
f 243/269/1135 245/271/1136 248/275/1137
f 243/269/1138 248/275/1139 246/273/1140
f 245/271/1141 100/272/1142 249/276/1143
f 245/271/1144 249/276/1145 248/275/1146
f 100/272/1147 102/277/1148 249/276/1149
f 234/257/1150 250/278/1151 235/258/1152
f 234/257/1153 247/274/1154 250/278/1155
f 247/274/1156 246/273/1157 251/279/1158
f 247/274/1159 251/279/1160 250/278/1161
f 250/278/1162 252/280/1163 235/258/1164
f 250/278/1165 251/279/1166 252/280/1167
f 252/280/1168 251/279/1169 253/281/1170
f 251/279/1171 246/273/1172 254/282/1173
f 251/279/1174 254/282/1175 253/281/1176
f 253/281/1177 254/282/1178 255/283/1179
f 246/273/1180 248/275/1181 256/284/1182
f 246/273/1183 256/284/1184 254/282/1185
f 248/275/1186 249/276/1187 257/285/1188
f 248/275/1189 257/285/1190 256/284/1191
f 256/284/1192 258/286/1193 254/282/1194
f 256/284/1195 257/285/1196 258/286/1197
f 257/285/1198 249/276/1199 259/287/1200
f 257/285/1201 259/287/1202 258/286/1203
f 249/276/1204 102/277/1205 260/288/1206
f 249/276/1207 260/288/1208 259/287/1209
f 102/277/1210 105/289/1211 260/288/1212
f 254/282/1213 261/290/1214 255/283/1215
f 254/282/1216 258/286/1217 261/290/1218
f 258/286/1219 259/287/1220 262/291/1221
f 258/286/1222 262/291/1223 261/290/1224
f 261/290/1225 263/292/1226 255/283/1227
f 261/290/1228 262/291/1229 263/292/1230
f 262/291/1231 259/287/1232 264/293/1233
f 262/291/1234 264/293/1235 263/292/1236
f 259/287/1237 260/288/1238 265/294/1239
f 259/287/1240 265/294/1241 264/293/1242
f 260/288/1243 105/289/1244 266/295/1245
f 260/288/1246 266/295/1247 265/294/1248
f 105/289/1249 120/296/1250 266/295/1251
f 120/296/1252 267/297/1253 266/295/1254
f 266/295/1255 268/298/1256 265/294/1257
f 266/295/1258 267/297/1259 268/298/1260
f 267/297/1261 269/299/1262 268/298/1263
f 265/294/1264 270/300/1265 264/293/1266
f 265/294/1267 268/298/1268 270/300/1269
f 270/300/1270 271/301/1271 264/293/1272
f 264/293/1273 271/301/1274 263/292/1275
f 270/300/1276 268/298/1277 272/302/1278
f 268/298/1279 269/299/1280 272/302/1281
f 272/302/1282 269/299/1283 273/303/1284
f 255/283/1285 263/292/1286 274/304/1287
f 263/292/1288 271/301/1289 275/305/1290
f 263/292/1291 275/305/1292 274/304/1293
f 274/304/1294 275/305/1295 276/306/1296
f 275/305/1297 271/301/1298 277/307/1299
f 275/305/1300 278/308/1301 276/306/1302
f 275/305/1303 277/307/1304 279/309/1305
f 275/305/1306 279/309/1307 278/308/1308
f 277/307/1309 271/301/1310 280/310/1311
f 271/301/1312 270/300/1313 280/310/1314
f 277/307/1315 281/311/1316 279/309/1317
f 277/307/1318 280/310/1319 281/311/1320
f 280/310/1321 270/300/1322 282/312/1323
f 280/310/1324 282/312/1325 281/311/1326
f 270/300/1327 272/302/1328 282/312/1329
f 272/302/1330 273/303/1331 282/312/1332
f 282/312/1333 283/313/1334 281/311/1335
f 282/312/1336 273/303/1337 283/313/1338
f 279/309/1339 284/314/1340 278/308/1341
f 279/309/1342 281/311/1343 284/314/1344
f 281/311/1345 283/313/1346 285/315/1347
f 281/311/1348 285/315/1349 284/314/1350
f 283/313/1351 273/303/1352 286/316/1353
f 283/313/1354 286/316/1355 285/315/1356
f 273/303/1357 287/317/1358 286/316/1359
f 287/317/1360 288/318/1361 286/316/1362
f 288/318/1363 289/319/1364 286/316/1365
f 286/316/1366 290/320/1367 285/315/1368
f 286/316/1369 289/319/1370 290/320/1371
f 290/320/1372 291/321/1373 285/315/1374
f 285/315/1375 291/321/1376 284/314/1377
f 284/314/1378 292/322/1379 278/308/1380
f 284/314/1381 291/321/1382 292/322/1383
f 278/308/1384 293/323/1385 276/306/1386
f 278/308/1387 292/322/1388 293/323/1389
f 276/306/1390 293/323/1391 294/324/1392
f 292/322/1393 291/321/1394 295/325/1395
f 292/322/1396 296/326/1397 293/323/1398
f 292/322/1399 295/325/1400 296/326/1401
f 293/323/1402 297/327/1403 294/324/1404
f 293/323/1405 296/326/1406 297/327/1407
f 294/324/1408 297/327/1409 298/328/1410
f 296/326/1411 295/325/1412 299/329/1413
f 296/326/1414 300/330/1415 297/327/1416
f 296/326/1417 299/329/1418 300/330/1419
f 297/327/1420 301/331/1421 298/328/1422
f 297/327/1423 300/330/1424 301/331/1425
f 298/328/1426 301/331/1427 302/332/1428
f 301/331/1429 300/330/1430 303/333/1431
f 301/331/1432 303/333/1433 302/332/1434
f 302/332/1435 303/333/1436 304/334/1437
f 295/325/1438 291/321/1439 305/335/1440
f 291/321/1441 290/320/1442 305/335/1443
f 295/325/1444 306/336/1445 299/329/1446
f 295/325/1447 305/335/1448 306/336/1449
f 300/330/1450 307/337/1451 308/338/1452
f 300/330/1453 308/338/1454 303/333/1455
f 300/330/1456 299/329/1457 307/337/1458
f 299/329/1459 306/336/1460 309/339/1461
f 299/329/1462 309/339/1463 307/337/1464
f 303/333/1465 310/340/1466 304/334/1467
f 303/333/1468 308/338/1469 310/340/1470
f 308/338/1471 307/337/1472 311/341/1473
f 308/338/1474 311/341/1475 310/340/1476
f 307/337/1477 309/339/1478 312/342/1479
f 307/337/1480 312/342/1481 311/341/1482
f 304/334/1483 310/340/1484 313/343/1485
f 310/340/1486 311/341/1487 314/344/1488
f 310/340/1489 314/344/1490 313/343/1491
f 313/343/1492 314/344/1493 315/345/1494
f 315/345/1495 314/344/1496 316/346/1497
f 311/341/1498 312/342/1499 317/347/1500
f 311/341/1501 317/347/1502 314/344/1503
f 314/344/1504 318/348/1505 316/346/1506
f 314/344/1507 317/347/1508 318/348/1509
f 316/346/1510 318/348/1511 319/349/1512
f 305/335/1513 290/320/1514 320/350/1515
f 320/350/1516 321/351/1517 305/335/1518
f 305/335/1519 321/351/1520 306/336/1521
f 306/336/1522 322/352/1523 309/339/1524
f 306/336/1525 321/351/1526 322/352/1527
f 322/352/1528 323/353/1529 309/339/1530
f 309/339/1531 324/354/1532 312/342/1533
f 309/339/1534 323/353/1535 324/354/1536
f 323/353/1537 325/355/1538 324/354/1539
f 312/342/1540 326/356/1541 317/347/1542
f 312/342/1543 324/354/1544 326/356/1545
f 324/354/1546 325/355/1547 327/357/1548
f 324/354/1549 327/357/1550 326/356/1551
f 325/355/1552 328/358/1553 327/357/1554
f 317/347/1555 329/359/1556 318/348/1557
f 317/347/1558 326/356/1559 329/359/1560
f 326/356/1561 327/357/1562 330/360/1563
f 326/356/1564 330/360/1565 329/359/1566
f 327/357/1567 328/358/1568 331/361/1569
f 327/357/1570 331/361/1571 330/360/1572
f 328/358/1573 332/362/1574 331/361/1575
f 331/361/1576 333/363/1577 330/360/1578
f 331/361/1579 332/362/1580 333/363/1581
f 332/362/1582 334/364/1583 333/363/1584
f 318/348/1585 335/365/1586 319/349/1587
f 318/348/1588 329/359/1589 335/365/1590
f 329/359/1591 330/360/1592 336/366/1593
f 329/359/1594 336/366/1595 335/365/1596
f 330/360/1597 333/363/1598 337/367/1599
f 330/360/1600 337/367/1601 336/366/1602
f 333/363/1603 334/364/1604 338/368/1605
f 333/363/1606 338/368/1607 337/367/1608
f 337/367/1609 339/369/1610 336/366/1611
f 337/367/1612 338/368/1613 339/369/1614
f 319/349/1615 335/365/1616 340/370/1617
f 335/365/1618 336/366/1619 341/371/1620
f 335/365/1621 341/371/1622 340/370/1623
f 336/366/1624 339/369/1625 342/372/1626
f 336/366/1627 342/372/1628 341/371/1629
f 342/372/1630 339/369/1631 343/373/1632
f 342/372/1633 343/373/1634 341/371/1635
f 341/371/1636 344/374/1637 340/370/1638
f 341/371/1639 343/373/1640 344/374/1641
f 340/370/1642 344/374/1643 345/375/1644
f 339/369/1645 338/368/1646 346/376/1647
f 339/369/1648 346/376/1649 343/373/1650
f 338/368/1651 334/364/1652 347/377/1653
f 338/368/1654 347/377/1655 346/376/1656
f 346/376/1657 348/378/1658 343/373/1659
f 346/376/1660 347/377/1661 348/378/1662
f 343/373/1663 349/379/1664 344/374/1665
f 343/373/1666 348/378/1667 349/379/1668
f 344/374/1669 350/380/1670 345/375/1671
f 344/374/1672 349/379/1673 350/380/1674
f 345/375/1675 350/380/1676 351/381/1677
f 334/364/1678 352/382/1679 347/377/1680
f 347/377/1681 353/383/1682 348/378/1683
f 347/377/1684 352/382/1685 353/383/1686
f 352/382/1687 354/384/1688 353/383/1689
f 353/383/1690 355/385/1691 348/378/1692
f 353/383/1693 354/384/1694 355/385/1695
f 354/384/1696 356/386/1697 355/385/1698
f 348/378/1699 357/387/1700 349/379/1701
f 348/378/1702 355/385/1703 357/387/1704
f 355/385/1705 356/386/1706 358/388/1707
f 355/385/1708 358/388/1709 357/387/1710
f 356/386/1711 359/389/1712 358/388/1713
f 349/379/1714 360/390/1715 350/380/1716
f 349/379/1717 357/387/1718 360/390/1719
f 357/387/1720 358/388/1721 361/391/1722
f 357/387/1723 361/391/1724 360/390/1725
f 358/388/1726 359/389/1727 362/392/1728
f 358/388/1729 362/392/1730 361/391/1731
f 359/389/1732 363/393/1733 362/392/1734
f 350/380/1735 364/394/1736 351/381/1737
f 350/380/1738 360/390/1739 364/394/1740
f 360/390/1741 361/391/1742 365/395/1743
f 360/390/1744 365/395/1745 364/394/1746
f 361/391/1747 362/392/1748 366/396/1749
f 361/391/1750 366/396/1751 365/395/1752
f 351/381/1753 364/394/1754 367/397/1755
f 367/397/1756 364/394/1757 368/398/1758
f 364/394/1759 365/395/1760 369/399/1761
f 364/394/1762 369/399/1763 368/398/1764
f 368/398/1765 369/399/1766 370/400/1767
f 365/395/1768 366/396/1769 371/401/1770
f 365/395/1771 371/401/1772 369/399/1773
f 369/399/1774 372/402/1775 370/400/1776
f 369/399/1777 371/401/1778 372/402/1779
f 371/401/1780 366/396/1781 373/403/1782
f 371/401/1783 373/403/1784 372/402/1785
f 366/396/1786 362/392/1787 374/404/1788
f 366/396/1789 374/404/1790 373/403/1791
f 362/392/1792 363/393/1793 375/405/1794
f 362/392/1795 375/405/1796 374/404/1797
f 363/393/1798 376/406/1799 375/405/1800
f 370/400/1801 372/402/1802 377/407/1803
f 372/402/1804 373/403/1805 378/408/1806
f 372/402/1807 378/408/1808 377/407/1809
f 377/407/1810 378/408/1811 379/409/1812
f 378/408/1813 373/403/1814 380/410/1815
f 378/408/1816 380/410/1817 379/409/1818
f 379/409/1819 380/410/1820 381/411/1821
f 373/403/1822 374/404/1823 382/412/1824
f 373/403/1825 382/412/1826 380/410/1827
f 380/410/1828 383/413/1829 381/411/1830
f 380/410/1831 382/412/1832 383/413/1833
f 381/411/1834 383/413/1835 172/185/1836
f 374/404/1837 375/405/1838 384/414/1839
f 374/404/1840 384/414/1841 382/412/1842
f 382/412/1843 385/415/1844 383/413/1845
f 382/412/1846 384/414/1847 385/415/1848
f 383/413/1849 386/416/1850 172/185/1851
f 383/413/1852 385/415/1853 386/416/1854
f 172/185/1855 386/416/1856 171/184/1857
f 375/405/1858 376/406/1859 387/417/1860
f 375/405/1861 387/417/1862 384/414/1863
f 384/414/1864 388/418/1865 385/415/1866
f 384/414/1867 387/417/1868 388/418/1869
f 385/415/1870 389/419/1871 386/416/1872
f 385/415/1873 388/418/1874 389/419/1875
f 386/416/1876 390/420/1877 171/184/1878
f 386/416/1879 389/419/1880 390/420/1881
f 376/406/1882 391/421/1883 387/417/1884
f 387/417/1885 392/422/1886 388/418/1887
f 387/417/1888 391/421/1889 392/422/1890
f 391/421/1891 393/423/1892 392/422/1893
f 388/418/1894 394/424/1895 389/419/1896
f 388/418/1897 392/422/1898 394/424/1899
f 392/422/1900 393/423/1901 395/425/1902
f 392/422/1903 395/425/1904 394/424/1905
f 393/423/1906 396/426/1907 395/425/1908
f 396/426/1909 397/427/1910 395/425/1911
f 397/427/1912 144/151/1913 395/425/1914
f 395/425/1915 398/428/1916 394/424/1917
f 395/425/1918 144/151/1919 398/428/1920
f 394/424/1921 399/429/1922 389/419/1923
f 389/419/1924 399/429/1925 390/420/1926
f 394/424/1927 398/428/1928 399/429/1929
f 398/428/1930 144/151/1931 400/430/1932
f 398/428/1933 400/430/1934 399/429/1935
f 144/151/1936 146/153/1937 400/430/1938
f 146/153/1939 149/156/1940 400/430/1941
f 400/430/1942 401/431/1943 399/429/1944
f 400/430/1945 149/156/1946 401/431/1947
f 149/156/1948 154/164/1949 401/431/1950
f 401/431/1951 402/432/1952 399/429/1953
f 402/432/1954 390/420/1955 399/429/1956
f 402/432/1957 401/431/1958 154/164/1959
f 154/164/1960 171/184/1961 402/432/1962
f 402/432/1963 171/184/1964 390/420/1965
f 290/320/1966 289/319/1967 320/350/1968
f 403/433/1969 404/434/1970 405/435/1971
f 405/435/1972 404/434/1973 406/436/1974
f 404/434/1975 407/437/1976 406/436/1977
f 405/435/1978 406/436/1979 408/438/1980
f 406/436/1981 407/437/1982 409/439/1983
f 407/437/1984 410/440/1985 409/439/1986
f 406/436/1987 411/441/1988 408/438/1989
f 406/436/1990 409/439/1991 411/441/1992
f 408/438/1993 411/441/1994 412/442/1995
f 409/439/1996 410/440/1997 413/443/1998
f 410/440/1999 414/444/2000 413/443/2001
f 409/439/2002 415/445/2003 411/441/2004
f 409/439/2005 413/443/2006 415/445/2007
f 411/441/2008 416/446/2009 412/442/2010
f 411/441/2011 415/445/2012 416/446/2013
f 412/442/2014 416/446/2015 417/447/2016
f 413/443/2017 414/444/2018 418/448/2019
f 414/444/2020 419/449/2021 418/448/2022
f 413/443/2023 420/450/2024 415/445/2025
f 413/443/2026 418/448/2027 420/450/2028
f 415/445/2029 421/451/2030 416/446/2031
f 415/445/2032 420/450/2033 421/451/2034
f 416/446/2035 422/452/2036 417/447/2037
f 416/446/2038 421/451/2039 422/452/2040
f 417/447/2041 422/452/2042 423/453/2043
f 418/448/2044 419/449/2045 424/454/2046
f 419/449/2047 65/455/2048 424/454/2049
f 65/455/2050 44/456/2051 424/454/2052
f 418/448/2053 425/457/2054 420/450/2055
f 418/448/2056 424/454/2057 425/457/2058
f 424/454/2059 44/456/2060 426/458/2061
f 424/454/2062 426/458/2063 425/457/2064
f 44/456/2065 42/459/2066 426/458/2067
f 420/450/2068 427/460/2069 421/451/2070
f 420/450/2071 425/457/2072 427/460/2073
f 425/457/2074 426/458/2075 428/461/2076
f 425/457/2077 428/461/2078 427/460/2079
f 426/458/2080 42/459/2081 429/462/2082
f 426/458/2083 429/462/2084 428/461/2085
f 42/459/2086 40/463/2087 429/462/2088
f 421/451/2089 430/464/2090 422/452/2091
f 421/451/2092 427/460/2093 430/464/2094
f 427/460/2095 428/461/2096 431/465/2097
f 427/460/2098 431/465/2099 430/464/2100
f 428/461/2101 429/462/2102 432/466/2103
f 428/461/2104 432/466/2105 431/465/2106
f 429/462/2107 40/463/2108 433/467/2109
f 429/462/2110 433/467/2111 432/466/2112
f 40/463/2113 38/468/2114 433/467/2115
f 422/452/2116 434/469/2117 423/453/2118
f 422/452/2119 430/464/2120 434/469/2121
f 430/464/2122 431/465/2123 435/470/2124
f 430/464/2125 435/470/2126 434/469/2127
f 434/469/2128 436/471/2129 423/453/2130
f 434/469/2131 435/470/2132 436/471/2133
f 423/453/2134 436/471/2135 437/472/2136
f 431/465/2137 432/466/2138 438/473/2139
f 431/465/2140 438/473/2141 435/470/2142
f 435/470/2143 439/474/2144 436/471/2145
f 435/470/2146 438/473/2147 439/474/2148
f 432/466/2149 433/467/2150 440/475/2151
f 432/466/2152 440/475/2153 438/473/2154
f 438/473/2155 441/476/2156 439/474/2157
f 438/473/2158 440/475/2159 441/476/2160
f 433/467/2161 38/468/2162 442/477/2163
f 433/467/2164 442/477/2165 440/475/2166
f 440/475/2167 443/478/2168 441/476/2169
f 440/475/2170 442/477/2171 443/478/2172
f 38/468/2173 36/479/2174 442/477/2175
f 442/477/2176 444/480/2177 443/478/2178
f 442/477/2179 36/479/2180 444/480/2181
f 36/479/2182 35/481/2183 444/480/2184
f 35/481/2185 45/482/2186 444/480/2187
f 444/480/2188 445/483/2189 443/478/2190
f 444/480/2191 45/482/2192 445/483/2193
f 45/482/2194 47/484/2195 445/483/2196
f 443/478/2197 446/485/2198 441/476/2199
f 443/478/2200 445/483/2201 446/485/2202
f 445/483/2203 47/484/2204 447/486/2205
f 445/483/2206 447/486/2207 446/485/2208
f 47/484/2209 52/487/2210 447/486/2211
f 441/476/2212 448/488/2213 439/474/2214
f 441/476/2215 446/485/2216 448/488/2217
f 446/485/2218 447/486/2219 449/489/2220
f 446/485/2221 449/489/2222 448/488/2223
f 447/486/2224 52/487/2225 450/490/2226
f 447/486/2227 450/490/2228 449/489/2229
f 52/487/2230 54/491/2231 450/490/2232
f 439/474/2233 451/492/2234 436/471/2235
f 439/474/2236 448/488/2237 451/492/2238
f 448/488/2239 449/489/2240 452/493/2241
f 448/488/2242 452/493/2243 451/492/2244
f 449/489/2245 450/490/2246 453/494/2247
f 449/489/2248 453/494/2249 452/493/2250
f 450/490/2251 54/491/2252 454/495/2253
f 450/490/2254 454/495/2255 453/494/2256
f 54/491/2257 57/496/2258 454/495/2259
f 436/471/2260 455/497/2261 437/472/2262
f 436/471/2263 451/492/2264 455/497/2265
f 451/492/2266 452/493/2267 456/498/2268
f 451/492/2269 456/498/2270 455/497/2271
f 452/493/2272 453/494/2273 457/499/2274
f 452/493/2275 457/499/2276 456/498/2277
f 453/494/2278 454/495/2279 458/500/2280
f 453/494/2281 458/500/2282 457/499/2283
f 454/495/2284 57/496/2285 459/501/2286
f 454/495/2287 459/501/2288 458/500/2289
f 57/496/2290 65/502/2291 459/501/2292
f 65/502/2293 419/503/2294 459/501/2295
f 459/501/2296 460/504/2297 458/500/2298
f 459/501/2299 419/503/2300 460/504/2301
f 419/503/2302 414/505/2303 460/504/2304
f 458/500/2305 461/506/2306 457/499/2307
f 458/500/2308 460/504/2309 461/506/2310
f 460/504/2311 414/505/2312 462/507/2313
f 460/504/2314 462/507/2315 461/506/2316
f 414/505/2317 410/508/2318 462/507/2319
f 457/499/2320 463/509/2321 456/498/2322
f 457/499/2323 461/506/2324 463/509/2325
f 461/506/2326 462/507/2327 464/510/2328
f 461/506/2329 464/510/2330 463/509/2331
f 462/507/2332 410/508/2333 465/511/2334
f 462/507/2335 465/511/2336 464/510/2337
f 410/508/2338 407/512/2339 465/511/2340
f 407/512/2341 404/513/2342 465/511/2343
f 456/498/2344 466/514/2345 455/497/2346
f 456/498/2347 463/509/2348 466/514/2349
f 463/509/2350 464/510/2351 467/515/2352
f 463/509/2353 467/515/2354 466/514/2355
f 464/510/2356 465/511/2357 468/516/2358
f 464/510/2359 468/516/2360 467/515/2361
f 465/511/2362 404/513/2363 469/517/2364
f 465/511/2365 469/517/2366 468/516/2367
f 404/513/2368 403/518/2369 469/517/2370
f 469/517/2371 470/519/2372 468/516/2373
f 469/517/2374 403/518/2375 470/519/2376
f 470/519/2377 471/520/2378 468/516/2379
f 468/516/2380 471/520/2381 467/515/2382
f 471/520/2383 472/521/2384 467/515/2385
f 467/515/2386 473/522/2387 466/514/2388
f 467/515/2389 472/521/2390 473/522/2391
f 473/522/2392 474/523/2393 466/514/2394
f 466/514/2395 474/523/2396 455/497/2397
f 455/497/2398 474/523/2399 437/472/2400
f 475/524/2401 476/525/2402 477/526/2403
f 477/526/2404 476/525/2405 478/527/2406
f 477/526/2407 478/527/2408 479/528/2409
f 479/528/2410 478/527/2411 480/529/2412
f 478/527/2413 476/525/2414 481/530/2415
f 478/527/2416 481/530/2417 480/529/2418
f 480/529/2419 481/530/2420 482/531/2421
f 482/531/2422 481/530/2423 483/532/2424
f 483/532/2425 481/530/2426 484/533/2427
f 484/533/2428 481/530/2429 476/525/2430
f 485/534/2431 486/535/2432 487/536/2433
f 487/536/2434 486/535/2435 488/537/2436
f 488/537/2437 489/538/2438 487/536/2439
f 487/536/2440 489/538/2441 490/539/2442
f 488/537/2443 486/535/2444 491/540/2445
f 488/537/2446 491/540/2447 489/538/2448
f 489/538/2449 491/540/2450 492/541/2451
f 492/541/2452 491/540/2453 493/542/2454
f 493/542/2455 491/540/2456 494/543/2457
f 494/543/2458 491/540/2459 486/535/2460
f 495/544/2461 496/545/2462 497/546/2463
f 496/545/2464 498/547/2465 499/548/2466
f 496/545/2467 499/548/2468 497/546/2469
f 498/547/2470 500/549/2471 499/548/2472
f 500/549/2473 501/550/2474 499/548/2475
f 499/548/2476 502/551/2477 497/546/2478
f 499/548/2479 501/550/2480 502/551/2481
f 502/551/2482 503/552/2483 497/546/2484
f 504/553/2485 505/554/2486 506/555/2487
f 506/555/2488 505/554/2489 507/556/2490
f 505/554/2491 508/557/2492 507/556/2493
f 506/555/2494 507/556/2495 509/558/2496
f 507/556/2497 508/557/2498 510/559/2499
f 508/557/2500 511/560/2501 510/559/2502
f 507/556/2503 512/561/2504 509/558/2505
f 507/556/2506 510/559/2507 512/561/2508
f 509/558/2509 512/561/2510 513/562/2511
f 510/559/2512 511/560/2513 514/563/2514
f 511/560/2515 515/564/2516 514/563/2517
f 510/559/2518 516/565/2519 512/561/2520
f 510/559/2521 514/563/2522 516/565/2523
f 512/561/2524 517/566/2525 513/562/2526
f 512/561/2527 516/565/2528 517/566/2529
f 513/562/2530 517/566/2531 518/567/2532
f 514/563/2533 515/564/2534 519/568/2535
f 515/564/2536 520/569/2537 519/568/2538
f 514/563/2539 521/570/2540 516/565/2541
f 514/563/2542 519/568/2543 521/570/2544
f 516/565/2545 522/571/2546 517/566/2547
f 516/565/2548 521/570/2549 522/571/2550
f 517/566/2551 523/572/2552 518/567/2553
f 517/566/2554 522/571/2555 523/572/2556
f 518/567/2557 523/572/2558 524/573/2559
f 519/568/2560 520/569/2561 525/574/2562
f 519/568/2563 526/575/2564 521/570/2565
f 519/568/2566 525/574/2567 526/575/2568
f 521/570/2569 527/576/2570 522/571/2571
f 521/570/2572 526/575/2573 527/576/2574
f 522/571/2575 528/577/2576 523/572/2577
f 522/571/2578 527/576/2579 528/577/2580
f 523/572/2581 529/578/2582 524/573/2583
f 523/572/2584 528/577/2585 529/578/2586
f 524/573/2587 529/578/2588 140/579/2589
f 140/579/2590 529/578/2591 116/580/2592
f 529/578/2593 528/577/2594 530/581/2595
f 529/578/2596 530/581/2597 116/580/2598
f 116/580/2599 530/581/2600 114/582/2601
f 528/577/2602 527/576/2603 531/583/2604
f 528/577/2605 531/583/2606 530/581/2607
f 530/581/2608 532/584/2609 114/582/2610
f 530/581/2611 531/583/2612 532/584/2613
f 114/582/2614 532/584/2615 112/585/2616
f 527/576/2617 526/575/2618 533/586/2619
f 527/576/2620 533/586/2621 531/583/2622
f 531/583/2623 534/587/2624 532/584/2625
f 531/583/2626 533/586/2627 534/587/2628
f 532/584/2629 535/588/2630 112/585/2631
f 532/584/2632 534/587/2633 535/588/2634
f 112/585/2635 535/588/2636 110/589/2637
f 526/575/2638 525/574/2639 536/590/2640
f 526/575/2641 536/590/2642 533/586/2643
f 533/586/2644 537/591/2645 534/587/2646
f 533/586/2647 536/590/2648 537/591/2649
f 534/587/2650 538/592/2651 535/588/2652
f 534/587/2653 537/591/2654 538/592/2655
f 535/588/2656 539/593/2657 110/589/2658
f 535/588/2659 538/592/2660 539/593/2661
f 110/589/2662 539/593/2663 108/594/2664
f 525/574/2665 520/569/2666 540/595/2667
f 525/574/2668 540/595/2669 536/590/2670
f 536/590/2671 541/596/2672 537/591/2673
f 536/590/2674 540/595/2675 541/596/2676
f 537/591/2677 542/597/2678 538/592/2679
f 537/591/2680 541/596/2681 542/597/2682
f 538/592/2683 543/598/2684 539/593/2685
f 538/592/2686 542/597/2687 543/598/2688
f 539/593/2689 544/599/2690 108/594/2691
f 539/593/2692 543/598/2693 544/599/2694
f 108/594/2695 544/599/2696 107/600/2697
f 107/600/2698 544/599/2699 117/601/2700
f 544/599/2701 543/598/2702 545/602/2703
f 544/599/2704 545/602/2705 117/601/2706
f 117/601/2707 545/602/2708 119/603/2709
f 543/598/2710 542/597/2711 546/604/2712
f 543/598/2713 546/604/2714 545/602/2715
f 545/602/2716 547/605/2717 119/603/2718
f 545/602/2719 546/604/2720 547/605/2721
f 119/603/2722 547/605/2723 124/606/2724
f 542/597/2725 541/596/2726 548/607/2727
f 542/597/2728 548/607/2729 546/604/2730
f 546/604/2731 549/608/2732 547/605/2733
f 546/604/2734 548/607/2735 549/608/2736
f 547/605/2737 550/609/2738 124/606/2739
f 547/605/2740 549/608/2741 550/609/2742
f 124/606/2743 550/609/2744 126/610/2745
f 541/596/2746 540/595/2747 551/611/2748
f 541/596/2749 551/611/2750 548/607/2751
f 548/607/2752 552/612/2753 549/608/2754
f 548/607/2755 551/611/2756 552/612/2757
f 549/608/2758 553/613/2759 550/609/2760
f 549/608/2761 552/612/2762 553/613/2763
f 550/609/2764 554/614/2765 126/610/2766
f 550/609/2767 553/613/2768 554/614/2769
f 126/610/2770 554/614/2771 135/615/2772
f 520/569/2773 555/616/2774 540/595/2775
f 540/595/2776 556/617/2777 551/611/2778
f 540/595/2779 555/616/2780 556/617/2781
f 555/616/2782 557/618/2783 556/617/2784
f 551/611/2785 558/619/2786 552/612/2787
f 551/611/2788 556/617/2789 558/619/2790
f 556/617/2791 557/618/2792 559/620/2793
f 556/617/2794 559/620/2795 558/619/2796
f 557/618/2797 560/621/2798 559/620/2799
f 552/612/2800 561/622/2801 553/613/2802
f 552/612/2803 558/619/2804 561/622/2805
f 558/619/2806 559/620/2807 562/623/2808
f 558/619/2809 562/623/2810 561/622/2811
f 559/620/2812 560/621/2813 563/624/2814
f 559/620/2815 563/624/2816 562/623/2817
f 560/621/2818 564/625/2819 563/624/2820
f 564/625/2821 565/626/2822 563/624/2823
f 553/613/2824 566/627/2825 554/614/2826
f 553/613/2827 561/622/2828 566/627/2829
f 561/622/2830 562/623/2831 567/628/2832
f 561/622/2833 567/628/2834 566/627/2835
f 562/623/2836 563/624/2837 568/629/2838
f 562/623/2839 568/629/2840 567/628/2841
f 563/624/2842 565/626/2843 569/630/2844
f 563/624/2845 569/630/2846 568/629/2847
f 565/626/2848 570/631/2849 569/630/2850
f 554/614/2851 571/632/2852 135/615/2853
f 554/614/2854 566/627/2855 571/632/2856
f 566/627/2857 567/628/2858 572/633/2859
f 566/627/2860 572/633/2861 571/632/2862
f 567/628/2863 568/629/2864 573/634/2865
f 567/628/2866 573/634/2867 572/633/2868
f 568/629/2869 569/630/2870 574/635/2871
f 568/629/2872 574/635/2873 573/634/2874
f 569/630/2875 570/631/2876 575/636/2877
f 569/630/2878 575/636/2879 574/635/2880
f 570/631/2881 504/637/2882 575/636/2883
f 575/636/2884 506/638/2885 574/635/2886
f 575/636/2887 504/637/2888 506/638/2889
f 506/638/2890 509/639/2891 574/635/2892
f 574/635/2893 513/640/2894 573/634/2895
f 574/635/2896 509/639/2897 513/640/2898
f 513/640/2899 518/641/2900 573/634/2901
f 573/634/2902 518/641/2903 572/633/2904
f 572/633/2905 524/642/2906 571/632/2907
f 572/633/2908 518/641/2909 524/642/2910
f 524/642/2911 140/643/2912 571/632/2913
f 571/632/2914 140/643/2915 135/615/2916
f 576/644/2917 577/645/2918 578/646/2919
f 577/645/2920 579/647/2921 580/648/2922
f 577/645/2923 580/648/2924 578/646/2925
f 579/647/2926 581/649/2927 580/648/2928
f 580/648/2929 582/650/2930 578/646/2931
f 580/648/2932 581/649/2933 582/650/2934
f 581/649/2935 583/651/2936 582/650/2937
f 583/651/2938 584/652/2939 582/650/2940
f 582/650/2941 585/653/2942 578/646/2943
f 585/653/2944 582/650/2945 584/652/2946
f 586/654/2947 587/655/2948 588/656/2949
f 588/656/2950 587/655/2951 589/657/2952
f 589/657/2953 590/658/2954 588/656/2955
f 588/656/2956 590/658/2957 591/659/2958
f 589/657/2959 587/655/2960 592/660/2961
f 589/657/2962 592/660/2963 590/658/2964
f 590/658/2965 592/660/2966 593/661/2967
f 593/661/2968 592/660/2969 594/662/2970
f 594/662/2971 592/660/2972 595/663/2973
f 595/663/2974 592/660/2975 587/655/2976
f 596/664/2977 597/665/2978 598/666/2979
f 597/665/2980 599/667/2981 600/668/2982
f 597/665/2983 600/668/2984 598/666/2985
f 599/667/2986 601/669/2987 600/668/2988
f 601/669/2989 602/670/2990 600/668/2991
f 600/668/2992 603/671/2993 598/666/2994
f 600/668/2995 602/670/2996 603/671/2997
f 603/671/2998 604/672/2999 598/666/3000
f 393/673/3001 605/674/3002 396/675/3003
f 396/675/3004 605/674/3005 606/676/3006
f 396/675/3007 606/676/3008 397/677/3009
f 397/677/3010 606/676/3011 607/678/3012
f 607/678/3013 608/679/3014 397/677/3015
f 397/677/3016 608/679/3017 609/680/3018
f 397/677/3019 609/680/3020 610/681/3021
f 608/679/3022 607/678/3023 611/682/3024
f 608/679/3025 612/683/3026 609/680/3027
f 608/679/3028 611/682/3029 612/683/3030
f 609/680/3031 613/684/3032 610/681/3033
f 610/681/3034 613/684/3035 614/685/3036
f 609/680/3037 612/683/3038 615/686/3039
f 609/680/3040 615/686/3041 613/684/3042
f 612/683/3043 611/682/3044 616/687/3045
f 612/683/3046 617/688/3047 615/686/3048
f 612/683/3049 616/687/3050 617/688/3051
f 613/684/3052 618/689/3053 614/685/3054
f 614/685/3055 618/689/3056 619/690/3057
f 613/684/3058 615/686/3059 620/691/3060
f 613/684/3061 620/691/3062 618/689/3063
f 615/686/3064 617/688/3065 621/692/3066
f 615/686/3067 621/692/3068 620/691/3069
f 620/691/3070 622/693/3071 618/689/3072
f 620/691/3073 621/692/3074 622/693/3075
f 618/689/3076 623/694/3077 619/690/3078
f 618/689/3079 622/693/3080 623/694/3081
f 619/690/3082 623/694/3083 624/695/3084
f 611/682/3085 607/678/3086 625/696/3087
f 611/682/3088 626/697/3089 616/687/3090
f 611/682/3091 625/696/3092 626/697/3093
f 617/688/3094 627/698/3095 621/692/3096
f 617/688/3097 616/687/3098 628/699/3099
f 617/688/3100 628/699/3101 627/698/3102
f 616/687/3103 626/697/3104 629/700/3105
f 616/687/3106 629/700/3107 628/699/3108
f 622/693/3109 621/692/3110 630/701/3111
f 621/692/3112 627/698/3113 631/702/3114
f 621/692/3115 631/702/3116 630/701/3117
f 622/693/3118 632/703/3119 623/694/3120
f 622/693/3121 630/701/3122 632/703/3123
f 630/701/3124 631/702/3125 633/704/3126
f 630/701/3127 633/704/3128 632/703/3129
f 626/697/3130 625/696/3131 634/705/3132
f 626/697/3133 635/706/3134 629/700/3135
f 626/697/3136 634/705/3137 635/706/3138
f 628/699/3139 629/700/3140 636/707/3141
f 629/700/3142 635/706/3143 637/708/3144
f 629/700/3145 637/708/3146 636/707/3147
f 628/699/3148 638/709/3149 627/698/3150
f 628/699/3151 636/707/3152 638/709/3153
f 627/698/3154 639/710/3155 631/702/3156
f 627/698/3157 638/709/3158 639/710/3159
f 623/694/3160 640/711/3161 624/695/3162
f 624/695/3163 640/711/3164 641/712/3165
f 623/694/3166 632/703/3167 642/713/3168
f 623/694/3169 642/713/3170 640/711/3171
f 632/703/3172 633/704/3173 643/714/3174
f 632/703/3175 643/714/3176 642/713/3177
f 625/696/3178 607/678/3179 644/715/3180
f 607/678/3181 606/676/3182 644/715/3183
f 606/676/3184 605/674/3185 644/715/3186
f 644/715/3187 645/716/3188 625/696/3189
f 625/696/3190 645/716/3191 634/705/3192
f 644/715/3193 605/674/3194 645/716/3195
f 636/707/3196 637/708/3197 646/717/3198
f 636/707/3199 647/718/3200 638/709/3201
f 636/707/3202 646/717/3203 647/718/3204
f 638/709/3205 648/719/3206 639/710/3207
f 638/709/3208 647/718/3209 648/719/3210
f 631/702/3211 649/720/3212 633/704/3213
f 633/704/3214 650/721/3215 643/714/3216
f 633/704/3217 649/720/3218 650/721/3219
f 631/702/3220 639/710/3221 651/722/3222
f 631/702/3223 651/722/3224 649/720/3225
f 649/720/3226 652/723/3227 650/721/3228
f 649/720/3229 651/722/3230 652/723/3231
f 650/721/3232 653/724/3233 643/714/3234
f 650/721/3235 652/723/3236 653/724/3237
f 643/714/3238 654/725/3239 642/713/3240
f 643/714/3241 653/724/3242 654/725/3243
f 642/713/3244 655/726/3245 640/711/3246
f 642/713/3247 654/725/3248 655/726/3249
f 640/711/3250 656/727/3251 641/712/3252
f 640/711/3253 655/726/3254 656/727/3255
f 641/712/3256 656/727/3257 657/728/3258
f 639/710/3259 648/719/3260 658/729/3261
f 639/710/3262 658/729/3263 651/722/3264
f 651/722/3265 659/730/3266 652/723/3267
f 651/722/3268 658/729/3269 659/730/3270
f 652/723/3271 660/731/3272 653/724/3273
f 652/723/3274 659/730/3275 660/731/3276
f 653/724/3277 661/732/3278 654/725/3279
f 653/724/3280 660/731/3281 661/732/3282
f 661/732/3283 662/733/3284 654/725/3285
f 661/732/3286 660/731/3287 662/733/3288
f 660/731/3289 659/730/3290 663/734/3291
f 660/731/3292 663/734/3293 662/733/3294
f 654/725/3295 664/735/3296 655/726/3297
f 654/725/3298 662/733/3299 664/735/3300
f 662/733/3301 663/734/3302 665/736/3303
f 662/733/3304 665/736/3305 664/735/3306
f 655/726/3307 666/737/3308 656/727/3309
f 655/726/3310 664/735/3311 666/737/3312
f 664/735/3313 665/736/3314 667/738/3315
f 664/735/3316 667/738/3317 666/737/3318
f 656/727/3319 668/739/3320 657/728/3321
f 656/727/3322 666/737/3323 668/739/3324
f 666/737/3325 667/738/3326 669/740/3327
f 666/737/3328 669/740/3329 668/739/3330
f 657/728/3331 668/739/3332 670/741/3333
f 668/739/3334 669/740/3335 671/742/3336
f 668/739/3337 671/742/3338 670/741/3339
f 670/741/3340 671/742/3341 672/743/3342
f 658/729/3343 648/719/3344 673/744/3345
f 648/719/3346 647/718/3347 673/744/3348
f 658/729/3349 674/745/3350 659/730/3351
f 658/729/3352 673/744/3353 674/745/3354
f 659/730/3355 675/746/3356 663/734/3357
f 659/730/3358 674/745/3359 675/746/3360
f 663/734/3361 676/747/3362 665/736/3363
f 663/734/3364 675/746/3365 676/747/3366
f 665/736/3367 677/748/3368 667/738/3369
f 665/736/3370 676/747/3371 677/748/3372
f 667/738/3373 678/749/3374 669/740/3375
f 667/738/3376 677/748/3377 678/749/3378
f 669/740/3379 679/750/3380 671/742/3381
f 669/740/3382 678/749/3383 679/750/3384
f 671/742/3385 680/751/3386 672/743/3387
f 671/742/3388 679/750/3389 680/751/3390
f 680/751/3391 681/752/3392 672/743/3393
f 680/751/3394 679/750/3395 681/752/3396
f 672/743/3397 681/752/3398 682/753/3399
f 673/744/3400 647/718/3401 683/754/3402
f 647/718/3403 646/717/3404 683/754/3405
f 673/744/3406 684/755/3407 674/745/3408
f 673/744/3409 683/754/3410 684/755/3411
f 674/745/3412 685/756/3413 675/746/3414
f 674/745/3415 684/755/3416 685/756/3417
f 675/746/3418 686/757/3419 676/747/3420
f 675/746/3421 685/756/3422 686/757/3423
f 676/747/3424 687/758/3425 677/748/3426
f 676/747/3427 686/757/3428 687/758/3429
f 677/748/3430 688/759/3431 678/749/3432
f 677/748/3433 687/758/3434 688/759/3435
f 678/749/3436 689/760/3437 679/750/3438
f 678/749/3439 688/759/3440 689/760/3441
f 689/760/3442 690/761/3443 679/750/3444
f 689/760/3445 688/759/3446 690/761/3447
f 688/759/3448 687/758/3449 691/762/3450
f 688/759/3451 691/762/3452 690/761/3453
f 687/758/3454 686/757/3455 692/763/3456
f 687/758/3457 692/763/3458 691/762/3459
f 686/757/3460 685/756/3461 693/764/3462
f 686/757/3463 693/764/3464 692/763/3465
f 685/756/3466 684/755/3467 694/765/3468
f 685/756/3469 694/765/3470 693/764/3471
f 684/755/3472 683/754/3473 695/766/3474
f 684/755/3475 695/766/3476 694/765/3477
f 679/750/3478 696/767/3479 681/752/3480
f 679/750/3481 690/761/3482 696/767/3483
f 690/761/3484 691/762/3485 697/768/3486
f 690/761/3487 697/768/3488 696/767/3489
f 691/762/3490 692/763/3491 698/769/3492
f 691/762/3493 698/769/3494 697/768/3495
f 692/763/3496 693/764/3497 699/770/3498
f 692/763/3499 699/770/3500 698/769/3501
f 693/764/3502 694/765/3503 700/771/3504
f 693/764/3505 700/771/3506 699/770/3507
f 694/765/3508 695/766/3509 701/772/3510
f 694/765/3511 701/772/3512 700/771/3513
f 681/752/3514 702/773/3515 682/753/3516
f 681/752/3517 696/767/3518 702/773/3519
f 696/767/3520 697/768/3521 703/774/3522
f 696/767/3523 703/774/3524 702/773/3525
f 697/768/3526 698/769/3527 704/775/3528
f 697/768/3529 704/775/3530 703/774/3531
f 698/769/3532 699/770/3533 705/776/3534
f 698/769/3535 705/776/3536 704/775/3537
f 699/770/3538 700/771/3539 706/777/3540
f 699/770/3541 706/777/3542 705/776/3543
f 682/753/3544 702/773/3545 707/778/3546
f 702/773/3547 703/774/3548 708/779/3549
f 702/773/3550 708/779/3551 707/778/3552
f 707/778/3553 708/779/3554 709/780/3555
f 703/774/3556 704/775/3557 710/781/3558
f 703/774/3559 710/781/3560 708/779/3561
f 708/779/3562 711/782/3563 709/780/3564
f 708/779/3565 710/781/3566 711/782/3567
f 709/780/3568 711/782/3569 712/783/3570
f 704/775/3571 705/776/3572 713/784/3573
f 704/775/3574 713/784/3575 710/781/3576
f 710/781/3577 714/785/3578 711/782/3579
f 710/781/3580 713/784/3581 714/785/3582
f 711/782/3583 715/786/3584 712/783/3585
f 711/782/3586 714/785/3587 715/786/3588
f 712/783/3589 715/786/3590 716/787/3591
f 705/776/3592 706/777/3593 717/788/3594
f 705/776/3595 717/788/3596 713/784/3597
f 717/788/3598 706/777/3599 718/789/3600
f 717/788/3601 718/789/3602 713/784/3603
f 713/784/3604 719/790/3605 714/785/3606
f 713/784/3607 718/789/3608 719/790/3609
f 714/785/3610 720/791/3611 715/786/3612
f 714/785/3613 719/790/3614 720/791/3615
f 706/777/3616 700/771/3617 721/792/3618
f 706/777/3619 721/792/3620 718/789/3621
f 718/789/3622 722/793/3623 719/790/3624
f 718/789/3625 721/792/3626 722/793/3627
f 719/790/3628 723/794/3629 720/791/3630
f 719/790/3631 722/793/3632 723/794/3633
f 722/793/3634 721/792/3635 724/795/3636
f 722/793/3637 724/795/3638 723/794/3639
f 721/792/3640 700/771/3641 725/796/3642
f 700/771/3643 701/772/3644 725/796/3645
f 721/792/3646 725/796/3647 724/795/3648
f 724/795/3649 726/797/3650 723/794/3651
f 724/795/3652 725/796/3653 726/797/3654
f 725/796/3655 701/772/3656 727/798/3657
f 725/796/3658 727/798/3659 726/797/3660
f 723/794/3661 728/799/3662 720/791/3663
f 723/794/3664 726/797/3665 728/799/3666
f 720/791/3667 729/800/3668 715/786/3669
f 720/791/3670 728/799/3671 729/800/3672
f 728/799/3673 726/797/3674 730/801/3675
f 728/799/3676 730/801/3677 729/800/3678
f 726/797/3679 727/798/3680 731/802/3681
f 726/797/3682 731/802/3683 730/801/3684
f 715/786/3685 732/803/3686 716/787/3687
f 715/786/3688 729/800/3689 732/803/3690
f 729/800/3691 730/801/3692 733/804/3693
f 729/800/3694 733/804/3695 732/803/3696
f 716/787/3697 732/803/3698 734/805/3699
f 732/803/3700 733/804/3701 735/806/3702
f 732/803/3703 735/806/3704 734/805/3705
f 734/805/3706 735/806/3707 736/807/3708
f 733/804/3709 730/801/3710 737/808/3711
f 733/804/3712 737/808/3713 735/806/3714
f 735/806/3715 738/809/3716 736/807/3717
f 735/806/3718 737/808/3719 738/809/3720
f 736/807/3721 738/809/3722 287/810/3723
f 730/801/3724 731/802/3725 739/811/3726
f 730/801/3727 739/811/3728 737/808/3729
f 737/808/3730 740/812/3731 738/809/3732
f 737/808/3733 739/811/3734 740/812/3735
f 738/809/3736 741/813/3737 287/810/3738
f 738/809/3739 740/812/3740 741/813/3741
f 287/810/3742 741/813/3743 742/814/3744
f 741/813/3745 740/812/3746 743/815/3747
f 741/813/3748 743/815/3749 742/814/3750
f 740/812/3751 739/811/3752 744/816/3753
f 740/812/3754 744/816/3755 743/815/3756
f 739/811/3757 731/802/3758 745/817/3759
f 739/811/3760 745/817/3761 744/816/3762
f 731/802/3763 727/798/3764 746/818/3765
f 731/802/3766 746/818/3767 745/817/3768
f 727/798/3769 701/772/3770 747/819/3771
f 727/798/3772 747/819/3773 746/818/3774
f 701/772/3775 695/766/3776 747/819/3777
f 747/819/3778 748/820/3779 746/818/3780
f 747/819/3781 695/766/3782 748/820/3783
f 695/766/3784 683/754/3785 748/820/3786
f 746/818/3787 749/821/3788 745/817/3789
f 746/818/3790 748/820/3791 749/821/3792
f 748/820/3793 683/754/3794 750/822/3795
f 748/820/3796 750/822/3797 749/821/3798
f 745/817/3799 751/823/3800 744/816/3801
f 745/817/3802 749/821/3803 751/823/3804
f 749/821/3805 750/822/3806 752/824/3807
f 749/821/3808 752/824/3809 751/823/3810
f 744/816/3811 753/825/3812 743/815/3813
f 744/816/3814 751/823/3815 753/825/3816
f 751/823/3817 752/824/3818 754/826/3819
f 751/823/3820 754/826/3821 753/825/3822
f 743/815/3823 755/827/3824 742/814/3825
f 743/815/3826 753/825/3827 755/827/3828
f 753/825/3829 754/826/3830 756/828/3831
f 753/825/3832 756/828/3833 755/827/3834
f 750/822/3835 683/754/3836 757/829/3837
f 683/754/3838 646/717/3839 757/829/3840
f 750/822/3841 758/830/3842 752/824/3843
f 750/822/3844 757/829/3845 758/830/3846
f 752/824/3847 759/831/3848 754/826/3849
f 752/824/3850 758/830/3851 759/831/3852
f 755/827/3853 760/832/3854 742/814/3855
f 755/827/3856 756/828/3857 761/833/3858
f 755/827/3859 761/833/3860 760/832/3861
f 757/829/3862 646/717/3863 762/834/3864
f 646/717/3865 637/708/3866 762/834/3867
f 757/829/3868 763/835/3869 758/830/3870
f 757/829/3871 762/834/3872 763/835/3873
f 763/835/3874 764/836/3875 758/830/3876
f 763/835/3877 762/834/3878 764/836/3879
f 758/830/3880 765/837/3881 759/831/3882
f 758/830/3883 764/836/3884 765/837/3885
f 754/826/3886 766/838/3887 767/839/3888
f 754/826/3889 767/839/3890 756/828/3891
f 754/826/3892 759/831/3893 766/838/3894
f 759/831/3895 765/837/3896 768/840/3897
f 759/831/3898 768/840/3899 766/838/3900
f 765/837/3901 764/836/3902 769/841/3903
f 765/837/3904 769/841/3905 768/840/3906
f 764/836/3907 762/834/3908 770/842/3909
f 764/836/3910 770/842/3911 769/841/3912
f 762/834/3913 637/708/3914 771/843/3915
f 762/834/3916 771/843/3917 770/842/3918
f 770/842/3919 772/844/3920 769/841/3921
f 770/842/3922 771/843/3923 772/844/3924
f 769/841/3925 773/845/3926 768/840/3927
f 769/841/3928 772/844/3929 773/845/3930
f 768/840/3931 774/846/3932 766/838/3933
f 768/840/3934 773/845/3935 774/846/3936
f 766/838/3937 775/847/3938 767/839/3939
f 766/838/3940 774/846/3941 775/847/3942
f 767/839/3943 776/848/3944 756/828/3945
f 756/828/3946 776/848/3947 761/833/3948
f 767/839/3949 775/847/3950 776/848/3951
f 637/708/3952 635/706/3953 771/843/3954
f 771/843/3955 777/849/3956 772/844/3957
f 771/843/3958 635/706/3959 777/849/3960
f 772/844/3961 778/850/3962 773/845/3963
f 772/844/3964 777/849/3965 778/850/3966
f 773/845/3967 779/851/3968 774/846/3969
f 773/845/3970 778/850/3971 779/851/3972
f 774/846/3973 780/852/3974 775/847/3975
f 774/846/3976 779/851/3977 780/852/3978
f 760/832/3979 781/853/3980 742/814/3981
f 781/853/3982 760/832/3983 782/854/3984
f 760/832/3985 761/833/3986 782/854/3987
f 761/833/3988 776/848/3989 783/855/3990
f 761/833/3991 783/855/3992 782/854/3993
f 777/849/3994 635/706/3995 784/856/3996
f 635/706/3997 634/705/3998 784/856/3999
f 777/849/4000 785/857/4001 778/850/4002
f 777/849/4003 784/856/4004 785/857/4005
f 784/856/4006 634/705/4007 786/858/4008
f 784/856/4009 786/858/4010 785/857/4011
f 634/705/4012 645/716/4013 786/858/4014
f 778/850/4015 787/859/4016 779/851/4017
f 778/850/4018 785/857/4019 787/859/4020
f 779/851/4021 788/860/4022 780/852/4023
f 779/851/4024 787/859/4025 788/860/4026
f 775/847/4027 789/861/4028 790/862/4029
f 775/847/4030 790/862/4031 776/848/4032
f 775/847/4033 780/852/4034 789/861/4035
f 780/852/4036 788/860/4037 791/863/4038
f 780/852/4039 791/863/4040 789/861/4041
f 776/848/4042 792/864/4043 783/855/4044
f 776/848/4045 790/862/4046 792/864/4047
f 785/857/4048 786/858/4049 793/865/4050
f 785/857/4051 794/866/4052 787/859/4053
f 785/857/4054 793/865/4055 794/866/4056
f 787/859/4057 795/867/4058 788/860/4059
f 787/859/4060 794/866/4061 795/867/4062
f 789/861/4063 791/863/4064 796/868/4065
f 789/861/4066 797/869/4067 790/862/4068
f 789/861/4069 796/868/4070 797/869/4071
f 790/862/4072 798/870/4073 792/864/4074
f 790/862/4075 797/869/4076 798/870/4077
f 792/864/4078 799/871/4079 783/855/4080
f 792/864/4081 798/870/4082 799/871/4083
f 786/858/4084 645/716/4085 800/872/4086
f 645/716/4087 605/674/4088 800/872/4089
f 605/674/4090 393/673/4091 800/872/4092
f 393/673/4093 391/873/4094 800/872/4095
f 786/858/4096 801/874/4097 793/865/4098
f 786/858/4099 800/872/4100 801/874/4101
f 800/872/4102 391/873/4103 802/875/4104
f 800/872/4105 802/875/4106 801/874/4107
f 801/874/4108 803/876/4109 793/865/4110
f 801/874/4111 802/875/4112 803/876/4113
f 802/875/4114 391/873/4115 376/877/4116
f 802/875/4117 376/877/4118 803/876/4119
f 376/877/4120 363/878/4121 803/876/4122
f 793/865/4123 804/879/4124 794/866/4125
f 793/865/4126 803/876/4127 804/879/4128
f 803/876/4129 363/878/4130 805/880/4131
f 803/876/4132 805/880/4133 804/879/4134
f 363/878/4135 359/881/4136 805/880/4137
f 794/866/4138 806/882/4139 795/867/4140
f 794/866/4141 804/879/4142 806/882/4143
f 804/879/4144 805/880/4145 807/883/4146
f 804/879/4147 807/883/4148 806/882/4149
f 807/883/4150 805/880/4151 808/884/4152
f 805/880/4153 359/881/4154 808/884/4155
f 807/883/4156 808/884/4157 806/882/4158
f 806/882/4159 809/885/4160 795/867/4161
f 806/882/4162 808/884/4163 809/885/4164
f 808/884/4165 359/881/4166 356/886/4167
f 808/884/4168 356/886/4169 809/885/4170
f 356/886/4171 354/887/4172 809/885/4173
f 809/885/4174 810/888/4175 795/867/4176
f 809/885/4177 354/887/4178 810/888/4179
f 354/887/4180 352/889/4181 810/888/4182
f 795/867/4183 810/888/4184 788/860/4185
f 810/888/4186 352/889/4187 811/890/4188
f 810/888/4189 811/890/4190 788/860/4191
f 352/889/4192 334/891/4193 811/890/4194
f 334/891/4195 332/892/4196 811/890/4197
f 811/890/4198 812/893/4199 788/860/4200
f 811/890/4201 332/892/4202 812/893/4203
f 332/892/4204 328/894/4205 812/893/4206
f 788/860/4207 812/893/4208 791/863/4209
f 812/893/4210 328/894/4211 813/895/4212
f 812/893/4213 813/895/4214 791/863/4215
f 791/863/4216 813/895/4217 796/868/4218
f 328/894/4219 325/896/4220 813/895/4221
f 813/895/4222 814/897/4223 796/868/4224
f 813/895/4225 325/896/4226 814/897/4227
f 325/896/4228 323/898/4229 814/897/4230
f 814/897/4231 815/899/4232 796/868/4233
f 796/868/4234 815/899/4235 797/869/4236
f 815/899/4237 814/897/4238 816/900/4239
f 814/897/4240 323/898/4241 816/900/4242
f 815/899/4243 816/900/4244 797/869/4245
f 797/869/4246 816/900/4247 798/870/4248
f 816/900/4249 323/898/4250 322/901/4251
f 816/900/4252 322/901/4253 798/870/4254
f 322/901/4255 321/902/4256 798/870/4257
f 798/870/4258 321/902/4259 799/871/4260
f 321/902/4261 320/903/4262 799/871/4263
f 799/871/4264 320/903/4265 783/855/4266
f 320/903/4267 289/904/4268 783/855/4269
f 783/855/4270 289/904/4271 782/854/4272
f 782/854/4273 288/905/4274 781/853/4275
f 288/905/4276 782/854/4277 289/904/4278
f 288/905/4279 287/810/4280 781/853/4281
f 781/853/4282 287/810/4283 742/814/4284
f 351/906/4285 817/907/4286 345/908/4287
f 817/907/4288 818/909/4289 345/908/4290
f 817/907/4291 819/910/4292 818/909/4293
f 818/909/4294 820/911/4295 345/908/4296
f 345/908/4297 820/911/4298 340/912/4299
f 340/912/4300 820/911/4301 319/913/4302
f 818/909/4303 819/910/4304 821/914/4305
f 818/909/4306 821/914/4307 820/911/4308
f 820/911/4309 822/915/4310 319/913/4311
f 820/911/4312 821/914/4313 823/916/4314
f 820/911/4315 824/917/4316 822/915/4317
f 820/911/4318 823/916/4319 824/917/4320
f 821/914/4321 819/910/4322 825/918/4323
f 819/910/4324 826/919/4325 825/918/4326
f 826/919/4327 827/920/4328 825/918/4329
f 821/914/4330 828/921/4331 823/916/4332
f 821/914/4333 825/918/4334 828/921/4335
f 822/915/4336 829/922/4337 319/913/4338
f 319/913/4339 829/922/4340 316/923/4341
f 829/922/4342 822/915/4343 830/924/4344
f 822/915/4345 824/917/4346 830/924/4347
f 823/916/4348 828/921/4349 831/925/4350
f 823/916/4351 832/926/4352 824/917/4353
f 823/916/4354 831/925/4355 832/926/4356
f 831/925/4357 828/921/4358 833/927/4359
f 831/925/4360 833/927/4361 832/926/4362
f 828/921/4363 825/918/4364 834/928/4365
f 828/921/4366 834/928/4367 833/927/4368
f 825/918/4369 827/920/4370 835/929/4371
f 825/918/4372 835/929/4373 834/928/4374
f 827/920/4375 836/930/4376 835/929/4377
f 824/917/4378 837/931/4379 830/924/4380
f 824/917/4381 832/926/4382 837/931/4383
f 832/926/4384 833/927/4385 838/932/4386
f 832/926/4387 838/932/4388 837/931/4389
f 833/927/4390 834/928/4391 839/933/4392
f 833/927/4393 839/933/4394 838/932/4395
f 834/928/4396 835/929/4397 840/934/4398
f 834/928/4399 840/934/4400 839/933/4401
f 835/929/4402 836/930/4403 841/935/4404
f 835/929/4405 841/935/4406 840/934/4407
f 836/930/4408 842/936/4409 841/935/4410
f 830/924/4411 837/931/4412 843/937/4413
f 843/937/4414 837/931/4415 844/938/4416
f 837/931/4417 838/932/4418 845/939/4419
f 837/931/4420 845/939/4421 844/938/4422
f 844/938/4423 845/939/4424 846/940/4425
f 838/932/4426 839/933/4427 847/941/4428
f 838/932/4429 847/941/4430 845/939/4431
f 845/939/4432 848/942/4433 846/940/4434
f 845/939/4435 847/941/4436 848/942/4437
f 846/940/4438 848/942/4439 849/943/4440
f 839/933/4441 840/934/4442 850/944/4443
f 839/933/4444 850/944/4445 847/941/4446
f 847/941/4447 851/945/4448 848/942/4449
f 847/941/4450 850/944/4451 851/945/4452
f 848/942/4453 852/946/4454 849/943/4455
f 848/942/4456 851/945/4457 852/946/4458
f 849/943/4459 852/946/4460 853/947/4461
f 840/934/4462 841/935/4463 854/948/4464
f 840/934/4465 854/948/4466 850/944/4467
f 850/944/4468 223/949/4469 851/945/4470
f 850/944/4471 854/948/4472 223/949/4473
f 223/949/4474 225/950/4475 851/945/4476
f 851/945/4477 225/950/4478 852/946/4479
f 852/946/4480 226/951/4481 853/947/4482
f 852/946/4483 225/950/4484 226/951/4485
f 226/951/4486 229/952/4487 853/947/4488
f 223/949/4489 854/948/4490 222/953/4491
f 854/948/4492 841/935/4493 855/954/4494
f 841/935/4495 842/936/4496 855/954/4497
f 854/948/4498 855/954/4499 222/953/4500
f 222/953/4501 855/954/4502 221/955/4503
f 855/954/4504 842/936/4505 856/956/4506
f 855/954/4507 856/956/4508 221/955/4509
f 221/955/4510 856/956/4511 185/957/4512
f 48/958/4513 857/959/4514 49/960/4515
f 48/958/4516 148/961/4517 857/959/4518
f 857/959/4519 858/962/4520 49/960/4521
f 49/960/4522 858/962/4523 51/963/4524
f 857/959/4525 148/961/4526 859/964/4527
f 148/961/4528 145/965/4529 859/964/4530
f 857/959/4531 860/966/4532 858/962/4533
f 857/959/4534 859/964/4535 860/966/4536
f 858/962/4537 861/967/4538 51/963/4539
f 858/962/4540 860/966/4541 861/967/4542
f 51/963/4543 861/967/4544 55/968/4545
f 55/968/4546 861/967/4547 59/969/4548
f 859/964/4549 145/965/4550 862/970/4551
f 145/965/4552 144/971/4553 862/970/4554
f 859/964/4555 863/972/4556 860/966/4557
f 859/964/4558 862/970/4559 863/972/4560
f 861/967/4561 864/973/4562 59/969/4563
f 59/969/4564 864/973/4565 61/974/4566
f 861/967/4567 860/966/4568 865/975/4569
f 861/967/4570 865/975/4571 864/973/4572
f 860/966/4573 863/972/4574 866/976/4575
f 860/966/4576 866/976/4577 865/975/4578
f 862/970/4579 144/971/4580 867/977/4581
f 144/971/4582 397/978/4583 867/977/4584
f 397/978/4585 610/979/4586 867/977/4587
f 862/970/4588 868/980/4589 863/972/4590
f 862/970/4591 867/977/4592 868/980/4593
f 867/977/4594 610/979/4595 869/981/4596
f 867/977/4597 869/981/4598 868/980/4599
f 610/979/4600 614/982/4601 869/981/4602
f 863/972/4603 870/983/4604 866/976/4605
f 863/972/4606 868/980/4607 870/983/4608
f 870/983/4609 871/984/4610 866/976/4611
f 870/983/4612 868/980/4613 871/984/4614
f 868/980/4615 869/981/4616 872/985/4617
f 868/980/4618 872/985/4619 871/984/4620
f 869/981/4621 614/982/4622 873/986/4623
f 869/981/4624 873/986/4625 872/985/4626
f 614/982/4627 619/987/4628 873/986/4629
f 866/976/4630 874/988/4631 865/975/4632
f 866/976/4633 871/984/4634 874/988/4635
f 871/984/4636 872/985/4637 875/989/4638
f 871/984/4639 875/989/4640 874/988/4641
f 872/985/4642 873/986/4643 876/990/4644
f 872/985/4645 876/990/4646 875/989/4647
f 873/986/4648 619/987/4649 877/991/4650
f 873/986/4651 877/991/4652 876/990/4653
f 619/987/4654 624/992/4655 877/991/4656
f 624/992/4657 641/993/4658 877/991/4659
f 865/975/4660 878/994/4661 864/973/4662
f 865/975/4663 874/988/4664 878/994/4665
f 874/988/4666 875/989/4667 879/995/4668
f 874/988/4669 879/995/4670 878/994/4671
f 875/989/4672 876/990/4673 880/996/4674
f 875/989/4675 880/996/4676 879/995/4677
f 876/990/4678 877/991/4679 881/997/4680
f 876/990/4681 881/997/4682 880/996/4683
f 877/991/4684 641/993/4685 882/998/4686
f 877/991/4687 882/998/4688 881/997/4689
f 641/993/4690 657/999/4691 882/998/4692
f 864/973/4693 883/1000/4694 61/974/4695
f 864/973/4696 878/994/4697 883/1000/4698
f 878/994/4699 879/995/4700 884/1001/4701
f 878/994/4702 884/1001/4703 883/1000/4704
f 879/995/4705 880/996/4706 885/1002/4707
f 879/995/4708 885/1002/4709 884/1001/4710
f 880/996/4711 881/997/4712 886/1003/4713
f 880/996/4714 886/1003/4715 885/1002/4716
f 881/997/4717 882/998/4718 887/1004/4719
f 881/997/4720 887/1004/4721 886/1003/4722
f 882/998/4723 657/999/4724 888/1005/4725
f 882/998/4726 888/1005/4727 887/1004/4728
f 657/999/4729 670/1006/4730 888/1005/4731
f 888/1005/4732 889/1007/4733 887/1004/4734
f 888/1005/4735 670/1006/4736 889/1007/4737
f 670/1006/4738 672/1008/4739 889/1007/4740
f 672/1008/4741 890/1009/4742 889/1007/4743
f 889/1007/4744 891/1010/4745 887/1004/4746
f 889/1007/4747 890/1009/4748 891/1010/4749
f 890/1009/4750 892/1011/4751 891/1010/4752
f 892/1011/4753 893/1012/4754 891/1010/4755
f 891/1010/4756 894/1013/4757 887/1004/4758
f 887/1004/4759 894/1013/4760 886/1003/4761
f 891/1010/4762 893/1012/4763 894/1013/4764
f 893/1012/4765 895/1014/4766 894/1013/4767
f 894/1013/4768 896/1015/4769 886/1003/4770
f 886/1003/4771 896/1015/4772 885/1002/4773
f 894/1013/4774 895/1014/4775 896/1015/4776
f 895/1014/4777 897/1016/4778 896/1015/4779
f 896/1015/4780 898/1017/4781 885/1002/4782
f 885/1002/4783 898/1017/4784 884/1001/4785
f 896/1015/4786 897/1016/4787 898/1017/4788
f 897/1016/4789 899/1018/4790 898/1017/4791
f 898/1017/4792 900/1019/4793 884/1001/4794
f 884/1001/4795 900/1019/4796 883/1000/4797
f 898/1017/4798 899/1018/4799 900/1019/4800
f 899/1018/4801 72/1020/4802 900/1019/4803
f 900/1019/4804 63/1021/4805 883/1000/4806
f 63/1021/4807 61/974/4808 883/1000/4809
f 63/1021/4810 900/1019/4811 72/1020/4812
f 120/1022/4813 121/1023/4814 901/1024/4815
f 120/1022/4816 901/1024/4817 267/1025/4818
f 267/1025/4819 901/1024/4820 902/1026/4821
f 267/1025/4822 902/1026/4823 269/1027/4824
f 901/1024/4825 121/1023/4826 903/1028/4827
f 121/1023/4828 123/1029/4829 903/1028/4830
f 901/1024/4831 904/1030/4832 902/1026/4833
f 901/1024/4834 903/1028/4835 904/1030/4836
f 903/1028/4837 123/1029/4838 905/1031/4839
f 903/1028/4840 905/1031/4841 904/1030/4842
f 123/1029/4843 127/1032/4844 905/1031/4845
f 127/1032/4846 129/1033/4847 905/1031/4848
f 902/1026/4849 906/1034/4850 269/1027/4851
f 269/1027/4852 906/1034/4853 273/1035/4854
f 902/1026/4855 904/1030/4856 907/1036/4857
f 902/1026/4858 907/1036/4859 906/1034/4860
f 905/1031/4861 129/1033/4862 908/1037/4863
f 129/1033/4864 131/1038/4865 908/1037/4866
f 905/1031/4867 909/1039/4868 904/1030/4869
f 905/1031/4870 908/1037/4871 909/1039/4872
f 904/1030/4873 910/1040/4874 907/1036/4875
f 904/1030/4876 909/1039/4877 910/1040/4878
f 906/1034/4879 911/1041/4880 273/1035/4881
f 273/1035/4882 911/1041/4883 287/1042/4884
f 287/1042/4885 911/1041/4886 736/1043/4887
f 906/1034/4888 907/1036/4889 912/1044/4890
f 906/1034/4891 912/1044/4892 911/1041/4893
f 911/1041/4894 913/1045/4895 736/1043/4896
f 911/1041/4897 912/1044/4898 913/1045/4899
f 736/1043/4900 913/1045/4901 734/1046/4902
f 907/1036/4903 910/1040/4904 914/1047/4905
f 907/1036/4906 914/1047/4907 912/1044/4908
f 914/1047/4909 910/1040/4910 915/1048/4911
f 914/1047/4912 915/1048/4913 912/1044/4914
f 912/1044/4915 916/1049/4916 913/1045/4917
f 912/1044/4918 915/1048/4919 916/1049/4920
f 913/1045/4921 917/1050/4922 734/1046/4923
f 913/1045/4924 916/1049/4925 917/1050/4926
f 734/1046/4927 917/1050/4928 716/1051/4929
f 910/1040/4930 909/1039/4931 918/1052/4932
f 910/1040/4933 918/1052/4934 915/1048/4935
f 915/1048/4936 919/1053/4937 916/1049/4938
f 915/1048/4939 918/1052/4940 919/1053/4941
f 916/1049/4942 920/1054/4943 917/1050/4944
f 916/1049/4945 919/1053/4946 920/1054/4947
f 917/1050/4948 921/1055/4949 716/1051/4950
f 917/1050/4951 920/1054/4952 921/1055/4953
f 716/1051/4954 921/1055/4955 712/1056/4956
f 712/1056/4957 921/1055/4958 709/1057/4959
f 909/1039/4960 908/1037/4961 922/1058/4962
f 909/1039/4963 922/1058/4964 918/1052/4965
f 918/1052/4966 923/1059/4967 919/1053/4968
f 918/1052/4969 922/1058/4970 923/1059/4971
f 919/1053/4972 924/1060/4973 920/1054/4974
f 919/1053/4975 923/1059/4976 924/1060/4977
f 920/1054/4978 925/1061/4979 921/1055/4980
f 920/1054/4981 924/1060/4982 925/1061/4983
f 921/1055/4984 926/1062/4985 709/1057/4986
f 921/1055/4987 925/1061/4988 926/1062/4989
f 709/1057/4990 926/1062/4991 707/1063/4992
f 908/1037/4993 131/1038/4994 927/1064/4995
f 908/1037/4996 927/1064/4997 922/1058/4998
f 922/1058/4999 928/1065/5000 923/1059/5001
f 922/1058/5002 927/1064/5003 928/1065/5004
f 923/1059/5005 929/1066/5006 924/1060/5007
f 923/1059/5008 928/1065/5009 929/1066/5010
f 924/1060/5011 930/1067/5012 925/1061/5013
f 924/1060/5014 929/1066/5015 930/1067/5016
f 925/1061/5017 931/1068/5018 926/1062/5019
f 925/1061/5020 930/1067/5021 931/1068/5022
f 926/1062/5023 932/1069/5024 707/1063/5025
f 926/1062/5026 931/1068/5027 932/1069/5028
f 707/1063/5029 932/1069/5030 682/1070/5031
f 932/1069/5032 931/1068/5033 933/1071/5034
f 932/1069/5035 933/1071/5036 682/1070/5037
f 682/1070/5038 933/1071/5039 672/1072/5040
f 672/1072/5041 933/1071/5042 890/1073/5043
f 933/1071/5044 931/1068/5045 934/1074/5046
f 933/1071/5047 934/1074/5048 890/1073/5049
f 890/1073/5050 934/1074/5051 892/1075/5052
f 892/1075/5053 934/1074/5054 893/1076/5055
f 934/1074/5056 931/1068/5057 935/1077/5058
f 931/1068/5059 930/1067/5060 935/1077/5061
f 934/1074/5062 935/1077/5063 893/1076/5064
f 893/1076/5065 935/1077/5066 895/1078/5067
f 935/1077/5068 930/1067/5069 936/1079/5070
f 930/1067/5071 929/1066/5072 936/1079/5073
f 935/1077/5074 936/1079/5075 895/1078/5076
f 895/1078/5077 936/1079/5078 897/1080/5079
f 936/1079/5080 929/1066/5081 937/1081/5082
f 929/1066/5083 928/1065/5084 937/1081/5085
f 936/1079/5086 937/1081/5087 897/1080/5088
f 897/1080/5089 937/1081/5090 899/1082/5091
f 937/1081/5092 928/1065/5093 938/1083/5094
f 928/1065/5095 927/1064/5096 938/1083/5097
f 937/1081/5098 938/1083/5099 899/1082/5100
f 899/1082/5101 938/1083/5102 72/1084/5103
f 72/1084/5104 938/1083/5105 134/1085/5106
f 134/1085/5107 927/1064/5108 131/1038/5109
f 927/1064/5110 134/1085/5111 938/1083/5112
f 479/1086/5113 939/1087/5114 940/1088/5115
f 479/1086/5116 480/1089/5117 939/1087/5118
f 939/1087/5119 941/1090/5120 940/1088/5121
f 940/1088/5122 941/1090/5123 942/1091/5124
f 942/1091/5125 941/1090/5126 943/1092/5127
f 939/1087/5128 480/1089/5129 944/1093/5130
f 939/1087/5131 944/1093/5132 941/1090/5133
f 480/1089/5134 482/1094/5135 944/1093/5136
f 944/1093/5137 945/1095/5138 941/1090/5139
f 944/1093/5140 482/1094/5141 945/1095/5142
f 482/1094/5143 483/1096/5144 945/1095/5145
f 483/1096/5146 484/1097/5147 945/1095/5148
f 945/1095/5149 946/1098/5150 941/1090/5151
f 945/1095/5152 484/1097/5153 946/1098/5154
f 484/1097/5155 476/1099/5156 946/1098/5157
f 946/1098/5158 947/1100/5159 941/1090/5160
f 941/1090/5161 947/1100/5162 943/1092/5163
f 946/1098/5164 476/1099/5165 947/1100/5166
f 947/1100/5167 475/1101/5168 943/1092/5169
f 475/1101/5170 947/1100/5171 476/1099/5172
f 485/1102/5173 948/1103/5174 949/1104/5175
f 485/1102/5176 949/1104/5177 486/1105/5178
f 949/1104/5179 948/1103/5180 950/1106/5181
f 948/1103/5182 951/1107/5183 950/1106/5184
f 951/1107/5185 952/1108/5186 950/1106/5187
f 949/1104/5188 953/1109/5189 486/1105/5190
f 949/1104/5191 950/1106/5192 953/1109/5193
f 486/1105/5194 953/1109/5195 494/1110/5196
f 953/1109/5197 950/1106/5198 954/1111/5199
f 953/1109/5200 954/1111/5201 494/1110/5202
f 494/1110/5203 954/1111/5204 493/1112/5205
f 493/1112/5206 954/1111/5207 492/1113/5208
f 954/1111/5209 950/1106/5210 955/1114/5211
f 954/1111/5212 955/1114/5213 492/1113/5214
f 492/1113/5215 955/1114/5216 489/1115/5217
f 955/1114/5218 950/1106/5219 956/1116/5220
f 950/1106/5221 952/1108/5222 956/1116/5223
f 955/1114/5224 956/1116/5225 489/1115/5226
f 489/1115/5227 956/1116/5228 490/1117/5229
f 490/1117/5230 956/1116/5231 952/1108/5232
f 495/1118/5233 957/1119/5234 958/1120/5235
f 495/1118/5236 958/1120/5237 496/1121/5238
f 958/1120/5239 957/1119/5240 959/1122/5241
f 957/1119/5242 960/1123/5243 959/1122/5244
f 960/1123/5245 961/1124/5246 959/1122/5247
f 958/1120/5248 962/1125/5249 496/1121/5250
f 958/1120/5251 959/1122/5252 962/1125/5253
f 496/1121/5254 962/1125/5255 498/1126/5256
f 962/1125/5257 959/1122/5258 963/1127/5259
f 962/1125/5260 963/1127/5261 498/1126/5262
f 498/1126/5263 963/1127/5264 500/1128/5265
f 500/1128/5266 963/1127/5267 501/1129/5268
f 963/1127/5269 959/1122/5270 964/1130/5271
f 963/1127/5272 964/1130/5273 501/1129/5274
f 501/1129/5275 964/1130/5276 502/1131/5277
f 964/1130/5278 959/1122/5279 965/1132/5280
f 959/1122/5281 961/1124/5282 965/1132/5283
f 964/1130/5284 965/1132/5285 502/1131/5286
f 502/1131/5287 965/1132/5288 503/1133/5289
f 503/1133/5290 965/1132/5291 961/1124/5292
f 423/1134/5293 966/1135/5294 417/1136/5295
f 423/1134/5296 437/1137/5297 966/1135/5298
f 417/1136/5299 966/1135/5300 967/1138/5301
f 417/1136/5302 967/1138/5303 412/1139/5304
f 967/1138/5305 966/1135/5306 968/1140/5307
f 967/1138/5308 969/1141/5309 412/1139/5310
f 967/1138/5311 968/1140/5312 969/1141/5313
f 969/1141/5314 970/1142/5315 412/1139/5316
f 969/1141/5317 968/1140/5318 970/1142/5319
f 412/1139/5320 970/1142/5321 408/1143/5322
f 408/1143/5323 970/1142/5324 405/1144/5325
f 970/1142/5326 968/1140/5327 971/1145/5328
f 970/1142/5329 971/1145/5330 405/1144/5331
f 405/1144/5332 971/1145/5333 403/1146/5334
f 968/1140/5335 966/1135/5336 972/1147/5337
f 968/1140/5338 972/1147/5339 971/1145/5340
f 971/1145/5341 973/1148/5342 403/1146/5343
f 971/1145/5344 972/1147/5345 973/1148/5346
f 403/1146/5347 973/1148/5348 470/1149/5349
f 973/1148/5350 972/1147/5351 974/1150/5352
f 973/1148/5353 974/1150/5354 470/1149/5355
f 470/1149/5356 974/1150/5357 471/1151/5358
f 966/1135/5359 437/1137/5360 975/1152/5361
f 966/1135/5362 975/1152/5363 972/1147/5364
f 975/1152/5365 437/1137/5366 976/1153/5367
f 975/1152/5368 976/1153/5369 972/1147/5370
f 972/1147/5371 977/1154/5372 974/1150/5373
f 972/1147/5374 976/1153/5375 977/1154/5376
f 974/1150/5377 978/1155/5378 471/1151/5379
f 974/1150/5380 977/1154/5381 978/1155/5382
f 471/1151/5383 978/1155/5384 472/1156/5385
f 978/1155/5386 977/1154/5387 979/1157/5388
f 978/1155/5389 979/1157/5390 472/1156/5391
f 979/1157/5392 977/1154/5393 980/1158/5394
f 977/1154/5395 976/1153/5396 980/1158/5397
f 979/1157/5398 980/1158/5399 472/1156/5400
f 472/1156/5401 980/1158/5402 473/1159/5403
f 473/1159/5404 980/1158/5405 474/1160/5406
f 474/1160/5407 976/1153/5408 437/1137/5409
f 976/1153/5410 474/1160/5411 980/1158/5412
f 576/1161/5413 981/1162/5414 982/1163/5415
f 576/1161/5416 578/1164/5417 981/1162/5418
f 981/1162/5419 983/1165/5420 982/1163/5421
f 982/1163/5422 983/1165/5423 984/1166/5424
f 984/1166/5425 983/1165/5426 985/1167/5427
f 981/1162/5428 578/1164/5429 986/1168/5430
f 981/1162/5431 986/1168/5432 983/1165/5433
f 578/1164/5434 585/1169/5435 986/1168/5436
f 986/1168/5437 987/1170/5438 983/1165/5439
f 986/1168/5440 585/1169/5441 987/1170/5442
f 585/1169/5443 584/1171/5444 987/1170/5445
f 584/1171/5446 583/1172/5447 987/1170/5448
f 987/1170/5449 988/1173/5450 983/1165/5451
f 987/1170/5452 583/1172/5453 988/1173/5454
f 583/1172/5455 581/1174/5456 988/1173/5457
f 988/1173/5458 989/1175/5459 983/1165/5460
f 983/1165/5461 989/1175/5462 985/1167/5463
f 988/1173/5464 581/1174/5465 989/1175/5466
f 989/1175/5467 579/1176/5468 985/1167/5469
f 579/1176/5470 989/1175/5471 581/1174/5472
f 586/1177/5473 990/1178/5474 991/1179/5475
f 586/1177/5476 991/1179/5477 587/1180/5478
f 991/1179/5479 990/1178/5480 992/1181/5481
f 990/1178/5482 993/1182/5483 992/1181/5484
f 993/1182/5485 994/1183/5486 992/1181/5487
f 991/1179/5488 995/1184/5489 587/1180/5490
f 991/1179/5491 992/1181/5492 995/1184/5493
f 587/1180/5494 995/1184/5495 595/1185/5496
f 995/1184/5497 992/1181/5498 996/1186/5499
f 995/1184/5500 996/1186/5501 595/1185/5502
f 595/1185/5503 996/1186/5504 594/1187/5505
f 594/1187/5506 996/1186/5507 593/1188/5508
f 996/1186/5509 992/1181/5510 997/1189/5511
f 996/1186/5512 997/1189/5513 593/1188/5514
f 593/1188/5515 997/1189/5516 590/1190/5517
f 997/1189/5518 992/1181/5519 998/1191/5520
f 992/1181/5521 994/1183/5522 998/1191/5523
f 997/1189/5524 998/1191/5525 590/1190/5526
f 590/1190/5527 998/1191/5528 591/1192/5529
f 591/1192/5530 998/1191/5531 994/1183/5532
f 604/1193/5533 999/1194/5534 1000/1195/5535
f 604/1193/5536 603/1196/5537 999/1194/5538
f 999/1194/5539 1001/1197/5540 1000/1195/5541
f 1000/1195/5542 1001/1197/5543 1002/1198/5544
f 1002/1198/5545 1001/1197/5546 1003/1199/5547
f 999/1194/5548 603/1196/5549 1004/1200/5550
f 999/1194/5551 1004/1200/5552 1001/1197/5553
f 603/1196/5554 602/1201/5555 1004/1200/5556
f 1004/1200/5557 1005/1202/5558 1001/1197/5559
f 1004/1200/5560 602/1201/5561 1005/1202/5562
f 602/1201/5563 601/1203/5564 1005/1202/5565
f 601/1203/5566 599/1204/5567 1005/1202/5568
f 1005/1202/5569 1006/1205/5570 1001/1197/5571
f 1005/1202/5572 599/1204/5573 1006/1205/5574
f 599/1204/5575 597/1206/5576 1006/1205/5577
f 1006/1205/5578 1007/1207/5579 1001/1197/5580
f 1001/1197/5581 1007/1207/5582 1003/1199/5583
f 1006/1205/5584 597/1206/5585 1007/1207/5586
f 1007/1207/5587 596/1208/5588 1003/1199/5589
f 596/1208/5590 1007/1207/5591 597/1206/5592
f 520/1209/5593 515/1210/5594 1008/1211/5595
f 520/1209/5596 1008/1211/5597 555/1212/5598
f 515/1210/5599 1009/1213/5600 1008/1211/5601
f 515/1210/5602 511/1214/5603 1009/1213/5604
f 1009/1213/5605 1010/1215/5606 1008/1211/5607
f 1009/1213/5608 511/1214/5609 1011/1216/5610
f 1009/1213/5611 1011/1216/5612 1010/1215/5613
f 1011/1216/5614 511/1214/5615 1012/1217/5616
f 1011/1216/5617 1012/1217/5618 1010/1215/5619
f 511/1214/5620 508/1218/5621 1012/1217/5622
f 508/1218/5623 505/1219/5624 1012/1217/5625
f 1012/1217/5626 1013/1220/5627 1010/1215/5628
f 1012/1217/5629 505/1219/5630 1013/1220/5631
f 505/1219/5632 504/1221/5633 1013/1220/5634
f 1010/1215/5635 1014/1222/5636 1008/1211/5637
f 1010/1215/5638 1013/1220/5639 1014/1222/5640
f 1013/1220/5641 504/1221/5642 1015/1223/5643
f 1013/1220/5644 1015/1223/5645 1014/1222/5646
f 504/1221/5647 570/1224/5648 1015/1223/5649
f 1015/1223/5650 1016/1225/5651 1014/1222/5652
f 1015/1223/5653 570/1224/5654 1016/1225/5655
f 570/1224/5656 565/1226/5657 1016/1225/5658
f 1008/1211/5659 1017/1227/5660 555/1212/5661
f 1008/1211/5662 1014/1222/5663 1017/1227/5664
f 1017/1227/5665 1018/1228/5666 555/1212/5667
f 1017/1227/5668 1014/1222/5669 1018/1228/5670
f 1014/1222/5671 1016/1225/5672 1019/1229/5673
f 1014/1222/5674 1019/1229/5675 1018/1228/5676
f 1016/1225/5677 565/1226/5678 1020/1230/5679
f 1016/1225/5680 1020/1230/5681 1019/1229/5682
f 565/1226/5683 564/1231/5684 1020/1230/5685
f 1020/1230/5686 1021/1232/5687 1019/1229/5688
f 1020/1230/5689 564/1231/5690 1021/1232/5691
f 1021/1232/5692 1022/1233/5693 1019/1229/5694
f 1019/1229/5695 1022/1233/5696 1018/1228/5697
f 1021/1232/5698 564/1231/5699 1022/1233/5700
f 564/1231/5701 560/1234/5702 1022/1233/5703
f 1022/1233/5704 557/1235/5705 1018/1228/5706
f 557/1235/5707 555/1212/5708 1018/1228/5709
f 557/1235/5710 1022/1233/5711 560/1234/5712
f 188/1236/5713 1023/1237/5714 186/1238/5715
f 188/1236/5716 191/1239/5717 1023/1237/5718
f 191/1239/5719 195/1240/5720 1024/1241/5721
f 191/1239/5722 1024/1241/5723 1023/1237/5724
f 195/1240/5725 1025/1242/5726 1024/1241/5727
f 1024/1241/5728 1026/1243/5729 1023/1237/5730
f 1024/1241/5731 1025/1242/5732 1026/1243/5733
f 1025/1242/5734 1027/1244/5735 1026/1243/5736
f 1023/1237/5737 1028/1245/5738 186/1238/5739
f 186/1238/5740 1028/1245/5741 176/1246/5742
f 1023/1237/5743 1026/1243/5744 1029/1247/5745
f 1023/1237/5746 1029/1247/5747 1028/1245/5748
f 1026/1243/5749 1027/1244/5750 1030/1248/5751
f 1027/1244/5752 1031/1249/5753 1030/1248/5754
f 1026/1243/5755 1032/1250/5756 1029/1247/5757
f 1026/1243/5758 1030/1248/5759 1032/1250/5760
f 1029/1247/5761 1033/1251/5762 1028/1245/5763
f 1029/1247/5764 1032/1250/5765 1033/1251/5766
f 1028/1245/5767 1034/1252/5768 176/1246/5769
f 1028/1245/5770 1033/1251/5771 1034/1252/5772
f 176/1246/5773 1034/1252/5774 178/1253/5775
f 1030/1248/5776 1031/1249/5777 1035/1254/5778
f 1031/1249/5779 1036/1255/5780 1035/1254/5781
f 1036/1255/5782 1037/1256/5783 1035/1254/5784
f 1035/1254/5785 1038/1257/5786 1030/1248/5787
f 1030/1248/5788 1038/1257/5789 1032/1250/5790
f 1035/1254/5791 1037/1256/5792 1038/1257/5793
f 1032/1250/5794 1039/1258/5795 1033/1251/5796
f 1032/1250/5797 1038/1257/5798 1039/1258/5799
f 1038/1257/5800 1037/1256/5801 1040/1259/5802
f 1038/1257/5803 1040/1259/5804 1039/1258/5805
f 1040/1259/5806 1037/1256/5807 1041/1260/5808
f 1040/1259/5809 1041/1260/5810 1039/1258/5811
f 1033/1251/5812 1042/1261/5813 1034/1252/5814
f 1033/1251/5815 1039/1258/5816 1042/1261/5817
f 1039/1258/5818 1041/1260/5819 1043/1262/5820
f 1039/1258/5821 1043/1262/5822 1042/1261/5823
f 1034/1252/5824 1044/1263/5825 178/1253/5826
f 1034/1252/5827 1042/1261/5828 1044/1263/5829
f 1042/1261/5830 1043/1262/5831 1045/1264/5832
f 1042/1261/5833 1045/1264/5834 1044/1263/5835
f 1043/1262/5836 1041/1260/5837 1046/1265/5838
f 1043/1262/5839 1046/1265/5840 1045/1264/5841
f 1041/1260/5842 1037/1256/5843 1047/1266/5844
f 1041/1260/5845 1047/1266/5846 1046/1265/5847
f 1047/1266/5848 1037/1256/5849 1048/1267/5850
f 1047/1266/5851 1048/1267/5852 1046/1265/5853
f 1046/1265/5854 1049/1268/5855 1045/1264/5856
f 1046/1265/5857 1048/1267/5858 1049/1268/5859
f 1048/1267/5860 1037/1256/5861 1050/1269/5862
f 1048/1267/5863 1050/1269/5864 1049/1268/5865
f 1045/1264/5866 1051/1270/5867 1044/1263/5868
f 1045/1264/5869 1049/1268/5870 1051/1270/5871
f 1049/1268/5872 1050/1269/5873 1052/1271/5874
f 1049/1268/5875 1052/1271/5876 1051/1270/5877
f 1050/1269/5878 1037/1256/5879 1053/1272/5880
f 1050/1269/5881 1053/1272/5882 1052/1271/5883
f 1044/1263/5884 1054/1273/5885 178/1253/5886
f 1044/1263/5887 1051/1270/5888 1054/1273/5889
f 1051/1270/5890 1052/1271/5891 1055/1274/5892
f 1051/1270/5893 1055/1274/5894 1054/1273/5895
f 1052/1271/5896 1053/1272/5897 1056/1275/5898
f 1052/1271/5899 1056/1275/5900 1055/1274/5901
f 178/1253/5902 1054/1273/5903 179/1276/5904
f 1054/1273/5905 1055/1274/5906 1057/1277/5907
f 1054/1273/5908 1057/1277/5909 179/1276/5910
f 179/1276/5911 1057/1277/5912 181/1278/5913
f 1055/1274/5914 1056/1275/5915 1058/1279/5916
f 1055/1274/5917 1058/1279/5918 1057/1277/5919
f 1057/1277/5920 1059/1280/5921 181/1278/5922
f 1057/1277/5923 1058/1279/5924 1059/1280/5925
f 181/1278/5926 1059/1280/5927 184/1281/5928
f 1056/1275/5929 1053/1272/5930 1060/1282/5931
f 1056/1275/5932 1060/1282/5933 1058/1279/5934
f 1058/1279/5935 1061/1283/5936 1059/1280/5937
f 1058/1279/5938 1060/1282/5939 1061/1283/5940
f 1059/1280/5941 1062/1284/5942 184/1281/5943
f 1059/1280/5944 1061/1283/5945 1062/1284/5946
f 1061/1283/5947 1060/1282/5948 1027/1285/5949
f 1061/1283/5950 1027/1285/5951 1062/1284/5952
f 1027/1285/5953 1060/1282/5954 1031/1286/5955
f 1060/1282/5956 1053/1272/5957 1063/1287/5958
f 1053/1272/5959 1037/1256/5960 1063/1287/5961
f 1060/1282/5962 1063/1287/5963 1031/1286/5964
f 1031/1286/5965 1063/1287/5966 1036/1288/5967
f 1036/1288/5968 1063/1287/5969 1037/1256/5970
f 1027/1285/5971 1025/1289/5972 1062/1284/5973
f 1025/1289/5974 195/1290/5975 1062/1284/5976
f 1062/1284/5977 211/1291/5978 184/1281/5979
f 211/1291/5980 1062/1284/5981 195/1290/5982
f 237/1292/5983 239/1293/5984 1064/1294/5985
f 237/1292/5986 1064/1294/5987 236/1295/5988
f 236/1295/5989 1064/1294/5990 1065/1296/5991
f 236/1295/5992 1065/1296/5993 230/1297/5994
f 230/1297/5995 1065/1296/5996 1066/1298/5997
f 1065/1296/5998 1064/1294/5999 1067/1299/6000
f 1065/1296/6001 1067/1299/6002 1066/1298/6003
f 1066/1298/6004 1067/1299/6005 1068/1300/6006
f 1064/1294/6007 239/1293/6008 1069/1301/6009
f 239/1293/6010 241/1302/6011 1069/1301/6012
f 1064/1294/6013 1070/1303/6014 1067/1299/6015
f 1064/1294/6016 1069/1301/6017 1070/1303/6018
f 1067/1299/6019 1071/1304/6020 1068/1300/6021
f 1068/1300/6022 1071/1304/6023 1072/1305/6024
f 1067/1299/6025 1070/1303/6026 1073/1306/6027
f 1067/1299/6028 1073/1306/6029 1071/1304/6030
f 1070/1303/6031 1069/1301/6032 1074/1307/6033
f 1070/1303/6034 1074/1307/6035 1073/1306/6036
f 1069/1301/6037 241/1302/6038 1075/1308/6039
f 1069/1301/6040 1075/1308/6041 1074/1307/6042
f 241/1302/6043 244/1309/6044 1075/1308/6045
f 1071/1304/6046 1076/1310/6047 1072/1305/6048
f 1072/1305/6049 1076/1310/6050 1077/1311/6051
f 1077/1311/6052 1076/1310/6053 1078/1312/6054
f 1076/1310/6055 1071/1304/6056 1079/1313/6057
f 1071/1304/6058 1073/1306/6059 1079/1313/6060
f 1076/1310/6061 1079/1313/6062 1078/1312/6063
f 1073/1306/6064 1074/1307/6065 1080/1314/6066
f 1073/1306/6067 1080/1314/6068 1079/1313/6069
f 1079/1313/6070 1081/1315/6071 1078/1312/6072
f 1079/1313/6073 1080/1314/6074 1081/1315/6075
f 1081/1315/6076 1082/1316/6077 1078/1312/6078
f 1081/1315/6079 1080/1314/6080 1082/1316/6081
f 1074/1307/6082 1075/1308/6083 1083/1317/6084
f 1074/1307/6085 1083/1317/6086 1080/1314/6087
f 1080/1314/6088 1084/1318/6089 1082/1316/6090
f 1080/1314/6091 1083/1317/6092 1084/1318/6093
f 1075/1308/6094 244/1309/6095 1085/1319/6096
f 1075/1308/6097 1085/1319/6098 1083/1317/6099
f 1083/1317/6100 1086/1320/6101 1084/1318/6102
f 1083/1317/6103 1085/1319/6104 1086/1320/6105
f 1084/1318/6106 1087/1321/6107 1082/1316/6108
f 1084/1318/6109 1086/1320/6110 1087/1321/6111
f 1082/1316/6112 1088/1322/6113 1078/1312/6114
f 1082/1316/6115 1087/1321/6116 1088/1322/6117
f 1088/1322/6118 1089/1323/6119 1078/1312/6120
f 1088/1322/6121 1087/1321/6122 1089/1323/6123
f 1087/1321/6124 1086/1320/6125 1090/1324/6126
f 1087/1321/6127 1090/1324/6128 1089/1323/6129
f 1089/1323/6130 1091/1325/6131 1078/1312/6132
f 1089/1323/6133 1090/1324/6134 1091/1325/6135
f 1086/1320/6136 1085/1319/6137 1092/1326/6138
f 1086/1320/6139 1092/1326/6140 1090/1324/6141
f 1090/1324/6142 1093/1327/6143 1091/1325/6144
f 1090/1324/6145 1092/1326/6146 1093/1327/6147
f 1091/1325/6148 1094/1328/6149 1078/1312/6150
f 1091/1325/6151 1093/1327/6152 1094/1328/6153
f 1085/1319/6154 244/1309/6155 1095/1329/6156
f 1085/1319/6157 1095/1329/6158 1092/1326/6159
f 1092/1326/6160 1096/1330/6161 1093/1327/6162
f 1092/1326/6163 1095/1329/6164 1096/1330/6165
f 1093/1327/6166 1097/1331/6167 1094/1328/6168
f 1093/1327/6169 1096/1330/6170 1097/1331/6171
f 244/1309/6172 247/1332/6173 1095/1329/6174
f 1095/1329/6175 1098/1333/6176 1096/1330/6177
f 1095/1329/6178 247/1332/6179 1098/1333/6180
f 247/1332/6181 234/1334/6182 1098/1333/6183
f 1096/1330/6184 1099/1335/6185 1097/1331/6186
f 1096/1330/6187 1098/1333/6188 1099/1335/6189
f 1098/1333/6190 234/1334/6191 1100/1336/6192
f 1098/1333/6193 1100/1336/6194 1099/1335/6195
f 234/1334/6196 232/1337/6197 1100/1336/6198
f 1097/1331/6199 1101/1338/6200 1094/1328/6201
f 1097/1331/6202 1099/1335/6203 1101/1338/6204
f 1099/1335/6205 1100/1336/6206 1102/1339/6207
f 1099/1335/6208 1102/1339/6209 1101/1338/6210
f 1100/1336/6211 232/1337/6212 1103/1340/6213
f 1100/1336/6214 1103/1340/6215 1102/1339/6216
f 1102/1339/6217 1068/1341/6218 1101/1338/6219
f 1102/1339/6220 1103/1340/6221 1068/1341/6222
f 1068/1341/6223 1072/1342/6224 1101/1338/6225
f 1101/1338/6226 1104/1343/6227 1094/1328/6228
f 1094/1328/6229 1104/1343/6230 1078/1312/6231
f 1101/1338/6232 1072/1342/6233 1104/1343/6234
f 1104/1343/6235 1077/1344/6236 1078/1312/6237
f 1077/1344/6238 1104/1343/6239 1072/1342/6240
f 1068/1341/6241 1103/1340/6242 1066/1345/6243
f 1066/1345/6244 1103/1340/6245 230/1346/6246
f 230/1346/6247 1103/1340/6248 231/1347/6249
f 231/1347/6250 1103/1340/6251 232/1337/6252
f 1105/1348/6253 1106/1349/6254 1107/1350/6255
f 1105/1348/6256 1108/1351/6257 1106/1349/6258
f 1106/1349/6259 1109/1352/6260 1107/1350/6261
f 1107/1350/6262 1109/1352/6263 1110/1353/6264
f 1106/1349/6265 1108/1351/6266 1111/1354/6267
f 1108/1351/6268 1112/1355/6269 1111/1354/6270
f 1106/1349/6271 1113/1356/6272 1109/1352/6273
f 1106/1349/6274 1111/1354/6275 1113/1356/6276
f 1111/1354/6277 1112/1355/6278 1114/1357/6279
f 1111/1354/6280 1114/1357/6281 1113/1356/6282
f 1112/1355/6283 1115/1358/6284 1114/1357/6285
f 1114/1357/6286 1116/1359/6287 1113/1356/6288
f 1114/1357/6289 1115/1358/6290 1116/1359/6291
f 1116/1359/6292 1117/1360/6293 1113/1356/6294
f 1117/1360/6295 1115/1358/6296 1110/1353/6297
f 1117/1360/6298 1109/1352/6299 1113/1356/6300
f 1117/1360/6301 1116/1359/6302 1115/1358/6303
f 1117/1360/6304 1110/1353/6305 1109/1352/6306
f 1118/1361/6307 1119/1362/6308 1120/1363/6309
f 1118/1361/6310 1120/1363/6311 1121/1364/6312
f 1121/1364/6313 1120/1363/6314 1122/1365/6315
f 1121/1364/6316 1122/1365/6317 1123/1366/6318
f 1120/1363/6319 1119/1362/6320 1124/1367/6321
f 1119/1362/6322 1125/1368/6323 1124/1367/6324
f 1120/1363/6325 1126/1369/6326 1122/1365/6327
f 1120/1363/6328 1124/1367/6329 1126/1369/6330
f 1124/1367/6331 1125/1368/6332 1127/1370/6333
f 1124/1367/6334 1127/1370/6335 1126/1369/6336
f 1125/1368/6337 1128/1371/6338 1127/1370/6339
f 1127/1370/6340 1129/1372/6341 1126/1369/6342
f 1127/1370/6343 1128/1371/6344 1129/1372/6345
f 1129/1372/6346 1130/1373/6347 1126/1369/6348
f 1130/1373/6349 1123/1366/6350 1122/1365/6351
f 1130/1373/6352 1129/1372/6353 1128/1371/6354
f 1130/1373/6355 1122/1365/6356 1126/1369/6357
f 1130/1373/6358 1128/1371/6359 1123/1366/6360
f 1131/1374/6361 1132/1375/6362 1133/1376/6363
f 1131/1374/6364 1134/1377/6365 1132/1375/6366
f 1131/1374/6367 1133/1376/6368 1135/1378/6369
f 1131/1374/6370 1136/1379/6371 1134/1377/6372
f 1131/1374/6373 1135/1378/6374 1137/1380/6375
f 1131/1374/6376 1138/1381/6377 1136/1379/6378
f 1131/1374/6379 1137/1380/6380 1139/1382/6381
f 1131/1374/6382 1139/1382/6383 1138/1381/6384
f 1134/1377/6385 1136/1379/6386 1140/1383/6387
f 1134/1377/6388 1140/1383/6389 1141/1384/6390
f 1137/1380/6391 1142/1385/6392 1139/1382/6393
f 1138/1381/6394 1143/1386/6395 1136/1379/6396
f 1138/1381/6397 1139/1382/6398 1144/1387/6399
f 1138/1381/6400 1145/1388/6401 1143/1386/6402
f 1138/1381/6403 1144/1387/6404 1145/1388/6405
f 1136/1379/6406 1143/1386/6407 1140/1383/6408
f 1141/1384/6409 1140/1383/6410 1146/1389/6411
f 1141/1384/6412 1146/1389/6413 1147/1390/6414
f 1142/1385/6415 1148/1391/6416 1139/1382/6417
f 1142/1385/6418 1149/1392/6419 1148/1391/6420
f 1139/1382/6421 1148/1391/6422 1144/1387/6423
f 1145/1388/6424 1150/1393/6425 1143/1386/6426
f 1145/1388/6427 1144/1387/6428 1151/1394/6429
f 1145/1388/6430 1152/1395/6431 1150/1393/6432
f 1145/1388/6433 1151/1394/6434 1152/1395/6435
f 1140/1383/6436 1153/1396/6437 1146/1389/6438
f 1140/1383/6439 1143/1386/6440 1153/1396/6441
f 1143/1386/6442 1150/1393/6443 1153/1396/6444
f 1147/1390/6445 1146/1389/6446 1154/1397/6447
f 1149/1392/6448 1155/1398/6449 1148/1391/6450
f 1149/1392/6451 1156/1399/6452 1155/1398/6453
f 1144/1387/6454 1157/1400/6455 1151/1394/6456
f 1144/1387/6457 1148/1391/6458 1157/1400/6459
f 1152/1395/6460 1158/1401/6461 1150/1393/6462
f 1152/1395/6463 1151/1394/6464 1159/1402/6465
f 1152/1395/6466 1160/1403/6467 1158/1401/6468
f 1152/1395/6469 1159/1402/6470 1160/1403/6471
f 1153/1396/6472 1161/1404/6473 1146/1389/6474
f 1153/1396/6475 1150/1393/6476 1162/1405/6477
f 1153/1396/6478 1162/1405/6479 1161/1404/6480
f 1150/1393/6481 1158/1401/6482 1162/1405/6483
f 1146/1389/6484 1161/1404/6485 1154/1397/6486
f 1156/1399/6487 1163/1406/6488 1155/1398/6489
f 1156/1399/6490 1164/1407/6491 1163/1406/6492
f 1156/1399/6493 1165/1408/6494 1164/1407/6495
f 1148/1391/6496 1166/1409/6497 1157/1400/6498
f 1148/1391/6499 1155/1398/6500 1166/1409/6501
f 1151/1394/6502 1167/1410/6503 1159/1402/6504
f 1151/1394/6505 1157/1400/6506 1167/1410/6507
f 1160/1403/6508 1168/1411/6509 1158/1401/6510
f 1160/1403/6511 1159/1402/6512 1169/1412/6513
f 1160/1403/6514 1170/1413/6515 1168/1411/6516
f 1160/1403/6517 1169/1412/6518 1170/1413/6519
f 1162/1405/6520 1171/1414/6521 1161/1404/6522
f 1162/1405/6523 1158/1401/6524 1172/1415/6525
f 1162/1405/6526 1172/1415/6527 1171/1414/6528
f 1158/1401/6529 1168/1411/6530 1172/1415/6531
f 1154/1397/6532 1161/1404/6533 1173/1416/6534
f 1161/1404/6535 1171/1414/6536 1173/1416/6537
f 1163/1406/6538 1164/1407/6539 1174/1417/6540
f 1163/1406/6541 1175/1418/6542 1155/1398/6543
f 1163/1406/6544 1174/1417/6545 1176/1419/6546
f 1163/1406/6547 1176/1419/6548 1175/1418/6549
f 1155/1398/6550 1175/1418/6551 1166/1409/6552
f 1157/1400/6553 1177/1420/6554 1167/1410/6555
f 1157/1400/6556 1166/1409/6557 1177/1420/6558
f 1159/1402/6559 1178/1421/6560 1169/1412/6561
f 1159/1402/6562 1167/1410/6563 1178/1421/6564
f 1170/1413/6565 1179/1422/6566 1168/1411/6567
f 1170/1413/6568 1169/1412/6569 1180/1423/6570
f 1170/1413/6571 1181/1424/6572 1179/1422/6573
f 1170/1413/6574 1180/1423/6575 1181/1424/6576
f 1172/1415/6577 1182/1425/6578 1171/1414/6579
f 1172/1415/6580 1168/1411/6581 1183/1426/6582
f 1172/1415/6583 1183/1426/6584 1182/1425/6585
f 1168/1411/6586 1179/1422/6587 1183/1426/6588
f 1171/1414/6589 1182/1425/6590 1173/1416/6591
f 1174/1417/6592 1184/1427/6593 1176/1419/6594
f 1175/1418/6595 1185/1428/6596 1166/1409/6597
f 1175/1418/6598 1176/1419/6599 1186/1429/6600
f 1175/1418/6601 1186/1429/6602 1185/1428/6603
f 1166/1409/6604 1185/1428/6605 1177/1420/6606
f 1167/1410/6607 1187/1430/6608 1178/1421/6609
f 1167/1410/6610 1177/1420/6611 1187/1430/6612
f 1169/1412/6613 1188/1431/6614 1180/1423/6615
f 1169/1412/6616 1178/1421/6617 1188/1431/6618
f 1181/1424/6619 1189/1432/6620 1179/1422/6621
f 1181/1424/6622 1180/1423/6623 1190/1433/6624
f 1181/1424/6625 1191/1434/6626 1189/1432/6627
f 1181/1424/6628 1190/1433/6629 1191/1434/6630
f 1183/1426/6631 1192/1435/6632 1182/1425/6633
f 1183/1426/6634 1179/1422/6635 1193/1436/6636
f 1183/1426/6637 1193/1436/6638 1192/1435/6639
f 1173/1416/6640 1182/1425/6641 1194/1437/6642
f 1184/1427/6643 1195/1438/6644 1176/1419/6645
f 1184/1427/6646 1196/1439/6647 1195/1438/6648
f 1176/1419/6649 1195/1438/6650 1186/1429/6651
f 1185/1428/6652 1197/1440/6653 1177/1420/6654
f 1185/1428/6655 1186/1429/6656 1198/1441/6657
f 1185/1428/6658 1198/1441/6659 1197/1440/6660
f 1177/1420/6661 1197/1440/6662 1187/1430/6663
f 1178/1421/6664 1199/1442/6665 1188/1431/6666
f 1178/1421/6667 1187/1430/6668 1199/1442/6669
f 1180/1423/6670 1200/1443/6671 1190/1433/6672
f 1180/1423/6673 1188/1431/6674 1200/1443/6675
f 1189/1432/6676 1191/1434/6677 1201/1444/6678
f 1189/1432/6679 1202/1445/6680 1179/1422/6681
f 1189/1432/6682 1201/1444/6683 1203/1446/6684
f 1189/1432/6685 1203/1446/6686 1202/1445/6687
f 1202/1445/6688 1193/1436/6689 1179/1422/6690
f 1192/1435/6691 1204/1447/6692 1182/1425/6693
f 1194/1437/6694 1182/1425/6695 1205/1448/6696
f 1205/1448/6697 1182/1425/6698 1204/1447/6699
f 1196/1439/6700 1206/1449/6701 1195/1438/6702
f 1196/1439/6703 1207/1450/6704 1206/1449/6705
f 1186/1429/6706 1208/1451/6707 1198/1441/6708
f 1186/1429/6709 1195/1438/6710 1208/1451/6711
f 1195/1438/6712 1206/1449/6713 1208/1451/6714
f 1197/1440/6715 1209/1452/6716 1187/1430/6717
f 1197/1440/6718 1198/1441/6719 1210/1453/6720
f 1197/1440/6721 1210/1453/6722 1209/1452/6723
f 1187/1430/6724 1209/1452/6725 1199/1442/6726
f 1190/1433/6727 1200/1443/6728 1211/1454/6729
f 1190/1433/6730 1212/1455/6731 1191/1434/6732
f 1190/1433/6733 1211/1454/6734 1212/1455/6735
f 1188/1431/6736 1199/1442/6737 1213/1456/6738
f 1188/1431/6739 1213/1456/6740 1200/1443/6741
f 1201/1444/6742 1214/1457/6743 1203/1446/6744
f 1201/1444/6745 1191/1434/6746 1215/1458/6747
f 1201/1444/6748 1216/1459/6749 1214/1457/6750
f 1201/1444/6751 1215/1458/6752 1216/1459/6753
f 1191/1434/6754 1212/1455/6755 1215/1458/6756
f 1207/1450/6757 1217/1460/6758 1206/1449/6759
f 1207/1450/6760 1218/1461/6761 1217/1460/6762
f 1217/1460/6763 1208/1451/6764 1206/1449/6765
f 1217/1460/6766 1210/1453/6767 1198/1441/6768
f 1217/1460/6769 1218/1461/6770 1210/1453/6771
f 1217/1460/6772 1198/1441/6773 1208/1451/6774
f 1209/1452/6775 1219/1462/6776 1199/1442/6777
f 1209/1452/6778 1210/1453/6779 1220/1463/6780
f 1209/1452/6781 1220/1463/6782 1219/1462/6783
f 1220/1463/6784 1210/1453/6785 1218/1461/6786
f 1199/1442/6787 1219/1462/6788 1213/1456/6789
f 1211/1454/6790 1200/1443/6791 1221/1464/6792
f 1211/1454/6793 1222/1465/6794 1212/1455/6795
f 1211/1454/6796 1221/1464/6797 1223/1466/6798
f 1211/1454/6799 1223/1466/6800 1222/1465/6801
f 1200/1443/6802 1213/1456/6803 1221/1464/6804
f 1203/1446/6805 1214/1457/6806 1224/1467/6807
f 1216/1459/6808 1215/1458/6809 1225/1468/6810
f 1219/1462/6811 1226/1469/6812 1213/1456/6813
f 1213/1456/6814 1226/1469/6815 1221/1464/6816
f 1212/1455/6817 1222/1465/6818 1227/1470/6819
f 1212/1455/6820 1227/1470/6821 1215/1458/6822
f 1215/1458/6823 1227/1470/6824 1225/1468/6825
f 1223/1466/6826 1221/1464/6827 1228/1471/6828
f 1223/1466/6829 1229/1472/6830 1222/1465/6831
f 1223/1466/6832 1228/1471/6833 1230/1473/6834
f 1223/1466/6835 1230/1473/6836 1229/1472/6837
f 1228/1471/6838 1221/1464/6839 1226/1469/6840
f 1222/1465/6841 1229/1472/6842 1227/1470/6843
f 1225/1468/6844 1227/1470/6845 1231/1474/6846
f 1231/1474/6847 1229/1472/6848 1230/1473/6849
f 1231/1474/6850 1227/1470/6851 1229/1472/6852
f 67/67/6853 71/71/6854 66/66/6855
f 71/71/6856 1232/1475/6857 66/66/6858
f 71/71/6859 75/75/6860 1232/1475/6861
f 66/66/6862 1232/1475/6863 1233/1476/6864
f 66/66/6865 1233/1476/6866 43/43/6867
f 75/75/6868 1234/1477/6869 1232/1475/6870
f 1233/1476/6871 1235/1478/6872 43/43/6873
f 1233/1476/6874 1232/1475/6875 1236/1479/6876
f 1233/1476/6877 1237/1480/6878 1235/1478/6879
f 1233/1476/6880 1236/1479/6881 1237/1480/6882
f 1234/1477/6883 1238/1481/6884 1232/1475/6885
f 1232/1475/6886 1238/1481/6887 1236/1479/6888
f 43/43/6889 1235/1478/6890 41/41/6891
f 1237/1480/6892 1236/1479/6893 1239/1482/6894
f 1237/1480/6895 1240/1483/6896 1235/1478/6897
f 1237/1480/6898 1239/1482/6899 1241/1484/6900
f 1237/1480/6901 1242/1485/6902 1240/1483/6903
f 1237/1480/6904 1241/1484/6905 1242/1485/6906
f 1238/1481/6907 1243/1486/6908 1236/1479/6909
f 1236/1479/6910 1243/1486/6911 1239/1482/6912
f 41/41/6913 1235/1478/6914 1244/1487/6915
f 41/41/6916 1244/1487/6917 39/39/6918
f 1235/1478/6919 1240/1483/6920 1244/1487/6921
f 1241/1484/6922 1245/1488/6923 1242/1485/6924
f 1241/1484/6925 1239/1482/6926 1246/1489/6927
f 1241/1484/6928 1247/1490/6929 1245/1488/6930
f 1241/1484/6931 1246/1489/6932 1247/1490/6933
f 1239/1482/6934 1243/1486/6935 1246/1489/6936
f 39/39/6937 1244/1487/6938 1248/1491/6939
f 39/39/6940 1248/1491/6941 1249/1492/6942
f 39/39/6943 1249/1492/6944 37/37/6945
f 1240/1483/6946 1242/1485/6947 1250/1493/6948
f 1240/1483/6949 1251/1494/6950 1244/1487/6951
f 1240/1483/6952 1250/1493/6953 1251/1494/6954
f 1244/1487/6955 1251/1494/6956 1248/1491/6957
f 1245/1488/6958 1247/1490/6959 1194/1495/6960
f 1245/1488/6961 1252/1496/6962 1242/1485/6963
f 1245/1488/6964 1194/1495/6965 1253/1497/6966
f 1245/1488/6967 1254/1498/6968 1252/1496/6969
f 1245/1488/6970 1253/1497/6971 1254/1498/6972
f 1242/1485/6973 1252/1496/6974 1250/1493/6975
f 1243/1486/6976 1255/1499/6977 1246/1489/6978
f 1249/1492/6979 1256/1500/6980 37/37/6981
f 1249/1492/6982 1248/1491/6983 1257/1501/6984
f 1249/1492/6985 1258/1502/6986 1256/1500/6987
f 1249/1492/6988 1257/1501/6989 1258/1502/6990
f 1251/1494/6991 1250/1493/6992 1259/1503/6993
f 1251/1494/6994 1260/1504/6995 1248/1491/6996
f 1251/1494/6997 1259/1503/6998 1260/1504/6999
f 1260/1504/7000 1259/1503/7001 1257/1501/7002
f 1260/1504/7003 1257/1501/7004 1248/1491/7005
f 1247/1490/7006 1173/1505/7007 1194/1495/7008
f 1247/1490/7009 1246/1489/7010 1261/1506/7011
f 1247/1490/7012 1261/1506/7013 1173/1505/7014
f 1246/1489/7015 1255/1499/7016 1261/1506/7017
f 1253/1497/7018 1194/1495/7019 1205/1507/7020
f 1254/1498/7021 1262/1508/7022 1252/1496/7023
f 37/37/7024 1256/1500/7025 34/34/7026
f 1258/1502/7027 1257/1501/7028 1263/1509/7029
f 1258/1502/7030 1264/1510/7031 1256/1500/7032
f 1258/1502/7033 1263/1509/7034 1265/1511/7035
f 1258/1502/7036 1266/1512/7037 1264/1510/7038
f 1258/1502/7039 1265/1511/7040 1266/1512/7041
f 1256/1500/7042 1264/1510/7043 34/34/7044
f 1257/1501/7045 1259/1503/7046 1263/1509/7047
f 1250/1493/7048 1252/1496/7049 1267/1513/7050
f 1250/1493/7051 1267/1513/7052 1259/1503/7053
f 1259/1503/7054 1267/1513/7055 1263/1509/7056
f 1252/1496/7057 1262/1508/7058 1267/1513/7059
f 1173/1505/7060 1261/1506/7061 1154/1514/7062
f 1255/1499/7063 1268/1515/7064 1261/1506/7065
f 1261/1506/7066 1268/1515/7067 1154/1514/7068
f 1265/1511/7069 1269/1516/7070 1266/1512/7071
f 1265/1511/7072 1263/1509/7073 1270/1517/7074
f 1265/1511/7075 1271/1518/7076 1269/1516/7077
f 1265/1511/7078 1270/1517/7079 1271/1518/7080
f 1263/1509/7081 1267/1513/7082 1270/1517/7083
f 1264/1510/7084 26/26/7085 34/34/7086
f 1264/1510/7087 1266/1512/7088 1272/1519/7089
f 1264/1510/7090 21/21/7091 26/26/7092
f 1264/1510/7093 1272/1519/7094 21/21/7095
f 1262/1508/7096 1273/1520/7097 1267/1513/7098
f 1267/1513/7099 1273/1520/7100 1270/1517/7101
f 1268/1515/7102 1147/1521/7103 1154/1514/7104
f 1269/1516/7105 1271/1518/7106 1274/1522/7107
f 1269/1516/7108 1275/1523/7109 1266/1512/7110
f 1269/1516/7111 1274/1522/7112 1276/1524/7113
f 1269/1516/7114 1276/1524/7115 1275/1523/7116
f 1266/1512/7117 1275/1523/7118 1272/1519/7119
f 21/21/7120 1272/1519/7121 19/19/7122
f 1273/1520/7123 1277/1525/7124 1270/1517/7125
f 1270/1517/7126 1277/1525/7127 1271/1518/7128
f 1274/1522/7129 1278/1526/7130 1276/1524/7131
f 1274/1522/7132 1271/1518/7133 1214/1527/7134
f 1274/1522/7135 1216/1528/7136 1278/1526/7137
f 1274/1522/7138 1214/1527/7139 1216/1528/7140
f 1275/1523/7141 1279/1529/7142 1272/1519/7143
f 1275/1523/7144 1276/1524/7145 1280/1530/7146
f 1275/1523/7147 1280/1530/7148 1279/1529/7149
f 1272/1519/7150 1279/1529/7151 19/19/7152
f 1277/1525/7153 1224/1531/7154 1271/1518/7155
f 1271/1518/7156 1224/1531/7157 1214/1527/7158
f 1278/1526/7159 1216/1528/7160 1225/1532/7161
f 1278/1526/7162 1281/1533/7163 1276/1524/7164
f 1278/1526/7165 1225/1532/7166 1282/1534/7167
f 1278/1526/7168 1282/1534/7169 1281/1533/7170
f 1276/1524/7171 1281/1533/7172 1280/1530/7173
f 1279/1529/7174 15/15/7175 19/19/7176
f 1279/1529/7177 1280/1530/7178 1283/1535/7179
f 1279/1529/7180 1283/1535/7181 15/15/7182
f 1225/1532/7183 1231/1536/7184 1282/1534/7185
f 1281/1533/7186 1284/1537/7187 1280/1530/7188
f 1281/1533/7189 1282/1534/7190 1285/1538/7191
f 1281/1533/7192 1285/1538/7193 1284/1537/7194
f 1280/1530/7195 1284/1537/7196 1283/1535/7197
f 15/15/7198 1283/1535/7199 13/13/7200
f 1231/1536/7201 1286/1539/7202 1282/1534/7203
f 1231/1536/7204 1230/1540/7205 1286/1539/7206
f 1282/1534/7207 1286/1539/7208 1285/1538/7209
f 1284/1537/7210 1287/1541/7211 1283/1535/7212
f 1284/1537/7213 1285/1538/7214 1288/1542/7215
f 1284/1537/7216 1288/1542/7217 1287/1541/7218
f 1283/1535/7219 1287/1541/7220 13/13/7221
f 1230/1540/7222 1289/1543/7223 1286/1539/7224
f 1230/1540/7225 1228/1544/7226 1289/1543/7227
f 1286/1539/7228 1289/1543/7229 1285/1538/7230
f 1288/1542/7231 1290/1545/7232 1287/1541/7233
f 1288/1542/7234 1285/1538/7235 1291/1546/7236
f 1288/1542/7237 1292/1547/7238 1290/1545/7239
f 1288/1542/7240 1291/1546/7241 1292/1547/7242
f 1285/1538/7243 1289/1543/7244 1291/1546/7245
f 13/13/7246 1287/1541/7247 9/9/7248
f 1287/1541/7249 1290/1545/7250 9/9/7251
f 1228/1544/7252 1293/1548/7253 1289/1543/7254
f 1228/1544/7255 1226/1549/7256 1293/1548/7257
f 1292/1547/7258 1291/1546/7259 1294/1550/7260
f 1292/1547/7261 1295/1551/7262 1290/1545/7263
f 1292/1547/7264 1294/1550/7265 1296/1552/7266
f 1292/1547/7267 1296/1552/7268 1295/1551/7269
f 1289/1543/7270 1293/1548/7271 1294/1550/7272
f 1289/1543/7273 1294/1550/7274 1291/1546/7275
f 9/9/7276 1290/1545/7277 7/7/7278
f 1226/1549/7279 1297/1553/7280 1293/1548/7281
f 1226/1549/7282 1219/1554/7283 1297/1553/7284
f 1296/1552/7285 1294/1550/7286 1298/1555/7287
f 1298/1555/7288 1293/1548/7289 1297/1553/7290
f 1298/1555/7291 1294/1550/7292 1293/1548/7293
f 1295/1551/7294 3/3/7295 1290/1545/7296
f 1295/1551/7297 1/1/7298 3/3/7299
f 3/3/7300 7/7/7301 1290/1545/7302
f 1/76/7303 1295/1556/7304 76/77/7305
f 1295/1556/7306 1299/1557/7307 76/77/7308
f 1295/1556/7309 1300/1558/7310 1299/1557/7311
f 1295/1556/7312 1296/1559/7313 1300/1558/7314
f 76/77/7315 1299/1557/7316 78/80/7317
f 1296/1559/7318 1301/1560/7319 1300/1558/7320
f 1296/1559/7321 1298/1561/7322 1301/1560/7323
f 1299/1557/7324 82/85/7325 78/80/7326
f 1299/1557/7327 1300/1558/7328 1302/1562/7329
f 1299/1557/7330 1303/1563/7331 82/85/7332
f 1299/1557/7333 1302/1562/7334 1303/1563/7335
f 1298/1561/7336 1304/1564/7337 1301/1560/7338
f 1298/1561/7339 1297/1565/7340 1304/1564/7341
f 1300/1558/7342 1305/1566/7343 1302/1562/7344
f 1300/1558/7345 1301/1560/7346 1305/1566/7347
f 82/85/7348 1303/1563/7349 84/87/7350
f 1297/1565/7351 1220/1567/7352 1304/1564/7353
f 1297/1565/7354 1219/1568/7355 1220/1567/7356
f 1302/1562/7357 1305/1566/7358 1306/1569/7359
f 1302/1562/7360 1307/1570/7361 1303/1563/7362
f 1302/1562/7363 1306/1569/7364 1307/1570/7365
f 1301/1560/7366 1304/1564/7367 1308/1571/7368
f 1301/1560/7369 1308/1571/7370 1305/1566/7371
f 1305/1566/7372 1308/1571/7373 1306/1569/7374
f 84/87/7375 1303/1563/7376 1309/1572/7377
f 84/87/7378 1309/1572/7379 88/91/7380
f 1303/1563/7381 1307/1570/7382 1309/1572/7383
f 1220/1567/7384 1218/1573/7385 1304/1564/7386
f 1304/1564/7387 1218/1573/7388 1308/1571/7389
f 1306/1569/7390 1310/1574/7391 1307/1570/7392
f 1306/1569/7393 1308/1571/7394 1311/1575/7395
f 1306/1569/7396 1312/1576/7397 1310/1574/7398
f 1306/1569/7399 1311/1575/7400 1312/1576/7401
f 88/91/7402 1309/1572/7403 1313/1577/7404
f 88/91/7405 1313/1577/7406 90/93/7407
f 1218/1573/7408 1207/1578/7409 1308/1571/7410
f 1308/1571/7411 1207/1578/7412 1311/1575/7413
f 1307/1570/7414 1310/1574/7415 1314/1579/7416
f 1307/1570/7417 1314/1579/7418 1309/1572/7419
f 1309/1572/7420 1314/1579/7421 1313/1577/7422
f 1312/1576/7423 1311/1575/7424 1196/1580/7425
f 1312/1576/7426 1315/1581/7427 1310/1574/7428
f 1312/1576/7429 1196/1580/7430 1184/1582/7431
f 1312/1576/7432 1184/1582/7433 1315/1581/7434
f 1196/1580/7435 1311/1575/7436 1207/1578/7437
f 90/93/7438 1313/1577/7439 1316/1583/7440
f 90/93/7441 1316/1583/7442 94/97/7443
f 1314/1579/7444 1310/1574/7445 1317/1584/7446
f 1314/1579/7447 1318/1585/7448 1313/1577/7449
f 1314/1579/7450 1317/1584/7451 1318/1585/7452
f 1313/1577/7453 1318/1585/7454 1316/1583/7455
f 1310/1574/7456 1315/1581/7457 1317/1584/7458
f 1184/1582/7459 1174/1586/7460 1315/1581/7461
f 94/97/7462 1316/1583/7463 1319/1587/7464
f 94/97/7465 1319/1587/7466 98/101/7467
f 1318/1585/7468 1317/1584/7469 1320/1588/7470
f 1318/1585/7471 1321/1589/7472 1316/1583/7473
f 1318/1585/7474 1320/1588/7475 1321/1589/7476
f 1316/1583/7477 1321/1589/7478 1319/1587/7479
f 1174/1586/7480 1322/1590/7481 1315/1581/7482
f 1174/1586/7483 1164/1591/7484 1322/1590/7485
f 1317/1584/7486 1322/1590/7487 1320/1588/7488
f 1317/1584/7489 1315/1581/7490 1322/1590/7491
f 98/101/7492 1319/1587/7493 106/109/7494
f 1321/1589/7495 1320/1588/7496 1323/1592/7497
f 1321/1589/7498 1324/1593/7499 1319/1587/7500
f 1321/1589/7501 1323/1592/7502 1324/1593/7503
f 1164/1591/7504 1325/1594/7505 1322/1590/7506
f 1164/1591/7507 1165/1595/7508 1325/1594/7509
f 1320/1588/7510 1325/1594/7511 1323/1592/7512
f 1320/1588/7513 1322/1590/7514 1325/1594/7515
f 106/109/7516 1319/1587/7517 1326/1596/7518
f 106/109/7519 1326/1596/7520 109/112/7521
f 1319/1587/7522 1324/1593/7523 1326/1596/7524
f 1165/1595/7525 1327/1597/7526 1325/1594/7527
f 1323/1592/7528 1328/1598/7529 1324/1593/7530
f 1323/1592/7531 1325/1594/7532 1329/1599/7533
f 1323/1592/7534 1329/1599/7535 1328/1598/7536
f 1325/1594/7537 1327/1597/7538 1329/1599/7539
f 109/112/7540 1326/1596/7541 1330/1600/7542
f 109/112/7543 1330/1600/7544 111/114/7545
f 1326/1596/7546 1324/1593/7547 1330/1600/7548
f 1328/1598/7549 1329/1599/7550 1331/1601/7551
f 1328/1598/7552 1332/1602/7553 1324/1593/7554
f 1328/1598/7555 1331/1601/7556 1333/1603/7557
f 1328/1598/7558 1333/1603/7559 1332/1602/7560
f 1324/1593/7561 1332/1602/7562 1330/1600/7563
f 1327/1597/7564 1334/1604/7565 1329/1599/7566
f 1329/1599/7567 1334/1604/7568 1331/1601/7569
f 111/114/7570 1330/1600/7571 1335/1605/7572
f 111/114/7573 1335/1605/7574 1336/1606/7575
f 111/114/7576 1336/1606/7577 113/116/7578
f 1330/1600/7579 1332/1602/7580 1335/1605/7581
f 1333/1603/7582 1331/1601/7583 1337/1607/7584
f 1333/1603/7585 1338/1608/7586 1332/1602/7587
f 1333/1603/7588 1337/1607/7589 1339/1609/7590
f 1333/1603/7591 1339/1609/7592 1338/1608/7593
f 1335/1605/7594 1339/1609/7595 1336/1606/7596
f 1335/1605/7597 1332/1602/7598 1338/1608/7599
f 1335/1605/7600 1338/1608/7601 1339/1609/7602
f 1334/1604/7603 1340/1610/7604 1331/1601/7605
f 113/116/7606 1336/1606/7607 1341/1611/7608
f 113/116/7609 1341/1611/7610 115/118/7611
f 1337/1607/7612 1342/1612/7613 1339/1609/7614
f 1337/1607/7615 1331/1601/7616 1343/1613/7617
f 1337/1607/7618 1344/1614/7619 1342/1612/7620
f 1337/1607/7621 1343/1613/7622 1344/1614/7623
f 1336/1606/7624 1342/1612/7625 1341/1611/7626
f 1336/1606/7627 1339/1609/7628 1342/1612/7629
f 1331/1601/7630 1340/1610/7631 1343/1613/7632
f 115/118/7633 1341/1611/7634 1345/1615/7635
f 115/118/7636 1345/1615/7637 139/142/7638
f 1344/1614/7639 1346/1616/7640 1342/1612/7641
f 1344/1614/7642 1343/1613/7643 1347/1617/7644
f 1344/1614/7645 1348/1618/7646 1346/1616/7647
f 1344/1614/7648 1347/1617/7649 1348/1618/7650
f 1341/1611/7651 1346/1616/7652 1345/1615/7653
f 1341/1611/7654 1342/1612/7655 1346/1616/7656
f 1340/1610/7657 1349/1619/7658 1343/1613/7659
f 1343/1613/7660 1349/1619/7661 1347/1617/7662
f 139/142/7663 1345/1615/7664 1350/1620/7665
f 139/142/7666 1350/1620/7667 143/146/7668
f 139/142/7669 143/146/7670 141/144/7671
f 1348/1618/7672 1351/1621/7673 1346/1616/7674
f 1348/1618/7675 1347/1617/7676 1352/1622/7677
f 1348/1618/7678 1353/1623/7679 1351/1621/7680
f 1348/1618/7681 1352/1622/7682 1353/1623/7683
f 1349/1619/7684 1354/1624/7685 1347/1617/7686
f 1345/1615/7687 1355/1625/7688 1350/1620/7689
f 1345/1615/7690 1346/1616/7691 1355/1625/7692
f 1346/1616/7693 1351/1621/7694 1355/1625/7695
f 143/146/7696 1350/1620/7697 75/150/7698
f 1352/1622/7699 1356/1626/7700 1353/1623/7701
f 1352/1622/7702 1347/1617/7703 1132/1627/7704
f 1352/1622/7705 1134/1628/7706 1356/1626/7707
f 1352/1622/7708 1132/1627/7709 1134/1628/7710
f 1347/1617/7711 1354/1624/7712 1132/1627/7713
f 1351/1621/7714 1243/1629/7715 1355/1625/7716
f 1351/1621/7717 1353/1623/7718 1243/1629/7719
f 1350/1620/7720 1234/1630/7721 75/150/7722
f 1350/1620/7723 1355/1625/7724 1238/1631/7725
f 1350/1620/7726 1238/1631/7727 1234/1630/7728
f 1238/1631/7729 1355/1625/7730 1243/1629/7731
f 1356/1626/7732 1134/1628/7733 1141/1632/7734
f 1356/1626/7735 1255/1633/7736 1353/1623/7737
f 1356/1626/7738 1141/1632/7739 1268/1634/7740
f 1356/1626/7741 1268/1634/7742 1255/1633/7743
f 1255/1633/7744 1243/1629/7745 1353/1623/7746
f 1354/1624/7747 1133/1635/7748 1132/1627/7749
f 1141/1632/7750 1147/1636/7751 1268/1634/7752
f 1357/1637/7753 1358/1638/7754 1359/1639/7755
f 1358/1638/7756 1360/1640/7757 1359/1639/7758
f 1358/1638/7759 1361/1641/7760 1360/1640/7761
f 1359/1639/7762 1360/1640/7763 1362/1642/7764
f 1361/1641/7765 1363/1643/7766 1360/1640/7767
f 1361/1641/7768 1364/1644/7769 1363/1643/7770
f 1362/1642/7771 1360/1640/7772 1365/1645/7773
f 1362/1642/7774 1365/1645/7775 1366/1646/7776
f 1360/1640/7777 1363/1643/7778 1365/1645/7779
f 1364/1644/7780 1367/1647/7781 1363/1643/7782
f 1364/1644/7783 1368/1648/7784 1367/1647/7785
f 1366/1646/7786 1365/1645/7787 1369/1649/7788
f 1366/1646/7789 1369/1649/7790 1370/1650/7791
f 1366/1646/7792 1370/1650/7793 1371/1651/7794
f 1363/1643/7795 1367/1647/7796 1372/1652/7797
f 1363/1643/7798 1372/1652/7799 1365/1645/7800
f 1365/1645/7801 1372/1652/7802 1369/1649/7803
f 1368/1648/7804 1373/1653/7805 1367/1647/7806
f 1368/1648/7807 1374/1654/7808 1373/1653/7809
f 1370/1650/7810 1375/1655/7811 1371/1651/7812
f 1370/1650/7813 1369/1649/7814 1376/1656/7815
f 1370/1650/7816 1377/1657/7817 1375/1655/7818
f 1370/1650/7819 1376/1656/7820 1377/1657/7821
f 1369/1649/7822 1372/1652/7823 1376/1656/7824
f 1367/1647/7825 1373/1653/7826 1378/1658/7827
f 1367/1647/7828 1378/1658/7829 1372/1652/7830
f 1372/1652/7831 1378/1658/7832 1376/1656/7833
f 1374/1654/7834 1379/1659/7835 1373/1653/7836
f 1374/1654/7837 1133/1660/7838 1379/1659/7839
f 1371/1651/7840 1375/1655/7841 1380/1661/7842
f 1377/1657/7843 1376/1656/7844 1381/1662/7845
f 1377/1657/7846 1382/1663/7847 1375/1655/7848
f 1377/1657/7849 1381/1662/7850 1383/1664/7851
f 1377/1657/7852 1383/1664/7853 1382/1663/7854
f 1376/1656/7855 1378/1658/7856 1381/1662/7857
f 1373/1653/7858 1379/1659/7859 1384/1665/7860
f 1373/1653/7861 1384/1665/7862 1378/1658/7863
f 1378/1658/7864 1384/1665/7865 1381/1662/7866
f 1133/1660/7867 1354/1666/7868 1379/1659/7869
f 1380/1661/7870 1375/1655/7871 1385/1667/7872
f 1383/1664/7873 1386/1668/7874 1382/1663/7875
f 1383/1664/7876 1381/1662/7877 1387/1669/7878
f 1383/1664/7879 1388/1670/7880 1386/1668/7881
f 1383/1664/7882 1387/1669/7883 1388/1670/7884
f 1381/1662/7885 1384/1665/7886 1387/1669/7887
f 1354/1666/7888 1389/1671/7889 1379/1659/7890
f 1354/1666/7891 1349/1672/7892 1389/1671/7893
f 1384/1665/7894 1389/1671/7895 1387/1669/7896
f 1384/1665/7897 1379/1659/7898 1389/1671/7899
f 1375/1655/7900 1390/1673/7901 1385/1667/7902
f 1375/1655/7903 1382/1663/7904 1390/1673/7905
f 1386/1668/7906 1388/1670/7907 1391/1674/7908
f 1386/1668/7909 1392/1675/7910 1382/1663/7911
f 1386/1668/7912 1391/1674/7913 1393/1676/7914
f 1386/1668/7915 1393/1676/7916 1392/1675/7917
f 1382/1663/7918 1392/1675/7919 1390/1673/7920
f 1349/1672/7921 1394/1677/7922 1389/1671/7923
f 1349/1672/7924 1340/1678/7925 1394/1677/7926
f 1387/1669/7927 1394/1677/7928 1388/1670/7929
f 1387/1669/7930 1389/1671/7931 1394/1677/7932
f 1385/1667/7933 1390/1673/7934 1395/1679/7935
f 1391/1674/7936 1396/1680/7937 1393/1676/7938
f 1391/1674/7939 1388/1670/7940 1397/1681/7941
f 1391/1674/7942 1398/1682/7943 1396/1680/7944
f 1391/1674/7945 1397/1681/7946 1398/1682/7947
f 1394/1677/7948 1340/1678/7949 1397/1681/7950
f 1394/1677/7951 1397/1681/7952 1388/1670/7953
f 1392/1675/7954 1399/1683/7955 1390/1673/7956
f 1392/1675/7957 1393/1676/7958 1400/1684/7959
f 1392/1675/7960 1400/1684/7961 1399/1683/7962
f 1390/1673/7963 1399/1683/7964 1395/1679/7965
f 1396/1680/7966 1398/1682/7967 1401/1685/7968
f 1396/1680/7969 1402/1686/7970 1393/1676/7971
f 1396/1680/7972 1401/1685/7973 1403/1687/7974
f 1396/1680/7975 1403/1687/7976 1402/1686/7977
f 1393/1676/7978 1402/1686/7979 1400/1684/7980
f 1340/1678/7981 1334/1688/7982 1397/1681/7983
f 1397/1681/7984 1334/1688/7985 1398/1682/7986
f 1399/1683/7987 1404/1689/7988 1395/1679/7989
f 1399/1683/7990 1400/1684/7991 1405/1690/7992
f 1399/1683/7993 1405/1690/7994 1404/1689/7995
f 1401/1685/7996 1406/1691/7997 1403/1687/7998
f 1401/1685/7999 1398/1682/8000 1327/1692/8001
f 1401/1685/8002 1165/1693/8003 1406/1691/8004
f 1401/1685/8005 1327/1692/8006 1165/1693/8007
f 1327/1692/8008 1398/1682/8009 1334/1688/8010
f 1402/1686/8011 1407/1694/8012 1400/1684/8013
f 1402/1686/8014 1403/1687/8015 1408/1695/8016
f 1402/1686/8017 1408/1695/8018 1407/1694/8019
f 1403/1687/8020 1406/1691/8021 1408/1695/8022
f 1405/1690/8023 1409/1696/8024 1404/1689/8025
f 1405/1690/8026 1400/1684/8027 1410/1697/8028
f 1405/1690/8029 1411/1698/8030 1409/1696/8031
f 1405/1690/8032 1410/1697/8033 1411/1698/8034
f 1400/1684/8035 1407/1694/8036 1410/1697/8037
f 1165/1693/8038 1156/1699/8039 1406/1691/8040
f 1408/1695/8041 1412/1700/8042 1407/1694/8043
f 1408/1695/8044 1406/1691/8045 1413/1701/8046
f 1408/1695/8047 1414/1702/8048 1412/1700/8049
f 1408/1695/8050 1413/1701/8051 1414/1702/8052
f 1409/1696/8053 1411/1698/8054 1415/1703/8055
f 1410/1697/8056 1407/1694/8057 1416/1704/8058
f 1410/1697/8059 1417/1705/8060 1411/1698/8061
f 1410/1697/8062 1416/1704/8063 1417/1705/8064
f 1407/1694/8065 1412/1700/8066 1416/1704/8067
f 1156/1699/8068 1149/1706/8069 1406/1691/8070
f 1406/1691/8071 1149/1706/8072 1413/1701/8073
f 1414/1702/8074 1418/1707/8075 1412/1700/8076
f 1414/1702/8077 1413/1701/8078 1142/1708/8079
f 1414/1702/8080 1137/1709/8081 1418/1707/8082
f 1414/1702/8083 1142/1708/8084 1137/1709/8085
f 1142/1708/8086 1413/1701/8087 1149/1706/8088
f 1415/1703/8089 1411/1698/8090 1419/1710/8091
f 1415/1703/8092 1419/1710/8093 1420/1711/8094
f 1415/1703/8095 1420/1711/8096 1421/1712/8097
f 1417/1705/8098 1416/1704/8099 1422/1713/8100
f 1417/1705/8101 1423/1714/8102 1411/1698/8103
f 1417/1705/8104 1422/1713/8105 1423/1714/8106
f 1411/1698/8107 1423/1714/8108 1419/1710/8109
f 1412/1700/8110 1418/1707/8111 1424/1715/8112
f 1412/1700/8113 1424/1715/8114 1416/1704/8115
f 1416/1704/8116 1424/1715/8117 1422/1713/8118
f 1137/1709/8119 1135/1716/8120 1418/1707/8121
f 1420/1711/8122 1358/1717/8123 1421/1712/8124
f 1420/1711/8125 1419/1710/8126 1425/1718/8127
f 1420/1711/8128 1361/1719/8129 1358/1717/8130
f 1420/1711/8131 1425/1718/8132 1361/1719/8133
f 1419/1710/8134 1423/1714/8135 1425/1718/8136
f 1424/1715/8137 1426/1720/8138 1422/1713/8139
f 1424/1715/8140 1418/1707/8141 1427/1721/8142
f 1424/1715/8143 1427/1721/8144 1426/1720/8145
f 1418/1707/8146 1135/1716/8147 1427/1721/8148
f 1421/1712/8149 1358/1717/8150 1357/1722/8151
f 1361/1719/8152 1425/1718/8153 1364/1723/8154
f 1423/1714/8155 1422/1713/8156 1428/1724/8157
f 1423/1714/8158 1428/1724/8159 1425/1718/8160
f 1425/1718/8161 1428/1724/8162 1364/1723/8163
f 1422/1713/8164 1426/1720/8165 1428/1724/8166
f 1135/1716/8167 1133/1725/8168 1427/1721/8169
f 1364/1723/8170 1428/1724/8171 1368/1726/8172
f 1428/1724/8173 1426/1720/8174 1368/1726/8175
f 1133/1725/8176 1374/1727/8177 1427/1721/8178
f 1374/1727/8179 1368/1726/8180 1426/1720/8181
f 1374/1727/8182 1426/1720/8183 1427/1721/8184
f 1429/1728/8185 1430/1729/8186 1431/1730/8187
f 1430/1729/8188 1432/1731/8189 1431/1730/8190
f 1430/1729/8191 1433/1732/8192 1432/1731/8193
f 1431/1730/8194 1432/1731/8195 1434/1733/8196
f 1431/1730/8197 1434/1733/8198 1435/1734/8199
f 1433/1732/8200 1436/1735/8201 1432/1731/8202
f 1432/1731/8203 1436/1735/8204 1434/1733/8205
f 1435/1734/8206 1434/1733/8207 1437/1736/8208
f 1436/1735/8209 1438/1737/8210 1434/1733/8211
f 1434/1733/8212 1438/1737/8213 1437/1736/8214
f 1439/1738/8215 1440/1739/8216 1441/1740/8217
f 1440/1739/8218 1442/1741/8219 1441/1740/8220
f 1440/1739/8221 1443/1742/8222 1442/1741/8223
f 1440/1739/8224 1444/1743/8225 1443/1742/8226
f 1441/1740/8227 1442/1741/8228 1445/1744/8229
f 1441/1740/8230 1445/1744/8231 1446/1745/8232
f 1442/1741/8233 1443/1742/8234 1445/1744/8235
f 1444/1743/8236 1447/1746/8237 1443/1742/8238
f 1445/1744/8239 1443/1742/8240 1448/1747/8241
f 1448/1747/8242 1443/1742/8243 1447/1746/8244
f 1449/1748/8245 1450/1749/8246 1451/1750/8247
f 1450/1749/8248 1452/1751/8249 1451/1750/8250
f 1450/1749/8251 1453/1752/8252 1452/1751/8253
f 1450/1749/8254 1454/1753/8255 1453/1752/8256
f 1451/1750/8257 1452/1751/8258 1455/1754/8259
f 1454/1753/8260 1456/1755/8261 1453/1752/8262
f 1452/1751/8263 1457/1756/8264 1455/1754/8265
f 1452/1751/8266 1453/1752/8267 1457/1756/8268
f 1456/1755/8269 1458/1757/8270 1453/1752/8271
f 1453/1752/8272 1458/1757/8273 1457/1756/8274
f 1459/1758/8275 1460/1759/8276 1461/1760/8277
f 1460/1759/8278 1462/1761/8279 1461/1760/8280
f 1460/1759/8281 1463/1762/8282 1462/1761/8283
f 1461/1760/8284 1462/1761/8285 1464/1763/8286
f 1463/1762/8287 1465/1764/8288 1462/1761/8289
f 1463/1762/8290 1466/1765/8291 1465/1764/8292
f 1464/1763/8293 1462/1761/8294 1467/1766/8295
f 1464/1763/8296 1467/1766/8297 1468/1767/8298
f 1462/1761/8299 1465/1764/8300 1467/1766/8301
f 1466/1765/8302 1469/1768/8303 1465/1764/8304
f 1466/1765/8305 1470/1769/8306 1469/1768/8307
f 1466/1765/8308 1471/1770/8309 1470/1769/8310
f 1468/1767/8311 1467/1766/8312 1472/1771/8313
f 1468/1767/8314 1472/1771/8315 1473/1772/8316
f 1465/1764/8317 1469/1768/8318 1474/1773/8319
f 1465/1764/8320 1474/1773/8321 1467/1766/8322
f 1467/1766/8323 1474/1773/8324 1472/1771/8325
f 1471/1770/8326 1475/1774/8327 1470/1769/8328
f 1471/1770/8329 1476/1775/8330 1475/1774/8331
f 1473/1772/8332 1472/1771/8333 1477/1776/8334
f 1473/1772/8335 1477/1776/8336 1478/1777/8337
f 1469/1768/8338 1479/1778/8339 1474/1773/8340
f 1469/1768/8341 1470/1769/8342 1479/1778/8343
f 1476/1775/8344 1480/1779/8345 1475/1774/8346
f 1472/1771/8347 1481/1780/8348 1477/1776/8349
f 1472/1771/8350 1474/1773/8351 1481/1780/8352
f 1474/1773/8353 1479/1778/8354 1481/1780/8355
f 1478/1777/8356 1477/1776/8357 1482/1781/8358
f 1478/1777/8359 1482/1781/8360 1205/1782/8361
f 1470/1769/8362 1475/1774/8363 1483/1783/8364
f 1470/1769/8365 1483/1783/8366 1479/1778/8367
f 1480/1779/8368 1484/1784/8369 1475/1774/8370
f 1480/1779/8371 1485/1785/8372 1484/1784/8373
f 1481/1780/8374 1486/1786/8375 1477/1776/8376
f 1481/1780/8377 1479/1778/8378 1487/1787/8379
f 1481/1780/8380 1487/1787/8381 1486/1786/8382
f 1479/1778/8383 1483/1783/8384 1487/1787/8385
f 1477/1776/8386 1486/1786/8387 1482/1781/8388
f 1205/1782/8389 1482/1781/8390 1253/1788/8391
f 1475/1774/8392 1484/1784/8393 1488/1789/8394
f 1475/1774/8395 1488/1789/8396 1483/1783/8397
f 1485/1785/8398 1489/1790/8399 1484/1784/8400
f 1485/1785/8401 1490/1791/8402 1489/1790/8403
f 1487/1787/8404 1491/1792/8405 1486/1786/8406
f 1487/1787/8407 1483/1783/8408 1492/1793/8409
f 1487/1787/8410 1492/1793/8411 1491/1792/8412
f 1483/1783/8413 1488/1789/8414 1492/1793/8415
f 1482/1781/8416 1493/1794/8417 1253/1788/8418
f 1482/1781/8419 1486/1786/8420 1493/1794/8421
f 1486/1786/8422 1491/1792/8423 1493/1794/8424
f 1484/1784/8425 1489/1790/8426 1494/1795/8427
f 1484/1784/8428 1494/1795/8429 1488/1789/8430
f 1490/1791/8431 1495/1796/8432 1489/1790/8433
f 1490/1791/8434 1496/1797/8435 1495/1796/8436
f 1492/1793/8437 1497/1798/8438 1491/1792/8439
f 1492/1793/8440 1488/1789/8441 1498/1799/8442
f 1492/1793/8443 1498/1799/8444 1497/1798/8445
f 1488/1789/8446 1494/1795/8447 1498/1799/8448
f 1253/1788/8449 1493/1794/8450 1254/1800/8451
f 1489/1790/8452 1495/1796/8453 1499/1801/8454
f 1489/1790/8455 1499/1801/8456 1494/1795/8457
f 1496/1797/8458 1500/1802/8459 1495/1796/8460
f 1496/1797/8461 1501/1803/8462 1500/1802/8463
f 1491/1792/8464 1497/1798/8465 1502/1804/8466
f 1491/1792/8467 1502/1804/8468 1493/1794/8469
f 1493/1794/8470 1502/1804/8471 1254/1800/8472
f 1498/1799/8473 1494/1795/8474 1503/1805/8475
f 1498/1799/8476 1504/1806/8477 1497/1798/8478
f 1498/1799/8479 1503/1805/8480 1504/1806/8481
f 1494/1795/8482 1499/1801/8483 1503/1805/8484
f 1495/1796/8485 1500/1802/8486 1505/1807/8487
f 1495/1796/8488 1505/1807/8489 1499/1801/8490
f 1501/1803/8491 1506/1808/8492 1500/1802/8493
f 1501/1803/8494 1507/1809/8495 1506/1808/8496
f 1501/1803/8497 1508/1810/8498 1507/1809/8499
f 1502/1804/8500 1262/1811/8501 1254/1800/8502
f 1502/1804/8503 1497/1798/8504 1509/1812/8505
f 1502/1804/8506 1509/1812/8507 1262/1811/8508
f 1497/1798/8509 1504/1806/8510 1509/1812/8511
f 1503/1805/8512 1499/1801/8513 1510/1813/8514
f 1503/1805/8515 1511/1814/8516 1504/1806/8517
f 1503/1805/8518 1510/1813/8519 1511/1814/8520
f 1505/1807/8521 1500/1802/8522 1512/1815/8523
f 1505/1807/8524 1513/1816/8525 1499/1801/8526
f 1505/1807/8527 1512/1815/8528 1514/1817/8529
f 1505/1807/8530 1514/1817/8531 1513/1816/8532
f 1499/1801/8533 1513/1816/8534 1510/1813/8535
f 1506/1808/8536 1507/1809/8537 1515/1818/8538
f 1506/1808/8539 1516/1819/8540 1500/1802/8541
f 1506/1808/8542 1515/1818/8543 1516/1819/8544
f 1500/1802/8545 1516/1819/8546 1512/1815/8547
f 1508/1810/8548 1461/1820/8549 1507/1809/8550
f 1508/1810/8551 1459/1821/8552 1461/1820/8553
f 1262/1811/8554 1509/1812/8555 1273/1822/8556
f 1504/1806/8557 1511/1814/8558 1517/1823/8559
f 1504/1806/8560 1517/1823/8561 1509/1812/8562
f 1509/1812/8563 1517/1823/8564 1273/1822/8565
f 1514/1817/8566 1518/1824/8567 1513/1816/8568
f 1514/1817/8569 1512/1815/8570 1519/1825/8571
f 1514/1817/8572 1520/1826/8573 1518/1824/8574
f 1514/1817/8575 1519/1825/8576 1520/1826/8577
f 1512/1815/8578 1516/1819/8579 1519/1825/8580
f 1510/1813/8581 1521/1827/8582 1511/1814/8583
f 1510/1813/8584 1513/1816/8585 1522/1828/8586
f 1510/1813/8587 1522/1828/8588 1521/1827/8589
f 1513/1816/8590 1518/1824/8591 1522/1828/8592
f 1515/1818/8593 1507/1809/8594 1464/1829/8595
f 1515/1818/8596 1523/1830/8597 1516/1819/8598
f 1515/1818/8599 1464/1829/8600 1468/1831/8601
f 1515/1818/8602 1468/1831/8603 1523/1830/8604
f 1464/1829/8605 1507/1809/8606 1461/1820/8607
f 1516/1819/8608 1523/1830/8609 1519/1825/8610
f 1517/1823/8611 1277/1832/8612 1273/1822/8613
f 1517/1823/8614 1511/1814/8615 1524/1833/8616
f 1517/1823/8617 1524/1833/8618 1277/1832/8619
f 1511/1814/8620 1521/1827/8621 1524/1833/8622
f 1520/1826/8623 1525/1834/8624 1518/1824/8625
f 1520/1826/8626 1519/1825/8627 1526/1835/8628
f 1520/1826/8629 1527/1836/8630 1525/1834/8631
f 1520/1826/8632 1526/1835/8633 1527/1836/8634
f 1519/1825/8635 1523/1830/8636 1526/1835/8637
f 1522/1828/8638 1528/1837/8639 1521/1827/8640
f 1522/1828/8641 1518/1824/8642 1529/1838/8643
f 1522/1828/8644 1530/1839/8645 1528/1837/8646
f 1522/1828/8647 1529/1838/8648 1530/1839/8649
f 1518/1824/8650 1525/1834/8651 1529/1838/8652
f 1521/1827/8653 1528/1837/8654 1524/1833/8655
f 1468/1831/8656 1473/1840/8657 1523/1830/8658
f 1523/1830/8659 1473/1840/8660 1526/1835/8661
f 1277/1832/8662 1524/1833/8663 1224/1841/8664
f 1524/1833/8665 1528/1837/8666 1224/1841/8667
f 1527/1836/8668 1204/1842/8669 1525/1834/8670
f 1527/1836/8671 1526/1835/8672 1478/1843/8673
f 1527/1836/8674 1205/1844/8675 1204/1842/8676
f 1527/1836/8677 1478/1843/8678 1205/1844/8679
f 1478/1843/8680 1526/1835/8681 1473/1840/8682
f 1530/1839/8683 1529/1838/8684 1193/1845/8685
f 1530/1839/8686 1202/1846/8687 1528/1837/8688
f 1530/1839/8689 1193/1845/8690 1202/1846/8691
f 1224/1841/8692 1528/1837/8693 1203/1847/8694
f 1203/1847/8695 1528/1837/8696 1202/1846/8697
f 1525/1834/8698 1204/1842/8699 1192/1848/8700
f 1525/1834/8701 1192/1848/8702 1529/1838/8703
f 1529/1838/8704 1192/1848/8705 1193/1845/8706
f 1531/1849/8707 1532/1850/8708 1533/1851/8709
f 1532/1850/8710 1534/1852/8711 1533/1851/8712
f 1532/1850/8713 1535/1853/8714 1534/1852/8715
f 1532/1850/8716 1536/1854/8717 1535/1853/8718
f 1533/1851/8719 1534/1852/8720 1537/1855/8721
f 1536/1854/8722 1538/1856/8723 1535/1853/8724
f 1534/1852/8725 1539/1857/8726 1537/1855/8727
f 1534/1852/8728 1535/1853/8729 1539/1857/8730
f 1538/1856/8731 1540/1858/8732 1535/1853/8733
f 1535/1853/8734 1540/1858/8735 1539/1857/8736
f 1541/1859/8737 1542/1860/8738 1543/1861/8739
f 1542/1860/8740 1544/1862/8741 1543/1861/8742
f 1542/1860/8743 1545/1863/8744 1544/1862/8745
f 1542/1860/8746 1546/1864/8747 1545/1863/8748
f 1543/1861/8749 1544/1862/8750 1547/1865/8751
f 1543/1861/8752 1547/1865/8753 1548/1866/8754
f 1544/1862/8755 1545/1863/8756 1547/1865/8757
f 1546/1864/8758 1549/1867/8759 1545/1863/8760
f 1547/1865/8761 1545/1863/8762 1550/1868/8763
f 1550/1868/8764 1545/1863/8765 1549/1867/8766
f 1551/1869/8767 1552/1870/8768 1553/1871/8769
f 1552/1870/8770 1554/1872/8771 1553/1871/8772
f 1552/1870/8773 1555/1873/8774 1554/1872/8775
f 1553/1871/8776 1554/1872/8777 1556/1874/8778
f 1553/1871/8779 1556/1874/8780 1557/1875/8781
f 1555/1873/8782 1558/1876/8783 1554/1872/8784
f 1554/1872/8785 1558/1876/8786 1556/1874/8787
f 1557/1875/8788 1556/1874/8789 1559/1877/8790
f 1558/1876/8791 1560/1878/8792 1556/1874/8793
f 1556/1874/8794 1560/1878/8795 1559/1877/8796
f 1437/1879/8797 1561/1880/8798 1435/1881/8799
f 1437/1879/8800 1438/1882/8801 1561/1880/8802
f 1435/1881/8803 1561/1880/8804 1562/1883/8805
f 1435/1881/8806 1562/1883/8807 1431/1884/8808
f 1438/1882/8809 1563/1885/8810 1561/1880/8811
f 1438/1882/8812 1436/1886/8813 1563/1885/8814
f 1562/1883/8815 1564/1887/8816 1431/1884/8817
f 1562/1883/8818 1561/1880/8819 1565/1888/8820
f 1562/1883/8821 1565/1888/8822 1564/1887/8823
f 1561/1880/8824 1563/1885/8825 1565/1888/8826
f 1436/1886/8827 1566/1889/8828 1563/1885/8829
f 1436/1886/8830 1433/1890/8831 1566/1889/8832
f 1563/1885/8833 1566/1889/8834 1565/1888/8835
f 1431/1884/8836 1564/1887/8837 1429/1891/8838
f 1433/1890/8839 1567/1892/8840 1566/1889/8841
f 1566/1889/8842 1567/1892/8843 1565/1888/8844
f 1564/1887/8845 1568/1893/8846 1429/1891/8847
f 1564/1887/8848 1565/1888/8849 1568/1893/8850
f 1567/1892/8851 1569/1894/8852 1565/1888/8853
f 1565/1888/8854 1569/1894/8855 1568/1893/8856
f 1447/1895/8857 1570/1896/8858 1448/1897/8859
f 1447/1895/8860 1444/1898/8861 1570/1896/8862
f 1448/1897/8863 1570/1896/8864 1571/1899/8865
f 1448/1897/8866 1571/1899/8867 1445/1900/8868
f 1444/1898/8869 1572/1901/8870 1570/1896/8871
f 1444/1898/8872 1440/1902/8873 1572/1901/8874
f 1571/1899/8875 1573/1903/8876 1445/1900/8877
f 1571/1899/8878 1570/1896/8879 1574/1904/8880
f 1571/1899/8881 1574/1904/8882 1573/1903/8883
f 1570/1896/8884 1572/1901/8885 1574/1904/8886
f 1440/1902/8887 1575/1905/8888 1572/1901/8889
f 1440/1902/8890 1439/1906/8891 1575/1905/8892
f 1572/1901/8893 1575/1905/8894 1574/1904/8895
f 1445/1900/8896 1573/1903/8897 1446/1907/8898
f 1439/1906/8899 1576/1908/8900 1575/1905/8901
f 1575/1905/8902 1576/1908/8903 1574/1904/8904
f 1573/1903/8905 1577/1909/8906 1446/1907/8907
f 1573/1903/8908 1574/1904/8909 1577/1909/8910
f 1576/1908/8911 1578/1910/8912 1574/1904/8913
f 1574/1904/8914 1578/1910/8915 1577/1909/8916
f 1456/1911/8917 1579/1912/8918 1458/1913/8919
f 1456/1911/8920 1454/1914/8921 1579/1912/8922
f 1458/1913/8923 1579/1912/8924 1580/1915/8925
f 1458/1913/8926 1580/1915/8927 1457/1916/8928
f 1454/1914/8929 1581/1917/8930 1579/1912/8931
f 1454/1914/8932 1450/1918/8933 1581/1917/8934
f 1580/1915/8935 1582/1919/8936 1457/1916/8937
f 1580/1915/8938 1579/1912/8939 1583/1920/8940
f 1580/1915/8941 1583/1920/8942 1582/1919/8943
f 1579/1912/8944 1581/1917/8945 1583/1920/8946
f 1450/1918/8947 1584/1921/8948 1581/1917/8949
f 1450/1918/8950 1449/1922/8951 1584/1921/8952
f 1581/1917/8953 1584/1921/8954 1583/1920/8955
f 1457/1916/8956 1582/1919/8957 1455/1923/8958
f 1449/1922/8959 1585/1924/8960 1584/1921/8961
f 1584/1921/8962 1585/1924/8963 1583/1920/8964
f 1582/1919/8965 1586/1925/8966 1455/1923/8967
f 1582/1919/8968 1583/1920/8969 1586/1925/8970
f 1585/1924/8971 1587/1926/8972 1583/1920/8973
f 1583/1920/8974 1587/1926/8975 1586/1925/8976
f 1395/1927/8977 1404/1928/8978 1588/1929/8979
f 1395/1927/8980 1588/1929/8981 1385/1930/8982
f 1404/1928/8983 1589/1931/8984 1588/1929/8985
f 1404/1928/8986 1409/1932/8987 1589/1931/8988
f 1385/1930/8989 1588/1929/8990 1590/1933/8991
f 1385/1930/8992 1590/1933/8993 1380/1934/8994
f 1409/1932/8995 1591/1935/8996 1589/1931/8997
f 1409/1932/8998 1415/1936/8999 1591/1935/9000
f 1588/1929/9001 1592/1937/9002 1590/1933/9003
f 1588/1929/9004 1589/1931/9005 1593/1938/9006
f 1588/1929/9007 1593/1938/9008 1592/1937/9009
f 1589/1931/9010 1591/1935/9011 1593/1938/9012
f 1380/1934/9013 1590/1933/9014 1594/1939/9015
f 1380/1934/9016 1594/1939/9017 1371/1940/9018
f 1590/1933/9019 1592/1937/9020 1594/1939/9021
f 1415/1936/9022 1595/1941/9023 1591/1935/9024
f 1415/1936/9025 1421/1942/9026 1595/1941/9027
f 1591/1935/9028 1595/1941/9029 1593/1938/9030
f 1371/1940/9031 1594/1939/9032 1596/1943/9033
f 1371/1940/9034 1596/1943/9035 1366/1944/9036
f 1592/1937/9037 1593/1938/9038 1597/1945/9039
f 1592/1937/9040 1598/1946/9041 1594/1939/9042
f 1592/1937/9043 1597/1945/9044 1599/1947/9045
f 1592/1937/9046 1600/1948/9047 1598/1946/9048
f 1592/1937/9049 1599/1947/9050 1600/1948/9051
f 1595/1941/9052 1421/1942/9053 1597/1945/9054
f 1595/1941/9055 1597/1945/9056 1593/1938/9057
f 1594/1939/9058 1598/1946/9059 1596/1943/9060
f 1366/1944/9061 1596/1943/9062 1601/1949/9063
f 1366/1944/9064 1601/1949/9065 1362/1950/9066
f 1596/1943/9067 1598/1946/9068 1601/1949/9069
f 1599/1947/9070 1357/1951/9071 1600/1948/9072
f 1599/1947/9073 1597/1945/9074 1357/1951/9075
f 1597/1945/9076 1421/1942/9077 1357/1951/9078
f 1362/1950/9079 1601/1949/9080 1602/1952/9081
f 1362/1950/9082 1602/1952/9083 1600/1948/9084
f 1362/1950/9085 1600/1948/9086 1359/1953/9087
f 1600/1948/9088 1602/1952/9089 1598/1946/9090
f 1600/1948/9091 1357/1951/9092 1359/1953/9093
f 1598/1946/9094 1602/1952/9095 1601/1949/9096
f 1603/1954/9097 1604/1955/9098 1605/1956/9099
f 1603/1954/9100 1606/1957/9101 1604/1955/9102
f 1605/1956/9103 1604/1955/9104 1607/1958/9105
f 1605/1956/9106 1607/1958/9107 1531/1959/9108
f 1606/1957/9109 1608/1960/9110 1604/1955/9111
f 1606/1957/9112 1537/1961/9113 1608/1960/9114
f 1607/1958/9115 1532/1962/9116 1531/1959/9117
f 1607/1958/9118 1604/1955/9119 1609/1963/9120
f 1607/1958/9121 1609/1963/9122 1532/1962/9123
f 1537/1961/9124 1539/1964/9125 1608/1960/9126
f 1604/1955/9127 1610/1965/9128 1609/1963/9129
f 1604/1955/9130 1608/1960/9131 1611/1966/9132
f 1604/1955/9133 1611/1966/9134 1610/1965/9135
f 1608/1960/9136 1539/1964/9137 1611/1966/9138
f 1532/1962/9139 1609/1963/9140 1536/1967/9141
f 1609/1963/9142 1610/1965/9143 1536/1967/9144
f 1539/1964/9145 1540/1968/9146 1611/1966/9147
f 1611/1966/9148 1540/1968/9149 1610/1965/9150
f 1536/1967/9151 1610/1965/9152 1538/1969/9153
f 1538/1969/9154 1610/1965/9155 1540/1968/9156
f 1549/1970/9157 1546/1971/9158 1612/1972/9159
f 1549/1970/9160 1612/1972/9161 1550/1973/9162
f 1546/1971/9163 1613/1974/9164 1612/1972/9165
f 1546/1971/9166 1542/1975/9167 1613/1974/9168
f 1550/1973/9169 1612/1972/9170 1614/1976/9171
f 1550/1973/9172 1614/1976/9173 1547/1977/9174
f 1542/1975/9175 1615/1978/9176 1613/1974/9177
f 1542/1975/9178 1541/1979/9179 1615/1978/9180
f 1612/1972/9181 1616/1980/9182 1614/1976/9183
f 1612/1972/9184 1613/1974/9185 1616/1980/9186
f 1613/1974/9187 1615/1978/9188 1616/1980/9189
f 1547/1977/9190 1614/1976/9191 1617/1981/9192
f 1547/1977/9193 1617/1981/9194 1548/1982/9195
f 1614/1976/9196 1616/1980/9197 1617/1981/9198
f 1541/1979/9199 1618/1983/9200 1615/1978/9201
f 1615/1978/9202 1618/1983/9203 1616/1980/9204
f 1548/1982/9205 1617/1981/9206 1619/1984/9207
f 1617/1981/9208 1616/1980/9209 1619/1984/9210
f 1618/1983/9211 1620/1985/9212 1616/1980/9213
f 1616/1980/9214 1620/1985/9215 1619/1984/9216
f 1559/1986/9217 1560/1987/9218 1621/1988/9219
f 1559/1986/9220 1621/1988/9221 1557/1989/9222
f 1560/1987/9223 1622/1990/9224 1621/1988/9225
f 1560/1987/9226 1558/1991/9227 1622/1990/9228
f 1557/1989/9229 1621/1988/9230 1623/1992/9231
f 1557/1989/9232 1623/1992/9233 1553/1993/9234
f 1558/1991/9235 1624/1994/9236 1622/1990/9237
f 1558/1991/9238 1555/1995/9239 1624/1994/9240
f 1621/1988/9241 1625/1996/9242 1623/1992/9243
f 1621/1988/9244 1622/1990/9245 1625/1996/9246
f 1622/1990/9247 1624/1994/9248 1625/1996/9249
f 1553/1993/9250 1623/1992/9251 1626/1997/9252
f 1553/1993/9253 1626/1997/9254 1551/1998/9255
f 1623/1992/9256 1625/1996/9257 1626/1997/9258
f 1555/1995/9259 1627/1999/9260 1624/1994/9261
f 1624/1994/9262 1627/1999/9263 1625/1996/9264
f 1551/1998/9265 1626/1997/9266 1628/2000/9267
f 1626/1997/9268 1625/1996/9269 1628/2000/9270
f 1627/1999/9271 1629/2001/9272 1625/1996/9273
f 1625/1996/9274 1629/2001/9275 1628/2000/9276
f 1485/2002/9277 1630/2003/9278 1490/2004/9279
f 1485/2002/9280 1480/2005/9281 1630/2003/9282
f 1490/2004/9283 1630/2003/9284 1631/2006/9285
f 1490/2004/9286 1631/2006/9287 1496/2007/9288
f 1480/2005/9289 1632/2008/9290 1630/2003/9291
f 1480/2005/9292 1476/2009/9293 1632/2008/9294
f 1631/2006/9295 1633/2010/9296 1496/2007/9297
f 1631/2006/9298 1630/2003/9299 1634/2011/9300
f 1631/2006/9301 1634/2011/9302 1633/2010/9303
f 1476/2009/9304 1635/2012/9305 1632/2008/9306
f 1476/2009/9307 1471/2013/9308 1635/2012/9309
f 1496/2007/9310 1633/2010/9311 1501/2014/9312
f 1630/2003/9313 1636/2015/9314 1634/2011/9315
f 1630/2003/9316 1632/2008/9317 1636/2015/9318
f 1632/2008/9319 1635/2012/9320 1636/2015/9321
f 1471/2013/9322 1637/2016/9323 1635/2012/9324
f 1471/2013/9325 1466/2017/9326 1637/2016/9327
f 1633/2010/9328 1638/2018/9329 1501/2014/9330
f 1633/2010/9331 1634/2011/9332 1638/2018/9333
f 1636/2015/9334 1635/2012/9335 1639/2019/9336
f 1636/2015/9337 1640/2020/9338 1634/2011/9339
f 1636/2015/9340 1639/2019/9341 1641/2021/9342
f 1636/2015/9343 1642/2022/9344 1640/2020/9345
f 1636/2015/9346 1641/2021/9347 1642/2022/9348
f 1634/2011/9349 1640/2020/9350 1638/2018/9351
f 1635/2012/9352 1637/2016/9353 1639/2019/9354
f 1466/2017/9355 1643/2023/9356 1637/2016/9357
f 1466/2017/9358 1463/2024/9359 1643/2023/9360
f 1637/2016/9361 1643/2023/9362 1639/2019/9363
f 1501/2014/9364 1638/2018/9365 1508/2025/9366
f 1638/2018/9367 1640/2020/9368 1508/2025/9369
f 1641/2021/9370 1459/2026/9371 1642/2022/9372
f 1641/2021/9373 1463/2024/9374 1460/2027/9375
f 1641/2021/9376 1639/2019/9377 1644/2028/9378
f 1641/2021/9379 1460/2027/9380 1459/2026/9381
f 1641/2021/9382 1644/2028/9383 1463/2024/9384
f 1644/2028/9385 1643/2023/9386 1463/2024/9387
f 1644/2028/9388 1639/2019/9389 1643/2023/9390
f 1459/2026/9391 1640/2020/9392 1642/2022/9393
f 1459/2026/9394 1508/2025/9395 1640/2020/9396
#4628 polygons

usemtl Material #11
s 2
f 1645/2029/9397 1646/2030/9398 1647/2031/9399
f 1645/2029/9400 1648/2032/9401 1646/2030/9402
f 1645/2029/9403 1647/2031/9404 1649/2033/9405
f 1645/2029/9406 1650/2034/9407 1648/2032/9408
f 1645/2029/9409 1649/2033/9410 1651/2035/9411
f 1645/2029/9412 1652/2036/9413 1650/2034/9414
f 1645/2029/9415 1651/2035/9416 1652/2036/9417
f 1646/2030/9418 1653/2037/9419 1647/2031/9420
f 1646/2030/9421 1648/2032/9422 1654/2038/9423
f 1646/2030/9424 1654/2038/9425 1653/2037/9426
f 1649/2033/9427 368/2039/9428 1651/2035/9429
f 1649/2033/9430 1647/2031/9431 1655/2040/9432
f 1649/2033/9433 367/2041/9434 368/2039/9435
f 1649/2033/9436 1655/2040/9437 1656/2042/9438
f 1649/2033/9439 1656/2042/9440 367/2041/9441
f 1647/2031/9442 1653/2037/9443 1655/2040/9444
f 1650/2034/9445 1652/2036/9446 1657/2043/9447
f 1650/2034/9448 1658/2044/9449 1648/2032/9450
f 1650/2034/9451 1657/2043/9452 1659/2045/9453
f 1650/2034/9454 1659/2045/9455 1658/2044/9456
f 1648/2032/9457 1658/2044/9458 1654/2038/9459
f 1651/2035/9460 368/2039/9461 370/2046/9462
f 1651/2035/9463 1660/2047/9464 1652/2036/9465
f 1651/2035/9466 370/2046/9467 1660/2047/9468
f 1656/2042/9469 351/2048/9470 367/2041/9471
f 1656/2042/9472 1655/2040/9473 1661/2049/9474
f 1656/2042/9475 817/2050/9476 351/2048/9477
f 1656/2042/9478 1661/2049/9479 817/2050/9480
f 1655/2040/9481 1653/2037/9482 1661/2049/9483
f 1657/2043/9484 1662/2051/9485 1659/2045/9486
f 1657/2043/9487 1652/2036/9488 1663/2052/9489
f 1657/2043/9490 1664/2053/9491 1662/2051/9492
f 1657/2043/9493 1663/2052/9494 1664/2053/9495
f 1652/2036/9496 1660/2047/9497 1663/2052/9498
f 1658/2044/9499 1665/2054/9500 1654/2038/9501
f 1658/2044/9502 1659/2045/9503 1666/2055/9504
f 1658/2044/9505 1666/2055/9506 1665/2054/9507
f 370/2046/9508 377/2056/9509 1660/2047/9510
f 817/2050/9511 1661/2049/9512 1667/2057/9513
f 817/2050/9514 1667/2057/9515 819/2058/9516
f 1653/2037/9517 1654/2038/9518 1668/2059/9519
f 1653/2037/9520 1668/2059/9521 1661/2049/9522
f 1668/2059/9523 1665/2054/9524 1667/2057/9525
f 1668/2059/9526 1654/2038/9527 1665/2054/9528
f 1668/2059/9529 1667/2057/9530 1661/2049/9531
f 1662/2051/9532 1664/2053/9533 175/2060/9534
f 1662/2051/9535 1669/2061/9536 1659/2045/9537
f 1662/2051/9538 175/2060/9539 182/2062/9540
f 1662/2051/9541 182/2062/9542 1669/2061/9543
f 1663/2052/9544 1660/2047/9545 1670/2063/9546
f 1663/2052/9547 1671/2064/9548 1664/2053/9549
f 1663/2052/9550 1670/2063/9551 1671/2064/9552
f 1660/2047/9553 377/2056/9554 1670/2063/9555
f 1666/2055/9556 1672/2065/9557 1665/2054/9558
f 1666/2055/9559 1659/2045/9560 1673/2066/9561
f 1666/2055/9562 1674/2067/9563 1672/2065/9564
f 1666/2055/9565 1673/2066/9566 1675/2068/9567
f 1666/2055/9568 1675/2068/9569 1674/2067/9570
f 1659/2045/9571 1669/2061/9572 1673/2066/9573
f 1665/2054/9574 1672/2065/9575 1667/2057/9576
f 819/2058/9577 1667/2057/9578 826/2069/9579
f 1667/2057/9580 1672/2065/9581 826/2069/9582
f 175/2060/9583 1664/2053/9584 173/2070/9585
f 1664/2053/9586 1671/2064/9587 173/2070/9588
f 182/2062/9589 183/2071/9590 1669/2061/9591
f 377/2056/9592 379/2072/9593 1670/2063/9594
f 1675/2068/9595 842/2073/9596 1674/2067/9597
f 1675/2068/9598 1673/2066/9599 1676/2074/9600
f 1675/2068/9601 856/2075/9602 842/2073/9603
f 1675/2068/9604 1676/2074/9605 856/2075/9606
f 1669/2061/9607 183/2071/9608 1676/2074/9609
f 1669/2061/9610 1676/2074/9611 1673/2066/9612
f 1672/2065/9613 827/2076/9614 826/2069/9615
f 1672/2065/9616 1674/2067/9617 836/2077/9618
f 1672/2065/9619 836/2077/9620 827/2076/9621
f 836/2077/9622 1674/2067/9623 842/2073/9624
f 1671/2064/9625 169/2078/9626 173/2070/9627
f 1671/2064/9628 1670/2063/9629 1677/2079/9630
f 1671/2064/9631 1677/2079/9632 169/2078/9633
f 1670/2063/9634 379/2072/9635 1677/2079/9636
f 856/2075/9637 1676/2074/9638 185/2080/9639
f 185/2080/9640 1676/2074/9641 183/2071/9642
f 169/2078/9643 1677/2079/9644 170/2081/9645
f 379/2072/9646 381/2082/9647 1677/2079/9648
f 1677/2079/9649 381/2082/9650 170/2081/9651
f 381/2082/9652 172/2083/9653 170/2081/9654
f 1678/2084/9655 1679/2085/9656 1680/2086/9657
f 1678/2084/9658 1681/2087/9659 1679/2085/9660
f 1678/2084/9661 1680/2086/9662 1682/2088/9663
f 1678/2084/9664 1683/2089/9665 1681/2087/9666
f 1678/2084/9667 1682/2088/9668 1684/2090/9669
f 1678/2084/9670 1685/2091/9671 1683/2089/9672
f 1678/2084/9673 1684/2090/9674 1685/2091/9675
f 1679/2085/9676 1686/2092/9677 1680/2086/9678
f 1679/2085/9679 1681/2087/9680 1687/2093/9681
f 1679/2085/9682 1687/2093/9683 1686/2092/9684
f 1682/2088/9685 1688/2094/9686 1684/2090/9687
f 1682/2088/9688 1680/2086/9689 1689/2095/9690
f 1682/2088/9691 1689/2095/9692 1688/2094/9693
f 1680/2086/9694 1686/2092/9695 1689/2095/9696
f 1683/2089/9697 1685/2091/9698 1690/2096/9699
f 1683/2089/9700 313/2097/9701 1681/2087/9702
f 1683/2089/9703 1690/2096/9704 304/2098/9705
f 1683/2089/9706 304/2098/9707 313/2097/9708
f 1687/2093/9709 1691/2099/9710 1686/2092/9711
f 1687/2093/9712 1681/2087/9713 1692/2100/9714
f 1687/2093/9715 1692/2100/9716 1691/2099/9717
f 1684/2090/9718 1688/2094/9719 1693/2101/9720
f 1684/2090/9721 1694/2102/9722 1685/2091/9723
f 1684/2090/9724 1693/2101/9725 1694/2102/9726
f 1689/2095/9727 1686/2092/9728 1695/2103/9729
f 1689/2095/9730 1696/2104/9731 1688/2094/9732
f 1689/2095/9733 1695/2103/9734 1696/2104/9735
f 1686/2092/9736 1691/2099/9737 1695/2103/9738
f 1690/2096/9739 302/2105/9740 304/2098/9741
f 1690/2096/9742 1685/2091/9743 1697/2106/9744
f 1690/2096/9745 1698/2107/9746 302/2105/9747
f 1690/2096/9748 1697/2106/9749 1698/2107/9750
f 1685/2091/9751 1694/2102/9752 1697/2106/9753
f 313/2097/9754 315/2108/9755 1681/2087/9756
f 1681/2087/9757 315/2108/9758 1692/2100/9759
f 1693/2101/9760 1688/2094/9761 1699/2109/9762
f 1693/2101/9763 1700/2110/9764 1694/2102/9765
f 1693/2101/9766 1699/2109/9767 1701/2111/9768
f 1693/2101/9769 1702/2112/9770 1700/2110/9771
f 1693/2101/9772 1701/2111/9773 1702/2112/9774
f 1688/2094/9775 1696/2104/9776 1699/2109/9777
f 1691/2099/9778 1703/2113/9779 1695/2103/9780
f 1691/2099/9781 1692/2100/9782 829/2114/9783
f 1691/2099/9784 829/2114/9785 1703/2113/9786
f 1695/2103/9787 1703/2113/9788 1696/2104/9789
f 302/2105/9790 1698/2107/9791 298/2115/9792
f 1697/2106/9793 1694/2102/9794 1704/2116/9795
f 1697/2106/9796 1705/2117/9797 1698/2107/9798
f 1697/2106/9799 1704/2116/9800 1705/2117/9801
f 1694/2102/9802 1700/2110/9803 1704/2116/9804
f 315/2108/9805 316/2118/9806 1692/2100/9807
f 1692/2100/9808 316/2118/9809 829/2114/9810
f 1701/2111/9811 1706/2119/9812 1702/2112/9813
f 1701/2111/9814 1699/2109/9815 1707/2120/9816
f 1701/2111/9817 1707/2120/9818 1706/2119/9819
f 1703/2113/9820 1708/2121/9821 1696/2104/9822
f 1703/2113/9823 829/2114/9824 830/2122/9825
f 1703/2113/9826 843/2123/9827 1708/2121/9828
f 1703/2113/9829 830/2122/9830 843/2123/9831
f 1696/2104/9832 1708/2121/9833 1699/2109/9834
f 298/2115/9835 1698/2107/9836 1709/2124/9837
f 298/2115/9838 1709/2124/9839 294/2125/9840
f 1698/2107/9841 1705/2117/9842 1709/2124/9843
f 1700/2110/9844 252/2126/9845 1704/2116/9846
f 1700/2110/9847 1702/2112/9848 235/2127/9849
f 1700/2110/9850 235/2127/9851 252/2126/9852
f 1707/2120/9853 853/2128/9854 1706/2119/9855
f 1707/2120/9856 1699/2109/9857 1710/2129/9858
f 1707/2120/9859 849/2130/9860 853/2128/9861
f 1707/2120/9862 1710/2129/9863 849/2130/9864
f 1699/2109/9865 1708/2121/9866 1710/2129/9867
f 843/2123/9868 844/2131/9869 1708/2121/9870
f 294/2125/9871 1709/2124/9872 274/2132/9873
f 294/2125/9874 274/2132/9875 276/2133/9876
f 1705/2117/9877 1704/2116/9878 253/2134/9879
f 1705/2117/9880 255/2135/9881 1709/2124/9882
f 1705/2117/9883 253/2134/9884 255/2135/9885
f 255/2135/9886 274/2132/9887 1709/2124/9888
f 253/2134/9889 1704/2116/9890 252/2126/9891
f 1702/2112/9892 233/2136/9893 235/2127/9894
f 1702/2112/9895 1706/2119/9896 233/2136/9897
f 853/2128/9898 229/2137/9899 1706/2119/9900
f 1706/2119/9901 229/2137/9902 233/2136/9903
f 849/2130/9904 1710/2129/9905 846/2138/9906
f 846/2138/9907 1708/2121/9908 844/2131/9909
f 846/2138/9910 1710/2129/9911 1708/2121/9912
#4628 polygons

usemtl Material #12
s 4
f 1711/2139/9913 1712/2140/9914 1713/2141/9915
f 1712/2140/9916 1714/2142/9917 1713/2141/9918
f 1712/2140/9919 1715/2143/9920 1714/2142/9921
f 1713/2141/9922 1714/2142/9923 1716/2144/9924
f 1715/2143/9925 1717/2145/9926 1714/2142/9927
f 1713/2141/9928 1716/2144/9929 1718/2146/9930
f 1717/2145/9931 1719/2147/9932 1714/2142/9933
f 1716/2144/9934 1714/2142/9935 1720/2148/9936
f 1717/2145/9937 1721/2149/9938 1719/2147/9939
f 1714/2142/9940 1719/2147/9941 1722/2150/9942
f 1720/2148/9943 1714/2142/9944 1723/2151/9945
f 1719/2147/9946 1724/2152/9947 1722/2150/9948
f 1714/2142/9949 1722/2150/9950 1725/2153/9951
f 1723/2151/9952 1714/2142/9953 1726/2154/9954
f 1725/2153/9955 1727/2155/9956 1714/2142/9957
f 1723/2151/9958 1726/2154/9959 1728/2156/9960
f 1727/2155/9961 1729/2157/9962 1714/2142/9963
f 1726/2154/9964 1714/2142/9965 1730/2158/9966
f 1727/2155/9967 1731/2159/9968 1729/2157/9969
f 1726/2154/9970 1730/2158/9971 1732/2160/9972
f 1714/2142/9973 1733/2161/9974 1734/2162/9975
f 1729/2157/9976 1735/2163/9977 1714/2142/9978
f 1730/2158/9979 1714/2142/9980 1736/2164/9981
f 1733/2161/9982 1737/2165/9983 1734/2162/9984
f 1729/2157/9985 1738/2166/9986 1735/2163/9987
f 1714/2142/9988 1739/2167/9989 1740/2168/9990
f 1740/2168/9991 1733/2161/9992 1714/2142/9993
f 1736/2164/9994 1714/2142/9995 1741/2169/9996
f 1734/2162/9997 1741/2169/9998 1714/2142/9999
f 1735/2163/10000 1742/2170/10001 1714/2142/10002
f 1739/2167/10003 1714/2142/10004 1743/2171/10005
f 1734/2162/10006 1744/2172/10007 1741/2169/10008
f 1742/2170/10009 1745/2173/10010 1714/2142/10011
f 1714/2142/10012 1745/2173/10013 1743/2171/10014
f 1739/2167/10015 1743/2171/10016 1746/2174/10017
f 1745/2173/10018 1747/2175/10019 1743/2171/10020
f 1713/2176/10021 1748/2177/10022 1711/2178/10023
f 1748/2177/10024 1749/2179/10025 1750/2180/10026
f 1748/2177/10027 1750/2180/10028 1711/2178/10029
f 1749/2179/10030 1751/2181/10031 1750/2180/10032
f 1711/2178/10033 1750/2180/10034 1752/2182/10035
f 1750/2180/10036 1751/2181/10037 1752/2182/10038
f 1749/2179/10039 1753/2183/10040 1751/2181/10041
f 1711/2178/10042 1752/2182/10043 1712/2184/10044
f 1753/2183/10045 1754/2185/10046 1755/2186/10047
f 1753/2183/10048 1755/2186/10049 1751/2181/10050
f 1752/2182/10051 1751/2181/10052 1756/2187/10053
f 1751/2181/10054 1755/2186/10055 1756/2187/10056
f 1712/2184/10057 1752/2182/10058 1715/2188/10059
f 1754/2185/10060 1757/2189/10061 1755/2186/10062
f 1756/2187/10063 1755/2186/10064 1758/2190/10065
f 1755/2186/10066 1757/2189/10067 1758/2190/10068
f 1752/2182/10069 1756/2187/10070 1759/2191/10071
f 1752/2182/10072 1759/2191/10073 1715/2188/10074
f 1754/2185/10075 1760/2192/10076 1757/2189/10077
f 1758/2190/10078 1757/2189/10079 1761/2193/10080
f 1756/2187/10081 1762/2194/10082 1763/2195/10083
f 1756/2187/10084 1763/2195/10085 1759/2191/10086
f 1756/2187/10087 1758/2190/10088 1762/2194/10089
f 1715/2188/10090 1759/2191/10091 1764/2196/10092
f 1754/2185/10093 1765/2197/10094 1760/2192/10095
f 1757/2189/10096 1766/2198/10097 1761/2193/10098
f 1757/2189/10099 1760/2192/10100 1766/2198/10101
f 1763/2195/10102 1762/2194/10103 1767/2199/10104
f 1759/2191/10105 1763/2195/10106 1767/2199/10107
f 1759/2191/10108 1767/2199/10109 1764/2196/10110
f 1758/2190/10111 1768/2200/10112 1762/2194/10113
f 1758/2190/10114 1761/2193/10115 1768/2200/10116
f 1715/2188/10117 1764/2196/10118 1717/2201/10119
f 1765/2197/10120 1769/2202/10121 1770/2203/10122
f 1765/2197/10123 1770/2203/10124 1760/2192/10125
f 1766/2198/10126 1760/2192/10127 1771/2204/10128
f 1760/2192/10129 1770/2203/10130 1771/2204/10131
f 1767/2199/10132 1772/2205/10133 1764/2196/10134
f 1762/2194/10135 1768/2200/10136 1773/2206/10137
f 1762/2194/10138 1773/2206/10139 1767/2199/10140
f 1761/2193/10141 1774/2207/10142 1768/2200/10143
f 1761/2193/10144 1766/2198/10145 1774/2207/10146
f 1717/2201/10147 1764/2196/10148 1721/2208/10149
f 1769/2202/10150 1775/2209/10151 1770/2203/10152
f 1771/2204/10153 1770/2203/10154 1776/2210/10155
f 1770/2203/10156 1775/2209/10157 1776/2210/10158
f 1772/2205/10159 1777/2211/10160 1764/2196/10161
f 1764/2196/10162 1777/2211/10163 1721/2208/10164
f 1773/2206/10165 1778/2212/10166 1767/2199/10167
f 1767/2199/10168 1778/2212/10169 1772/2205/10170
f 1768/2200/10171 1774/2207/10172 1779/2213/10173
f 1768/2200/10174 1779/2213/10175 1773/2206/10176
f 1766/2198/10177 1771/2204/10178 1780/2214/10179
f 1766/2198/10180 1780/2214/10181 1774/2207/10182
f 1769/2202/10183 1781/2215/10184 1775/2209/10185
f 1776/2210/10186 1775/2209/10187 1782/2216/10188
f 1777/2211/10189 1783/2217/10190 1784/2218/10191
f 1777/2211/10192 1784/2218/10193 1721/2208/10194
f 1777/2211/10195 1772/2205/10196 1783/2217/10197
f 1778/2212/10198 1785/2219/10199 1786/2220/10200
f 1773/2206/10201 1779/2213/10202 1785/2219/10203
f 1773/2206/10204 1785/2219/10205 1778/2212/10206
f 1771/2204/10207 1787/2221/10208 1780/2214/10209
f 1771/2204/10210 1776/2210/10211 1787/2221/10212
f 1774/2207/10213 1780/2214/10214 1788/2222/10215
f 1779/2213/10216 1788/2222/10217 1785/2219/10218
f 1779/2213/10219 1774/2207/10220 1788/2222/10221
f 1781/2215/10222 1789/2223/10223 1790/2224/10224
f 1775/2209/10225 1790/2224/10226 1782/2216/10227
f 1775/2209/10228 1781/2215/10229 1790/2224/10230
f 1784/2218/10231 1719/2225/10232 1721/2208/10233
f 1772/2205/10234 1778/2212/10235 1791/2226/10236
f 1791/2226/10237 1783/2217/10238 1772/2205/10239
f 1791/2226/10240 1778/2212/10241 1786/2220/10242
f 1776/2210/10243 1792/2227/10244 1787/2221/10245
f 1776/2210/10246 1782/2216/10247 1792/2227/10248
f 1780/2214/10249 1787/2221/10250 1793/2228/10251
f 1780/2214/10252 1793/2228/10253 1788/2222/10254
f 1785/2219/10255 1794/2229/10256 1786/2220/10257
f 1788/2222/10258 1793/2228/10259 1794/2229/10260
f 1788/2222/10261 1794/2229/10262 1785/2219/10263
f 1789/2223/10264 1795/2230/10265 1796/2231/10266
f 1789/2223/10267 1796/2231/10268 1790/2224/10269
f 1782/2216/10270 1790/2224/10271 1797/2232/10272
f 1790/2224/10273 1796/2231/10274 1797/2232/10275
f 1792/2227/10276 1782/2216/10277 1798/2233/10278
f 1782/2216/10279 1797/2232/10280 1798/2233/10281
f 1787/2221/10282 1792/2227/10283 1799/2234/10284
f 1787/2221/10285 1799/2234/10286 1793/2228/10287
f 1786/2220/10288 1794/2229/10289 1800/2235/10290
f 1795/2230/10291 1801/2236/10292 1796/2231/10293
f 1797/2232/10294 1796/2231/10295 1802/2237/10296
f 1796/2231/10297 1801/2236/10298 1802/2237/10299
f 1798/2233/10300 1797/2232/10301 1803/2238/10302
f 1797/2232/10303 1802/2237/10304 1803/2238/10305
f 1792/2227/10306 1798/2233/10307 1804/2239/10308
f 1792/2227/10309 1804/2239/10310 1799/2234/10311
f 1793/2228/10312 1799/2234/10313 1805/2240/10314
f 1794/2229/10315 1805/2240/10316 1800/2235/10317
f 1794/2229/10318 1793/2228/10319 1805/2240/10320
f 1795/2230/10321 1806/2241/10322 1801/2236/10323
f 1802/2237/10324 1807/2242/10325 1803/2238/10326
f 1798/2233/10327 1808/2243/10328 1804/2239/10329
f 1798/2233/10330 1803/2238/10331 1808/2243/10332
f 1799/2234/10333 1804/2239/10334 1809/2244/10335
f 1799/2234/10336 1809/2244/10337 1805/2240/10338
f 1800/2235/10339 1805/2240/10340 1810/2245/10341
f 1805/2240/10342 1809/2244/10343 1810/2245/10344
f 1806/2241/10345 1811/2246/10346 1801/2236/10347
f 1802/2237/10348 1812/2247/10349 1807/2242/10350
f 1801/2236/10351 1811/2246/10352 1812/2247/10353
f 1801/2236/10354 1812/2247/10355 1802/2237/10356
f 1803/2238/10357 1807/2242/10358 1813/2248/10359
f 1803/2238/10360 1813/2248/10361 1808/2243/10362
f 1804/2239/10363 1814/2249/10364 1809/2244/10365
f 1804/2239/10366 1808/2243/10367 1814/2249/10368
f 1810/2245/10369 1809/2244/10370 1815/2250/10371
f 1809/2244/10372 1814/2249/10373 1815/2250/10374
f 1806/2241/10375 1816/2251/10376 1811/2246/10377
f 1812/2247/10378 1817/2252/10379 1818/2253/10380
f 1812/2247/10381 1818/2253/10382 1807/2242/10383
f 1812/2247/10384 1811/2246/10385 1817/2252/10386
f 1813/2248/10387 1807/2242/10388 1819/2254/10389
f 1807/2242/10390 1818/2253/10391 1819/2254/10392
f 1808/2243/10393 1820/2255/10394 1814/2249/10395
f 1808/2243/10396 1813/2248/10397 1820/2255/10398
f 1815/2250/10399 1814/2249/10400 1821/2256/10401
f 1814/2249/10402 1820/2255/10403 1821/2256/10404
f 1816/2251/10405 1822/2257/10406 1823/2258/10407
f 1811/2246/10408 1816/2251/10409 1823/2258/10410
f 1811/2246/10411 1823/2258/10412 1817/2252/10413
f 1818/2253/10414 1824/2259/10415 1825/2260/10416
f 1819/2254/10417 1818/2253/10418 1826/2261/10419
f 1813/2248/10420 1819/2254/10421 1827/2262/10422
f 1813/2248/10423 1827/2262/10424 1820/2255/10425
f 1821/2256/10426 1820/2255/10427 1828/2263/10428
f 1820/2255/10429 1827/2262/10430 1828/2263/10431
f 1822/2257/10432 1829/2264/10433 1823/2258/10434
f 1817/2252/10435 1824/2259/10436 1818/2253/10437
f 1825/2260/10438 1830/2265/10439 1831/2266/10440
f 1826/2261/10441 1818/2253/10442 1832/2267/10443
f 1818/2253/10444 1825/2260/10445 1832/2267/10446
f 1819/2254/10447 1833/2268/10448 1827/2262/10449
f 1819/2254/10450 1826/2261/10451 1833/2268/10452
f 1828/2263/10453 1827/2262/10454 1834/2269/10455
f 1827/2262/10456 1833/2268/10457 1834/2269/10458
f 1829/2264/10459 1835/2270/10460 1823/2258/10461
f 1817/2252/10462 1835/2270/10463 1824/2259/10464
f 1817/2252/10465 1823/2258/10466 1835/2270/10467
f 1830/2265/10468 1825/2260/10469 1824/2259/10470
f 1831/2266/10471 1836/2271/10472 1825/2260/10473
f 1825/2260/10474 1836/2271/10475 1832/2267/10476
f 1826/2261/10477 1837/2272/10478 1833/2268/10479
f 1834/2269/10480 1833/2268/10481 1838/2273/10482
f 1833/2268/10483 1837/2272/10484 1838/2273/10485
f 1829/2264/10486 1839/2274/10487 1835/2270/10488
f 1830/2265/10489 1824/2259/10490 1840/2275/10491
f 1840/2275/10492 1835/2270/10493 1839/2274/10494
f 1835/2270/10495 1840/2275/10496 1824/2259/10497
f 1836/2271/10498 1841/2276/10499 1832/2267/10500
f 1826/2261/10501 1842/2277/10502 1837/2272/10503
f 1832/2267/10504 1841/2276/10505 1842/2277/10506
f 1832/2267/10507 1842/2277/10508 1826/2261/10509
f 1838/2273/10510 1837/2272/10511 1843/2278/10512
f 1841/2276/10513 1844/2279/10514 1842/2277/10515
f 1837/2272/10516 1845/2280/10517 1843/2278/10518
f 1845/2280/10519 1842/2277/10520 1844/2279/10521
f 1842/2277/10522 1845/2280/10523 1837/2272/10524
f 1719/2281/10525 1784/2282/10526 1724/2283/10527
f 1784/2282/10528 1783/2284/10529 1846/2285/10530
f 1784/2282/10531 1846/2285/10532 1724/2283/10533
f 1783/2284/10534 1847/2286/10535 1846/2285/10536
f 1724/2283/10537 1846/2285/10538 1848/2287/10539
f 1846/2285/10540 1847/2286/10541 1848/2287/10542
f 1783/2284/10543 1791/2288/10544 1847/2286/10545
f 1724/2283/10546 1848/2287/10547 1722/2289/10548
f 1791/2288/10549 1786/2290/10550 1849/2291/10551
f 1791/2288/10552 1849/2291/10553 1847/2286/10554
f 1848/2287/10555 1847/2286/10556 1850/2292/10557
f 1847/2286/10558 1849/2291/10559 1850/2292/10560
f 1722/2289/10561 1848/2287/10562 1725/2293/10563
f 1786/2290/10564 1851/2294/10565 1849/2291/10566
f 1850/2292/10567 1849/2291/10568 1852/2295/10569
f 1849/2291/10570 1851/2294/10571 1852/2295/10572
f 1848/2287/10573 1850/2292/10574 1853/2296/10575
f 1848/2287/10576 1853/2296/10577 1725/2293/10578
f 1786/2290/10579 1854/2297/10580 1851/2294/10581
f 1852/2295/10582 1851/2294/10583 1855/2298/10584
f 1850/2292/10585 1856/2299/10586 1857/2300/10587
f 1850/2292/10588 1857/2300/10589 1853/2296/10590
f 1850/2292/10591 1852/2295/10592 1856/2299/10593
f 1725/2293/10594 1853/2296/10595 1858/2301/10596
f 1786/2290/10597 1800/2302/10598 1854/2297/10599
f 1851/2294/10600 1859/2303/10601 1855/2298/10602
f 1851/2294/10603 1854/2297/10604 1859/2303/10605
f 1857/2300/10606 1856/2299/10607 1860/2304/10608
f 1853/2296/10609 1857/2300/10610 1860/2304/10611
f 1853/2296/10612 1860/2304/10613 1858/2301/10614
f 1852/2295/10615 1861/2305/10616 1856/2299/10617
f 1852/2295/10618 1855/2298/10619 1861/2305/10620
f 1725/2293/10621 1858/2301/10622 1727/2306/10623
f 1800/2302/10624 1810/2307/10625 1862/2308/10626
f 1800/2302/10627 1862/2308/10628 1854/2297/10629
f 1859/2303/10630 1854/2297/10631 1863/2309/10632
f 1854/2297/10633 1862/2308/10634 1863/2309/10635
f 1860/2304/10636 1864/2310/10637 1858/2301/10638
f 1856/2299/10639 1861/2305/10640 1865/2311/10641
f 1856/2299/10642 1865/2311/10643 1860/2304/10644
f 1855/2298/10645 1866/2312/10646 1861/2305/10647
f 1855/2298/10648 1859/2303/10649 1866/2312/10650
f 1727/2306/10651 1858/2301/10652 1731/2313/10653
f 1810/2307/10654 1867/2314/10655 1862/2308/10656
f 1863/2309/10657 1862/2308/10658 1868/2315/10659
f 1862/2308/10660 1867/2314/10661 1868/2315/10662
f 1864/2310/10663 1869/2316/10664 1858/2301/10665
f 1858/2301/10666 1869/2316/10667 1731/2313/10668
f 1865/2311/10669 1870/2317/10670 1860/2304/10671
f 1860/2304/10672 1870/2317/10673 1864/2310/10674
f 1861/2305/10675 1866/2312/10676 1871/2318/10677
f 1861/2305/10678 1871/2318/10679 1865/2311/10680
f 1859/2303/10681 1863/2309/10682 1872/2319/10683
f 1859/2303/10684 1872/2319/10685 1866/2312/10686
f 1810/2307/10687 1815/2320/10688 1867/2314/10689
f 1868/2315/10690 1867/2314/10691 1873/2321/10692
f 1869/2316/10693 1874/2322/10694 1875/2323/10695
f 1869/2316/10696 1875/2323/10697 1731/2313/10698
f 1869/2316/10699 1864/2310/10700 1874/2322/10701
f 1870/2317/10702 1876/2324/10703 1877/2325/10704
f 1865/2311/10705 1871/2318/10706 1876/2324/10707
f 1865/2311/10708 1876/2324/10709 1870/2317/10710
f 1863/2309/10711 1878/2326/10712 1872/2319/10713
f 1863/2309/10714 1868/2315/10715 1878/2326/10716
f 1866/2312/10717 1872/2319/10718 1879/2327/10719
f 1871/2318/10720 1879/2327/10721 1876/2324/10722
f 1871/2318/10723 1866/2312/10724 1879/2327/10725
f 1815/2320/10726 1821/2328/10727 1880/2329/10728
f 1867/2314/10729 1880/2329/10730 1873/2321/10731
f 1867/2314/10732 1815/2320/10733 1880/2329/10734
f 1875/2323/10735 1729/2330/10736 1731/2313/10737
f 1864/2310/10738 1870/2317/10739 1881/2331/10740
f 1881/2331/10741 1874/2322/10742 1864/2310/10743
f 1881/2331/10744 1870/2317/10745 1877/2325/10746
f 1868/2315/10747 1882/2332/10748 1878/2326/10749
f 1868/2315/10750 1873/2321/10751 1882/2332/10752
f 1872/2319/10753 1878/2326/10754 1883/2333/10755
f 1872/2319/10756 1883/2333/10757 1879/2327/10758
f 1876/2324/10759 1884/2334/10760 1877/2325/10761
f 1879/2327/10762 1883/2333/10763 1884/2334/10764
f 1879/2327/10765 1884/2334/10766 1876/2324/10767
f 1821/2328/10768 1828/2335/10769 1885/2336/10770
f 1821/2328/10771 1885/2336/10772 1880/2329/10773
f 1873/2321/10774 1880/2329/10775 1886/2337/10776
f 1880/2329/10777 1885/2336/10778 1886/2337/10779
f 1882/2332/10780 1873/2321/10781 1887/2338/10782
f 1873/2321/10783 1886/2337/10784 1887/2338/10785
f 1878/2326/10786 1882/2332/10787 1888/2339/10788
f 1878/2326/10789 1888/2339/10790 1883/2333/10791
f 1877/2325/10792 1884/2334/10793 1889/2340/10794
f 1828/2335/10795 1890/2341/10796 1885/2336/10797
f 1886/2337/10798 1885/2336/10799 1891/2342/10800
f 1885/2336/10801 1890/2341/10802 1891/2342/10803
f 1887/2338/10804 1886/2337/10805 1892/2343/10806
f 1886/2337/10807 1891/2342/10808 1892/2343/10809
f 1882/2332/10810 1887/2338/10811 1893/2344/10812
f 1882/2332/10813 1893/2344/10814 1888/2339/10815
f 1883/2333/10816 1888/2339/10817 1894/2345/10818
f 1884/2334/10819 1894/2345/10820 1889/2340/10821
f 1884/2334/10822 1883/2333/10823 1894/2345/10824
f 1828/2335/10825 1834/2346/10826 1890/2341/10827
f 1891/2342/10828 1895/2347/10829 1892/2343/10830
f 1887/2338/10831 1896/2348/10832 1893/2344/10833
f 1887/2338/10834 1892/2343/10835 1896/2348/10836
f 1888/2339/10837 1893/2344/10838 1897/2349/10839
f 1888/2339/10840 1897/2349/10841 1894/2345/10842
f 1889/2340/10843 1894/2345/10844 1898/2350/10845
f 1894/2345/10846 1897/2349/10847 1898/2350/10848
f 1834/2346/10849 1899/2351/10850 1890/2341/10851
f 1891/2342/10852 1900/2352/10853 1895/2347/10854
f 1890/2341/10855 1899/2351/10856 1900/2352/10857
f 1890/2341/10858 1900/2352/10859 1891/2342/10860
f 1892/2343/10861 1895/2347/10862 1901/2353/10863
f 1892/2343/10864 1901/2353/10865 1896/2348/10866
f 1893/2344/10867 1902/2354/10868 1897/2349/10869
f 1893/2344/10870 1896/2348/10871 1902/2354/10872
f 1898/2350/10873 1897/2349/10874 1903/2355/10875
f 1897/2349/10876 1902/2354/10877 1903/2355/10878
f 1834/2346/10879 1838/2356/10880 1899/2351/10881
f 1900/2352/10882 1904/2357/10883 1905/2358/10884
f 1900/2352/10885 1905/2358/10886 1895/2347/10887
f 1900/2352/10888 1899/2351/10889 1904/2357/10890
f 1901/2353/10891 1895/2347/10892 1906/2359/10893
f 1895/2347/10894 1905/2358/10895 1906/2359/10896
f 1896/2348/10897 1907/2360/10898 1902/2354/10899
f 1896/2348/10900 1901/2353/10901 1907/2360/10902
f 1903/2355/10903 1902/2354/10904 1908/2361/10905
f 1902/2354/10906 1907/2360/10907 1908/2361/10908
f 1838/2356/10909 1843/2362/10910 1909/2363/10911
f 1899/2351/10912 1838/2356/10913 1909/2363/10914
f 1899/2351/10915 1909/2363/10916 1904/2357/10917
f 1905/2358/10918 1910/2364/10919 1911/2365/10920
f 1906/2359/10921 1905/2358/10922 1912/2366/10923
f 1901/2353/10924 1906/2359/10925 1913/2367/10926
f 1901/2353/10927 1913/2367/10928 1907/2360/10929
f 1908/2361/10930 1907/2360/10931 1914/2368/10932
f 1907/2360/10933 1913/2367/10934 1914/2368/10935
f 1843/2362/10936 1845/2369/10937 1909/2363/10938
f 1904/2357/10939 1910/2364/10940 1905/2358/10941
f 1911/2365/10942 1915/2370/10943 1916/2371/10944
f 1912/2366/10945 1905/2358/10946 1917/2372/10947
f 1905/2358/10948 1911/2365/10949 1917/2372/10950
f 1906/2359/10951 1918/2373/10952 1913/2367/10953
f 1906/2359/10954 1912/2366/10955 1918/2373/10956
f 1914/2368/10957 1913/2367/10958 1919/2374/10959
f 1913/2367/10960 1918/2373/10961 1919/2374/10962
f 1845/2369/10963 1920/2375/10964 1909/2363/10965
f 1904/2357/10966 1920/2375/10967 1910/2364/10968
f 1904/2357/10969 1909/2363/10970 1920/2375/10971
f 1915/2370/10972 1911/2365/10973 1910/2364/10974
f 1916/2371/10975 1921/2376/10976 1911/2365/10977
f 1911/2365/10978 1921/2376/10979 1917/2372/10980
f 1912/2366/10981 1922/2377/10982 1918/2373/10983
f 1919/2374/10984 1918/2373/10985 1923/2378/10986
f 1918/2373/10987 1922/2377/10988 1923/2378/10989
f 1845/2369/10990 1844/2379/10991 1920/2375/10992
f 1915/2370/10993 1910/2364/10994 1924/2380/10995
f 1924/2380/10996 1920/2375/10997 1844/2379/10998
f 1920/2375/10999 1924/2380/11000 1910/2364/11001
f 1921/2376/11002 1925/2381/11003 1917/2372/11004
f 1912/2366/11005 1926/2382/11006 1922/2377/11007
f 1917/2372/11008 1925/2381/11009 1926/2382/11010
f 1917/2372/11011 1926/2382/11012 1912/2366/11013
f 1923/2378/11014 1922/2377/11015 1927/2383/11016
f 1925/2381/11017 1928/2384/11018 1926/2382/11019
f 1922/2377/11020 1929/2385/11021 1927/2383/11022
f 1929/2385/11023 1926/2382/11024 1928/2384/11025
f 1926/2382/11026 1929/2385/11027 1922/2377/11028
f 1726/2386/11029 1930/2387/11030 1728/2388/11031
f 1930/2387/11032 1931/2389/11033 1932/2390/11034
f 1930/2387/11035 1932/2390/11036 1728/2388/11037
f 1931/2389/11038 1933/2391/11039 1932/2390/11040
f 1728/2388/11041 1932/2390/11042 1934/2392/11043
f 1932/2390/11044 1933/2391/11045 1934/2392/11046
f 1931/2389/11047 1935/2393/11048 1933/2391/11049
f 1728/2388/11050 1934/2392/11051 1723/2394/11052
f 1935/2393/11053 1936/2395/11054 1937/2396/11055
f 1935/2393/11056 1937/2396/11057 1933/2391/11058
f 1934/2392/11059 1933/2391/11060 1938/2397/11061
f 1933/2391/11062 1937/2396/11063 1938/2397/11064
f 1723/2394/11065 1934/2392/11066 1720/2398/11067
f 1936/2395/11068 1939/2399/11069 1937/2396/11070
f 1938/2397/11071 1937/2396/11072 1940/2400/11073
f 1937/2396/11074 1939/2399/11075 1940/2400/11076
f 1934/2392/11077 1938/2397/11078 1941/2401/11079
f 1934/2392/11080 1941/2401/11081 1720/2398/11082
f 1936/2395/11083 1942/2402/11084 1939/2399/11085
f 1940/2400/11086 1939/2399/11087 1943/2403/11088
f 1938/2397/11089 1944/2404/11090 1945/2405/11091
f 1938/2397/11092 1945/2405/11093 1941/2401/11094
f 1938/2397/11095 1940/2400/11096 1944/2404/11097
f 1720/2398/11098 1941/2401/11099 1946/2406/11100
f 1936/2395/11101 1947/2407/11102 1942/2402/11103
f 1939/2399/11104 1948/2408/11105 1943/2403/11106
f 1939/2399/11107 1942/2402/11108 1948/2408/11109
f 1945/2405/11110 1944/2404/11111 1949/2409/11112
f 1941/2401/11113 1945/2405/11114 1949/2409/11115
f 1941/2401/11116 1949/2409/11117 1946/2406/11118
f 1940/2400/11119 1950/2410/11120 1944/2404/11121
f 1940/2400/11122 1943/2403/11123 1950/2410/11124
f 1720/2398/11125 1946/2406/11126 1716/2411/11127
f 1947/2407/11128 1951/2412/11129 1952/2413/11130
f 1947/2407/11131 1952/2413/11132 1942/2402/11133
f 1948/2408/11134 1942/2402/11135 1953/2414/11136
f 1942/2402/11137 1952/2413/11138 1953/2414/11139
f 1949/2409/11140 1954/2415/11141 1946/2406/11142
f 1944/2404/11143 1950/2410/11144 1955/2416/11145
f 1944/2404/11146 1955/2416/11147 1949/2409/11148
f 1943/2403/11149 1956/2417/11150 1950/2410/11151
f 1943/2403/11152 1948/2408/11153 1956/2417/11154
f 1716/2411/11155 1946/2406/11156 1718/2418/11157
f 1951/2412/11158 1957/2419/11159 1952/2413/11160
f 1953/2414/11161 1952/2413/11162 1958/2420/11163
f 1952/2413/11164 1957/2419/11165 1958/2420/11166
f 1954/2415/11167 1959/2421/11168 1946/2406/11169
f 1946/2406/11170 1959/2421/11171 1718/2418/11172
f 1955/2416/11173 1960/2422/11174 1949/2409/11175
f 1949/2409/11176 1960/2422/11177 1954/2415/11178
f 1950/2410/11179 1956/2417/11180 1961/2423/11181
f 1950/2410/11182 1961/2423/11183 1955/2416/11184
f 1948/2408/11185 1953/2414/11186 1962/2424/11187
f 1948/2408/11188 1962/2424/11189 1956/2417/11190
f 1951/2412/11191 1963/2425/11192 1957/2419/11193
f 1958/2420/11194 1957/2419/11195 1964/2426/11196
f 1959/2421/11197 1749/2427/11198 1748/2428/11199
f 1959/2421/11200 1748/2428/11201 1718/2418/11202
f 1959/2421/11203 1954/2415/11204 1749/2427/11205
f 1960/2422/11206 1965/2429/11207 1754/2430/11208
f 1955/2416/11209 1961/2423/11210 1965/2429/11211
f 1955/2416/11212 1965/2429/11213 1960/2422/11214
f 1953/2414/11215 1966/2431/11216 1962/2424/11217
f 1953/2414/11218 1958/2420/11219 1966/2431/11220
f 1956/2417/11221 1962/2424/11222 1967/2432/11223
f 1961/2423/11224 1967/2432/11225 1965/2429/11226
f 1961/2423/11227 1956/2417/11228 1967/2432/11229
f 1963/2425/11230 1968/2433/11231 1969/2434/11232
f 1957/2419/11233 1969/2434/11234 1964/2426/11235
f 1957/2419/11236 1963/2425/11237 1969/2434/11238
f 1748/2428/11239 1713/2435/11240 1718/2418/11241
f 1954/2415/11242 1960/2422/11243 1753/2436/11244
f 1753/2436/11245 1749/2427/11246 1954/2415/11247
f 1753/2436/11248 1960/2422/11249 1754/2430/11250
f 1958/2420/11251 1970/2437/11252 1966/2431/11253
f 1958/2420/11254 1964/2426/11255 1970/2437/11256
f 1962/2424/11257 1966/2431/11258 1971/2438/11259
f 1962/2424/11260 1971/2438/11261 1967/2432/11262
f 1965/2429/11263 1972/2439/11264 1754/2430/11265
f 1967/2432/11266 1971/2438/11267 1972/2439/11268
f 1967/2432/11269 1972/2439/11270 1965/2429/11271
f 1968/2433/11272 1973/2440/11273 1974/2441/11274
f 1968/2433/11275 1974/2441/11276 1969/2434/11277
f 1964/2426/11278 1969/2434/11279 1975/2442/11280
f 1969/2434/11281 1974/2441/11282 1975/2442/11283
f 1970/2437/11284 1964/2426/11285 1976/2443/11286
f 1964/2426/11287 1975/2442/11288 1976/2443/11289
f 1966/2431/11290 1970/2437/11291 1977/2444/11292
f 1966/2431/11293 1977/2444/11294 1971/2438/11295
f 1754/2430/11296 1972/2439/11297 1765/2445/11298
f 1973/2440/11299 1978/2446/11300 1974/2441/11301
f 1975/2442/11302 1974/2441/11303 1979/2447/11304
f 1974/2441/11305 1978/2446/11306 1979/2447/11307
f 1976/2443/11308 1975/2442/11309 1980/2448/11310
f 1975/2442/11311 1979/2447/11312 1980/2448/11313
f 1970/2437/11314 1976/2443/11315 1981/2449/11316
f 1970/2437/11317 1981/2449/11318 1977/2444/11319
f 1971/2438/11320 1977/2444/11321 1982/2450/11322
f 1972/2439/11323 1982/2450/11324 1765/2445/11325
f 1972/2439/11326 1971/2438/11327 1982/2450/11328
f 1973/2440/11329 1983/2451/11330 1978/2446/11331
f 1979/2447/11332 1984/2452/11333 1980/2448/11334
f 1976/2443/11335 1985/2453/11336 1981/2449/11337
f 1976/2443/11338 1980/2448/11339 1985/2453/11340
f 1977/2444/11341 1981/2449/11342 1986/2454/11343
f 1977/2444/11344 1986/2454/11345 1982/2450/11346
f 1765/2445/11347 1982/2450/11348 1769/2455/11349
f 1982/2450/11350 1986/2454/11351 1769/2455/11352
f 1983/2451/11353 1987/2456/11354 1978/2446/11355
f 1979/2447/11356 1988/2457/11357 1984/2452/11358
f 1978/2446/11359 1987/2456/11360 1988/2457/11361
f 1978/2446/11362 1988/2457/11363 1979/2447/11364
f 1980/2448/11365 1984/2452/11366 1989/2458/11367
f 1980/2448/11368 1989/2458/11369 1985/2453/11370
f 1981/2449/11371 1990/2459/11372 1986/2454/11373
f 1981/2449/11374 1985/2453/11375 1990/2459/11376
f 1769/2455/11377 1986/2454/11378 1781/2460/11379
f 1986/2454/11380 1990/2459/11381 1781/2460/11382
f 1983/2451/11383 1991/2461/11384 1987/2456/11385
f 1988/2457/11386 1992/2462/11387 1993/2463/11388
f 1988/2457/11389 1993/2463/11390 1984/2452/11391
f 1988/2457/11392 1987/2456/11393 1992/2462/11394
f 1989/2458/11395 1984/2452/11396 1994/2464/11397
f 1984/2452/11398 1993/2463/11399 1994/2464/11400
f 1985/2453/11401 1995/2465/11402 1990/2459/11403
f 1985/2453/11404 1989/2458/11405 1995/2465/11406
f 1781/2460/11407 1990/2459/11408 1789/2466/11409
f 1990/2459/11410 1995/2465/11411 1789/2466/11412
f 1991/2461/11413 1996/2467/11414 1997/2468/11415
f 1987/2456/11416 1991/2461/11417 1997/2468/11418
f 1987/2456/11419 1997/2468/11420 1992/2462/11421
f 1993/2463/11422 1998/2469/11423 1999/2470/11424
f 1994/2464/11425 1993/2463/11426 2000/2471/11427
f 1989/2458/11428 1994/2464/11429 2001/2472/11430
f 1989/2458/11431 2001/2472/11432 1995/2465/11433
f 1789/2466/11434 1995/2465/11435 1795/2473/11436
f 1995/2465/11437 2001/2472/11438 1795/2473/11439
f 1996/2467/11440 2002/2474/11441 1997/2468/11442
f 1992/2462/11443 1998/2469/11444 1993/2463/11445
f 1999/2470/11446 2003/2475/11447 2004/2476/11448
f 2000/2471/11449 1993/2463/11450 2005/2477/11451
f 1993/2463/11452 1999/2470/11453 2005/2477/11454
f 1994/2464/11455 2006/2478/11456 2001/2472/11457
f 1994/2464/11458 2000/2471/11459 2006/2478/11460
f 1795/2473/11461 2001/2472/11462 1806/2479/11463
f 2001/2472/11464 2006/2478/11465 1806/2479/11466
f 2002/2474/11467 2007/2480/11468 1997/2468/11469
f 1992/2462/11470 2007/2480/11471 1998/2469/11472
f 1992/2462/11473 1997/2468/11474 2007/2480/11475
f 2003/2475/11476 1999/2470/11477 1998/2469/11478
f 2004/2476/11479 2008/2481/11480 1999/2470/11481
f 1999/2470/11482 2008/2481/11483 2005/2477/11484
f 2000/2471/11485 2009/2482/11486 2006/2478/11487
f 1806/2479/11488 2006/2478/11489 1816/2483/11490
f 2006/2478/11491 2009/2482/11492 1816/2483/11493
f 2002/2474/11494 2010/2484/11495 2007/2480/11496
f 2003/2475/11497 1998/2469/11498 2011/2485/11499
f 2011/2485/11500 2007/2480/11501 2010/2484/11502
f 2007/2480/11503 2011/2485/11504 1998/2469/11505
f 2008/2481/11506 2012/2486/11507 2005/2477/11508
f 2000/2471/11509 2013/2487/11510 2009/2482/11511
f 2005/2477/11512 2012/2486/11513 2013/2487/11514
f 2005/2477/11515 2013/2487/11516 2000/2471/11517
f 1816/2483/11518 2009/2482/11519 1822/2488/11520
f 2012/2486/11521 1839/2489/11522 2013/2487/11523
f 2009/2482/11524 1829/2490/11525 1822/2488/11526
f 1829/2490/11527 2013/2487/11528 1839/2489/11529
f 2013/2487/11530 1829/2490/11531 2009/2482/11532
f 1734/2491/11533 1737/2492/11534 2014/2493/11535
f 1737/2492/11536 2015/2494/11537 2014/2493/11538
f 1737/2492/11539 2016/2495/11540 2015/2494/11541
f 2014/2493/11542 2015/2494/11543 2017/2496/11544
f 1737/2492/11545 1733/2497/11546 2016/2495/11547
f 2015/2494/11548 2016/2495/11549 2018/2498/11550
f 2015/2494/11551 2018/2498/11552 2017/2496/11553
f 1733/2497/11554 1740/2499/11555 2016/2495/11556
f 2018/2498/11557 2016/2495/11558 2019/2500/11559
f 2017/2496/11560 2018/2498/11561 2020/2501/11562
f 1740/2499/11563 2021/2502/11564 2016/2495/11565
f 2016/2495/11566 2021/2502/11567 2019/2500/11568
f 2018/2498/11569 2019/2500/11570 2022/2503/11571
f 2018/2498/11572 2022/2503/11573 2020/2501/11574
f 1740/2499/11575 2023/2504/11576 2021/2502/11577
f 2019/2500/11578 2024/2505/11579 2022/2503/11580
f 2020/2501/11581 2022/2503/11582 2025/2506/11583
f 1740/2499/11584 1739/2507/11585 2023/2504/11586
f 2021/2502/11587 2026/2508/11588 2019/2500/11589
f 2024/2505/11590 2027/2509/11591 2028/2510/11592
f 2022/2503/11593 2028/2510/11594 2025/2506/11595
f 2022/2503/11596 2024/2505/11597 2028/2510/11598
f 1739/2507/11599 1746/2511/11600 2023/2504/11601
f 2021/2502/11602 2023/2504/11603 2029/2512/11604
f 2021/2502/11605 2029/2512/11606 2026/2508/11607
f 2019/2500/11608 2026/2508/11609 2030/2513/11610
f 2026/2508/11611 2029/2512/11612 2030/2513/11613
f 2019/2500/11614 2030/2513/11615 2024/2505/11616
f 2027/2509/11617 2031/2514/11618 2028/2510/11619
f 2025/2506/11620 2028/2510/11621 2032/2515/11622
f 2028/2510/11623 2031/2514/11624 2032/2515/11625
f 1746/2511/11626 2033/2516/11627 2034/2517/11628
f 2023/2504/11629 2035/2518/11630 2029/2512/11631
f 2023/2504/11632 1746/2511/11633 2034/2517/11634
f 2023/2504/11635 2034/2517/11636 2035/2518/11637
f 2030/2513/11638 2036/2519/11639 2024/2505/11640
f 2024/2505/11641 2036/2519/11642 2027/2509/11643
f 2025/2506/11644 2032/2515/11645 2037/2520/11646
f 2031/2514/11647 2038/2521/11648 2032/2515/11649
f 2033/2516/11650 2039/2522/11651 2034/2517/11652
f 2034/2517/11653 2039/2522/11654 2035/2518/11655
f 2029/2512/11656 2040/2523/11657 2041/2524/11658
f 2029/2512/11659 2041/2524/11660 2030/2513/11661
f 2030/2513/11662 2041/2524/11663 2036/2519/11664
f 2029/2512/11665 2035/2518/11666 2040/2523/11667
f 1746/2511/11668 1743/2525/11669 2033/2516/11670
f 2027/2509/11671 2036/2519/11672 2042/2526/11673
f 2027/2509/11674 2042/2526/11675 2031/2514/11676
f 2037/2520/11677 2043/2527/11678 2044/2528/11679
f 2032/2515/11680 2038/2521/11681 2043/2527/11682
f 2032/2515/11683 2043/2527/11684 2037/2520/11685
f 2039/2522/11686 2045/2529/11687 2035/2518/11688
f 2035/2518/11689 2045/2529/11690 2040/2523/11691
f 2041/2524/11692 2040/2523/11693 2046/2530/11694
f 2036/2519/11695 2047/2531/11696 2042/2526/11697
f 2041/2524/11698 2046/2530/11699 2047/2531/11700
f 2041/2524/11701 2047/2531/11702 2036/2519/11703
f 2031/2514/11704 2042/2526/11705 2048/2532/11706
f 2031/2514/11707 2048/2532/11708 2038/2521/11709
f 2044/2528/11710 2049/2533/11711 2050/2534/11712
f 2044/2528/11713 2043/2527/11714 2049/2533/11715
f 2045/2529/11716 2051/2535/11717 2040/2523/11718
f 2040/2523/11719 2051/2535/11720 2046/2530/11721
f 2047/2531/11722 2046/2530/11723 2052/2536/11724
f 2042/2526/11725 2052/2536/11726 2048/2532/11727
f 2042/2526/11728 2047/2531/11729 2052/2536/11730
f 2038/2521/11731 2053/2537/11732 2043/2527/11733
f 2043/2527/11734 2053/2537/11735 2049/2533/11736
f 2050/2534/11737 2054/2538/11738 2055/2539/11739
f 2050/2534/11740 2049/2533/11741 2054/2538/11742
f 2051/2535/11743 2056/2540/11744 2046/2530/11745
f 2046/2530/11746 2056/2540/11747 2052/2536/11748
f 2048/2532/11749 2057/2541/11750 2038/2521/11751
f 2038/2521/11752 2057/2541/11753 2053/2537/11754
f 2055/2539/11755 2058/2542/11756 2059/2543/11757
f 2055/2539/11758 2054/2538/11759 2058/2542/11760
f 2049/2533/11761 2060/2544/11762 2054/2538/11763
f 2049/2533/11764 2053/2537/11765 2060/2544/11766
f 2051/2535/11767 2061/2545/11768 2056/2540/11769
f 2052/2536/11770 2056/2540/11771 2062/2546/11772
f 2048/2532/11773 2062/2546/11774 2057/2541/11775
f 2048/2532/11776 2052/2536/11777 2062/2546/11778
f 2059/2543/11779 2063/2547/11780 2064/2548/11781
f 2059/2543/11782 2058/2542/11783 2063/2547/11784
f 2054/2538/11785 2065/2549/11786 2058/2542/11787
f 2054/2538/11788 2060/2544/11789 2065/2549/11790
f 2053/2537/11791 2066/2550/11792 2060/2544/11793
f 2053/2537/11794 2057/2541/11795 2066/2550/11796
f 2061/2545/11797 2067/2551/11798 2068/2552/11799
f 2056/2540/11800 2061/2545/11801 2068/2552/11802
f 2056/2540/11803 2068/2552/11804 2062/2546/11805
f 2064/2548/11806 2063/2547/11807 2069/2553/11808
f 2058/2542/11809 2065/2549/11810 2070/2554/11811
f 2058/2542/11812 2070/2554/11813 2063/2547/11814
f 2060/2544/11815 2071/2555/11816 2065/2549/11817
f 2060/2544/11818 2066/2550/11819 2071/2555/11820
f 2057/2541/11821 2072/2556/11822 2066/2550/11823
f 2062/2546/11824 2068/2552/11825 2072/2556/11826
f 2062/2546/11827 2072/2556/11828 2057/2541/11829
f 2067/2551/11830 2073/2557/11831 2068/2552/11832
f 2068/2552/11833 2073/2557/11834 2072/2556/11835
f 2064/2548/11836 2069/2553/11837 2074/2558/11838
f 2070/2554/11839 2075/2559/11840 2076/2560/11841
f 2065/2549/11842 2071/2555/11843 2075/2559/11844
f 2065/2549/11845 2075/2559/11846 2070/2554/11847
f 2063/2547/11848 2070/2554/11849 2077/2561/11850
f 2070/2554/11851 2076/2560/11852 2077/2561/11853
f 2063/2547/11854 2077/2561/11855 2069/2553/11856
f 2066/2550/11857 2078/2562/11858 2071/2555/11859
f 2072/2556/11860 2073/2557/11861 2078/2562/11862
f 2072/2556/11863 2078/2562/11864 2066/2550/11865
f 2067/2551/11866 2079/2563/11867 2073/2557/11868
f 2074/2558/11869 2080/2564/11870 2081/2565/11871
f 2074/2558/11872 2069/2553/11873 2080/2564/11874
f 2075/2559/11875 2082/2566/11876 2076/2560/11877
f 2077/2561/11878 2083/2567/11879 2084/2568/11880
f 2077/2561/11881 2084/2568/11882 2069/2553/11883
f 2069/2553/11884 2084/2568/11885 2080/2564/11886
f 2077/2561/11887 2076/2560/11888 2083/2567/11889
f 2071/2555/11890 2078/2562/11891 2085/2569/11892
f 2075/2559/11893 2085/2569/11894 2082/2566/11895
f 2075/2559/11896 2071/2555/11897 2085/2569/11898
f 2079/2563/11899 2086/2570/11900 2087/2571/11901
f 2078/2562/11902 2073/2557/11903 2087/2571/11904
f 2073/2557/11905 2079/2563/11906 2087/2571/11907
f 2078/2562/11908 2087/2571/11909 2085/2569/11910
f 2081/2565/11911 2080/2564/11912 2088/2572/11913
f 2084/2568/11914 2083/2567/11915 2089/2573/11916
f 2076/2560/11917 2082/2566/11918 2090/2574/11919
f 2076/2560/11920 2090/2574/11921 2083/2567/11922
f 2086/2570/11923 2091/2575/11924 2092/2576/11925
f 2085/2569/11926 2087/2571/11927 2092/2576/11928
f 2087/2571/11929 2086/2570/11930 2092/2576/11931
f 2085/2569/11932 2092/2576/11933 2082/2566/11934
f 2080/2564/11935 2093/2577/11936 2088/2572/11937
f 2084/2568/11938 2093/2577/11939 2080/2564/11940
f 2084/2568/11941 2089/2573/11942 2093/2577/11943
f 2090/2574/11944 2094/2578/11945 2083/2567/11946
f 2091/2575/11947 2095/2579/11948 2092/2576/11949
f 2082/2566/11950 2095/2579/11951 2090/2574/11952
f 2082/2566/11953 2092/2576/11954 2095/2579/11955
f 2088/2572/11956 2093/2577/11957 2096/2580/11958
f 2089/2573/11959 2083/2567/11960 2097/2581/11961
f 2094/2578/11962 2098/2582/11963 2083/2567/11964
f 2083/2567/11965 2098/2582/11966 2097/2581/11967
f 2091/2575/11968 2099/2583/11969 2095/2579/11970
f 2090/2574/11971 2095/2579/11972 2100/2584/11973
f 2095/2579/11974 2099/2583/11975 2100/2584/11976
f 2090/2574/11977 2100/2584/11978 2094/2578/11979
f 2093/2577/11980 2101/2585/11981 2096/2580/11982
f 2093/2577/11983 2089/2573/11984 2101/2585/11985
f 2098/2582/11986 2102/2586/11987 2097/2581/11988
f 2099/2583/11989 2103/2587/11990 2100/2584/11991
f 2094/2578/11992 2100/2584/11993 2104/2588/11994
f 2100/2584/11995 2103/2587/11996 2104/2588/11997
f 2089/2573/11998 2097/2581/11999 2105/2589/12000
f 2089/2573/12001 2105/2589/12002 2101/2585/12003
f 2098/2582/12004 2094/2578/12005 2106/2590/12006
f 2094/2578/12007 2104/2588/12008 2106/2590/12009
f 2102/2586/12010 2107/2591/12011 2097/2581/12012
f 2097/2581/12013 2107/2591/12014 2105/2589/12015
f 2103/2587/12016 2108/2592/12017 2104/2588/12018
f 2098/2582/12019 2109/2593/12020 2102/2586/12021
f 2098/2582/12022 2106/2590/12023 2109/2593/12024
f 2108/2592/12025 2110/2594/12026 2104/2588/12027
f 2104/2588/12028 2110/2594/12029 2106/2590/12030
f 2109/2593/12031 2106/2590/12032 2111/2595/12033
f 2111/2595/12034 2106/2590/12035 2110/2594/12036
f 1743/2596/12037 1747/2597/12038 2033/2598/12039
f 1747/2597/12040 2112/2599/12041 2033/2598/12042
f 1747/2597/12043 2113/2600/12044 2112/2599/12045
f 2033/2598/12046 2112/2599/12047 2039/2601/12048
f 1747/2597/12049 1745/2602/12050 2113/2600/12051
f 2112/2599/12052 2113/2600/12053 2114/2603/12054
f 2112/2599/12055 2114/2603/12056 2039/2601/12057
f 1745/2602/12058 1742/2604/12059 2113/2600/12060
f 2114/2603/12061 2113/2600/12062 2115/2605/12063
f 2039/2601/12064 2114/2603/12065 2045/2606/12066
f 1742/2604/12067 2116/2607/12068 2113/2600/12069
f 2113/2600/12070 2116/2607/12071 2115/2605/12072
f 2114/2603/12073 2115/2605/12074 2117/2608/12075
f 2114/2603/12076 2117/2608/12077 2045/2606/12078
f 1742/2604/12079 2118/2609/12080 2116/2607/12081
f 2115/2605/12082 2119/2610/12083 2117/2608/12084
f 2045/2606/12085 2117/2608/12086 2051/2611/12087
f 1742/2604/12088 1735/2612/12089 2118/2609/12090
f 2116/2607/12091 2120/2613/12092 2115/2605/12093
f 2119/2610/12094 2121/2614/12095 2122/2615/12096
f 2117/2608/12097 2122/2615/12098 2051/2611/12099
f 2117/2608/12100 2119/2610/12101 2122/2615/12102
f 1735/2612/12103 1738/2616/12104 2118/2609/12105
f 2116/2607/12106 2118/2609/12107 2123/2617/12108
f 2116/2607/12109 2123/2617/12110 2120/2613/12111
f 2115/2605/12112 2120/2613/12113 2124/2618/12114
f 2120/2613/12115 2123/2617/12116 2124/2618/12117
f 2115/2605/12118 2124/2618/12119 2119/2610/12120
f 2121/2614/12121 2125/2619/12122 2122/2615/12123
f 2051/2611/12124 2122/2615/12125 2126/2620/12126
f 2122/2615/12127 2125/2619/12128 2126/2620/12129
f 1738/2616/12130 1875/2621/12131 2127/2622/12132
f 2118/2609/12133 2128/2623/12134 2123/2617/12135
f 2118/2609/12136 1738/2616/12137 2127/2622/12138
f 2118/2609/12139 2127/2622/12140 2128/2623/12141
f 2124/2618/12142 2129/2624/12143 2119/2610/12144
f 2119/2610/12145 2129/2624/12146 2121/2614/12147
f 2051/2611/12148 2126/2620/12149 2061/2625/12150
f 2125/2619/12151 2130/2626/12152 2126/2620/12153
f 1875/2621/12154 1874/2627/12155 2127/2622/12156
f 2127/2622/12157 1874/2627/12158 2128/2623/12159
f 2123/2617/12160 2131/2628/12161 2132/2629/12162
f 2123/2617/12163 2132/2629/12164 2124/2618/12165
f 2124/2618/12166 2132/2629/12167 2129/2624/12168
f 2123/2617/12169 2128/2623/12170 2131/2628/12171
f 1738/2616/12172 1729/2630/12173 1875/2621/12174
f 2121/2614/12175 2129/2624/12176 2133/2631/12177
f 2121/2614/12178 2133/2631/12179 2125/2619/12180
f 2061/2625/12181 2134/2632/12182 2067/2633/12183
f 2126/2620/12184 2130/2626/12185 2134/2632/12186
f 2126/2620/12187 2134/2632/12188 2061/2625/12189
f 1874/2627/12190 1881/2634/12191 2128/2623/12192
f 2128/2623/12193 1881/2634/12194 2131/2628/12195
f 2132/2629/12196 2131/2628/12197 2135/2635/12198
f 2129/2624/12199 2136/2636/12200 2133/2631/12201
f 2132/2629/12202 2135/2635/12203 2136/2636/12204
f 2132/2629/12205 2136/2636/12206 2129/2624/12207
f 2125/2619/12208 2133/2631/12209 2137/2637/12210
f 2125/2619/12211 2137/2637/12212 2130/2626/12213
f 2067/2633/12214 2138/2638/12215 2079/2639/12216
f 2067/2633/12217 2134/2632/12218 2138/2638/12219
f 1881/2634/12220 1877/2640/12221 2131/2628/12222
f 2131/2628/12223 1877/2640/12224 2135/2635/12225
f 2136/2636/12226 2135/2635/12227 2139/2641/12228
f 2133/2631/12229 2139/2641/12230 2137/2637/12231
f 2133/2631/12232 2136/2636/12233 2139/2641/12234
f 2130/2626/12235 2140/2642/12236 2134/2632/12237
f 2134/2632/12238 2140/2642/12239 2138/2638/12240
f 2079/2639/12241 2141/2643/12242 2086/2644/12243
f 2079/2639/12244 2138/2638/12245 2141/2643/12246
f 1877/2640/12247 2142/2645/12248 2135/2635/12249
f 2135/2635/12250 2142/2645/12251 2139/2641/12252
f 2137/2637/12253 2143/2646/12254 2130/2626/12255
f 2130/2626/12256 2143/2646/12257 2140/2642/12258
f 2086/2644/12259 2144/2647/12260 2091/2648/12261
f 2086/2644/12262 2141/2643/12263 2144/2647/12264
f 2138/2638/12265 2145/2649/12266 2141/2643/12267
f 2138/2638/12268 2140/2642/12269 2145/2649/12270
f 1877/2640/12271 1889/2650/12272 2142/2645/12273
f 2139/2641/12274 2142/2645/12275 2146/2651/12276
f 2137/2637/12277 2146/2651/12278 2143/2646/12279
f 2137/2637/12280 2139/2641/12281 2146/2651/12282
f 2091/2648/12283 2147/2652/12284 2099/2653/12285
f 2091/2648/12286 2144/2647/12287 2147/2652/12288
f 2141/2643/12289 2148/2654/12290 2144/2647/12291
f 2141/2643/12292 2145/2649/12293 2148/2654/12294
f 2140/2642/12295 2149/2655/12296 2145/2649/12297
f 2140/2642/12298 2143/2646/12299 2149/2655/12300
f 1889/2650/12301 1898/2656/12302 2150/2657/12303
f 2142/2645/12304 1889/2650/12305 2150/2657/12306
f 2142/2645/12307 2150/2657/12308 2146/2651/12309
f 2099/2653/12310 2147/2652/12311 2151/2658/12312
f 2144/2647/12313 2148/2654/12314 2152/2659/12315
f 2144/2647/12316 2152/2659/12317 2147/2652/12318
f 2145/2649/12319 2153/2660/12320 2148/2654/12321
f 2145/2649/12322 2149/2655/12323 2153/2660/12324
f 2143/2646/12325 2154/2661/12326 2149/2655/12327
f 2146/2651/12328 2150/2657/12329 2154/2661/12330
f 2146/2651/12331 2154/2661/12332 2143/2646/12333
f 1898/2656/12334 2155/2662/12335 2150/2657/12336
f 2150/2657/12337 2155/2662/12338 2154/2661/12339
f 2099/2653/12340 2151/2658/12341 2103/2663/12342
f 2152/2659/12343 2156/2664/12344 2157/2665/12345
f 2148/2654/12346 2153/2660/12347 2156/2664/12348
f 2148/2654/12349 2156/2664/12350 2152/2659/12351
f 2147/2652/12352 2152/2659/12353 2158/2666/12354
f 2152/2659/12355 2157/2665/12356 2158/2666/12357
f 2147/2652/12358 2158/2666/12359 2151/2658/12360
f 2149/2655/12361 2159/2667/12362 2153/2660/12363
f 2154/2661/12364 2155/2662/12365 2159/2667/12366
f 2154/2661/12367 2159/2667/12368 2149/2655/12369
f 1898/2656/12370 1903/2668/12371 2155/2662/12372
f 2103/2663/12373 2160/2669/12374 2108/2670/12375
f 2103/2663/12376 2151/2658/12377 2160/2669/12378
f 2156/2664/12379 2161/2671/12380 2157/2665/12381
f 2158/2666/12382 2162/2672/12383 2163/2673/12384
f 2158/2666/12385 2163/2673/12386 2151/2658/12387
f 2151/2658/12388 2163/2673/12389 2160/2669/12390
f 2158/2666/12391 2157/2665/12392 2162/2672/12393
f 2153/2660/12394 2159/2667/12395 2164/2674/12396
f 2156/2664/12397 2164/2674/12398 2161/2671/12399
f 2156/2664/12400 2153/2660/12401 2164/2674/12402
f 1903/2668/12403 1908/2675/12404 2165/2676/12405
f 2159/2667/12406 2155/2662/12407 2165/2676/12408
f 2155/2662/12409 1903/2668/12410 2165/2676/12411
f 2159/2667/12412 2165/2676/12413 2164/2674/12414
f 2108/2670/12415 2160/2669/12416 2110/2677/12417
f 2163/2673/12418 2162/2672/12419 2166/2678/12420
f 2157/2665/12421 2161/2671/12422 2167/2679/12423
f 2157/2665/12424 2167/2679/12425 2162/2672/12426
f 1908/2675/12427 1914/2680/12428 2168/2681/12429
f 2164/2674/12430 2165/2676/12431 2168/2681/12432
f 2165/2676/12433 1908/2675/12434 2168/2681/12435
f 2164/2674/12436 2168/2681/12437 2161/2671/12438
f 2160/2669/12439 2169/2682/12440 2110/2677/12441
f 2163/2673/12442 2169/2682/12443 2160/2669/12444
f 2163/2673/12445 2166/2678/12446 2169/2682/12447
f 2167/2679/12448 2170/2683/12449 2162/2672/12450
f 1914/2680/12451 2171/2684/12452 2168/2681/12453
f 2161/2671/12454 2171/2684/12455 2167/2679/12456
f 2161/2671/12457 2168/2681/12458 2171/2684/12459
f 2110/2677/12460 2169/2682/12461 2111/2685/12462
f 2166/2678/12463 2162/2672/12464 2172/2686/12465
f 2170/2683/12466 2173/2687/12467 2162/2672/12468
f 2162/2672/12469 2173/2687/12470 2172/2686/12471
f 1914/2680/12472 1919/2688/12473 2171/2684/12474
f 2167/2679/12475 2171/2684/12476 2174/2689/12477
f 2171/2684/12478 1919/2688/12479 2174/2689/12480
f 2167/2679/12481 2174/2689/12482 2170/2683/12483
f 2169/2682/12484 2175/2690/12485 2111/2685/12486
f 2169/2682/12487 2166/2678/12488 2175/2690/12489
f 2173/2687/12490 2176/2691/12491 2172/2686/12492
f 1919/2688/12493 1923/2692/12494 2174/2689/12495
f 2170/2683/12496 2174/2689/12497 2177/2693/12498
f 2174/2689/12499 1923/2692/12500 2177/2693/12501
f 2166/2678/12502 2172/2686/12503 2178/2694/12504
f 2166/2678/12505 2178/2694/12506 2175/2690/12507
f 2173/2687/12508 2170/2683/12509 2179/2695/12510
f 2170/2683/12511 2177/2693/12512 2179/2695/12513
f 2176/2691/12514 2180/2696/12515 2172/2686/12516
f 2172/2686/12517 2180/2696/12518 2178/2694/12519
f 1923/2692/12520 1927/2697/12521 2177/2693/12522
f 2173/2687/12523 2181/2698/12524 2176/2691/12525
f 2173/2687/12526 2179/2695/12527 2181/2698/12528
f 1927/2697/12529 1929/2699/12530 2177/2693/12531
f 2177/2693/12532 1929/2699/12533 2179/2695/12534
f 2181/2698/12535 2179/2695/12536 1928/2700/12537
f 1928/2700/12538 2179/2695/12539 1929/2699/12540
f 1726/2701/12541 1732/2702/12542 1930/2703/12543
f 1732/2702/12544 2182/2704/12545 1930/2703/12546
f 1732/2702/12547 2183/2705/12548 2182/2704/12549
f 1930/2703/12550 2182/2704/12551 1931/2706/12552
f 1732/2702/12553 1730/2707/12554 2183/2705/12555
f 2182/2704/12556 2183/2705/12557 2184/2708/12558
f 2182/2704/12559 2184/2708/12560 1931/2706/12561
f 1730/2707/12562 1736/2709/12563 2183/2705/12564
f 2184/2708/12565 2183/2705/12566 2185/2710/12567
f 1931/2706/12568 2184/2708/12569 1935/2711/12570
f 1736/2709/12571 2186/2712/12572 2183/2705/12573
f 2183/2705/12574 2186/2712/12575 2185/2710/12576
f 2184/2708/12577 2185/2710/12578 2187/2713/12579
f 2184/2708/12580 2187/2713/12581 1935/2711/12582
f 1736/2709/12583 2188/2714/12584 2186/2712/12585
f 2185/2710/12586 2189/2715/12587 2187/2713/12588
f 1935/2711/12589 2187/2713/12590 1936/2716/12591
f 1736/2709/12592 1741/2717/12593 2188/2714/12594
f 2186/2712/12595 2190/2718/12596 2185/2710/12597
f 2189/2715/12598 2191/2719/12599 2192/2720/12600
f 2187/2713/12601 2192/2720/12602 1936/2716/12603
f 2187/2713/12604 2189/2715/12605 2192/2720/12606
f 1741/2717/12607 1744/2721/12608 2188/2714/12609
f 2186/2712/12610 2188/2714/12611 2193/2722/12612
f 2186/2712/12613 2193/2722/12614 2190/2718/12615
f 2185/2710/12616 2190/2718/12617 2194/2723/12618
f 2190/2718/12619 2193/2722/12620 2194/2723/12621
f 2185/2710/12622 2194/2723/12623 2189/2715/12624
f 2191/2719/12625 2195/2724/12626 2192/2720/12627
f 1936/2716/12628 2192/2720/12629 2196/2725/12630
f 2192/2720/12631 2195/2724/12632 2196/2725/12633
f 1744/2721/12634 2014/2726/12635 2197/2727/12636
f 2188/2714/12637 2198/2728/12638 2193/2722/12639
f 2188/2714/12640 1744/2721/12641 2197/2727/12642
f 2188/2714/12643 2197/2727/12644 2198/2728/12645
f 2194/2723/12646 2199/2729/12647 2189/2715/12648
f 2189/2715/12649 2199/2729/12650 2191/2719/12651
f 1936/2716/12652 2196/2725/12653 1947/2730/12654
f 2195/2724/12655 2200/2731/12656 2196/2725/12657
f 2014/2726/12658 2017/2732/12659 2197/2727/12660
f 2197/2727/12661 2017/2732/12662 2198/2728/12663
f 2193/2722/12664 2201/2733/12665 2202/2734/12666
f 2193/2722/12667 2202/2734/12668 2194/2723/12669
f 2194/2723/12670 2202/2734/12671 2199/2729/12672
f 2193/2722/12673 2198/2728/12674 2201/2733/12675
f 1744/2721/12676 1734/2735/12677 2014/2726/12678
f 2191/2719/12679 2199/2729/12680 2203/2736/12681
f 2191/2719/12682 2203/2736/12683 2195/2724/12684
f 1947/2730/12685 2204/2737/12686 1951/2738/12687
f 2196/2725/12688 2200/2731/12689 2204/2737/12690
f 2196/2725/12691 2204/2737/12692 1947/2730/12693
f 2017/2732/12694 2020/2739/12695 2198/2728/12696
f 2198/2728/12697 2020/2739/12698 2201/2733/12699
f 2202/2734/12700 2201/2733/12701 2205/2740/12702
f 2199/2729/12703 2206/2741/12704 2203/2736/12705
f 2202/2734/12706 2205/2740/12707 2206/2741/12708
f 2202/2734/12709 2206/2741/12710 2199/2729/12711
f 2195/2724/12712 2203/2736/12713 2207/2742/12714
f 2195/2724/12715 2207/2742/12716 2200/2731/12717
f 1951/2738/12718 2208/2743/12719 1963/2744/12720
f 1951/2738/12721 2204/2737/12722 2208/2743/12723
f 2020/2739/12724 2025/2745/12725 2201/2733/12726
f 2201/2733/12727 2025/2745/12728 2205/2740/12729
f 2206/2741/12730 2205/2740/12731 2209/2746/12732
f 2203/2736/12733 2209/2746/12734 2207/2742/12735
f 2203/2736/12736 2206/2741/12737 2209/2746/12738
f 2200/2731/12739 2210/2747/12740 2204/2737/12741
f 2204/2737/12742 2210/2747/12743 2208/2743/12744
f 1963/2744/12745 2211/2748/12746 1968/2749/12747
f 1963/2744/12748 2208/2743/12749 2211/2748/12750
f 2025/2745/12751 2212/2750/12752 2205/2740/12753
f 2205/2740/12754 2212/2750/12755 2209/2746/12756
f 2207/2742/12757 2213/2751/12758 2200/2731/12759
f 2200/2731/12760 2213/2751/12761 2210/2747/12762
f 1968/2749/12763 2214/2752/12764 1973/2753/12765
f 1968/2749/12766 2211/2748/12767 2214/2752/12768
f 2208/2743/12769 2215/2754/12770 2211/2748/12771
f 2208/2743/12772 2210/2747/12773 2215/2754/12774
f 2025/2745/12775 2037/2755/12776 2212/2750/12777
f 2209/2746/12778 2212/2750/12779 2216/2756/12780
f 2207/2742/12781 2216/2756/12782 2213/2751/12783
f 2207/2742/12784 2209/2746/12785 2216/2756/12786
f 1973/2753/12787 2217/2757/12788 1983/2758/12789
f 1973/2753/12790 2214/2752/12791 2217/2757/12792
f 2211/2748/12793 2218/2759/12794 2214/2752/12795
f 2211/2748/12796 2215/2754/12797 2218/2759/12798
f 2210/2747/12799 2219/2760/12800 2215/2754/12801
f 2210/2747/12802 2213/2751/12803 2219/2760/12804
f 2037/2755/12805 2044/2761/12806 2220/2762/12807
f 2212/2750/12808 2037/2755/12809 2220/2762/12810
f 2212/2750/12811 2220/2762/12812 2216/2756/12813
f 1983/2758/12814 2217/2757/12815 2221/2763/12816
f 2214/2752/12817 2218/2759/12818 2222/2764/12819
f 2214/2752/12820 2222/2764/12821 2217/2757/12822
f 2215/2754/12823 2223/2765/12824 2218/2759/12825
f 2215/2754/12826 2219/2760/12827 2223/2765/12828
f 2213/2751/12829 2224/2766/12830 2219/2760/12831
f 2216/2756/12832 2220/2762/12833 2224/2766/12834
f 2216/2756/12835 2224/2766/12836 2213/2751/12837
f 2044/2761/12838 2225/2767/12839 2220/2762/12840
f 2220/2762/12841 2225/2767/12842 2224/2766/12843
f 1983/2758/12844 2221/2763/12845 1991/2768/12846
f 2222/2764/12847 2226/2769/12848 2227/2770/12849
f 2218/2759/12850 2223/2765/12851 2226/2769/12852
f 2218/2759/12853 2226/2769/12854 2222/2764/12855
f 2217/2757/12856 2222/2764/12857 2228/2771/12858
f 2222/2764/12859 2227/2770/12860 2228/2771/12861
f 2217/2757/12862 2228/2771/12863 2221/2763/12864
f 2219/2760/12865 2229/2772/12866 2223/2765/12867
f 2224/2766/12868 2225/2767/12869 2229/2772/12870
f 2224/2766/12871 2229/2772/12872 2219/2760/12873
f 2044/2761/12874 2050/2773/12875 2225/2767/12876
f 1991/2768/12877 2230/2774/12878 1996/2775/12879
f 1991/2768/12880 2221/2763/12881 2230/2774/12882
f 2226/2769/12883 2231/2776/12884 2227/2770/12885
f 2228/2771/12886 2232/2777/12887 2233/2778/12888
f 2228/2771/12889 2233/2778/12890 2221/2763/12891
f 2221/2763/12892 2233/2778/12893 2230/2774/12894
f 2228/2771/12895 2227/2770/12896 2232/2777/12897
f 2223/2765/12898 2229/2772/12899 2234/2779/12900
f 2226/2769/12901 2234/2779/12902 2231/2776/12903
f 2226/2769/12904 2223/2765/12905 2234/2779/12906
f 2050/2773/12907 2055/2780/12908 2235/2781/12909
f 2229/2772/12910 2225/2767/12911 2235/2781/12912
f 2225/2767/12913 2050/2773/12914 2235/2781/12915
f 2229/2772/12916 2235/2781/12917 2234/2779/12918
f 1996/2775/12919 2230/2774/12920 2002/2782/12921
f 2233/2778/12922 2232/2777/12923 2236/2783/12924
f 2227/2770/12925 2231/2776/12926 2237/2784/12927
f 2227/2770/12928 2237/2784/12929 2232/2777/12930
f 2055/2780/12931 2059/2785/12932 2238/2786/12933
f 2234/2779/12934 2235/2781/12935 2238/2786/12936
f 2235/2781/12937 2055/2780/12938 2238/2786/12939
f 2234/2779/12940 2238/2786/12941 2231/2776/12942
f 2230/2774/12943 2239/2787/12944 2002/2782/12945
f 2233/2778/12946 2239/2787/12947 2230/2774/12948
f 2233/2778/12949 2236/2783/12950 2239/2787/12951
f 2237/2784/12952 2240/2788/12953 2232/2777/12954
f 2059/2785/12955 2241/2789/12956 2238/2786/12957
f 2231/2776/12958 2241/2789/12959 2237/2784/12960
f 2231/2776/12961 2238/2786/12962 2241/2789/12963
f 2002/2782/12964 2239/2787/12965 2010/2790/12966
f 2236/2783/12967 2232/2777/12968 2242/2791/12969
f 2240/2788/12970 2243/2792/12971 2232/2777/12972
f 2232/2777/12973 2243/2792/12974 2242/2791/12975
f 2059/2785/12976 2064/2793/12977 2241/2789/12978
f 2237/2784/12979 2241/2789/12980 2244/2794/12981
f 2241/2789/12982 2064/2793/12983 2244/2794/12984
f 2237/2784/12985 2244/2794/12986 2240/2788/12987
f 2239/2787/12988 2245/2795/12989 2010/2790/12990
f 2239/2787/12991 2236/2783/12992 2245/2795/12993
f 2243/2792/12994 2246/2796/12995 2242/2791/12996
f 2064/2793/12997 2074/2797/12998 2244/2794/12999
f 2240/2788/13000 2244/2794/13001 2247/2798/13002
f 2244/2794/13003 2074/2797/13004 2247/2798/13005
f 2236/2783/13006 2242/2791/13007 2248/2799/13008
f 2236/2783/13009 2248/2799/13010 2245/2795/13011
f 2243/2792/13012 2240/2788/13013 2249/2800/13014
f 2240/2788/13015 2247/2798/13016 2249/2800/13017
f 2246/2796/13018 2250/2801/13019 2242/2791/13020
f 2242/2791/13021 2250/2801/13022 2248/2799/13023
f 2074/2797/13024 2081/2802/13025 2247/2798/13026
f 2243/2792/13027 2251/2803/13028 2246/2796/13029
f 2243/2792/13030 2249/2800/13031 2251/2803/13032
f 2081/2802/13033 2088/2804/13034 2247/2798/13035
f 2247/2798/13036 2088/2804/13037 2249/2800/13038
f 2251/2803/13039 2249/2800/13040 2096/2805/13041
f 2096/2805/13042 2249/2800/13043 2088/2804/13044
f 1831/2806/13045 1830/2807/13046 2252/2808/13047
f 1831/2806/13048 2252/2808/13049 1836/2809/13050
f 1830/2807/13051 2253/2810/13052 2252/2808/13053
f 1836/2809/13054 2252/2808/13055 2254/2811/13056
f 2252/2808/13057 2253/2810/13058 2254/2811/13059
f 1830/2807/13060 1840/2812/13061 2253/2810/13062
f 1836/2809/13063 2254/2811/13064 1841/2813/13065
f 1840/2812/13066 2255/2814/13067 2253/2810/13068
f 2254/2811/13069 2253/2810/13070 2256/2815/13071
f 1841/2813/13072 2254/2811/13073 2257/2816/13074
f 1840/2812/13075 1839/2817/13076 2255/2814/13077
f 2253/2810/13078 2258/2818/13079 2256/2815/13080
f 2255/2814/13081 1839/2817/13082 2258/2818/13083
f 2255/2814/13084 2258/2818/13085 2253/2810/13086
f 1841/2813/13087 2257/2816/13088 1844/2819/13089
f 2254/2811/13090 2256/2815/13091 2259/2820/13092
f 2257/2816/13093 2259/2820/13094 1844/2819/13095
f 2257/2816/13096 2254/2811/13097 2259/2820/13098
f 1839/2817/13099 2012/2821/13100 2260/2822/13101
f 1839/2817/13102 2260/2822/13103 2258/2818/13104
f 2256/2815/13105 2261/2823/13106 2259/2820/13107
f 1844/2819/13108 2262/2824/13109 1924/2825/13110
f 2262/2824/13111 2261/2823/13112 1924/2825/13113
f 2262/2824/13114 1844/2819/13115 2259/2820/13116
f 2259/2820/13117 2261/2823/13118 2262/2824/13119
f 2012/2821/13120 2008/2826/13121 2263/2827/13122
f 2258/2818/13123 2260/2822/13124 2263/2827/13125
f 2260/2822/13126 2012/2821/13127 2263/2827/13128
f 2258/2818/13129 2263/2827/13130 2256/2815/13131
f 1924/2825/13132 2261/2823/13133 1915/2828/13134
f 2008/2826/13135 2264/2829/13136 2263/2827/13137
f 2256/2815/13138 2265/2830/13139 2261/2823/13140
f 1915/2828/13141 2266/2831/13142 1916/2832/13143
f 2261/2823/13144 2265/2830/13145 2266/2831/13146
f 2261/2823/13147 2266/2831/13148 1915/2828/13149
f 2008/2826/13150 2004/2833/13151 2264/2829/13152
f 2263/2827/13153 2264/2829/13154 2267/2834/13155
f 2263/2827/13156 2267/2834/13157 2256/2815/13158
f 1916/2832/13159 2266/2831/13160 1921/2835/13161
f 2266/2831/13162 2265/2830/13163 1921/2835/13164
f 2004/2833/13165 2003/2836/13166 2264/2829/13167
f 2264/2829/13168 2003/2836/13169 2267/2834/13170
f 2256/2815/13171 2268/2837/13172 2265/2830/13173
f 1921/2835/13174 2265/2830/13175 1925/2838/13176
f 2003/2836/13177 2011/2839/13178 2267/2834/13179
f 2256/2815/13180 2267/2834/13181 2269/2840/13182
f 2268/2837/13183 1928/2841/13184 2270/2842/13185
f 2270/2842/13186 1925/2838/13187 2265/2830/13188
f 2270/2842/13189 2265/2830/13190 2268/2837/13191
f 2270/2842/13192 1928/2841/13193 1925/2838/13194
f 2011/2839/13195 2271/2843/13196 2267/2834/13197
f 2267/2834/13198 2271/2843/13199 2269/2840/13200
f 2256/2815/13201 2272/2844/13202 2273/2845/13203
f 2268/2837/13204 2274/2846/13205 1928/2841/13206
f 2011/2839/13207 2010/2847/13208 2271/2843/13209
f 2271/2843/13210 2010/2847/13211 2269/2840/13212
f 2256/2815/13213 2273/2845/13214 2275/2848/13215
f 2272/2844/13216 2096/2849/13217 2276/2850/13218
f 2268/2837/13219 2256/2815/13220 2277/2851/13221
f 2268/2837/13222 2277/2851/13223 2274/2846/13224
f 1928/2841/13225 2274/2846/13226 2181/2852/13227
f 2274/2846/13228 2277/2851/13229 2181/2852/13230
f 2010/2847/13231 2245/2853/13232 2278/2854/13233
f 2010/2847/13234 2278/2854/13235 2269/2840/13236
f 2273/2845/13237 2105/2855/13238 2279/2856/13239
f 2275/2848/13240 2273/2845/13241 2279/2856/13242
f 2272/2844/13243 2276/2850/13244 2273/2845/13245
f 2096/2849/13246 2101/2857/13247 2276/2850/13248
f 2101/2857/13249 2105/2855/13250 2273/2845/13251
f 2273/2845/13252 2276/2850/13253 2101/2857/13254
f 2256/2815/13255 2275/2848/13256 2280/2858/13257
f 2277/2851/13258 2281/2859/13259 2282/2860/13260
f 2181/2852/13261 2277/2851/13262 2176/2861/13263
f 2277/2851/13264 2256/2815/13265 2281/2859/13266
f 2277/2851/13267 2282/2860/13268 2176/2861/13269
f 2245/2853/13270 2248/2862/13271 2283/2863/13272
f 2269/2840/13273 2278/2854/13274 2283/2863/13275
f 2278/2854/13276 2245/2853/13277 2283/2863/13278
f 2269/2840/13279 2283/2863/13280 2256/2815/13281
f 2279/2856/13282 2105/2855/13283 2107/2864/13284
f 2272/2844/13285 2284/2865/13286 2096/2849/13287
f 2275/2848/13288 2279/2856/13289 2102/2866/13290
f 2279/2856/13291 2107/2864/13292 2102/2866/13293
f 2280/2858/13294 2285/2867/13295 2111/2868/13296
f 2281/2859/13297 2178/2869/13298 2282/2860/13299
f 2176/2861/13300 2282/2860/13301 2180/2870/13302
f 2180/2870/13303 2282/2860/13304 2178/2869/13305
f 2248/2862/13306 2286/2871/13307 2283/2863/13308
f 2256/2815/13309 2280/2858/13310 2281/2859/13311
f 2272/2844/13312 2256/2815/13313 2287/2872/13314
f 2283/2863/13315 2286/2871/13316 2287/2872/13317
f 2283/2863/13318 2287/2872/13319 2256/2815/13320
f 2272/2844/13321 2287/2872/13322 2284/2865/13323
f 2096/2849/13324 2284/2865/13325 2251/2873/13326
f 2284/2865/13327 2287/2872/13328 2251/2873/13329
f 2275/2848/13330 2102/2866/13331 2109/2874/13332
f 2285/2867/13333 2275/2848/13334 2109/2874/13335
f 2285/2867/13336 2109/2874/13337 2111/2868/13338
f 2285/2867/13339 2280/2858/13340 2275/2848/13341
f 2178/2869/13342 2281/2859/13343 2175/2875/13344
f 2248/2862/13345 2250/2876/13346 2286/2871/13347
f 2287/2872/13348 2286/2871/13349 2246/2877/13350
f 2246/2877/13351 2251/2873/13352 2287/2872/13353
f 2246/2877/13354 2286/2871/13355 2250/2876/13356
f 2111/2868/13357 2175/2875/13358 2288/2878/13359
f 2288/2878/13360 2280/2858/13361 2111/2868/13362
f 2288/2878/13363 2175/2875/13364 2281/2859/13365
f 2281/2859/13366 2280/2858/13367 2288/2878/13368
#4628 polygons

usemtl Material #13
s 8
f 2289/2879/13369 2290/2880/13370 2291/2881/13371
f 2289/2879/13372 2292/2882/13373 2290/2880/13374
f 2289/2879/13375 2291/2881/13376 2293/2883/13377
f 2289/2879/13378 2294/2884/13379 2292/2882/13380
f 2289/2879/13381 2293/2883/13382 2295/2885/13383
f 2289/2879/13384 2296/2886/13385 2294/2884/13386
f 2289/2879/13387 2295/2885/13388 2296/2886/13389
f 2290/2880/13390 2297/2887/13391 2291/2881/13392
f 2290/2880/13393 2292/2882/13394 2298/2888/13395
f 2290/2880/13396 2298/2888/13397 2297/2887/13398
f 2293/2883/13399 2299/2889/13400 2295/2885/13401
f 2293/2883/13402 2291/2881/13403 2300/2890/13404
f 2293/2883/13405 2301/2891/13406 2299/2889/13407
f 2293/2883/13408 2300/2890/13409 2302/2892/13410
f 2293/2883/13411 2302/2892/13412 2301/2891/13413
f 2291/2881/13414 2297/2887/13415 2300/2890/13416
f 2294/2884/13417 2296/2886/13418 2303/2893/13419
f 2294/2884/13420 2304/2894/13421 2292/2882/13422
f 2294/2884/13423 2303/2893/13424 2305/2895/13425
f 2294/2884/13426 2305/2895/13427 2304/2894/13428
f 2292/2882/13429 2304/2894/13430 2298/2888/13431
f 2295/2885/13432 2299/2889/13433 2306/2896/13434
f 2295/2885/13435 2307/2897/13436 2296/2886/13437
f 2295/2885/13438 2306/2896/13439 2307/2897/13440
f 2302/2892/13441 2308/2898/13442 2301/2891/13443
f 2302/2892/13444 2300/2890/13445 2309/2899/13446
f 2302/2892/13447 2310/2900/13448 2308/2898/13449
f 2302/2892/13450 2309/2899/13451 2310/2900/13452
f 2300/2890/13453 2297/2887/13454 2309/2899/13455
f 2303/2893/13456 2311/2901/13457 2305/2895/13458
f 2303/2893/13459 2296/2886/13460 2312/2902/13461
f 2303/2893/13462 2313/2903/13463 2311/2901/13464
f 2303/2893/13465 2312/2902/13466 2313/2903/13467
f 2296/2886/13468 2307/2897/13469 2312/2902/13470
f 2304/2894/13471 2314/2904/13472 2298/2888/13473
f 2304/2894/13474 2305/2895/13475 2315/2905/13476
f 2304/2894/13477 2315/2905/13478 2314/2904/13479
f 2306/2896/13480 2316/2906/13481 2307/2897/13482
f 2310/2900/13483 2309/2899/13484 2317/2907/13485
f 2310/2900/13486 2317/2907/13487 2318/2908/13488
f 2297/2887/13489 2298/2888/13490 2319/2909/13491
f 2297/2887/13492 2319/2909/13493 2309/2899/13494
f 2319/2909/13495 2314/2904/13496 2317/2907/13497
f 2319/2909/13498 2298/2888/13499 2314/2904/13500
f 2319/2909/13501 2317/2907/13502 2309/2899/13503
f 2311/2901/13504 2313/2903/13505 2320/2910/13506
f 2311/2901/13507 2321/2911/13508 2305/2895/13509
f 2311/2901/13510 2320/2910/13511 2322/2912/13512
f 2311/2901/13513 2322/2912/13514 2321/2911/13515
f 2312/2902/13516 2307/2897/13517 2323/2913/13518
f 2312/2902/13519 2324/2914/13520 2313/2903/13521
f 2312/2902/13522 2323/2913/13523 2324/2914/13524
f 2307/2897/13525 2316/2906/13526 2323/2913/13527
f 2315/2905/13528 2325/2915/13529 2314/2904/13530
f 2315/2905/13531 2305/2895/13532 2326/2916/13533
f 2315/2905/13534 2327/2917/13535 2325/2915/13536
f 2315/2905/13537 2326/2916/13538 2328/2918/13539
f 2315/2905/13540 2328/2918/13541 2327/2917/13542
f 2305/2895/13543 2321/2911/13544 2326/2916/13545
f 2314/2904/13546 2325/2915/13547 2317/2907/13548
f 2318/2908/13549 2317/2907/13550 2329/2919/13551
f 2317/2907/13552 2325/2915/13553 2329/2919/13554
f 2320/2910/13555 2313/2903/13556 2330/2920/13557
f 2313/2903/13558 2324/2914/13559 2330/2920/13560
f 2322/2912/13561 2331/2921/13562 2321/2911/13563
f 2316/2906/13564 2332/2922/13565 2323/2913/13566
f 2328/2918/13567 2333/2923/13568 2327/2917/13569
f 2328/2918/13570 2326/2916/13571 2334/2924/13572
f 2328/2918/13573 2335/2925/13574 2333/2923/13575
f 2328/2918/13576 2334/2924/13577 2335/2925/13578
f 2321/2911/13579 2331/2921/13580 2334/2924/13581
f 2321/2911/13582 2334/2924/13583 2326/2916/13584
f 2325/2915/13585 2336/2926/13586 2329/2919/13587
f 2325/2915/13588 2327/2917/13589 2337/2927/13590
f 2325/2915/13591 2337/2927/13592 2336/2926/13593
f 2337/2927/13594 2327/2917/13595 2333/2923/13596
f 2324/2914/13597 2338/2928/13598 2330/2920/13599
f 2324/2914/13600 2323/2913/13601 2339/2929/13602
f 2324/2914/13603 2339/2929/13604 2338/2928/13605
f 2323/2913/13606 2332/2922/13607 2339/2929/13608
f 2335/2925/13609 2334/2924/13610 2340/2930/13611
f 2340/2930/13612 2334/2924/13613 2331/2921/13614
f 2338/2928/13615 2339/2929/13616 2341/2931/13617
f 2332/2922/13618 2342/2932/13619 2339/2929/13620
f 2339/2929/13621 2342/2932/13622 2341/2931/13623
f 2342/2932/13624 2343/2933/13625 2341/2931/13626
f 2344/2934/13627 2345/2935/13628 2346/2936/13629
f 2344/2934/13630 2347/2937/13631 2345/2935/13632
f 2344/2934/13633 2346/2936/13634 2348/2938/13635
f 2344/2934/13636 2349/2939/13637 2347/2937/13638
f 2344/2934/13639 2348/2938/13640 2350/2940/13641
f 2344/2934/13642 2351/2941/13643 2349/2939/13644
f 2344/2934/13645 2350/2940/13646 2351/2941/13647
f 2345/2935/13648 2352/2942/13649 2346/2936/13650
f 2345/2935/13651 2347/2937/13652 2353/2943/13653
f 2345/2935/13654 2353/2943/13655 2352/2942/13656
f 2348/2938/13657 2354/2944/13658 2350/2940/13659
f 2348/2938/13660 2346/2936/13661 2355/2888/13662
f 2348/2938/13663 2355/2888/13664 2354/2944/13665
f 2346/2936/13666 2352/2942/13667 2355/2888/13668
f 2349/2939/13669 2351/2941/13670 2356/2945/13671
f 2349/2939/13672 2357/2946/13673 2347/2937/13674
f 2349/2939/13675 2356/2945/13676 2358/2947/13677
f 2349/2939/13678 2358/2947/13679 2357/2946/13680
f 2353/2943/13681 2359/2948/13682 2352/2942/13683
f 2353/2943/13684 2347/2937/13685 2360/2949/13686
f 2353/2943/13687 2360/2949/13688 2359/2948/13689
f 2350/2940/13690 2354/2944/13691 2361/2950/13692
f 2350/2940/13693 2362/2951/13694 2351/2941/13695
f 2350/2940/13696 2361/2950/13697 2362/2951/13698
f 2355/2888/13699 2352/2942/13700 2363/2952/13701
f 2355/2888/13702 2364/2953/13703 2354/2944/13704
f 2355/2888/13705 2363/2952/13706 2364/2953/13707
f 2352/2942/13708 2359/2948/13709 2363/2952/13710
f 2356/2945/13711 2365/2954/13712 2358/2947/13713
f 2356/2945/13714 2351/2941/13715 2366/2902/13716
f 2356/2945/13717 2367/2955/13718 2365/2954/13719
f 2356/2945/13720 2366/2902/13721 2367/2955/13722
f 2351/2941/13723 2362/2951/13724 2366/2902/13725
f 2357/2946/13726 2368/2956/13727 2347/2937/13728
f 2347/2937/13729 2368/2956/13730 2360/2949/13731
f 2361/2950/13732 2354/2944/13733 2369/2957/13734
f 2361/2950/13735 2370/2958/13736 2362/2951/13737
f 2361/2950/13738 2369/2957/13739 2371/2959/13740
f 2361/2950/13741 2372/2960/13742 2370/2958/13743
f 2361/2950/13744 2371/2959/13745 2372/2960/13746
f 2354/2944/13747 2364/2953/13748 2369/2957/13749
f 2359/2948/13750 2373/2961/13751 2363/2952/13752
f 2359/2948/13753 2360/2949/13754 2374/2962/13755
f 2359/2948/13756 2374/2962/13757 2373/2961/13758
f 2363/2952/13759 2373/2961/13760 2364/2953/13761
f 2365/2954/13762 2367/2955/13763 2375/2963/13764
f 2366/2902/13765 2362/2951/13766 2376/2964/13767
f 2366/2902/13768 2377/2965/13769 2367/2955/13770
f 2366/2902/13771 2376/2964/13772 2377/2965/13773
f 2362/2951/13774 2370/2958/13775 2376/2964/13776
f 2368/2956/13777 2378/2966/13778 2360/2949/13779
f 2360/2949/13780 2378/2966/13781 2374/2962/13782
f 2371/2959/13783 2379/2967/13784 2372/2960/13785
f 2371/2959/13786 2369/2957/13787 2380/2968/13788
f 2371/2959/13789 2380/2968/13790 2379/2967/13791
f 2373/2961/13792 2381/2969/13793 2364/2953/13794
f 2373/2961/13795 2374/2962/13796 2382/2970/13797
f 2373/2961/13798 2383/2971/13799 2381/2969/13800
f 2373/2961/13801 2382/2970/13802 2383/2971/13803
f 2364/2953/13804 2381/2969/13805 2369/2957/13806
f 2375/2963/13807 2367/2955/13808 2384/2929/13809
f 2375/2963/13810 2384/2929/13811 2385/2972/13812
f 2367/2955/13813 2377/2965/13814 2384/2929/13815
f 2370/2958/13816 2386/2973/13817 2376/2964/13818
f 2370/2958/13819 2372/2960/13820 2387/2974/13821
f 2370/2958/13822 2387/2974/13823 2386/2973/13824
f 2380/2968/13825 2388/2975/13826 2379/2967/13827
f 2380/2968/13828 2369/2957/13829 2389/2976/13830
f 2380/2968/13831 2390/2977/13832 2388/2975/13833
f 2380/2968/13834 2389/2976/13835 2390/2977/13836
f 2369/2957/13837 2381/2969/13838 2389/2976/13839
f 2383/2971/13840 2391/2978/13841 2381/2969/13842
f 2385/2972/13843 2384/2929/13844 2392/2979/13845
f 2385/2972/13846 2392/2979/13847 2393/2980/13848
f 2377/2965/13849 2376/2964/13850 2394/2981/13851
f 2377/2965/13852 2395/2982/13853 2384/2929/13854
f 2377/2965/13855 2394/2981/13856 2395/2982/13857
f 2395/2982/13858 2392/2979/13859 2384/2929/13860
f 2394/2981/13861 2376/2964/13862 2386/2973/13863
f 2372/2960/13864 2396/2983/13865 2387/2974/13866
f 2372/2960/13867 2379/2967/13868 2396/2983/13869
f 2388/2975/13870 2397/2984/13871 2379/2967/13872
f 2379/2967/13873 2397/2984/13874 2396/2983/13875
f 2390/2977/13876 2389/2976/13877 2398/2985/13878
f 2398/2985/13879 2381/2969/13880 2391/2978/13881
f 2398/2985/13882 2389/2976/13883 2381/2969/13884
#4628 polygons

g Bulbasaur_LVine

#
# object Bulbasaur_LVine
#

v 13.8548 148.022 -2.225708
v 12.9136 148.022 -0.595367
v 14.4016 147.107 -2.22562
v 12.6652 148.545 -1.025436
v 13.187 147.107 -4.329289
v 13.3582 148.545 -2.225754
v 12.9136 148.022 -3.856064
v 13.187 147.107 -0.121951
v 11.2792 148.544 -1.025436
v 11.031 148.022 -0.595367
v 10.7579 147.106 -4.3293
v 13.346299 145.88 -4.604609
v 10.5992 145.879 -4.60462
v 12.4354 148.773 -1.423401
v 12.6652 148.544 -3.426102
v 12.8987 148.773 -2.225784
v 10.7579 147.107 -0.121964
v 14.719899 145.88 -2.22549
v 13.346299 145.88 0.153618
v 11.5089 148.773 -1.423416
v 10.5862 148.544 -2.225784
v 11.0456 148.773 -2.225784
v 11.031 148.022 -3.856064
v 10.6305 144.54301 -4.55069
v 11.9721 148.835 -2.2258
v 12.4354 148.773 -3.028168
v 10.5991 145.879 0.153602
v 10.0897 148.022 -2.225723
v 9.54335 147.106 -2.22564
v 13.3155 144.544 -4.55067
v 14.658 144.544 -2.22535
v 11.2792 148.544 -3.426117
v 9.22554 145.879 -2.22552
v 13.3155 144.544 0.099948
v 10.630401 144.544 0.099935
v 11.5089 148.773 -3.028183
v 10.7732 143.20502 -4.30381
v 13.1734 143.206 -4.30379
v 13.1733 143.206 -0.146665
v 9.287961 144.54301 -2.22538
v 10.7732 143.206 -0.146681
v 14.3734 143.206 -2.22522
v 10.939399 141.891 -4.01628
v 13.007601 141.892 -0.433936
v 9.57313 143.20502 -2.22525
v 10.9394 141.892 -0.433948
v 13.0077 141.892 -4.01627
v 14.0418 141.892 -2.2251
v 12.850199 140.80298 -0.706849
v 9.905239 141.891 -2.22512
v 11.097199 140.802 -0.706858
v 12.850299 140.802 -3.743139
v 13.726799 140.80298 -2.224989
v 11.097299 140.802 -3.74315
v 12.738699 139.91 -0.90014
v 10.220699 140.802 -2.22501
v 11.209 139.91 -0.900149
v 12.7388 139.91 -3.54967
v 13.5037 139.91 -2.2249
v 11.2091 139.91 -3.54968
v 12.6499 139.062 -1.05417
v 10.444199 139.91 -2.22492
v 11.2982 139.062 -1.05418
v 12.65 139.062 -3.39548
v 13.3259 139.062 -2.224819
v 11.2982 139.062 -3.39549
v 12.5973 138.205 -1.14558
v 10.622301 139.062 -2.22483
v 11.3512 138.204 -1.14558
v 12.5973 138.204 -3.30393
v 13.2204 138.205 -2.22475
v 11.3512 138.204 -3.30394
v 12.487 135.617 -1.336624
v 10.7281 138.204 -2.22476
v 11.4615 135.617 -1.336624
v 12.487 135.617 -3.112839
v 12.9998 135.617 -2.224747
v 11.4615 135.617 -3.112839
v 10.9488 135.617 -2.224747
v 12.487001 68.4109 -3.112846
v 11.461501 68.4109 -3.112846
v 12.487 74.1024 -3.11285
v 11.461501 62.7193 -3.11285
v 12.9998 74.1024 -2.22474
v 12.487 62.7193 -3.11285
v 12.999801 68.4109 -2.224739
v 11.461501 74.1024 -3.11285
v 11.4615 57.0283 -3.11285
v 12.487 74.1024 -1.33663
v 12.9998 79.794 -2.224739
v 12.487 79.794 -1.336632
v 12.487 79.794 -3.112846
v 11.4615 79.794 -3.112846
v 12.487 57.0283 -3.11285
v 12.9998 62.7193 -2.22474
v 11.4615 79.794 -1.336632
v 12.487001 68.4109 -1.336632
v 11.461501 74.1024 -1.33663
v 12.487 85.485504 -3.11285
v 11.461501 85.485504 -3.11285
v 12.487 85.485504 -1.33663
v 12.9998 85.485504 -2.22474
v 11.461501 51.3618 -3.11285
v 10.9488 79.794 -2.224739
v 11.461501 85.485504 -1.33663
v 10.9488 85.485504 -2.22474
v 12.487 62.7193 -1.33663
v 11.461501 68.4109 -1.336632
v 12.487 51.3618 -3.11285
v 12.9998 57.0283 -2.224739
v 10.948801 74.1024 -2.22474
v 11.461499 45.6394 -3.11285
v 12.487 57.0283 -1.336628
v 11.461501 62.7193 -1.33663
v 12.487 45.6394 -3.11285
v 12.9998 51.3618 -2.22474
v 10.948801 68.4109 -2.224739
v 11.461499 39.9527 -3.11285
v 12.487 51.3618 -1.33663
v 11.4615 57.0283 -1.336628
v 12.487 39.9527 -3.11285
v 12.999799 45.6394 -2.224739
v 10.9488 62.7193 -2.22474
v 11.461499 34.2611 -3.11285
v 12.487 45.6394 -1.336632
v 11.461501 51.3618 -1.33663
v 12.487 34.2611 -3.11285
v 12.999799 39.9527 -2.224739
v 10.9488 57.0283 -2.224739
v 11.974299 34.0279 -2.224739
v 12.487 39.9527 -1.336632
v 11.461499 45.6394 -1.336632
v 12.999799 34.2611 -2.224739
v 10.9488 51.3618 -2.22474
v 12.487 34.2611 -1.336632
v 11.461499 39.9527 -1.336632
v 10.948799 45.6394 -2.224739
v 11.461499 34.2611 -1.336632
v 10.948799 39.9527 -2.224739
v 10.948799 34.2611 -2.224739
v 12.487 91.1771 -3.112846
v 12.9998 91.1771 -2.224739
v 11.4615 91.1771 -3.112846
v 12.9998 96.8687 -2.22474
v 12.487 96.8687 -3.11285
v 11.461501 96.8687 -3.11285
v 12.487 96.8687 -1.33663
v 12.9998 102.56 -2.224739
v 12.487 102.56 -1.336632
v 12.487001 91.1771 -1.336632
v 12.487 102.56 -3.112846
v 11.4615 102.56 -3.112846
v 11.4615 102.56 -1.336632
v 12.487 108.25199 -1.33663
v 11.4615 108.25199 -1.33663
v 11.461501 91.1771 -1.336632
v 12.487 108.25199 -3.112849
v 11.4615 108.25199 -3.112849
v 11.461501 96.8687 -1.33663
v 12.9998 108.25199 -2.22474
v 10.9488 108.25199 -2.22474
v 11.461501 113.943 -1.33663
v 10.9488 113.943 -2.22474
v 10.9488 91.1771 -2.224739
v 12.487 113.943 -3.112849
v 11.461501 113.943 -3.112849
v 10.9488 102.56 -2.224739
v 10.948801 96.8687 -2.22474
v 12.487 113.943 -1.33663
v 12.9998 113.943 -2.22474
v 10.9488 119.635 -2.22474
v 11.4615 119.635 -3.112849
v 12.487 119.635 -3.112849
v 12.487 119.635 -1.33663
v 12.9998 119.635 -2.224739
v 11.4615 119.635 -1.33663
v 11.461501 125.326 -3.112849
v 12.487 125.326 -3.112849
v 12.487 125.326 -1.33663
v 12.9998 125.326 -2.22474
v 10.9488 125.326 -2.22474
v 11.461501 125.326 -1.33663
v 12.487 131.018 -3.112849
v 11.4615 131.018 -3.112849
v 12.487 131.018 -1.33663
v 12.9998 131.018 -2.22474
v 10.9488 131.018 -2.22474
v 11.4615 131.018 -1.33663
# 188 vertices

vn 0.80895823 0.58786607 -2.2649765E-05
vn 0.40442613 0.5878985 0.70058185
vn 0.9287733 0.37064835 -1.4811754E-05
vn 0.80895823 0.58786607 -2.2649765E-05
vn 0.31404218 0.77782696 0.544392
vn 0.40442613 0.5878985 0.70058185
vn 0.80895823 0.58786607 -2.2649765E-05
vn 0.9287733 0.37064835 -1.4811754E-05
vn 0.46433562 0.37050706 -0.80443573
vn 0.80895823 0.58786607 -2.2649765E-05
vn 0.62839323 0.77789587 -0.00011271238
vn 0.31404218 0.77782696 0.544392
vn 0.80895823 0.58786607 -2.2649765E-05
vn 0.46433562 0.37050706 -0.80443573
vn 0.40435097 0.5879804 -0.70055646
vn 0.80895823 0.58786607 -2.2649765E-05
vn 0.40435097 0.5879804 -0.70055646
vn 0.62839323 0.77789587 -0.00011271238
vn 0.40442613 0.5878985 0.70058185
vn 0.46436864 0.37061608 0.80436647
vn 0.9287733 0.37064835 -1.4811754E-05
vn 0.40442613 0.5878985 0.70058185
vn 0.31404218 0.77782696 0.544392
vn -0.31443298 0.77770597 0.5443392
vn 0.40442613 0.5878985 0.70058185
vn -0.40443522 0.58805805 0.70044273
vn 0.46436864 0.37061608 0.80436647
vn 0.40442613 0.5878985 0.70058185
vn -0.31443298 0.77770597 0.5443392
vn -0.40443522 0.58805805 0.70044273
vn 0.46433562 0.37050706 -0.80443573
vn -0.464536 0.37014788 -0.80448544
vn 0.40435097 0.5879804 -0.70055646
vn 0.46433562 0.37050706 -0.80443573
vn 0.9287733 0.37064835 -1.4811754E-05
vn 0.49753383 0.0988484 -0.86179405
vn 0.46433562 0.37050706 -0.80443573
vn -0.497561 0.09861684 -0.8618049
vn -0.464536 0.37014788 -0.80448544
vn 0.46433562 0.37050706 -0.80443573
vn 0.49753383 0.0988484 -0.86179405
vn -0.497561 0.09861684 -0.8618049
vn 0.62839323 0.77789587 -0.00011271238
vn 0.15946777 0.947768 0.27623498
vn 0.31404218 0.77782696 0.544392
vn 0.62839323 0.77789587 -0.00011271238
vn 0.40435097 0.5879804 -0.70055646
vn 0.31404045 0.7778019 -0.5444289
vn 0.62839323 0.77789587 -0.00011271238
vn 0.31907484 0.94772947 -0.0002387762
vn 0.15946777 0.947768 0.27623498
vn 0.62839323 0.77789587 -0.00011271238
vn 0.31404045 0.7778019 -0.5444289
vn 0.31907484 0.94772947 -0.0002387762
vn 0.46436864 0.37061608 0.80436647
vn -0.40443522 0.58805805 0.70044273
vn -0.464514 0.37037504 0.8043935
vn 0.46436864 0.37061608 0.80436647
vn 0.9950884 0.09899053 1.527369E-06
vn 0.9287733 0.37064835 -1.4811754E-05
vn 0.46436864 0.37061608 0.80436647
vn -0.464514 0.37037504 0.8043935
vn 0.49753737 0.09899664 0.8617751
vn 0.46436864 0.37061608 0.80436647
vn 0.49753737 0.09899664 0.8617751
vn 0.9950884 0.09899053 1.527369E-06
vn 0.9287733 0.37064835 -1.4811754E-05
vn 0.9950884 0.09899053 1.527369E-06
vn 0.49753383 0.0988484 -0.86179405
vn -0.31443298 0.77770597 0.5443392
vn 0.31404218 0.77782696 0.544392
vn -0.1601796 0.9474418 0.2769413
vn -0.31443298 0.77770597 0.5443392
vn -0.6285972 0.77773106 -1.6987324E-05
vn -0.40443522 0.58805805 0.70044273
vn -0.31443298 0.77770597 0.5443392
vn -0.32007974 0.9473905 -7.987022E-06
vn -0.6285972 0.77773106 -1.6987324E-05
vn -0.31443298 0.77770597 0.5443392
vn -0.1601796 0.9474418 0.2769413
vn -0.32007974 0.9473905 -7.987022E-06
vn -0.464536 0.37014788 -0.80448544
vn -0.40453675 0.5877456 -0.7006463
vn 0.40435097 0.5879804 -0.70055646
vn 0.40435097 0.5879804 -0.70055646
vn -0.40453675 0.5877456 -0.7006463
vn 0.31404045 0.7778019 -0.5444289
vn -0.497561 0.09861684 -0.8618049
vn 0.49753383 0.0988484 -0.86179405
vn -0.49606687 -0.124789 -0.8592702
vn 0.31907484 0.94772947 -0.0002387762
vn -4.344468E-06 0.99999994 -7.1525574E-07
vn 0.15946777 0.947768 0.27623498
vn 0.31907484 0.94772947 -0.0002387762
vn 0.31404045 0.7778019 -0.5444289
vn 0.15998864 0.94741285 -0.27715045
vn 0.31907484 0.94772947 -0.0002387762
vn 0.15998864 0.94741285 -0.27715045
vn -4.344468E-06 0.99999994 -7.1525574E-07
vn -0.464514 0.37037504 0.8043935
vn -0.49759468 0.098704636 0.86177534
vn 0.49753737 0.09899664 0.8617751
vn -0.464514 0.37037504 0.8043935
vn -0.40443522 0.58805805 0.70044273
vn -0.8090238 0.5877758 -6.514788E-05
vn -0.464514 0.37037504 0.8043935
vn -0.9289892 0.37010694 -5.671382E-05
vn -0.49759468 0.098704636 0.86177534
vn -0.464514 0.37037504 0.8043935
vn -0.8090238 0.5877758 -6.514788E-05
vn -0.9289892 0.37010694 -5.671382E-05
vn -0.40443522 0.58805805 0.70044273
vn -0.6285972 0.77773106 -1.6987324E-05
vn -0.8090238 0.5877758 -6.514788E-05
vn 0.9950884 0.09899053 1.527369E-06
vn 0.4961265 -0.124578714 -0.8592662
vn 0.49753383 0.0988484 -0.86179405
vn 0.9950884 0.09899053 1.527369E-06
vn 0.49753737 0.09899664 0.8617751
vn 0.9922298 -0.12441861 1.0930002E-05
vn 0.9950884 0.09899053 1.527369E-06
vn 0.9922298 -0.12441861 1.0930002E-05
vn 0.4961265 -0.124578714 -0.8592662
vn 0.49753383 0.0988484 -0.86179405
vn 0.4961265 -0.124578714 -0.8592662
vn -0.49606687 -0.124789 -0.8592702
vn 0.31404218 0.77782696 0.544392
vn 0.15946777 0.947768 0.27623498
vn -0.1601796 0.9474418 0.2769413
vn -0.1601796 0.9474418 0.2769413
vn -4.344468E-06 0.99999994 -7.1525574E-07
vn -0.32007974 0.9473905 -7.987022E-06
vn -0.40453675 0.5877456 -0.7006463
vn -0.31430134 0.7777251 -0.54438794
vn 0.31404045 0.7778019 -0.5444289
vn -0.49759468 0.098704636 0.86177534
vn -0.9289892 0.37010694 -5.671382E-05
vn -0.9951253 0.09861875 -1.7657876E-05
vn -0.49759468 0.098704636 0.86177534
vn 0.49611714 -0.124438584 0.859292
vn 0.49753737 0.09899664 0.8617751
vn -0.49759468 0.098704636 0.86177534
vn -0.9951253 0.09861875 -1.7657876E-05
vn -0.49609837 -0.12464154 0.85927343
vn -0.49759468 0.098704636 0.86177534
vn -0.49609837 -0.12464154 0.85927343
vn 0.49611714 -0.124438584 0.859292
vn 0.49753737 0.09899664 0.8617751
vn 0.49611714 -0.124438584 0.859292
vn 0.9922298 -0.12441861 1.0930002E-05
vn -0.6285972 0.77773106 -1.6987324E-05
vn -0.31430134 0.7777251 -0.54438794
vn -0.8090238 0.5877758 -6.514788E-05
vn -0.6285972 0.77773106 -1.6987324E-05
vn -0.16003084 0.9474022 -0.27716273
vn -0.31430134 0.7777251 -0.54438794
vn -0.6285972 0.77773106 -1.6987324E-05
vn -0.32007974 0.9473905 -7.987022E-06
vn -0.16003084 0.9474022 -0.27716273
vn 0.4961265 -0.124578714 -0.8592662
vn -0.48708275 -0.22546822 -0.8437501
vn -0.49606687 -0.124789 -0.8592702
vn 0.4961265 -0.124578714 -0.8592662
vn 0.9922298 -0.12441861 1.0930002E-05
vn 0.4872174 -0.22527015 -0.84372544
vn 0.4961265 -0.124578714 -0.8592662
vn 0.4872174 -0.22527015 -0.84372544
vn -0.48708275 -0.22546822 -0.8437501
vn 0.15946777 0.947768 0.27623498
vn -4.344468E-06 0.99999994 -7.1525574E-07
vn -0.1601796 0.9474418 0.2769413
vn -0.31430134 0.7777251 -0.54438794
vn 0.15998864 0.94741285 -0.27715045
vn 0.31404045 0.7778019 -0.5444289
vn -0.31430134 0.7777251 -0.54438794
vn -0.16003084 0.9474022 -0.27716273
vn 0.15998864 0.94741285 -0.27715045
vn -0.9289892 0.37010694 -5.671382E-05
vn -0.464536 0.37014788 -0.80448544
vn -0.9951253 0.09861875 -1.7657876E-05
vn -0.9289892 0.37010694 -5.671382E-05
vn -0.8090238 0.5877758 -6.514788E-05
vn -0.40453675 0.5877456 -0.7006463
vn -0.9289892 0.37010694 -5.671382E-05
vn -0.40453675 0.5877456 -0.7006463
vn -0.464536 0.37014788 -0.80448544
vn -0.40453675 0.5877456 -0.7006463
vn -0.8090238 0.5877758 -6.514788E-05
vn -0.31430134 0.7777251 -0.54438794
vn -0.49609837 -0.12464154 0.85927343
vn 0.48716027 -0.22513348 0.8437948
vn 0.49611714 -0.124438584 0.859292
vn -0.49609837 -0.12464154 0.85927343
vn -0.9951253 0.09861875 -1.7657876E-05
vn -0.99217933 -0.12481991 9.1046095E-06
vn -0.49609837 -0.12464154 0.85927343
vn -0.48709852 -0.22531825 0.8437812
vn 0.48716027 -0.22513348 0.8437948
vn -0.49609837 -0.12464154 0.85927343
vn -0.99217933 -0.12481991 9.1046095E-06
vn -0.48709852 -0.22531825 0.8437812
vn -0.32007974 0.9473905 -7.987022E-06
vn -4.344468E-06 0.99999994 -7.1525574E-07
vn -0.16003084 0.9474022 -0.27716273
vn 0.9922298 -0.12441861 1.0930002E-05
vn 0.97433525 -0.22510183 2.0250678E-05
vn 0.4872174 -0.22527015 -0.84372544
vn 0.9922298 -0.12441861 1.0930002E-05
vn 0.49611714 -0.124438584 0.859292
vn 0.97433525 -0.22510183 2.0250678E-05
vn 0.49611714 -0.124438584 0.859292
vn 0.48716027 -0.22513348 0.8437948
vn 0.97433525 -0.22510183 2.0250678E-05
vn -0.48708275 -0.22546822 -0.8437501
vn 0.4872174 -0.22527015 -0.84372544
vn -0.48270264 -0.2603106 -0.8362036
vn -0.16003084 0.9474022 -0.27716273
vn -4.344468E-06 0.99999994 -7.1525574E-07
vn 0.15998864 0.94741285 -0.27715045
vn -0.464536 0.37014788 -0.80448544
vn -0.497561 0.09861684 -0.8618049
vn -0.9951253 0.09861875 -1.7657876E-05
vn -0.9951253 0.09861875 -1.7657876E-05
vn -0.497561 0.09861684 -0.8618049
vn -0.99217933 -0.12481991 9.1046095E-06
vn -0.48709852 -0.22531825 0.8437812
vn 0.48279428 -0.25996858 0.8362571
vn 0.48716027 -0.22513348 0.8437948
vn -0.48709852 -0.22531825 0.8437812
vn -0.99217933 -0.12481991 9.1046095E-06
vn -0.9742484 -0.2254773 4.6759844E-05
vn -0.48709852 -0.22531825 0.8437812
vn -0.48272127 -0.26004434 0.8362756
vn 0.48279428 -0.25996858 0.8362571
vn -0.48709852 -0.22531825 0.8437812
vn -0.9742484 -0.2254773 4.6759844E-05
vn -0.48272127 -0.26004434 0.8362756
vn 0.97433525 -0.22510183 2.0250678E-05
vn 0.48285162 -0.26002944 -0.83620507
vn 0.4872174 -0.22527015 -0.84372544
vn 0.97433525 -0.22510183 2.0250678E-05
vn 0.48716027 -0.22513348 0.8437948
vn 0.9656289 -0.25992465 3.877282E-05
vn 0.97433525 -0.22510183 2.0250678E-05
vn 0.9656289 -0.25992465 3.877282E-05
vn 0.48285162 -0.26002944 -0.83620507
vn 0.48716027 -0.22513348 0.8437948
vn 0.48279428 -0.25996858 0.8362571
vn 0.9656289 -0.25992465 3.877282E-05
vn 0.4872174 -0.22527015 -0.84372544
vn 0.48285162 -0.26002944 -0.83620507
vn -0.48270264 -0.2603106 -0.8362036
vn -0.497561 0.09861684 -0.8618049
vn -0.49606687 -0.124789 -0.8592702
vn -0.99217933 -0.12481991 9.1046095E-06
vn -0.99217933 -0.12481991 9.1046095E-06
vn -0.49606687 -0.124789 -0.8592702
vn -0.9742484 -0.2254773 4.6759844E-05
vn -0.48272127 -0.26004434 0.8362756
vn 0.482593 -0.26167184 0.8358419
vn 0.48279428 -0.25996858 0.8362571
vn -0.48272127 -0.26004434 0.8362756
vn -0.9742484 -0.2254773 4.6759844E-05
vn -0.96553135 -0.26028684 4.4465065E-05
vn -0.48272127 -0.26004434 0.8362756
vn -0.4824836 -0.26184517 0.83585095
vn 0.482593 -0.26167184 0.8358419
vn -0.48272127 -0.26004434 0.8362756
vn -0.96553135 -0.26028684 4.4465065E-05
vn -0.4824836 -0.26184517 0.83585095
vn 0.9656289 -0.25992465 3.877282E-05
vn 0.48260614 -0.2618599 -0.83577543
vn 0.48285162 -0.26002944 -0.83620507
vn 0.9656289 -0.25992465 3.877282E-05
vn 0.48279428 -0.25996858 0.8362571
vn 0.9651543 -0.26168135 7.364154E-05
vn 0.9656289 -0.25992465 3.877282E-05
vn 0.9651543 -0.26168135 7.364154E-05
vn 0.48260614 -0.2618599 -0.83577543
vn 0.48279428 -0.25996858 0.8362571
vn 0.482593 -0.26167184 0.8358419
vn 0.9651543 -0.26168135 7.364154E-05
vn -0.48270264 -0.2603106 -0.8362036
vn 0.48285162 -0.26002944 -0.83620507
vn -0.4824574 -0.26213497 -0.8357752
vn 0.48285162 -0.26002944 -0.83620507
vn 0.48260614 -0.2618599 -0.83577543
vn -0.4824574 -0.26213497 -0.8357752
vn -0.49606687 -0.124789 -0.8592702
vn -0.48708275 -0.22546822 -0.8437501
vn -0.9742484 -0.2254773 4.6759844E-05
vn -0.9742484 -0.2254773 4.6759844E-05
vn -0.48708275 -0.22546822 -0.8437501
vn -0.96553135 -0.26028684 4.4465065E-05
vn -0.4824836 -0.26184517 0.83585095
vn 0.48713657 -0.22521949 0.84378564
vn 0.482593 -0.26167184 0.8358419
vn -0.4824836 -0.26184517 0.83585095
vn -0.96553135 -0.26028684 4.4465065E-05
vn -0.9650232 -0.26216418 -1.6212463E-05
vn -0.4824836 -0.26184517 0.83585095
vn -0.48712972 -0.22552514 0.8437079
vn 0.48713657 -0.22521949 0.84378564
vn -0.4824836 -0.26184517 0.83585095
vn -0.9650232 -0.26216418 -1.6212463E-05
vn -0.48712972 -0.22552514 0.8437079
vn 0.9651543 -0.26168135 7.364154E-05
vn 0.4871491 -0.22546524 -0.8437127
vn 0.48260614 -0.2618599 -0.83577543
vn 0.9651543 -0.26168135 7.364154E-05
vn 0.482593 -0.26167184 0.8358419
vn 0.974317 -0.22518054 3.0249357E-05
vn 0.9651543 -0.26168135 7.364154E-05
vn 0.974317 -0.22518054 3.0249357E-05
vn 0.4871491 -0.22546524 -0.8437127
vn 0.482593 -0.26167184 0.8358419
vn 0.48713657 -0.22521949 0.84378564
vn 0.974317 -0.22518054 3.0249357E-05
vn -0.4824574 -0.26213497 -0.8357752
vn 0.48260614 -0.2618599 -0.83577543
vn -0.48708406 -0.22565413 -0.84369963
vn 0.48260614 -0.2618599 -0.83577543
vn 0.4871491 -0.22546524 -0.8437127
vn -0.48708406 -0.22565413 -0.84369963
vn -0.48708275 -0.22546822 -0.8437501
vn -0.48270264 -0.2603106 -0.8362036
vn -0.96553135 -0.26028684 4.4465065E-05
vn -0.96553135 -0.26028684 4.4465065E-05
vn -0.48270264 -0.2603106 -0.8362036
vn -0.9650232 -0.26216418 -1.6212463E-05
vn -0.48712972 -0.22552514 0.8437079
vn 0.4930273 -0.16603357 0.85402393
vn 0.48713657 -0.22521949 0.84378564
vn -0.48712972 -0.22552514 0.8437079
vn -0.9650232 -0.26216418 -1.6212463E-05
vn -0.97419864 -0.22569229 -2.3558736E-05
vn -0.48712972 -0.22552514 0.8437079
vn -0.49302623 -0.16618824 0.8539944
vn 0.4930273 -0.16603357 0.85402393
vn -0.48712972 -0.22552514 0.8437079
vn -0.97419864 -0.22569229 -2.3558736E-05
vn -0.49302623 -0.16618824 0.8539944
vn 0.974317 -0.22518054 3.0249357E-05
vn 0.4930629 -0.1661359 -0.85398346
vn 0.4871491 -0.22546524 -0.8437127
vn 0.974317 -0.22518054 3.0249357E-05
vn 0.48713657 -0.22521949 0.84378564
vn 0.98611945 -0.16603743 5.094707E-05
vn 0.974317 -0.22518054 3.0249357E-05
vn 0.98611945 -0.16603743 5.094707E-05
vn 0.4930629 -0.1661359 -0.85398346
vn 0.48713657 -0.22521949 0.84378564
vn 0.4930273 -0.16603357 0.85402393
vn 0.98611945 -0.16603743 5.094707E-05
vn -0.48708406 -0.22565413 -0.84369963
vn 0.4871491 -0.22546524 -0.8437127
vn -0.4930332 -0.16630256 -0.8539682
vn 0.4871491 -0.22546524 -0.8437127
vn 0.4930629 -0.1661359 -0.85398346
vn -0.4930332 -0.16630256 -0.8539682
vn -0.48270264 -0.2603106 -0.8362036
vn -0.4824574 -0.26213497 -0.8357752
vn -0.9650232 -0.26216418 -1.6212463E-05
vn -0.9650232 -0.26216418 -1.6212463E-05
vn -0.4824574 -0.26213497 -0.8357752
vn -0.97419864 -0.22569229 -2.3558736E-05
vn -0.49302623 -0.16618824 0.8539944
vn 0.49731165 -0.1041618 0.8612963
vn 0.4930273 -0.16603357 0.85402393
vn -0.49302623 -0.16618824 0.8539944
vn -0.97419864 -0.22569229 -2.3558736E-05
vn -0.98607135 -0.1663225 7.301569E-06
vn -0.49302623 -0.16618824 0.8539944
vn -0.4972042 -0.10421759 0.8613516
vn 0.49731165 -0.1041618 0.8612963
vn -0.49302623 -0.16618824 0.8539944
vn -0.98607135 -0.1663225 7.301569E-06
vn -0.4972042 -0.10421759 0.8613516
vn 0.98611945 -0.16603743 5.094707E-05
vn 0.49731213 -0.10423249 -0.86128753
vn 0.4930629 -0.1661359 -0.85398346
vn 0.98611945 -0.16603743 5.094707E-05
vn 0.4930273 -0.16603357 0.85402393
vn 0.99455655 -0.10419829 5.695969E-05
vn 0.98611945 -0.16603743 5.094707E-05
vn 0.99455655 -0.10419829 5.695969E-05
vn 0.49731213 -0.10423249 -0.86128753
vn 0.4930273 -0.16603357 0.85402393
vn 0.49731165 -0.1041618 0.8612963
vn 0.99455655 -0.10419829 5.695969E-05
vn -0.4930332 -0.16630256 -0.8539682
vn 0.4930629 -0.1661359 -0.85398346
vn -0.4972376 -0.10432005 -0.86132
vn 0.4930629 -0.1661359 -0.85398346
vn 0.49731213 -0.10423249 -0.86128753
vn -0.4972376 -0.10432005 -0.86132
vn -0.4824574 -0.26213497 -0.8357752
vn -0.48708406 -0.22565413 -0.84369963
vn -0.97419864 -0.22569229 -2.3558736E-05
vn -0.97419864 -0.22569229 -2.3558736E-05
vn -0.48708406 -0.22565413 -0.84369963
vn -0.98607135 -0.1663225 7.301569E-06
vn -0.4972042 -0.10421759 0.8613516
vn 0.49952382 -0.043096483 0.86522734
vn 0.49731165 -0.1041618 0.8612963
vn -0.4972042 -0.10421759 0.8613516
vn -0.98607135 -0.1663225 7.301569E-06
vn -0.9945428 -0.10432922 1.1451542E-05
vn -0.4972042 -0.10421759 0.8613516
vn -0.49955162 -0.043115318 0.8652105
vn 0.49952382 -0.043096483 0.86522734
vn -0.4972042 -0.10421759 0.8613516
vn -0.9945428 -0.10432922 1.1451542E-05
vn -0.49955162 -0.043115318 0.8652105
vn 0.99455655 -0.10419829 5.695969E-05
vn 0.49952033 -0.043105423 -0.865229
vn 0.49731213 -0.10423249 -0.86128753
vn 0.99455655 -0.10419829 5.695969E-05
vn 0.49731165 -0.1041618 0.8612963
vn 0.99907124 -0.0430907 -7.864088E-06
vn 0.99455655 -0.10419829 5.695969E-05
vn 0.99907124 -0.0430907 -7.864088E-06
vn 0.49952033 -0.043105423 -0.865229
vn 0.99907124 -0.0430907 -7.864088E-06
vn 0.49731165 -0.1041618 0.8612963
vn 0.49952382 -0.043096483 0.86522734
vn -0.4972376 -0.10432005 -0.86132
vn 0.49731213 -0.10423249 -0.86128753
vn -0.49955136 -0.043115616 -0.8652107
vn -0.49955136 -0.043115616 -0.8652107
vn 0.49731213 -0.10423249 -0.86128753
vn 0.49952033 -0.043105423 -0.865229
vn -0.48708406 -0.22565413 -0.84369963
vn -0.4930332 -0.16630256 -0.8539682
vn -0.98607135 -0.1663225 7.301569E-06
vn -0.98607135 -0.1663225 7.301569E-06
vn -0.4930332 -0.16630256 -0.8539682
vn -0.9945428 -0.10432922 1.1451542E-05
vn -0.49955162 -0.043115318 0.8652105
vn -0.9945428 -0.10432922 1.1451542E-05
vn -0.9990698 -0.04312146 -1.12354755E-05
vn -0.4930332 -0.16630256 -0.8539682
vn -0.4972376 -0.10432005 -0.86132
vn -0.9945428 -0.10432922 1.1451542E-05
vn -0.9945428 -0.10432922 1.1451542E-05
vn -0.4972376 -0.10432005 -0.86132
vn -0.9990698 -0.04312146 -1.12354755E-05
vn -0.4972376 -0.10432005 -0.86132
vn -0.49955136 -0.043115616 -0.8652107
vn -0.9990698 -0.04312146 -1.12354755E-05
vn 0.4999816 1.1920929E-07 -0.86603594
vn -0.5000179 -5.9604645E-08 -0.8660151
vn 0.49998203 5.9604645E-08 -0.86603576
vn 0.4999816 1.1920929E-07 -0.86603594
vn -0.50001806 3.5762787E-07 -0.86601496
vn -0.5000179 -5.9604645E-08 -0.8660151
vn 0.4999816 1.1920929E-07 -0.86603594
vn 0.49998203 5.9604645E-08 -0.86603576
vn 1 8.222136E-08 -2.3277636E-08
vn 0.4999816 1.1920929E-07 -0.86603594
vn 0.4999821 2.3841858E-07 -0.8660357
vn -0.50001806 3.5762787E-07 -0.86601496
vn 0.4999816 1.1920929E-07 -0.86603594
vn 1 8.222136E-08 -2.3277636E-08
vn 1 3.3440974E-09 1.095419E-08
vn 0.4999816 1.1920929E-07 -0.86603594
vn 1 3.3440974E-09 1.095419E-08
vn 0.4999821 2.3841858E-07 -0.8660357
vn -0.5000179 -5.9604645E-08 -0.8660151
vn -0.5000183 0 -0.8660149
vn 0.49998203 5.9604645E-08 -0.86603576
vn -0.50001806 3.5762787E-07 -0.86601496
vn 0.4999821 2.3841858E-07 -0.8660357
vn -0.50001866 1.1920929E-07 -0.86601454
vn 1 8.222136E-08 -2.3277636E-08
vn 0.49998203 5.9604645E-08 0.86603576
vn 1 3.3440974E-09 1.095419E-08
vn 1 8.222136E-08 -2.3277636E-08
vn 0.49998203 5.9604645E-08 -0.86603576
vn 1 3.3817975E-09 6.8463692E-09
vn 1 8.222136E-08 -2.3277636E-08
vn 0.49998164 -1.1920929E-07 0.86603594
vn 0.49998203 5.9604645E-08 0.86603576
vn 1 8.222136E-08 -2.3277636E-08
vn 1 3.3817975E-09 6.8463692E-09
vn 0.49998164 -1.1920929E-07 0.86603594
vn -0.5000183 0 -0.8660149
vn 0.49998164 1.1920929E-07 -0.86603594
vn 0.49998203 5.9604645E-08 -0.86603576
vn -0.5000183 0 -0.8660149
vn -0.50001794 -5.9604645E-08 -0.8660151
vn 0.49998164 1.1920929E-07 -0.86603594
vn 0.49998203 5.9604645E-08 -0.86603576
vn 0.49998164 1.1920929E-07 -0.86603594
vn 1 3.3817975E-09 6.8463692E-09
vn 0.4999821 2.3841858E-07 -0.8660357
vn 0.4999824 0 -0.86603564
vn -0.50001866 1.1920929E-07 -0.86601454
vn 0.4999821 2.3841858E-07 -0.8660357
vn 1 3.3440974E-09 1.095419E-08
vn 1 4.0397214E-09 2.1908363E-08
vn 0.4999821 2.3841858E-07 -0.8660357
vn 1 4.0397214E-09 2.1908363E-08
vn 0.4999824 0 -0.86603564
vn 0.49998203 5.9604645E-08 0.86603576
vn 0.49998164 -1.1920929E-07 0.86603594
vn -0.50001794 0 0.8660151
vn 0.49998203 5.9604645E-08 0.86603576
vn 0.49998167 -1.1920929E-07 0.86603594
vn 1 3.3440974E-09 1.095419E-08
vn 0.49998203 5.9604645E-08 0.86603576
vn -0.50001794 0 0.8660151
vn -0.5000184 -1.7881393E-07 0.8660147
vn 0.49998203 5.9604645E-08 0.86603576
vn -0.5000184 -1.7881393E-07 0.8660147
vn 0.49998167 -1.1920929E-07 0.86603594
vn 1 3.3440974E-09 1.095419E-08
vn 0.49998167 -1.1920929E-07 0.86603594
vn 1 4.0397214E-09 2.1908363E-08
vn -0.50001794 -5.9604645E-08 -0.8660151
vn 0.499982 0 -0.8660357
vn 0.49998164 1.1920929E-07 -0.86603594
vn -0.50001794 -5.9604645E-08 -0.8660151
vn -0.50001794 1.1920929E-07 -0.86601496
vn 0.499982 0 -0.8660357
vn 1 3.3817975E-09 6.8463692E-09
vn 0.49998212 0 0.86603564
vn 0.49998164 -1.1920929E-07 0.86603594
vn 1 3.3817975E-09 6.8463692E-09
vn 0.49998164 1.1920929E-07 -0.86603594
vn 1 -3.9748308E-08 -7.667926E-08
vn 1 3.3817975E-09 6.8463692E-09
vn 1 -3.9748308E-08 -7.667926E-08
vn 0.49998212 0 0.86603564
vn 1 -3.9748308E-08 -7.667926E-08
vn 0.49998164 1.1920929E-07 -0.86603594
vn 0.499982 0 -0.8660357
vn -0.50001866 1.1920929E-07 -0.86601454
vn 0.4999824 0 -0.86603564
vn -0.5000181 0 -0.86601496
vn -0.50001794 0 0.8660151
vn -1 -4.9884875E-08 -3.5527137E-15
vn -0.5000184 -1.7881393E-07 0.8660147
vn -0.50001794 0 0.8660151
vn 0.49998164 -1.1920929E-07 0.86603594
vn -0.50001806 -5.9604645E-08 0.86601496
vn -0.50001794 0 0.8660151
vn -1 2.6793892E-09 -5.4768286E-08
vn -1 -4.9884875E-08 -3.5527137E-15
vn -0.50001794 0 0.8660151
vn -0.50001806 -5.9604645E-08 0.86601496
vn -1 2.6793892E-09 -5.4768286E-08
vn -0.50001806 -5.9604645E-08 0.86601496
vn 0.49998164 -1.1920929E-07 0.86603594
vn 0.49998212 0 0.86603564
vn 0.49998167 -1.1920929E-07 0.86603594
vn 0.4999822 2.3841858E-07 0.86603564
vn 1 4.0397214E-09 2.1908363E-08
vn 0.49998167 -1.1920929E-07 0.86603594
vn -0.5000184 -1.7881393E-07 0.8660147
vn -0.50001794 5.9604645E-08 0.8660151
vn 0.49998167 -1.1920929E-07 0.86603594
vn -0.50001794 5.9604645E-08 0.8660151
vn 0.4999822 2.3841858E-07 0.86603564
vn 0.4999824 0 -0.86603564
vn 0.4999822 0 -0.86603564
vn -0.5000181 0 -0.86601496
vn 0.4999824 0 -0.86603564
vn 1 4.0397214E-09 2.1908363E-08
vn 1 3.1373446E-09 -7.667924E-08
vn 0.4999824 0 -0.86603564
vn 1 3.1373446E-09 -7.667924E-08
vn 0.4999822 0 -0.86603564
vn 1 4.0397214E-09 2.1908363E-08
vn 0.4999822 2.3841858E-07 0.86603564
vn 1 3.1373446E-09 -7.667924E-08
vn -1 -4.9884875E-08 -3.5527137E-15
vn -1 2.6793892E-09 -5.4768286E-08
vn -0.50001794 1.1920929E-07 -0.86601496
vn -1 -4.9884875E-08 -3.5527137E-15
vn -1 -8.0677275E-08 -5.476826E-08
vn -0.5000184 -1.7881393E-07 0.8660147
vn -1 -4.9884875E-08 -3.5527137E-15
vn -0.50001794 1.1920929E-07 -0.86601496
vn -0.50001794 -5.9604645E-08 -0.8660151
vn -1 -4.9884875E-08 -3.5527137E-15
vn -0.50001794 -5.9604645E-08 -0.8660151
vn -1 -8.0677275E-08 -5.476826E-08
vn -0.5000184 -1.7881393E-07 0.8660147
vn -1 -8.0677275E-08 -5.476826E-08
vn -0.50001794 5.9604645E-08 0.8660151
vn -0.5000181 0 -0.86601496
vn 0.4999822 0 -0.86603564
vn -0.5000187 1.1920929E-07 -0.86601454
vn 0.4999822 2.3841858E-07 0.86603564
vn 0.4999824 0 0.86603564
vn 1 3.1373446E-09 -7.667924E-08
vn 0.4999822 2.3841858E-07 0.86603564
vn -0.50001794 5.9604645E-08 0.8660151
vn -0.50001806 2.3841858E-07 0.86601496
vn 0.4999822 2.3841858E-07 0.86603564
vn -0.50001806 2.3841858E-07 0.86601496
vn 0.4999824 0 0.86603564
vn -0.50001794 -5.9604645E-08 -0.8660151
vn -0.5000183 0 -0.8660149
vn -1 -8.0677275E-08 -5.476826E-08
vn 0.4999822 0 -0.86603564
vn 0.49998268 0 -0.86603534
vn -0.5000187 1.1920929E-07 -0.86601454
vn 0.4999822 0 -0.86603564
vn 1 3.1373446E-09 -7.667924E-08
vn 1 -4.9158594E-08 -2.1908365E-08
vn 0.4999822 0 -0.86603564
vn 1 -4.9158594E-08 -2.1908365E-08
vn 0.49998268 0 -0.86603534
vn 1 3.1373446E-09 -7.667924E-08
vn 0.4999824 0 0.86603564
vn 1 -4.9158594E-08 -2.1908365E-08
vn -0.50001794 5.9604645E-08 0.8660151
vn -1 4.4465565E-08 3.5527137E-15
vn -0.50001806 2.3841858E-07 0.86601496
vn -0.50001794 5.9604645E-08 0.8660151
vn -1 -8.0677275E-08 -5.476826E-08
vn -1 4.4465565E-08 3.5527137E-15
vn -1 -8.0677275E-08 -5.476826E-08
vn -0.5000183 0 -0.8660149
vn -1 4.4465565E-08 3.5527137E-15
vn -0.5000187 1.1920929E-07 -0.86601454
vn 0.49998268 0 -0.86603534
vn -0.50001866 5.9604645E-08 -0.86601454
vn 0.4999824 0 0.86603564
vn 0.49998218 -3.5762787E-07 0.8660357
vn 1 -4.9158594E-08 -2.1908365E-08
vn 0.4999824 0 0.86603564
vn -0.50001806 2.3841858E-07 0.86601496
vn -0.50001866 -5.9604645E-08 0.86601466
vn 0.4999824 0 0.86603564
vn -0.50001866 -5.9604645E-08 0.86601466
vn 0.49998218 -3.5762787E-07 0.8660357
vn -0.5000183 0 -0.8660149
vn -0.5000179 -5.9604645E-08 -0.8660151
vn -1 4.4465565E-08 3.5527137E-15
vn 0.49998268 0 -0.86603534
vn 0.49998268 5.9604645E-08 -0.8660353
vn -0.50001866 5.9604645E-08 -0.86601454
vn 0.49998268 0 -0.86603534
vn 1 -4.9158594E-08 -2.1908365E-08
vn 1 -1.1305724E-07 9.311052E-07
vn 0.49998268 0 -0.86603534
vn 1 -1.1305724E-07 9.311052E-07
vn 0.49998268 5.9604645E-08 -0.8660353
vn 1 -4.9158594E-08 -2.1908365E-08
vn 0.49998218 -3.5762787E-07 0.8660357
vn 1 -1.1305724E-07 9.311052E-07
vn -0.50001806 2.3841858E-07 0.86601496
vn -1 1.7636127E-07 -1.3144391E-07
vn -0.50001866 -5.9604645E-08 0.86601466
vn -0.50001806 2.3841858E-07 0.86601496
vn -1 4.4465565E-08 3.5527137E-15
vn -1 1.7636127E-07 -1.3144391E-07
vn -1 4.4465565E-08 3.5527137E-15
vn -0.5000179 -5.9604645E-08 -0.8660151
vn -1 1.7636127E-07 -1.3144391E-07
vn -0.50001866 5.9604645E-08 -0.86601454
vn 0.49998268 5.9604645E-08 -0.8660353
vn -0.42035285 -0.54154223 -0.7280352
vn 0.49998218 -3.5762787E-07 0.8660357
vn 0.4999819 -2.3841858E-07 0.8660357
vn 1 -1.1305724E-07 9.311052E-07
vn 0.49998218 -3.5762787E-07 0.8660357
vn -0.50001866 -5.9604645E-08 0.86601466
vn -0.5000181 -1.7881393E-07 0.8660149
vn 0.49998218 -3.5762787E-07 0.8660357
vn -0.5000181 -1.7881393E-07 0.8660149
vn 0.4999819 -2.3841858E-07 0.8660357
vn -0.5000179 -5.9604645E-08 -0.8660151
vn -0.50001806 3.5762787E-07 -0.86601496
vn -1 1.7636127E-07 -1.3144391E-07
vn 0.49998268 5.9604645E-08 -0.8660353
vn 0.42032123 -0.541544 -0.7280523
vn -0.42035285 -0.54154223 -0.7280352
vn 0.49998268 5.9604645E-08 -0.8660353
vn 1 -1.1305724E-07 9.311052E-07
vn 1 0 8.544259E-07
vn 0.49998268 5.9604645E-08 -0.8660353
vn 1 0 8.544259E-07
vn 0.42032123 -0.541544 -0.7280523
vn 1 -1.1305724E-07 9.311052E-07
vn 0.4999819 -2.3841858E-07 0.8660357
vn 1 0 8.544259E-07
vn -0.50001866 -5.9604645E-08 0.86601466
vn -1 -4.5528674E-09 1.09536495E-08
vn -0.5000181 -1.7881393E-07 0.8660149
vn -0.50001866 -5.9604645E-08 0.86601466
vn -1 1.7636127E-07 -1.3144391E-07
vn -1 -4.5528674E-09 1.09536495E-08
vn -1 1.7636127E-07 -1.3144391E-07
vn -0.50001806 3.5762787E-07 -0.86601496
vn -1 -4.5528674E-09 1.09536495E-08
vn -0.42035285 -0.54154223 -0.7280352
vn 0.42032123 -0.541544 -0.7280523
vn 5.745144E-06 -0.99999994 3.5762787E-07
vn 0.4999819 -2.3841858E-07 0.8660357
vn 0.49998194 -5.9604645E-08 0.8660357
vn 1 0 8.544259E-07
vn 0.4999819 -2.3841858E-07 0.8660357
vn -0.5000181 -1.7881393E-07 0.8660149
vn -0.50001794 -1.1920929E-07 0.86601496
vn 0.4999819 -2.3841858E-07 0.8660357
vn -0.50001794 -1.1920929E-07 0.86601496
vn 0.49998194 -5.9604645E-08 0.8660357
vn -0.50001806 3.5762787E-07 -0.86601496
vn -0.50001866 1.1920929E-07 -0.86601454
vn -1 -4.5528674E-09 1.09536495E-08
vn 0.42032123 -0.541544 -0.7280523
vn 1 0 8.544259E-07
vn 0.8406762 -0.5415381 7.748604E-07
vn 0.42032123 -0.541544 -0.7280523
vn 0.8406762 -0.5415381 7.748604E-07
vn 5.745144E-06 -0.99999994 3.5762787E-07
vn 1 0 8.544259E-07
vn 0.49998194 -5.9604645E-08 0.8660357
vn 0.8406762 -0.5415381 7.748604E-07
vn -0.5000181 -1.7881393E-07 0.8660149
vn -1 -5.2464926E-09 -5.2464926E-09
vn -0.50001794 -1.1920929E-07 0.86601496
vn -0.5000181 -1.7881393E-07 0.8660149
vn -1 -4.5528674E-09 1.09536495E-08
vn -1 -5.2464926E-09 -5.2464926E-09
vn -1 -4.5528674E-09 1.09536495E-08
vn -0.50001866 1.1920929E-07 -0.86601454
vn -1 -5.2464926E-09 -5.2464926E-09
vn 0.49998194 -5.9604645E-08 0.8660357
vn 0.42032057 -0.54154396 0.72805274
vn 0.8406762 -0.5415381 7.748604E-07
vn 0.49998194 -5.9604645E-08 0.8660357
vn -0.50001794 -1.1920929E-07 0.86601496
vn -0.5000177 0 0.86601514
vn 0.49998194 -5.9604645E-08 0.8660357
vn -0.5000177 0 0.86601514
vn 0.42032057 -0.54154396 0.72805274
vn -0.50001866 1.1920929E-07 -0.86601454
vn -0.5000181 0 -0.86601496
vn -1 -5.2464926E-09 -5.2464926E-09
vn 0.8406762 -0.5415381 7.748604E-07
vn 0.42032057 -0.54154396 0.72805274
vn 5.745144E-06 -0.99999994 3.5762787E-07
vn -0.50001794 -1.1920929E-07 0.86601496
vn -1 1.4162401E-07 8.762924E-07
vn -0.5000177 0 0.86601514
vn -0.50001794 -1.1920929E-07 0.86601496
vn -1 -5.2464926E-09 -5.2464926E-09
vn -1 1.4162401E-07 8.762924E-07
vn -1 -5.2464926E-09 -5.2464926E-09
vn -0.5000181 0 -0.86601496
vn -1 1.4162401E-07 8.762924E-07
vn 0.42032057 -0.54154396 0.72805274
vn -0.5000177 0 0.86601514
vn -0.42035225 -0.5415423 0.7280357
vn 0.42032057 -0.54154396 0.72805274
vn -0.42035225 -0.5415423 0.7280357
vn 5.745144E-06 -0.99999994 3.5762787E-07
vn -0.5000181 0 -0.86601496
vn -0.5000187 1.1920929E-07 -0.86601454
vn -1 1.4162401E-07 8.762924E-07
vn -0.5000177 0 0.86601514
vn -1 -5.684342E-14 9.0915324E-07
vn -0.42035225 -0.5415423 0.7280357
vn -0.5000177 0 0.86601514
vn -1 1.4162401E-07 8.762924E-07
vn -1 -5.684342E-14 9.0915324E-07
vn -1 1.4162401E-07 8.762924E-07
vn -0.5000187 1.1920929E-07 -0.86601454
vn -1 -5.684342E-14 9.0915324E-07
vn -0.42035225 -0.5415423 0.7280357
vn -1 -5.684342E-14 9.0915324E-07
vn -0.84066963 -0.5415482 6.556511E-07
vn -0.42035225 -0.5415423 0.7280357
vn -0.84066963 -0.5415482 6.556511E-07
vn 5.745144E-06 -0.99999994 3.5762787E-07
vn -0.5000187 1.1920929E-07 -0.86601454
vn -0.50001866 5.9604645E-08 -0.86601454
vn -1 -5.684342E-14 9.0915324E-07
vn -1 -5.684342E-14 9.0915324E-07
vn -0.50001866 5.9604645E-08 -0.86601454
vn -0.84066963 -0.5415482 6.556511E-07
vn -0.50001866 5.9604645E-08 -0.86601454
vn -0.42035285 -0.54154223 -0.7280352
vn -0.84066963 -0.5415482 6.556511E-07
vn -0.42035285 -0.54154223 -0.7280352
vn 5.745144E-06 -0.99999994 3.5762787E-07
vn -0.84066963 -0.5415482 6.556511E-07
vn 0.49998167 1.1920929E-07 -0.8660359
vn 0.499982 0 -0.8660357
vn -0.50001794 1.1920929E-07 -0.86601496
vn 0.49998167 1.1920929E-07 -0.8660359
vn 1 4.0086263E-08 -3.724424E-07
vn 0.499982 0 -0.8660357
vn 0.49998167 1.1920929E-07 -0.8660359
vn -0.50001794 1.1920929E-07 -0.86601496
vn -0.50001794 -5.9604645E-08 -0.8660151
vn 0.49998167 1.1920929E-07 -0.8660359
vn 1 -2.4106512E-09 -6.709436E-08
vn 1 4.0086263E-08 -3.724424E-07
vn 0.49998167 1.1920929E-07 -0.8660359
vn -0.50001794 -5.9604645E-08 -0.8660151
vn 0.499982 0 -0.86603576
vn 0.49998167 1.1920929E-07 -0.8660359
vn 0.499982 0 -0.86603576
vn 1 -2.4106512E-09 -6.709436E-08
vn 0.499982 0 -0.8660357
vn 1 4.0086263E-08 -3.724424E-07
vn 1 -3.9748308E-08 -7.667926E-08
vn -0.50001794 -5.9604645E-08 -0.8660151
vn -0.5000183 5.9604645E-08 -0.8660149
vn 0.499982 0 -0.86603576
vn 1 -2.4106512E-09 -6.709436E-08
vn 0.49998212 0 0.8660357
vn 1 4.0086263E-08 -3.724424E-07
vn 1 -2.4106512E-09 -6.709436E-08
vn 0.499982 0 -0.86603576
vn 1 3.2205811E-09 -1.0954189E-08
vn 1 -2.4106512E-09 -6.709436E-08
vn 0.49998164 -1.1920929E-07 0.86603594
vn 0.49998212 0 0.8660357
vn 1 -2.4106512E-09 -6.709436E-08
vn 1 3.2205811E-09 -1.0954189E-08
vn 0.49998164 -1.1920929E-07 0.86603594
vn 1 -3.9748308E-08 -7.667926E-08
vn 1 4.0086263E-08 -3.724424E-07
vn 0.49998203 -1.1920929E-07 0.86603576
vn 1 -3.9748308E-08 -7.667926E-08
vn 0.49998203 -1.1920929E-07 0.86603576
vn 0.49998212 0 0.86603564
vn 1 4.0086263E-08 -3.724424E-07
vn 0.49998212 0 0.8660357
vn 0.49998203 -1.1920929E-07 0.86603576
vn -0.5000183 5.9604645E-08 -0.8660149
vn 0.49998164 1.7881393E-07 -0.86603594
vn 0.499982 0 -0.86603576
vn -0.5000183 5.9604645E-08 -0.8660149
vn -0.50001794 -5.9604645E-08 -0.8660151
vn 0.49998164 1.7881393E-07 -0.86603594
vn 0.499982 0 -0.86603576
vn 0.49998164 1.7881393E-07 -0.86603594
vn 1 3.2205811E-09 -1.0954189E-08
vn 0.49998164 -1.1920929E-07 0.86603594
vn -0.50001794 0 0.8660151
vn 0.49998212 0 0.8660357
vn 0.49998164 -1.1920929E-07 0.86603594
vn 1 3.2205811E-09 -1.0954189E-08
vn 0.49998212 -5.9604645E-08 0.86603564
vn 0.49998164 -1.1920929E-07 0.86603594
vn -0.5000184 -2.3841858E-07 0.8660147
vn -0.50001794 0 0.8660151
vn 0.49998164 -1.1920929E-07 0.86603594
vn 0.49998212 -5.9604645E-08 0.86603564
vn -0.5000184 -2.3841858E-07 0.8660147
vn 0.49998212 0 0.86603564
vn 0.49998203 -1.1920929E-07 0.86603576
vn -0.50001764 5.9604645E-08 0.8660152
vn 0.49998212 0 0.86603564
vn -0.50001764 5.9604645E-08 0.8660152
vn -0.50001806 -5.9604645E-08 0.86601496
vn -0.50001794 -5.9604645E-08 -0.8660151
vn 0.49998194 -1.7881393E-07 -0.86603576
vn 0.49998164 1.7881393E-07 -0.86603594
vn -0.50001794 -5.9604645E-08 -0.8660151
vn -0.5000181 -1.1920929E-07 -0.8660149
vn 0.49998194 -1.7881393E-07 -0.86603576
vn 0.49998212 0 0.8660357
vn -0.50001794 0 0.8660151
vn -0.50001836 -1.7881393E-07 0.8660147
vn 0.49998212 0 0.8660357
vn -0.50001836 -1.7881393E-07 0.8660147
vn 0.49998203 -1.1920929E-07 0.86603576
vn 0.49998203 -1.1920929E-07 0.86603576
vn -0.50001836 -1.7881393E-07 0.8660147
vn -0.50001764 5.9604645E-08 0.8660152
vn 1 3.2205811E-09 -1.0954189E-08
vn 1 -4.817369E-08 -3.0260927E-07
vn 0.49998212 -5.9604645E-08 0.86603564
vn 1 3.2205811E-09 -1.0954189E-08
vn 0.49998164 1.7881393E-07 -0.86603594
vn 1 -4.817369E-08 -3.0260927E-07
vn 0.49998164 1.7881393E-07 -0.86603594
vn 0.49998194 -1.7881393E-07 -0.86603576
vn 1 -4.817369E-08 -3.0260927E-07
vn -0.5000184 -2.3841858E-07 0.8660147
vn -1 -3.0904403E-08 -2.409804E-07
vn -0.50001794 0 0.8660151
vn -0.5000184 -2.3841858E-07 0.8660147
vn 0.49998212 -5.9604645E-08 0.86603564
vn -0.5000181 5.9604645E-08 0.8660149
vn -0.5000184 -2.3841858E-07 0.8660147
vn -1 5.684342E-12 -3.0122555E-07
vn -1 -3.0904403E-08 -2.409804E-07
vn -0.5000184 -2.3841858E-07 0.8660147
vn -0.5000181 5.9604645E-08 0.8660149
vn -1 5.684342E-12 -3.0122555E-07
vn -0.50001806 -5.9604645E-08 0.86601496
vn -0.50001764 5.9604645E-08 0.8660152
vn -1 8.1097255E-08 4.2719284E-07
vn -0.50001806 -5.9604645E-08 0.86601496
vn -1 8.1097255E-08 4.2719284E-07
vn -1 2.6793892E-09 -5.4768286E-08
vn -0.5000181 -1.1920929E-07 -0.8660149
vn 0.49998194 5.9604645E-08 -0.8660357
vn 0.49998194 -1.7881393E-07 -0.86603576
vn -0.5000181 -1.1920929E-07 -0.8660149
vn -0.50001794 -5.9604645E-08 -0.86601514
vn 0.49998194 5.9604645E-08 -0.8660357
vn -0.50001836 -1.7881393E-07 0.8660147
vn -0.50001794 0 0.8660151
vn -1 -6.5118286E-08 1.0953663E-08
vn -0.50001836 -1.7881393E-07 0.8660147
vn -1 -3.465469E-08 -7.6675555E-08
vn -0.50001764 5.9604645E-08 0.8660152
vn -0.50001836 -1.7881393E-07 0.8660147
vn -1 -6.5118286E-08 1.0953663E-08
vn -1 -3.465469E-08 -7.6675555E-08
vn -0.50001764 5.9604645E-08 0.8660152
vn -1 -3.465469E-08 -7.6675555E-08
vn -1 8.1097255E-08 4.2719284E-07
vn -0.50001794 0 0.8660151
vn -1 -3.0904403E-08 -2.409804E-07
vn -1 -6.5118286E-08 1.0953663E-08
vn 1 -4.817369E-08 -3.0260927E-07
vn 0.49998227 0 0.86603564
vn 0.49998212 -5.9604645E-08 0.86603564
vn 1 -4.817369E-08 -3.0260927E-07
vn 0.49998194 -1.7881393E-07 -0.86603576
vn 1 2.0837277E-08 -2.012831E-07
vn 1 -4.817369E-08 -3.0260927E-07
vn 1 2.0837277E-08 -2.012831E-07
vn 0.49998227 0 0.86603564
vn 0.49998194 -1.7881393E-07 -0.86603576
vn 0.49998194 5.9604645E-08 -0.8660357
vn 1 2.0837277E-08 -2.012831E-07
vn 0.49998212 -5.9604645E-08 0.86603564
vn 0.49998227 0 0.86603564
vn -0.5000181 5.9604645E-08 0.8660149
vn -1 5.684342E-12 -3.0122555E-07
vn -0.50001794 -5.9604645E-08 -0.86601514
vn -1 -3.0904403E-08 -2.409804E-07
vn -1 5.684342E-12 -3.0122555E-07
vn -0.5000181 5.9604645E-08 0.8660149
vn -1 7.6437345E-10 -3.0670228E-07
vn -1 5.684342E-12 -3.0122555E-07
vn -0.5000182 5.9604645E-08 -0.8660149
vn -0.50001794 -5.9604645E-08 -0.86601514
vn -1 5.684342E-12 -3.0122555E-07
vn -1 7.6437345E-10 -3.0670228E-07
vn -0.5000182 5.9604645E-08 -0.8660149
vn -1 2.6793892E-09 -5.4768286E-08
vn -1 8.1097255E-08 4.2719284E-07
vn -0.50001794 -5.9604645E-08 -0.8660151
vn -1 2.6793892E-09 -5.4768286E-08
vn -0.50001794 -5.9604645E-08 -0.8660151
vn -0.50001794 1.1920929E-07 -0.86601496
vn -0.50001794 -5.9604645E-08 -0.86601514
vn 0.49998218 0 -0.86603564
vn 0.49998194 5.9604645E-08 -0.8660357
vn -0.50001794 -5.9604645E-08 -0.86601514
vn -0.5000182 5.9604645E-08 -0.8660149
vn 0.49998218 0 -0.86603564
vn -1 -3.465469E-08 -7.6675555E-08
vn -1 -6.5118286E-08 1.0953663E-08
vn -0.50001794 -5.9604645E-08 -0.8660151
vn -1 -3.465469E-08 -7.6675555E-08
vn -0.5000183 5.9604645E-08 -0.8660149
vn -1 8.1097255E-08 4.2719284E-07
vn -1 -3.465469E-08 -7.6675555E-08
vn -0.50001794 -5.9604645E-08 -0.8660151
vn -0.5000183 5.9604645E-08 -0.8660149
vn -0.5000183 5.9604645E-08 -0.8660149
vn -0.50001794 -5.9604645E-08 -0.8660151
vn -1 8.1097255E-08 4.2719284E-07
vn 1 2.0837277E-08 -2.012831E-07
vn 0.49998203 -5.9604645E-08 0.8660357
vn 0.49998227 0 0.86603564
vn 1 2.0837277E-08 -2.012831E-07
vn 0.49998194 5.9604645E-08 -0.8660357
vn 1 -4.234991E-08 2.6290036E-07
vn 1 2.0837277E-08 -2.012831E-07
vn 1 -4.234991E-08 2.6290036E-07
vn 0.49998203 -5.9604645E-08 0.8660357
vn 0.49998194 5.9604645E-08 -0.8660357
vn 0.49998218 0 -0.86603564
vn 1 -4.234991E-08 2.6290036E-07
vn -1 -3.0904403E-08 -2.409804E-07
vn -0.50001794 -5.9604645E-08 -0.86601514
vn -0.5000181 -1.1920929E-07 -0.8660149
vn -1 -3.0904403E-08 -2.409804E-07
vn -0.5000181 -1.1920929E-07 -0.8660149
vn -1 -6.5118286E-08 1.0953663E-08
vn -1 -6.5118286E-08 1.0953663E-08
vn -0.5000181 -1.1920929E-07 -0.8660149
vn -0.50001794 -5.9604645E-08 -0.8660151
vn -0.5000181 5.9604645E-08 0.8660149
vn -0.5000185 -5.9604645E-08 0.8660147
vn -1 7.6437345E-10 -3.0670228E-07
vn -0.5000181 5.9604645E-08 0.8660149
vn 0.49998227 0 0.86603564
vn -0.5000185 -5.9604645E-08 0.8660147
vn 0.49998227 0 0.86603564
vn 0.49998203 -5.9604645E-08 0.8660357
vn -0.5000185 -5.9604645E-08 0.8660147
vn -0.5000182 5.9604645E-08 -0.8660149
vn -1 7.6437345E-10 -3.0670228E-07
vn -0.50001794 -5.9604645E-08 -0.86601514
vn -0.5000182 5.9604645E-08 -0.8660149
vn 0.499982 5.9604645E-08 -0.8660357
vn 0.49998218 0 -0.86603564
vn -0.5000182 5.9604645E-08 -0.8660149
vn -0.50001794 -5.9604645E-08 -0.86601514
vn 0.499982 5.9604645E-08 -0.8660357
vn 1 -4.234991E-08 2.6290036E-07
vn 0.49998218 0 0.86603564
vn 0.49998203 -5.9604645E-08 0.8660357
vn 1 -4.234991E-08 2.6290036E-07
vn 0.49998218 0 -0.86603564
vn 1 2.1512761E-08 -2.9850148E-07
vn 1 -4.234991E-08 2.6290036E-07
vn 1 2.1512761E-08 -2.9850148E-07
vn 0.49998218 0 0.86603564
vn 0.49998218 0 -0.86603564
vn 0.499982 5.9604645E-08 -0.8660357
vn 1 2.1512761E-08 -2.9850148E-07
vn -0.5000185 -5.9604645E-08 0.8660147
vn -1 -7.5272055E-10 -2.7931821E-07
vn -1 7.6437345E-10 -3.0670228E-07
vn -0.5000185 -5.9604645E-08 0.8660147
vn 0.49998203 -5.9604645E-08 0.8660357
vn -0.5000181 5.9604645E-08 0.8660149
vn -0.5000185 -5.9604645E-08 0.8660147
vn -0.5000181 5.9604645E-08 0.8660149
vn -1 -7.5272055E-10 -2.7931821E-07
vn 0.49998203 -5.9604645E-08 0.8660357
vn 0.49998218 0 0.86603564
vn -0.5000181 5.9604645E-08 0.8660149
vn -1 7.6437345E-10 -3.0670228E-07
vn -1 -7.5272055E-10 -2.7931821E-07
vn -0.50001794 -5.9604645E-08 -0.86601514
vn -0.50001794 -5.9604645E-08 -0.86601514
vn 0.49998155 4.7683716E-07 -0.8660361
vn 0.499982 5.9604645E-08 -0.8660357
vn -0.50001794 -5.9604645E-08 -0.86601514
vn -0.5000181 9.536743E-07 -0.86601496
vn 0.49998155 4.7683716E-07 -0.8660361
vn 1 2.1512761E-08 -2.9850148E-07
vn 0.49998227 -5.9604645E-07 0.8660355
vn 0.49998218 0 0.86603564
vn 1 2.1512761E-08 -2.9850148E-07
vn 0.499982 5.9604645E-08 -0.8660357
vn 1 -3.4771517E-07 -2.40992E-07
vn 1 2.1512761E-08 -2.9850148E-07
vn 1 -3.4771517E-07 -2.40992E-07
vn 0.49998227 -5.9604645E-07 0.8660355
vn 0.499982 5.9604645E-08 -0.8660357
vn 0.49998155 4.7683716E-07 -0.8660361
vn 1 -3.4771517E-07 -2.40992E-07
vn -0.5000181 5.9604645E-08 0.8660149
vn -1 4.1947123E-07 -2.5604163E-07
vn -1 -7.5272055E-10 -2.7931821E-07
vn -0.5000181 5.9604645E-08 0.8660149
vn 0.49998218 0 0.86603564
vn -0.5000187 -2.3841858E-07 0.86601466
vn -0.5000181 5.9604645E-08 0.8660149
vn -0.5000187 -2.3841858E-07 0.86601466
vn -1 4.1947123E-07 -2.5604163E-07
vn 0.49998218 0 0.86603564
vn 0.49998227 -5.9604645E-07 0.8660355
vn -0.5000187 -2.3841858E-07 0.86601466
vn -0.50001794 -5.9604645E-08 -0.86601514
vn -1 -7.5272055E-10 -2.7931821E-07
vn -0.5000181 9.536743E-07 -0.86601496
vn -1 -7.5272055E-10 -2.7931821E-07
vn -1 4.1947123E-07 -2.5604163E-07
vn -0.5000181 9.536743E-07 -0.86601496
vn -0.5000181 9.536743E-07 -0.86601496
vn 0.49952033 -0.043105423 -0.865229
vn 0.49998155 4.7683716E-07 -0.8660361
vn -0.5000181 9.536743E-07 -0.86601496
vn -0.49955136 -0.043115616 -0.8652107
vn 0.49952033 -0.043105423 -0.865229
vn 1 -3.4771517E-07 -2.40992E-07
vn 0.49952382 -0.043096483 0.86522734
vn 0.49998227 -5.9604645E-07 0.8660355
vn 1 -3.4771517E-07 -2.40992E-07
vn 0.49998155 4.7683716E-07 -0.8660361
vn 0.99907124 -0.0430907 -7.864088E-06
vn 1 -3.4771517E-07 -2.40992E-07
vn 0.99907124 -0.0430907 -7.864088E-06
vn 0.49952382 -0.043096483 0.86522734
vn 0.99907124 -0.0430907 -7.864088E-06
vn 0.49998155 4.7683716E-07 -0.8660361
vn 0.49952033 -0.043105423 -0.865229
vn -0.5000187 -2.3841858E-07 0.86601466
vn -0.9990698 -0.04312146 -1.12354755E-05
vn -1 4.1947123E-07 -2.5604163E-07
vn -0.5000187 -2.3841858E-07 0.86601466
vn 0.49998227 -5.9604645E-07 0.8660355
vn -0.49955162 -0.043115318 0.8652105
vn -0.5000187 -2.3841858E-07 0.86601466
vn -0.49955162 -0.043115318 0.8652105
vn -0.9990698 -0.04312146 -1.12354755E-05
vn -0.49955162 -0.043115318 0.8652105
vn 0.49998227 -5.9604645E-07 0.8660355
vn 0.49952382 -0.043096483 0.86522734
vn -0.5000181 9.536743E-07 -0.86601496
vn -1 4.1947123E-07 -2.5604163E-07
vn -0.49955136 -0.043115616 -0.8652107
vn -0.49955136 -0.043115616 -0.8652107
vn -1 4.1947123E-07 -2.5604163E-07
vn -0.9990698 -0.04312146 -1.12354755E-05
# 1116 vertex normals

vt 0.552645 1.55436 0
vt 0.542925 1.55436 0
vt 0.552645 1.54783 0
vt 0.542925 1.56001 0
vt 0.561991 1.54783 0
vt 0.552645 1.56001 0
vt 0.561991 1.55436 0
vt 0.542925 1.54783 0
vt 0.534128 1.56003 0
vt 0.534128 1.55437 0
vt 0.570288 1.54783 0
vt 0.561991 1.54119 0
vt 0.570288 1.54119 0
vt 0.544618 1.56282 0
vt 0.56218 1.56003 0
vt 0.55104 1.56283 0
vt 0.554307 1.56281 0
vt 0.534128 1.54783 0
vt 0.552645 1.54119 0
vt 0.542925 1.54119 0
vt 0.535364 1.56318 0
vt 0.524598 1.56002 0
vt 0.526206 1.56282 0
vt 0.532513 1.56284 0
vt 0.570288 1.55436 0
vt 0.570287 1.53447 0
vt 0.547818 1.56851 0
vt 0.560582 1.56286 0
vt 0.557403 1.56851 0
vt 0.534128 1.5412 0
vt 0.524596 1.55437 0
vt 0.524596 1.54784 0
vt 0.561991 1.53447 0
vt 0.552645 1.53447 0
vt 0.541702 1.56317 0
vt 0.529339 1.56849 0
vt 0.570321 1.56002 0
vt 0.524596 1.5412 0
vt 0.542925 1.53447 0
vt 0.534128 1.53447 0
vt 0.515617 1.56002 0
vt 0.516811 1.56281 0
vt 0.523042 1.56281 0
vt 0.570287 1.52716 0
vt 0.56199 1.52716 0
vt 0.538542 1.56952 0
vt 0.56354 1.56316 0
vt 0.569472 1.56314 0
vt 0.515617 1.54784 0
vt 0.515617 1.55437 0
vt 0.542925 1.52716 0
vt 0.524596 1.53447 0
vt 0.534128 1.52716 0
vt 0.519931 1.56848 0
vt 0.552645 1.52716 0
vt 0.570287 1.51893 0
vt 0.5668 1.56948 0
vt 0.515617 1.5412 0
vt 0.542925 1.51894 0
vt 0.524595 1.52716 0
vt 0.534128 1.51894 0
vt 0.561991 1.51893 0
vt 0.552645 1.51893 0
vt 0.515617 1.53448 0
vt 0.542925 1.51025 0
vt 0.524595 1.51894 0
vt 0.534128 1.51025 0
vt 0.561991 1.51025 0
vt 0.552645 1.51025 0
vt 0.570287 1.51024 0
vt 0.515616 1.52716 0
vt 0.542925 1.5044 0
vt 0.524595 1.51025 0
vt 0.534128 1.5044 0
vt 0.561991 1.5044 0
vt 0.552645 1.5044 0
vt 0.570287 1.5044 0
vt 0.515616 1.51894 0
vt 0.542925 1.49977 0
vt 0.524595 1.5044 0
vt 0.534128 1.49977 0
vt 0.56199 1.49977 0
vt 0.552645 1.49977 0
vt 0.570287 1.49977 0
vt 0.515616 1.51025 0
vt 0.542925 1.49265 0
vt 0.524595 1.49978 0
vt 0.534128 1.49265 0
vt 0.56199 1.49265 0
vt 0.552645 1.49265 0
vt 0.570287 1.49265 0
vt 0.515616 1.5044 0
vt 0.542925 1.46852 0
vt 0.524595 1.49265 0
vt 0.534128 1.46852 0
vt 0.561989 1.46852 0
vt 0.552645 1.46852 0
vt 0.570287 1.46852 0
vt 0.515616 1.49978 0
vt 0.524595 1.46852 0
vt 0.515616 1.49265 0
vt 0.515616 1.46852 0
vt 0.900978 1.3125 0
vt 0.910324 1.3125 0
vt 0.900976 1.36145 0
vt 0.910326 1.26563 0
vt 0.891632 1.36145 0
vt 0.900979 1.26563 0
vt 0.891632 1.3125 0
vt 0.910324 1.36145 0
vt 0.910327 1.21602 0
vt 0.882284 1.36145 0
vt 0.89163 1.40992 0
vt 0.882283 1.40992 0
vt 0.900974 1.40992 0
vt 0.910322 1.40992 0
vt 0.900979 1.21602 0
vt 0.891634 1.26563 0
vt 0.872927 1.40992 0
vt 0.882285 1.3125 0
vt 0.872929 1.36145 0
vt 0.900972 1.45703 0
vt 0.91032 1.45703 0
vt 0.882281 1.45703 0
vt 0.891629 1.45703 0
vt 0.910329 1.16755 0
vt 0.86358 1.40992 0
vt 0.872926 1.45703 0
vt 0.863578 1.45703 0
vt 0.882286 1.26563 0
vt 0.87293 1.3125 0
vt 0.900981 1.16755 0
vt 0.891635 1.21602 0
vt 0.854235 1.45703 0
vt 0.863581 1.36145 0
vt 0.854235 1.40992 0
vt 0.910331 1.11908 0
vt 0.882288 1.21602 0
vt 0.872932 1.26562 0
vt 0.854237 1.36145 0
vt 0.900981 1.11908 0
vt 0.891637 1.16755 0
vt 0.863583 1.3125 0
vt 0.910331 1.0706 0
vt 0.882289 1.16755 0
vt 0.872933 1.21602 0
vt 0.854239 1.3125 0
vt 0.900984 1.0706 0
vt 0.891638 1.11907 0
vt 0.863584 1.26562 0
vt 0.910331 1.01953 0
vt 0.88229 1.11907 0
vt 0.872934 1.16755 0
vt 0.85424 1.26562 0
vt 0.900985 1.01954 0
vt 0.89164 1.0706 0
vt 0.863585 1.21602 0
vt 0.905653 1.01169 0
vt 0.882291 1.0706 0
vt 0.872936 1.11907 0
vt 0.854241 1.21602 0
vt 0.891632 1.01954 0
vt 0.896308 1.01169 0
vt 0.863586 1.16755 0
vt 0.882165 1.01952 0
vt 0.872937 1.0706 0
vt 0.854243 1.16755 0
vt 0.886917 1.01173 0
vt 0.863588 1.11907 0
vt 0.87306 1.01953 0
vt 0.877603 1.01174 0
vt 0.854244 1.11907 0
vt 0.863589 1.0706 0
vt 0.863594 1.01953 0
vt 0.86833 1.01175 0
vt 0.854245 1.0706 0
vt 0.854245 1.01954 0
vt 0.858902 1.01173 0
vt 0.975072 1.06821 0
vt 0.975071 1.01973 0
vt 0.984419 1.01973 0
vt 0.965728 1.06821 0
vt 0.984419 1.06821 0
vt 0.965728 1.11668 0
vt 0.975071 1.11668 0
vt 0.965728 1.01973 0
vt 0.984419 1.11668 0
vt 0.95638 1.11668 0
vt 0.965728 1.16516 0
vt 0.95638 1.16516 0
vt 0.95638 1.06821 0
vt 0.956379 1.01973 0
vt 0.975071 1.16516 0
vt 0.984419 1.16516 0
vt 0.947025 1.16516 0
vt 0.95638 1.21363 0
vt 0.947025 1.21363 0
vt 0.947025 1.06821 0
vt 0.947025 1.01973 0
vt 0.975072 1.21363 0
vt 0.984419 1.21363 0
vt 0.947025 1.11668 0
vt 0.965728 1.21363 0
vt 0.937678 1.21363 0
vt 0.947025 1.2621 0
vt 0.937678 1.2621 0
vt 0.937678 1.06821 0
vt 0.937677 1.01973 0
vt 0.975071 1.2621 0
vt 0.98442 1.2621 0
vt 0.937678 1.16516 0
vt 0.937678 1.11668 0
vt 0.95638 1.2621 0
vt 0.965728 1.2621 0
vt 0.928334 1.2621 0
vt 0.937677 1.31058 0
vt 0.928333 1.31058 0
vt 0.928333 1.06821 0
vt 0.928334 1.01973 0
vt 0.975072 1.31058 0
vt 0.98442 1.31058 0
vt 0.928334 1.16516 0
vt 0.928333 1.11668 0
vt 0.95638 1.31058 0
vt 0.965728 1.31058 0
vt 0.928334 1.21363 0
vt 0.947025 1.31058 0
vt 0.928333 1.35905 0
vt 0.975072 1.35905 0
vt 0.984419 1.35905 0
vt 0.95638 1.35905 0
vt 0.965727 1.35905 0
vt 0.937677 1.35905 0
vt 0.947025 1.35905 0
vt 0.975072 1.40753 0
vt 0.984419 1.40753 0
vt 0.95638 1.40753 0
vt 0.965728 1.40753 0
vt 0.937677 1.40753 0
vt 0.947025 1.40753 0
vt 0.928333 1.40753 0
vt 0.975072 1.45703 0
vt 0.984419 1.45703 0
vt 0.95638 1.45703 0
vt 0.965728 1.45703 0
vt 0.937677 1.45703 0
vt 0.947025 1.45703 0
vt 0.928333 1.45703 0
# 248 texture coords

usemtl Material #12
s 16
f 2399/2986/13885 2400/2987/13886 2401/2988/13887
f 2399/2986/13888 2402/2989/13889 2400/2987/13890
f 2399/2986/13891 2401/2988/13892 2403/2990/13893
f 2399/2986/13894 2404/2991/13895 2402/2989/13896
f 2399/2986/13897 2403/2990/13898 2405/2992/13899
f 2399/2986/13900 2405/2992/13901 2404/2991/13902
f 2400/2987/13903 2406/2993/13904 2401/2988/13905
f 2400/2987/13906 2402/2989/13907 2407/2994/13908
f 2400/2987/13909 2408/2995/13910 2406/2993/13911
f 2400/2987/13912 2407/2994/13913 2408/2995/13914
f 2403/2990/13915 2409/2996/13916 2405/2992/13917
f 2403/2990/13918 2401/2988/13919 2410/2997/13920
f 2403/2990/13921 2411/2998/13922 2409/2996/13923
f 2403/2990/13924 2410/2997/13925 2411/2998/13926
f 2404/2991/13927 2412/2999/13928 2402/2989/13929
f 2404/2991/13930 2405/2992/13931 2413/3000/13932
f 2404/2991/13933 2414/3001/13934 2412/2999/13935
f 2404/2991/13936 2413/3000/13937 2414/3002/13938
f 2406/2993/13939 2408/2995/13940 2415/3003/13941
f 2406/2993/13942 2416/3004/13943 2401/2988/13944
f 2406/2993/13945 2415/3003/13946 2417/3005/13947
f 2406/2993/13948 2417/3005/13949 2416/3004/13950
f 2401/2988/13951 2416/3004/13952 2410/2997/13953
f 2407/2994/13954 2402/2989/13955 2418/3006/13956
f 2407/2994/13957 2419/3007/13958 2408/2995/13959
f 2407/2994/13960 2420/3008/13961 2419/3007/13962
f 2407/2994/13963 2418/3009/13964 2420/3008/13965
f 2409/2996/13966 2421/3010/13967 2405/2992/13968
f 2405/2992/13969 2421/3010/13970 2413/3000/13971
f 2411/2998/13972 2410/2997/13973 2422/3011/13974
f 2414/3001/13975 2423/3012/13976 2412/2999/13977
f 2414/3002/13978 2413/3000/13979 2424/3013/13980
f 2414/3002/13981 2424/3013/13982 2423/3014/13983
f 2415/3003/13984 2425/3015/13985 2417/3005/13986
f 2415/3003/13987 2408/2995/13988 2426/3016/13989
f 2415/3003/13990 2427/3017/13991 2425/3015/13992
f 2415/3003/13993 2426/3016/13994 2427/3017/13995
f 2408/2995/13996 2419/3007/13997 2426/3016/13998
f 2416/3004/13999 2428/3018/14000 2410/2997/14001
f 2416/3004/14002 2417/3005/14003 2429/3019/14004
f 2416/3004/14005 2429/3019/14006 2428/3018/14007
f 2410/2997/14008 2428/3018/14009 2422/3011/14010
f 2402/2989/14011 2412/3020/14012 2418/3006/14013
f 2418/3009/14014 2423/3021/14015 2420/3008/14016
f 2421/3010/14017 2430/3022/14018 2413/3000/14019
f 2425/3015/14020 2427/3017/14021 2431/3023/14022
f 2425/3015/14023 2432/3024/14024 2417/3005/14025
f 2425/3015/14026 2431/3023/14027 2433/3025/14028
f 2425/3015/14029 2433/3025/14030 2432/3024/14031
f 2417/3005/14032 2432/3024/14033 2429/3019/14034
f 2419/3007/14035 2430/3026/14036 2426/3016/14037
f 2419/3007/14038 2434/3027/14039 2430/3026/14040
f 2419/3007/14041 2420/3028/14042 2434/3027/14043
f 2428/3018/14044 2435/3029/14045 2422/3011/14046
f 2428/3018/14047 2429/3019/14048 2436/3030/14049
f 2428/3018/14050 2436/3030/14051 2435/3029/14052
f 2412/3020/14053 2423/3031/14054 2418/3006/14055
f 2430/3022/14056 2424/3032/14057 2413/3000/14058
f 2430/3022/14059 2434/3033/14060 2424/3032/14061
f 2427/3017/14062 2409/3034/14063 2431/3023/14064
f 2427/3017/14065 2426/3016/14066 2421/3035/14067
f 2427/3017/14068 2421/3035/14069 2409/3034/14070
f 2421/3035/14071 2426/3016/14072 2430/3026/14073
f 2433/3025/14074 2437/3036/14075 2432/3024/14076
f 2433/3025/14077 2431/3023/14078 2438/3037/14079
f 2433/3025/14080 2439/3038/14081 2437/3036/14082
f 2433/3025/14083 2438/3037/14084 2439/3038/14085
f 2420/3028/14086 2423/3039/14087 2434/3027/14088
f 2429/3019/14089 2440/3040/14090 2436/3030/14091
f 2429/3019/14092 2432/3024/14093 2440/3040/14094
f 2432/3024/14095 2437/3036/14096 2440/3040/14097
f 2435/3029/14098 2436/3030/14099 2441/3041/14100
f 2434/3033/14101 2423/3042/14102 2424/3032/14103
f 2409/3034/14104 2411/3043/14105 2431/3023/14106
f 2431/3023/14107 2411/3043/14108 2438/3037/14109
f 2439/3038/14110 2442/3044/14111 2437/3036/14112
f 2439/3038/14113 2438/3037/14114 2443/3045/14115
f 2439/3038/14116 2444/3046/14117 2442/3044/14118
f 2439/3038/14119 2443/3045/14120 2444/3046/14121
f 2440/3040/14122 2445/3047/14123 2436/3030/14124
f 2440/3040/14125 2437/3036/14126 2446/3048/14127
f 2440/3040/14128 2446/3048/14129 2445/3047/14130
f 2437/3036/14131 2442/3044/14132 2446/3048/14133
f 2436/3030/14134 2445/3047/14135 2441/3041/14136
f 2411/3043/14137 2422/3049/14138 2438/3037/14139
f 2438/3037/14140 2422/3049/14141 2443/3045/14142
f 2444/3046/14143 2447/3050/14144 2442/3044/14145
f 2444/3046/14146 2443/3045/14147 2448/3051/14148
f 2444/3046/14149 2449/3052/14150 2447/3050/14151
f 2444/3046/14152 2448/3051/14153 2449/3052/14154
f 2446/3048/14155 2450/3053/14156 2445/3047/14157
f 2446/3048/14158 2442/3044/14159 2451/3054/14160
f 2446/3048/14161 2451/3054/14162 2450/3053/14163
f 2442/3044/14164 2447/3050/14165 2451/3054/14166
f 2441/3041/14167 2445/3047/14168 2452/3055/14169
f 2445/3047/14170 2450/3053/14171 2452/3055/14172
f 2422/3049/14173 2435/3056/14174 2443/3045/14175
f 2443/3045/14176 2435/3056/14177 2448/3051/14178
f 2449/3052/14179 2453/3057/14180 2447/3050/14181
f 2449/3052/14182 2448/3051/14183 2454/3058/14184
f 2449/3052/14185 2455/3059/14186 2453/3057/14187
f 2449/3052/14188 2454/3058/14189 2455/3059/14190
f 2451/3054/14191 2456/3060/14192 2450/3053/14193
f 2451/3054/14194 2447/3050/14195 2457/3061/14196
f 2451/3054/14197 2457/3061/14198 2456/3060/14199
f 2447/3050/14200 2453/3057/14201 2457/3061/14202
f 2452/3055/14203 2450/3053/14204 2458/3062/14205
f 2450/3053/14206 2456/3060/14207 2458/3062/14208
f 2435/3056/14209 2441/3063/14210 2448/3051/14211
f 2448/3051/14212 2441/3063/14213 2454/3058/14214
f 2455/3059/14215 2459/3064/14216 2453/3057/14217
f 2455/3059/14218 2454/3058/14219 2460/3065/14220
f 2455/3059/14221 2461/3066/14222 2459/3064/14223
f 2455/3059/14224 2460/3065/14225 2461/3066/14226
f 2457/3061/14227 2462/3067/14228 2456/3060/14229
f 2457/3061/14230 2453/3057/14231 2463/3068/14232
f 2457/3061/14233 2463/3068/14234 2462/3067/14235
f 2453/3057/14236 2459/3064/14237 2463/3068/14238
f 2458/3062/14239 2456/3060/14240 2464/3069/14241
f 2456/3060/14242 2462/3067/14243 2464/3069/14244
f 2441/3063/14245 2452/3070/14246 2454/3058/14247
f 2454/3058/14248 2452/3070/14249 2460/3065/14250
f 2461/3066/14251 2465/3071/14252 2459/3064/14253
f 2461/3066/14254 2460/3065/14255 2466/3072/14256
f 2461/3066/14257 2467/3073/14258 2465/3071/14259
f 2461/3066/14260 2466/3072/14261 2467/3073/14262
f 2463/3068/14263 2468/3074/14264 2462/3067/14265
f 2463/3068/14266 2459/3064/14267 2469/3075/14268
f 2463/3068/14269 2469/3075/14270 2468/3074/14271
f 2459/3064/14272 2465/3071/14273 2469/3075/14274
f 2464/3069/14275 2462/3067/14276 2470/3076/14277
f 2462/3067/14278 2468/3074/14279 2470/3076/14280
f 2452/3070/14281 2458/3077/14282 2460/3065/14283
f 2460/3065/14284 2458/3077/14285 2466/3072/14286
f 2467/3073/14287 2471/3078/14288 2465/3071/14289
f 2467/3073/14290 2466/3072/14291 2472/3079/14292
f 2467/3073/14293 2473/3080/14294 2471/3078/14295
f 2467/3073/14296 2472/3079/14297 2473/3080/14298
f 2469/3075/14299 2474/3081/14300 2468/3074/14301
f 2469/3075/14302 2465/3071/14303 2475/3082/14304
f 2469/3075/14305 2475/3082/14306 2474/3081/14307
f 2475/3082/14308 2465/3071/14309 2471/3078/14310
f 2470/3076/14311 2468/3074/14312 2476/3083/14313
f 2476/3083/14314 2468/3074/14315 2474/3081/14316
f 2458/3077/14317 2464/3084/14318 2466/3072/14319
f 2466/3072/14320 2464/3084/14321 2472/3079/14322
f 2473/3080/14323 2472/3079/14324 2477/3085/14325
f 2464/3084/14326 2470/3086/14327 2472/3079/14328
f 2472/3079/14329 2470/3086/14330 2477/3085/14331
f 2470/3086/14332 2476/3087/14333 2477/3085/14334
f 2478/3088/14335 2479/3089/14336 2480/3090/14337
f 2478/3088/14338 2481/3091/14339 2479/3089/14340
f 2478/3088/14341 2480/3090/14342 2482/3092/14343
f 2478/3088/14344 2483/3093/14345 2481/3091/14346
f 2478/3088/14347 2482/3092/14348 2484/3094/14349
f 2478/3088/14350 2484/3094/14351 2483/3093/14352
f 2479/3089/14353 2485/3095/14354 2480/3090/14355
f 2481/3091/14356 2483/3093/14357 2486/3096/14358
f 2482/3092/14359 2487/3097/14360 2484/3094/14361
f 2482/3092/14362 2480/3090/14363 2488/3098/14364
f 2482/3092/14365 2489/3099/14366 2487/3097/14367
f 2482/3092/14368 2488/3098/14369 2489/3099/14370
f 2485/3095/14371 2490/3100/14372 2480/3090/14373
f 2485/3095/14374 2491/3101/14375 2490/3100/14376
f 2480/3090/14377 2490/3100/14378 2488/3098/14379
f 2483/3093/14380 2492/3102/14381 2486/3096/14382
f 2483/3093/14383 2484/3094/14384 2493/3103/14385
f 2483/3093/14386 2493/3103/14387 2492/3102/14388
f 2487/3097/14389 2489/3099/14390 2494/3104/14391
f 2487/3097/14392 2495/3105/14393 2484/3094/14394
f 2487/3097/14395 2494/3104/14396 2496/3106/14397
f 2487/3097/14398 2496/3106/14399 2495/3105/14400
f 2484/3094/14401 2495/3105/14402 2493/3103/14403
f 2491/3101/14404 2497/3107/14405 2490/3100/14406
f 2491/3101/14407 2498/3108/14408 2497/3107/14409
f 2488/3098/14410 2499/3109/14411 2489/3099/14412
f 2488/3098/14413 2490/3100/14414 2500/3110/14415
f 2488/3098/14416 2500/3110/14417 2499/3109/14418
f 2500/3110/14419 2490/3100/14420 2497/3107/14421
f 2486/3096/14422 2492/3102/14423 2501/3111/14424
f 2494/3104/14425 2502/3112/14426 2496/3106/14427
f 2494/3104/14428 2489/3099/14429 2503/3113/14430
f 2494/3104/14431 2504/3114/14432 2502/3112/14433
f 2494/3104/14434 2503/3113/14435 2504/3114/14436
f 2503/3113/14437 2489/3099/14438 2499/3109/14439
f 2495/3105/14440 2505/3115/14441 2493/3103/14442
f 2495/3105/14443 2496/3106/14444 2506/3116/14445
f 2495/3105/14446 2506/3116/14447 2505/3115/14448
f 2492/3102/14449 2507/3117/14450 2501/3111/14451
f 2492/3102/14452 2493/3103/14453 2508/3118/14454
f 2492/3102/14455 2508/3118/14456 2507/3117/14457
f 2493/3103/14458 2505/3115/14459 2508/3118/14460
f 2502/3112/14461 2504/3114/14462 2498/3119/14463
f 2502/3112/14464 2509/3120/14465 2496/3106/14466
f 2502/3112/14467 2498/3119/14468 2491/3121/14469
f 2502/3112/14470 2491/3121/14471 2509/3120/14472
f 2496/3106/14473 2509/3120/14474 2506/3116/14475
f 2501/3111/14476 2507/3117/14477 2510/3122/14478
f 2505/3115/14479 2511/3123/14480 2508/3118/14481
f 2505/3115/14482 2506/3116/14483 2512/3124/14484
f 2505/3115/14485 2512/3124/14486 2511/3123/14487
f 2491/3121/14488 2485/3125/14489 2509/3120/14490
f 2507/3117/14491 2513/3126/14492 2510/3122/14493
f 2507/3117/14494 2508/3118/14495 2514/3127/14496
f 2507/3117/14497 2514/3127/14498 2513/3126/14499
f 2508/3118/14500 2511/3123/14501 2514/3127/14502
f 2506/3116/14503 2515/3128/14504 2512/3124/14505
f 2506/3116/14506 2509/3120/14507 2515/3128/14508
f 2509/3120/14509 2485/3125/14510 2515/3128/14511
f 2510/3122/14512 2513/3126/14513 2516/3129/14514
f 2511/3123/14515 2517/3130/14516 2514/3127/14517
f 2511/3123/14518 2512/3124/14519 2518/3131/14520
f 2511/3123/14521 2518/3131/14522 2517/3130/14523
f 2485/3125/14524 2479/3132/14525 2515/3128/14526
f 2513/3126/14527 2519/3133/14528 2516/3129/14529
f 2513/3126/14530 2514/3127/14531 2520/3134/14532
f 2513/3126/14533 2520/3134/14534 2519/3133/14535
f 2514/3127/14536 2517/3130/14537 2520/3134/14538
f 2512/3124/14539 2521/3135/14540 2518/3131/14541
f 2512/3124/14542 2515/3128/14543 2521/3135/14544
f 2515/3128/14545 2479/3132/14546 2521/3135/14547
f 2516/3129/14548 2519/3133/14549 2522/3136/14550
f 2517/3130/14551 2523/3137/14552 2520/3134/14553
f 2517/3130/14554 2518/3131/14555 2524/3138/14556
f 2517/3130/14557 2524/3138/14558 2523/3137/14559
f 2479/3132/14560 2481/3139/14561 2521/3135/14562
f 2519/3133/14563 2525/3140/14564 2522/3136/14565
f 2519/3133/14566 2520/3134/14567 2526/3141/14568
f 2519/3133/14569 2526/3141/14570 2525/3140/14571
f 2520/3134/14572 2523/3137/14573 2526/3141/14574
f 2518/3131/14575 2527/3142/14576 2524/3138/14577
f 2518/3131/14578 2521/3135/14579 2527/3142/14580
f 2521/3135/14581 2481/3139/14582 2527/3142/14583
f 2522/3136/14584 2525/3140/14585 2528/3143/14586
f 2523/3137/14587 2529/3144/14588 2526/3141/14589
f 2523/3137/14590 2524/3138/14591 2530/3145/14592
f 2523/3137/14593 2530/3145/14594 2529/3144/14595
f 2481/3139/14596 2486/3146/14597 2527/3142/14598
f 2525/3140/14599 2526/3141/14600 2531/3147/14601
f 2525/3140/14602 2531/3147/14603 2528/3148/14604
f 2526/3141/14605 2529/3144/14606 2531/3147/14607
f 2524/3138/14608 2532/3149/14609 2530/3145/14610
f 2524/3138/14611 2527/3142/14612 2532/3149/14613
f 2527/3142/14614 2486/3146/14615 2532/3149/14616
f 2529/3144/14617 2533/3150/14618 2531/3147/14619
f 2529/3144/14620 2530/3145/14621 2534/3151/14622
f 2529/3144/14623 2534/3151/14624 2533/3150/14625
f 2486/3146/14626 2501/3152/14627 2532/3149/14628
f 2531/3147/14629 2533/3150/14630 2528/3153/14631
f 2530/3145/14632 2535/3154/14633 2534/3151/14634
f 2530/3145/14635 2532/3149/14636 2535/3154/14637
f 2532/3149/14638 2501/3152/14639 2535/3154/14640
f 2533/3150/14641 2534/3151/14642 2536/3155/14643
f 2533/3150/14644 2536/3155/14645 2528/3156/14646
f 2501/3152/14647 2510/3157/14648 2535/3154/14649
f 2534/3151/14650 2537/3158/14651 2536/3155/14652
f 2534/3151/14653 2535/3154/14654 2537/3158/14655
f 2535/3154/14656 2510/3157/14657 2537/3158/14658
f 2536/3155/14659 2537/3158/14660 2538/3159/14661
f 2536/3155/14662 2538/3159/14663 2528/3160/14664
f 2510/3157/14665 2516/3161/14666 2537/3158/14667
f 2537/3158/14668 2516/3161/14669 2538/3159/14670
f 2516/3161/14671 2522/3162/14672 2538/3159/14673
f 2522/3162/14674 2528/3163/14675 2538/3159/14676
f 2539/3164/14677 2497/3165/14678 2498/3166/14679
f 2539/3164/14680 2540/3167/14681 2497/3165/14682
f 2539/3164/14683 2498/3166/14684 2541/3168/14685
f 2539/3164/14686 2542/3169/14687 2540/3167/14688
f 2539/3164/14689 2541/3168/14690 2543/3170/14691
f 2539/3164/14692 2543/3170/14693 2542/3169/14694
f 2497/3165/14695 2540/3167/14696 2500/3171/14697
f 2541/3168/14698 2544/3172/14699 2543/3170/14700
f 2542/3169/14701 2545/3173/14702 2540/3167/14703
f 2542/3169/14704 2543/3170/14705 2546/3174/14706
f 2542/3169/14707 2547/3175/14708 2545/3173/14709
f 2542/3169/14710 2546/3174/14711 2547/3175/14712
f 2500/3171/14713 2540/3167/14714 2548/3176/14715
f 2500/3171/14716 2548/3176/14717 2499/3177/14718
f 2540/3167/14719 2545/3173/14720 2548/3176/14721
f 2544/3172/14722 2549/3178/14723 2543/3170/14724
f 2544/3172/14725 2550/3179/14726 2549/3178/14727
f 2543/3170/14728 2549/3178/14729 2546/3174/14730
f 2547/3175/14731 2551/3180/14732 2545/3173/14733
f 2547/3175/14734 2546/3174/14735 2552/3181/14736
f 2547/3175/14737 2553/3182/14738 2551/3180/14739
f 2547/3175/14740 2552/3181/14741 2553/3182/14742
f 2499/3177/14743 2548/3176/14744 2554/3183/14745
f 2499/3177/14746 2554/3183/14747 2503/3184/14748
f 2550/3179/14749 2555/3185/14750 2549/3178/14751
f 2550/3179/14752 2556/3186/14753 2555/3185/14754
f 2545/3173/14755 2551/3180/14756 2557/3187/14757
f 2545/3173/14758 2557/3187/14759 2548/3176/14760
f 2548/3176/14761 2557/3187/14762 2554/3183/14763
f 2546/3174/14764 2558/3188/14765 2552/3181/14766
f 2546/3174/14767 2549/3178/14768 2558/3188/14769
f 2549/3178/14770 2555/3185/14771 2558/3188/14772
f 2553/3182/14773 2559/3189/14774 2551/3180/14775
f 2553/3182/14776 2552/3181/14777 2560/3190/14778
f 2553/3182/14779 2561/3191/14780 2559/3189/14781
f 2553/3182/14782 2560/3190/14783 2561/3191/14784
f 2503/3184/14785 2554/3183/14786 2562/3192/14787
f 2503/3184/14788 2562/3192/14789 2504/3193/14790
f 2556/3186/14791 2563/3194/14792 2555/3185/14793
f 2556/3186/14794 2564/3195/14795 2563/3194/14796
f 2557/3187/14797 2551/3180/14798 2565/3196/14799
f 2557/3187/14800 2566/3197/14801 2554/3183/14802
f 2557/3187/14803 2565/3196/14804 2566/3197/14805
f 2554/3183/14806 2566/3197/14807 2562/3192/14808
f 2551/3180/14809 2559/3189/14810 2565/3196/14811
f 2558/3188/14812 2567/3198/14813 2552/3181/14814
f 2558/3188/14815 2555/3185/14816 2568/3199/14817
f 2558/3188/14818 2568/3199/14819 2567/3198/14820
f 2555/3185/14821 2563/3194/14822 2568/3199/14823
f 2552/3181/14824 2567/3198/14825 2560/3190/14826
f 2561/3191/14827 2564/3200/14828 2559/3189/14829
f 2561/3191/14830 2560/3190/14831 2569/3201/14832
f 2561/3191/14833 2570/3202/14834 2564/3200/14835
f 2561/3191/14836 2569/3201/14837 2570/3202/14838
f 2504/3193/14839 2562/3192/14840 2541/3203/14841
f 2504/3193/14842 2541/3203/14843 2498/3204/14844
f 2564/3195/14845 2571/3205/14846 2563/3194/14847
f 2564/3195/14848 2570/3206/14849 2571/3205/14850
f 2566/3197/14851 2565/3196/14852 2550/3207/14853
f 2566/3197/14854 2544/3208/14855 2562/3192/14856
f 2566/3197/14857 2550/3207/14858 2544/3208/14859
f 2544/3208/14860 2541/3203/14861 2562/3192/14862
f 2568/3199/14863 2572/3209/14864 2567/3198/14865
f 2568/3199/14866 2563/3194/14867 2573/3210/14868
f 2568/3199/14869 2573/3210/14870 2572/3209/14871
f 2563/3194/14872 2571/3205/14873 2573/3210/14874
f 2559/3189/14875 2564/3200/14876 2556/3211/14877
f 2559/3189/14878 2556/3211/14879 2565/3196/14880
f 2565/3196/14881 2556/3211/14882 2550/3207/14883
f 2560/3190/14884 2574/3212/14885 2569/3201/14886
f 2560/3190/14887 2567/3198/14888 2574/3212/14889
f 2567/3198/14890 2572/3209/14891 2574/3212/14892
f 2570/3202/14893 2569/3201/14894 2575/3213/14895
f 2570/3206/14896 2576/3214/14897 2571/3205/14898
f 2570/3206/14899 2575/3215/14900 2576/3214/14901
f 2573/3210/14902 2577/3216/14903 2572/3209/14904
f 2573/3210/14905 2571/3205/14906 2578/3217/14907
f 2573/3210/14908 2578/3217/14909 2577/3216/14910
f 2571/3205/14911 2576/3214/14912 2578/3217/14913
f 2574/3212/14914 2579/3218/14915 2569/3201/14916
f 2574/3212/14917 2572/3209/14918 2580/3219/14919
f 2574/3212/14920 2580/3219/14921 2579/3218/14922
f 2572/3209/14923 2577/3216/14924 2580/3219/14925
f 2569/3201/14926 2579/3218/14927 2575/3213/14928
f 2575/3215/14929 2581/3220/14930 2576/3214/14931
f 2575/3215/14932 2582/3221/14933 2581/3220/14934
f 2578/3217/14935 2583/3222/14936 2577/3216/14937
f 2578/3217/14938 2576/3214/14939 2584/3223/14940
f 2578/3217/14941 2584/3223/14942 2583/3222/14943
f 2576/3214/14944 2581/3220/14945 2584/3223/14946
f 2580/3219/14947 2585/3224/14948 2579/3218/14949
f 2580/3219/14950 2577/3216/14951 2586/3225/14952
f 2580/3219/14953 2586/3225/14954 2585/3224/14955
f 2577/3216/14956 2583/3222/14957 2586/3225/14958
f 2575/3213/14959 2579/3218/14960 2582/3226/14961
f 2579/3218/14962 2585/3224/14963 2582/3226/14964
f 2582/3221/14965 2474/3227/14966 2581/3220/14967
f 2582/3221/14968 2476/3228/14969 2474/3227/14970
f 2584/3223/14971 2471/3229/14972 2583/3222/14973
f 2584/3223/14974 2581/3220/14975 2475/3230/14976
f 2584/3223/14977 2475/3230/14978 2471/3229/14979
f 2475/3230/14980 2581/3220/14981 2474/3227/14982
f 2586/3225/14983 2477/3231/14984 2585/3224/14985
f 2586/3225/14986 2583/3222/14987 2473/3232/14988
f 2586/3225/14989 2473/3232/14990 2477/3231/14991
f 2473/3232/14992 2583/3222/14993 2471/3229/14994
f 2582/3226/14995 2585/3224/14996 2476/3233/14997
f 2476/3233/14998 2585/3224/14999 2477/3231/15000
#372 polygons

g Bulbasaur_RVine

#
# object Bulbasaur_RVine
#

v -13.8548 148.022 -2.225708
v -14.4016 147.107 -2.22562
v -12.9136 148.022 -0.595367
v -13.187 147.107 -4.329289
v -12.6652 148.545 -1.025436
v -12.9136 148.022 -3.856064
v -13.3582 148.545 -2.225754
v -13.187 147.107 -0.121951
v -13.346299 145.88 -4.60461
v -14.719899 145.88 -2.22549
v -12.4354 148.773 -1.423401
v -11.2792 148.544 -1.025436
v -11.5089 148.773 -1.423416
v -10.7579 147.106 -4.3293
v -12.6652 148.544 -3.426102
v -11.031 148.022 -3.856064
v -13.346299 145.88 0.153618
v -11.031 148.022 -0.595367
v -10.7579 147.107 -0.121964
v -10.5992 145.879 -4.60462
v -13.3155 144.544 -4.550671
v -10.6305 144.54301 -4.55069
v -12.8987 148.773 -2.225784
v -11.9721 148.835 -2.2258
v -11.2792 148.544 -3.426117
v -12.4354 148.773 -3.028168
v -10.599099 145.879 0.153602
v -14.658 144.544 -2.22535
v -13.3155 144.544 0.099948
v -10.5862 148.544 -2.225784
v -10.0897 148.022 -2.225723
v -10.773201 143.20502 -4.30381
v -11.5089 148.773 -3.028183
v -10.6304 144.544 0.099934
v -9.54335 147.106 -2.22564
v -9.22554 145.879 -2.22552
v -13.173402 143.206 -4.30379
v -14.3734 143.206 -2.22522
v -11.0456 148.773 -2.225784
v -9.28796 144.54301 -2.22538
v -13.1733 143.206 -0.146665
v -10.7732 143.206 -0.146681
v -10.939401 141.891 -4.01628
v -9.57313 143.20502 -2.22525
v -14.0418 141.892 -2.2251
v -13.007701 141.892 -4.016271
v -10.9394 141.892 -0.433948
v -13.0076 141.892 -0.433936
v -11.0973 140.802 -3.74315
v -12.8502 140.80298 -0.706849
v -9.905241 141.891 -2.22512
v -11.0972 140.802 -0.706858
v -12.8503 140.802 -3.74314
v -13.7268 140.80298 -2.22499
v -10.2207 140.802 -2.22501
v -12.738701 139.91 -0.90014
v -11.209 139.91 -0.900149
v -12.7388 139.91 -3.54967
v -13.5037 139.91 -2.2249
v -11.209101 139.91 -3.54968
v -10.444201 139.91 -2.22492
v -12.6499 139.062 -1.05417
v -11.298201 139.062 -1.05418
v -12.65 139.062 -3.39548
v -13.3259 139.062 -2.22482
v -11.298201 139.062 -3.39549
v -10.622301 139.062 -2.22483
v -12.5973 138.205 -1.14558
v -11.3512 138.204 -1.14558
v -12.5973 138.204 -3.30393
v -13.2204 138.205 -2.22475
v -11.3512 138.204 -3.30394
v -10.7281 138.204 -2.22476
v -12.487 135.617 -1.336624
v -11.4615 135.617 -1.336624
v -12.487 135.617 -3.112839
v -12.9998 135.617 -2.224747
v -11.4615 135.617 -3.112839
v -10.9488 135.617 -2.224747
v -12.487 51.3618 -3.11285
v -12.487 57.0283 -3.11285
v -11.4615 51.3618 -3.11285
v -12.9998 57.0283 -2.22474
v -11.461502 45.6394 -3.11285
v -12.9998 51.3618 -2.22474
v -12.487001 45.6394 -3.11285
v -11.461501 57.0283 -3.11285
v -12.9998 62.7193 -2.22474
v -12.487 62.7193 -3.11285
v -11.461501 39.9527 -3.11285
v -12.487 57.0283 -1.33663
v -12.999801 45.6394 -2.22474
v -12.487 51.3618 -1.33663
v -11.4615 62.7193 -3.11285
v -12.487 62.7193 -1.33663
v -12.999799 68.410904 -2.22474
v -12.487 68.410904 -1.33663
v -12.487001 39.9527 -3.11285
v -11.461501 34.2611 -3.11285
v -11.461501 57.0283 -1.33663
v -12.487001 45.6394 -1.33663
v -11.4615 51.3618 -1.33663
v -12.487 68.410904 -3.11285
v -11.4615 68.410904 -3.11285
v -11.4615 68.410904 -1.33663
v -12.487 74.1024 -1.33663
v -11.4615 74.1024 -1.33663
v -12.487001 34.2611 -3.11285
v -11.974301 34.0279 -2.224739
v -11.4615 62.7193 -1.33663
v -12.999801 39.9527 -2.224739
v -10.9488 57.0283 -2.22474
v -11.461502 45.6394 -1.33663
v -10.9488 51.3618 -2.22474
v -12.487 74.1024 -3.11285
v -11.4615 74.1024 -3.11285
v -12.9998 74.1024 -2.22474
v -10.9488 74.1024 -2.22474
v -11.461501 79.79401 -1.33663
v -10.9488 79.79401 -2.22474
v -10.9488 62.7193 -2.22474
v -10.948799 68.410904 -2.22474
v -12.999801 34.2611 -2.224739
v -12.487001 39.9527 -1.336632
v -10.948801 45.6394 -2.22474
v -12.487 79.79401 -3.11285
v -11.461501 79.79401 -3.11285
v -12.487 79.79401 -1.33663
v -12.9998 79.79401 -2.22474
v -10.9488 85.4855 -2.22474
v -11.4615 85.4855 -3.11285
v -12.487001 34.2611 -1.336632
v -11.461501 39.9527 -1.336632
v -12.487 85.4855 -3.11285
v -12.487 85.4855 -1.33663
v -12.9998 85.4855 -2.22474
v -11.4615 85.4855 -1.33663
v -11.461501 34.2611 -1.336632
v -10.948801 39.9527 -2.224739
v -10.948801 34.2611 -2.224739
v -12.487 91.1771 -3.11285
v -11.461501 91.1771 -3.11285
v -12.9998 91.1771 -2.22474
v -12.487 96.8687 -3.11285
v -12.9998 96.8687 -2.22474
v -11.4615 96.8687 -3.11285
v -12.487 96.8687 -1.33663
v -12.9998 102.56 -2.22474
v -12.487 102.56 -1.33663
v -12.487 91.1771 -1.33663
v -12.487 102.56 -3.11285
v -11.461501 102.56 -3.11285
v -11.461501 102.56 -1.33663
v -12.487 108.25199 -1.33663
v -11.4615 108.25199 -1.33663
v -11.4615 91.1771 -1.33663
v -12.487 108.25199 -3.11285
v -11.4615 108.25199 -3.11285
v -11.4615 96.8687 -1.33663
v -12.9998 108.25199 -2.22474
v -10.9488 108.25199 -2.22474
v -11.461501 113.943 -1.33663
v -10.948801 113.943 -2.22474
v -10.948801 91.1771 -2.22474
v -12.487 113.943 -3.11285
v -11.461501 113.943 -3.11285
v -10.9488 102.56 -2.22474
v -10.9488 96.8687 -2.22474
v -12.487 113.943 -1.33663
v -12.9998 113.943 -2.22474
v -10.9488 119.635 -2.22474
v -11.4615 119.635 -3.112849
v -12.487 119.635 -3.11285
v -12.487 119.635 -1.33663
v -12.9998 119.635 -2.22474
v -11.4615 119.635 -1.33663
v -11.461501 125.326 -3.11285
v -12.487 125.326 -3.11285
v -12.487 125.326 -1.33663
v -12.9998 125.326 -2.22474
v -10.9488 125.326 -2.22474
v -11.461501 125.326 -1.33663
v -12.487 131.018 -3.11285
v -11.4615 131.018 -3.11285
v -12.487 131.018 -1.33663
v -12.9998 131.018 -2.22474
v -10.9488 131.018 -2.22474
v -11.4615 131.018 -1.33663
# 188 vertices

vn -0.80895823 0.58786607 -2.2649765E-05
vn -0.92877334 0.37064832 -1.4781952E-05
vn -0.40442613 0.5878985 0.70058185
vn -0.80895823 0.58786607 -2.2649765E-05
vn -0.4643356 0.3705072 -0.80443573
vn -0.92877334 0.37064832 -1.4781952E-05
vn -0.80895823 0.58786607 -2.2649765E-05
vn -0.40442613 0.5878985 0.70058185
vn -0.31404218 0.77782696 0.544392
vn -0.80895823 0.58786607 -2.2649765E-05
vn -0.40435097 0.5879804 -0.70055646
vn -0.4643356 0.3705072 -0.80443573
vn -0.80895823 0.58786607 -2.2649765E-05
vn -0.31404218 0.77782696 0.544392
vn -0.62839323 0.77789587 -0.00011271238
vn -0.80895823 0.58786607 -2.2649765E-05
vn -0.62839323 0.77789587 -0.00011271238
vn -0.40435097 0.5879804 -0.70055646
vn -0.92877334 0.37064832 -1.4781952E-05
vn -0.46436864 0.37061608 0.8043664
vn -0.40442613 0.5878985 0.70058185
vn -0.92877334 0.37064832 -1.4781952E-05
vn -0.4643356 0.3705072 -0.80443573
vn -0.49753374 0.0988487 -0.86179405
vn -0.92877334 0.37064832 -1.4781952E-05
vn -0.9950884 0.098990545 1.5869737E-06
vn -0.46436864 0.37061608 0.8043664
vn -0.92877334 0.37064832 -1.4781952E-05
vn -0.49753374 0.0988487 -0.86179405
vn -0.9950884 0.098990545 1.5869737E-06
vn -0.31404218 0.77782696 0.544392
vn -0.15946779 0.9477681 0.27623504
vn -0.62839323 0.77789587 -0.00011271238
vn -0.31404218 0.77782696 0.544392
vn -0.40442613 0.5878985 0.70058185
vn 0.31443298 0.7777059 0.5443392
vn -0.31404218 0.77782696 0.544392
vn 0.31443298 0.7777059 0.5443392
vn 0.1601796 0.9474418 0.2769413
vn -0.31404218 0.77782696 0.544392
vn 0.1601796 0.9474418 0.2769413
vn -0.15946779 0.9477681 0.27623504
vn -0.40435097 0.5879804 -0.70055646
vn 0.464536 0.37014788 -0.80448544
vn -0.4643356 0.3705072 -0.80443573
vn -0.40435097 0.5879804 -0.70055646
vn -0.62839323 0.77789587 -0.00011271238
vn -0.3140405 0.77780193 -0.5444287
vn -0.40435097 0.5879804 -0.70055646
vn 0.40453675 0.5877456 -0.7006463
vn 0.464536 0.37014788 -0.80448544
vn -0.40435097 0.5879804 -0.70055646
vn -0.3140405 0.77780193 -0.5444287
vn 0.40453675 0.5877456 -0.7006463
vn -0.46436864 0.37061608 0.8043664
vn -0.9950884 0.098990545 1.5869737E-06
vn -0.49753737 0.09899664 0.8617751
vn -0.46436864 0.37061608 0.8043664
vn 0.40443516 0.5880579 0.7004427
vn -0.40442613 0.5878985 0.70058185
vn -0.46436864 0.37061608 0.8043664
vn -0.49753737 0.09899664 0.8617751
vn 0.4645138 0.37037534 0.8043936
vn -0.46436864 0.37061608 0.8043664
vn 0.4645138 0.37037534 0.8043936
vn 0.40443516 0.5880579 0.7004427
vn -0.40442613 0.5878985 0.70058185
vn 0.40443516 0.5880579 0.7004427
vn 0.31443298 0.7777059 0.5443392
vn -0.49753374 0.0988487 -0.86179405
vn -0.4643356 0.3705072 -0.80443573
vn 0.497561 0.09861696 -0.86180484
vn -0.49753374 0.0988487 -0.86179405
vn -0.4961263 -0.124578655 -0.85926634
vn -0.9950884 0.098990545 1.5869737E-06
vn -0.49753374 0.0988487 -0.86179405
vn 0.497561 0.09861696 -0.86180484
vn 0.49606693 -0.12478918 -0.8592702
vn -0.49753374 0.0988487 -0.86179405
vn 0.49606693 -0.12478918 -0.8592702
vn -0.4961263 -0.124578655 -0.85926634
vn 0.497561 0.09861696 -0.86180484
vn -0.4643356 0.3705072 -0.80443573
vn 0.464536 0.37014788 -0.80448544
vn -0.15946779 0.9477681 0.27623504
vn -0.31907484 0.94772947 -0.0002387762
vn -0.62839323 0.77789587 -0.00011271238
vn -0.15946779 0.9477681 0.27623504
vn 4.339849E-06 0.99999994 -7.1525574E-07
vn -0.31907484 0.94772947 -0.0002387762
vn 0.1601796 0.9474418 0.2769413
vn 4.339849E-06 0.99999994 -7.1525574E-07
vn -0.15946779 0.9477681 0.27623504
vn -0.3140405 0.77780193 -0.5444287
vn 0.31430134 0.7777251 -0.54438794
vn 0.40453675 0.5877456 -0.7006463
vn -0.3140405 0.77780193 -0.5444287
vn -0.62839323 0.77789587 -0.00011271238
vn -0.31907484 0.94772947 -0.0002387762
vn -0.3140405 0.77780193 -0.5444287
vn -0.15998864 0.94741285 -0.27715045
vn 0.31430134 0.7777251 -0.54438794
vn -0.3140405 0.77780193 -0.5444287
vn -0.31907484 0.94772947 -0.0002387762
vn -0.15998864 0.94741285 -0.27715045
vn -0.49753737 0.09899664 0.8617751
vn 0.49759492 0.09870452 0.8617754
vn 0.4645138 0.37037534 0.8043936
vn -0.49753737 0.09899664 0.8617751
vn -0.9950884 0.098990545 1.5869737E-06
vn -0.9922298 -0.12441855 1.1071563E-05
vn -0.49753737 0.09899664 0.8617751
vn -0.496117 -0.1244387 0.85929203
vn 0.49759492 0.09870452 0.8617754
vn -0.49753737 0.09899664 0.8617751
vn -0.9922298 -0.12441855 1.1071563E-05
vn -0.496117 -0.1244387 0.85929203
vn -0.9950884 0.098990545 1.5869737E-06
vn -0.4961263 -0.124578655 -0.85926634
vn -0.9922298 -0.12441855 1.1071563E-05
vn 0.40443516 0.5880579 0.7004427
vn 0.6285972 0.77773106 -1.6987324E-05
vn 0.31443298 0.7777059 0.5443392
vn 0.40443516 0.5880579 0.7004427
vn 0.4645138 0.37037534 0.8043936
vn 0.8090238 0.5877758 -6.514788E-05
vn 0.40443516 0.5880579 0.7004427
vn 0.8090238 0.5877758 -6.514788E-05
vn 0.6285972 0.77773106 -1.6987324E-05
vn 0.49606693 -0.12478918 -0.8592702
vn 0.48708263 -0.2254687 -0.8437501
vn -0.4961263 -0.124578655 -0.85926634
vn -0.15998864 0.94741285 -0.27715045
vn 0.16003087 0.9474021 -0.27716273
vn 0.31430134 0.7777251 -0.54438794
vn -0.15998864 0.94741285 -0.27715045
vn 4.339849E-06 0.99999994 -7.1525574E-07
vn 0.16003087 0.9474021 -0.27716273
vn -0.31907484 0.94772947 -0.0002387762
vn 4.339849E-06 0.99999994 -7.1525574E-07
vn -0.15998864 0.94741285 -0.27715045
vn 0.49759492 0.09870452 0.8617754
vn -0.496117 -0.1244387 0.85929203
vn 0.4960987 -0.12464172 0.8592732
vn 0.49759492 0.09870452 0.8617754
vn 0.9289892 0.37010694 -5.671382E-05
vn 0.4645138 0.37037534 0.8043936
vn 0.49759492 0.09870452 0.8617754
vn 0.4960987 -0.12464172 0.8592732
vn 0.9951253 0.09861903 -1.7777085E-05
vn 0.49759492 0.09870452 0.8617754
vn 0.9951253 0.09861903 -1.7777085E-05
vn 0.9289892 0.37010694 -5.671382E-05
vn 0.4645138 0.37037534 0.8043936
vn 0.9289892 0.37010694 -5.671382E-05
vn 0.8090238 0.5877758 -6.514788E-05
vn -0.9922298 -0.12441855 1.1071563E-05
vn -0.4961263 -0.124578655 -0.85926634
vn -0.4872179 -0.22527009 -0.8437251
vn -0.9922298 -0.12441855 1.1071563E-05
vn -0.97433525 -0.22510187 2.0563602E-05
vn -0.496117 -0.1244387 0.85929203
vn -0.9922298 -0.12441855 1.1071563E-05
vn -0.4872179 -0.22527009 -0.8437251
vn -0.97433525 -0.22510187 2.0563602E-05
vn -0.4961263 -0.124578655 -0.85926634
vn 0.48708263 -0.2254687 -0.8437501
vn -0.4872179 -0.22527009 -0.8437251
vn 0.31443298 0.7777059 0.5443392
vn 0.6285972 0.77773106 -1.6987324E-05
vn 0.32007974 0.94739056 -7.987022E-06
vn 0.31443298 0.7777059 0.5443392
vn 0.32007974 0.94739056 -7.987022E-06
vn 0.1601796 0.9474418 0.2769413
vn 0.4960987 -0.12464172 0.8592732
vn 0.99217945 -0.12481991 9.045005E-06
vn 0.9951253 0.09861903 -1.7777085E-05
vn 0.4960987 -0.12464172 0.8592732
vn -0.496117 -0.1244387 0.85929203
vn -0.48716024 -0.2251336 0.8437948
vn 0.4960987 -0.12464172 0.8592732
vn 0.48709834 -0.22531813 0.84378123
vn 0.99217945 -0.12481991 9.045005E-06
vn 0.4960987 -0.12464172 0.8592732
vn -0.48716024 -0.2251336 0.8437948
vn 0.48709834 -0.22531813 0.84378123
vn -0.496117 -0.1244387 0.85929203
vn -0.97433525 -0.22510187 2.0563602E-05
vn -0.48716024 -0.2251336 0.8437948
vn 0.9289892 0.37010694 -5.671382E-05
vn 0.40453675 0.5877456 -0.7006463
vn 0.8090238 0.5877758 -6.514788E-05
vn 0.9289892 0.37010694 -5.671382E-05
vn 0.9951253 0.09861903 -1.7777085E-05
vn 0.464536 0.37014788 -0.80448544
vn 0.9289892 0.37010694 -5.671382E-05
vn 0.464536 0.37014788 -0.80448544
vn 0.40453675 0.5877456 -0.7006463
vn 0.48708263 -0.2254687 -0.8437501
vn 0.48270267 -0.26031053 -0.83620363
vn -0.4872179 -0.22527009 -0.8437251
vn 0.6285972 0.77773106 -1.6987324E-05
vn 0.8090238 0.5877758 -6.514788E-05
vn 0.31430134 0.7777251 -0.54438794
vn 0.6285972 0.77773106 -1.6987324E-05
vn 0.31430134 0.7777251 -0.54438794
vn 0.16003087 0.9474021 -0.27716273
vn 0.6285972 0.77773106 -1.6987324E-05
vn 0.16003087 0.9474021 -0.27716273
vn 0.32007974 0.94739056 -7.987022E-06
vn 0.31430134 0.7777251 -0.54438794
vn 0.8090238 0.5877758 -6.514788E-05
vn 0.40453675 0.5877456 -0.7006463
vn 0.32007974 0.94739056 -7.987022E-06
vn 4.339849E-06 0.99999994 -7.1525574E-07
vn 0.1601796 0.9474418 0.2769413
vn 0.99217945 -0.12481991 9.045005E-06
vn 0.48709834 -0.22531813 0.84378123
vn 0.97424823 -0.22547816 4.6506524E-05
vn 0.99217945 -0.12481991 9.045005E-06
vn 0.497561 0.09861696 -0.86180484
vn 0.9951253 0.09861903 -1.7777085E-05
vn 0.99217945 -0.12481991 9.045005E-06
vn 0.97424823 -0.22547816 4.6506524E-05
vn 0.49606693 -0.12478918 -0.8592702
vn 0.99217945 -0.12481991 9.045005E-06
vn 0.49606693 -0.12478918 -0.8592702
vn 0.497561 0.09861696 -0.86180484
vn 0.497561 0.09861696 -0.86180484
vn 0.464536 0.37014788 -0.80448544
vn 0.9951253 0.09861903 -1.7777085E-05
vn -0.97433525 -0.22510187 2.0563602E-05
vn -0.9656289 -0.25992447 3.9219856E-05
vn -0.48716024 -0.2251336 0.8437948
vn -0.97433525 -0.22510187 2.0563602E-05
vn -0.4872179 -0.22527009 -0.8437251
vn -0.48285156 -0.26002932 -0.836205
vn -0.97433525 -0.22510187 2.0563602E-05
vn -0.48285156 -0.26002932 -0.836205
vn -0.9656289 -0.25992447 3.9219856E-05
vn -0.4872179 -0.22527009 -0.8437251
vn 0.48270267 -0.26031053 -0.83620363
vn -0.48285156 -0.26002932 -0.836205
vn 0.16003087 0.9474021 -0.27716273
vn 4.339849E-06 0.99999994 -7.1525574E-07
vn 0.32007974 0.94739056 -7.987022E-06
vn 0.48709834 -0.22531813 0.84378123
vn 0.48272154 -0.2600447 0.8362754
vn 0.97424823 -0.22547816 4.6506524E-05
vn 0.48709834 -0.22531813 0.84378123
vn -0.48716024 -0.2251336 0.8437948
vn -0.48279387 -0.2599684 0.8362574
vn 0.48709834 -0.22531813 0.84378123
vn -0.48279387 -0.2599684 0.8362574
vn 0.48272154 -0.2600447 0.8362754
vn -0.48716024 -0.2251336 0.8437948
vn -0.9656289 -0.25992447 3.9219856E-05
vn -0.48279387 -0.2599684 0.8362574
vn 0.49606693 -0.12478918 -0.8592702
vn 0.97424823 -0.22547816 4.6506524E-05
vn 0.48708263 -0.2254687 -0.8437501
vn 0.48270267 -0.26031053 -0.83620363
vn 0.4824578 -0.2621349 -0.835775
vn -0.48285156 -0.26002932 -0.836205
vn 0.48272154 -0.2600447 0.8362754
vn -0.48279387 -0.2599684 0.8362574
vn -0.4825934 -0.26167125 0.83584195
vn 0.48272154 -0.2600447 0.8362754
vn 0.9655312 -0.2602872 4.4107437E-05
vn 0.97424823 -0.22547816 4.6506524E-05
vn 0.48272154 -0.2600447 0.8362754
vn -0.4825934 -0.26167125 0.83584195
vn 0.4824835 -0.26184505 0.83585083
vn 0.48272154 -0.2600447 0.8362754
vn 0.4824835 -0.26184505 0.83585083
vn 0.9655312 -0.2602872 4.4107437E-05
vn 0.97424823 -0.22547816 4.6506524E-05
vn 0.9655312 -0.2602872 4.4107437E-05
vn 0.48708263 -0.2254687 -0.8437501
vn -0.9656289 -0.25992447 3.9219856E-05
vn -0.48285156 -0.26002932 -0.836205
vn -0.48260608 -0.2618603 -0.83577543
vn -0.9656289 -0.25992447 3.9219856E-05
vn -0.9651544 -0.2616813 7.340312E-05
vn -0.48279387 -0.2599684 0.8362574
vn -0.9656289 -0.25992447 3.9219856E-05
vn -0.48260608 -0.2618603 -0.83577543
vn -0.9651544 -0.2616813 7.340312E-05
vn -0.48279387 -0.2599684 0.8362574
vn -0.9651544 -0.2616813 7.340312E-05
vn -0.4825934 -0.26167125 0.83584195
vn -0.48285156 -0.26002932 -0.836205
vn 0.4824578 -0.2621349 -0.835775
vn -0.48260608 -0.2618603 -0.83577543
vn 0.4824835 -0.26184505 0.83585083
vn 0.9650232 -0.2621644 -1.6450882E-05
vn 0.9655312 -0.2602872 4.4107437E-05
vn 0.4824835 -0.26184505 0.83585083
vn -0.4825934 -0.26167125 0.83584195
vn -0.48713726 -0.2252196 0.84378517
vn 0.4824835 -0.26184505 0.83585083
vn 0.4871303 -0.22552538 0.84370756
vn 0.9650232 -0.2621644 -1.6450882E-05
vn 0.4824835 -0.26184505 0.83585083
vn -0.48713726 -0.2252196 0.84378517
vn 0.4871303 -0.22552538 0.84370756
vn 0.48708263 -0.2254687 -0.8437501
vn 0.9655312 -0.2602872 4.4107437E-05
vn 0.48270267 -0.26031053 -0.83620363
vn 0.9655312 -0.2602872 4.4107437E-05
vn 0.9650232 -0.2621644 -1.6450882E-05
vn 0.48270267 -0.26031053 -0.83620363
vn -0.9651544 -0.2616813 7.340312E-05
vn -0.48260608 -0.2618603 -0.83577543
vn -0.48714897 -0.22546601 -0.84371257
vn -0.9651544 -0.2616813 7.340312E-05
vn -0.97431695 -0.225181 3.015995E-05
vn -0.4825934 -0.26167125 0.83584195
vn -0.9651544 -0.2616813 7.340312E-05
vn -0.48714897 -0.22546601 -0.84371257
vn -0.97431695 -0.225181 3.015995E-05
vn -0.4825934 -0.26167125 0.83584195
vn -0.97431695 -0.225181 3.015995E-05
vn -0.48713726 -0.2252196 0.84378517
vn 0.4824578 -0.2621349 -0.835775
vn 0.48708454 -0.225654 -0.8436996
vn -0.48260608 -0.2618603 -0.83577543
vn -0.48260608 -0.2618603 -0.83577543
vn 0.48708454 -0.225654 -0.8436996
vn -0.48714897 -0.22546601 -0.84371257
vn 0.4871303 -0.22552538 0.84370756
vn 0.97419864 -0.22569199 -2.3692846E-05
vn 0.9650232 -0.2621644 -1.6450882E-05
vn 0.4871303 -0.22552538 0.84370756
vn -0.48713726 -0.2252196 0.84378517
vn -0.49302706 -0.16603404 0.85402393
vn 0.4871303 -0.22552538 0.84370756
vn 0.4930261 -0.16618782 0.8539946
vn 0.97419864 -0.22569199 -2.3692846E-05
vn 0.4871303 -0.22552538 0.84370756
vn -0.49302706 -0.16603404 0.85402393
vn 0.4930261 -0.16618782 0.8539946
vn 0.48270267 -0.26031053 -0.83620363
vn 0.9650232 -0.2621644 -1.6450882E-05
vn 0.4824578 -0.2621349 -0.835775
vn 0.9650232 -0.2621644 -1.6450882E-05
vn 0.97419864 -0.22569199 -2.3692846E-05
vn 0.4824578 -0.2621349 -0.835775
vn -0.97431695 -0.225181 3.015995E-05
vn -0.48714897 -0.22546601 -0.84371257
vn -0.49306285 -0.16613585 -0.8539836
vn -0.97431695 -0.225181 3.015995E-05
vn -0.98611945 -0.1660375 5.0127506E-05
vn -0.48713726 -0.2252196 0.84378517
vn -0.97431695 -0.225181 3.015995E-05
vn -0.49306285 -0.16613585 -0.8539836
vn -0.98611945 -0.1660375 5.0127506E-05
vn -0.48713726 -0.2252196 0.84378517
vn -0.98611945 -0.1660375 5.0127506E-05
vn -0.49302706 -0.16603404 0.85402393
vn 0.48708454 -0.225654 -0.8436996
vn 0.4930329 -0.16630238 -0.8539684
vn -0.48714897 -0.22546601 -0.84371257
vn -0.48714897 -0.22546601 -0.84371257
vn 0.4930329 -0.16630238 -0.8539684
vn -0.49306285 -0.16613585 -0.8539836
vn 0.4930261 -0.16618782 0.8539946
vn 0.9860717 -0.16632098 7.584691E-06
vn 0.97419864 -0.22569199 -2.3692846E-05
vn 0.4930261 -0.16618782 0.8539946
vn -0.49302706 -0.16603404 0.85402393
vn -0.4973116 -0.1041618 0.86129636
vn 0.4930261 -0.16618782 0.8539946
vn 0.4972043 -0.10421741 0.86135167
vn 0.9860717 -0.16632098 7.584691E-06
vn 0.4930261 -0.16618782 0.8539946
vn -0.4973116 -0.1041618 0.86129636
vn 0.4972043 -0.10421741 0.86135167
vn 0.4824578 -0.2621349 -0.835775
vn 0.97419864 -0.22569199 -2.3692846E-05
vn 0.48708454 -0.225654 -0.8436996
vn 0.97419864 -0.22569199 -2.3692846E-05
vn 0.9860717 -0.16632098 7.584691E-06
vn 0.48708454 -0.225654 -0.8436996
vn -0.98611945 -0.1660375 5.0127506E-05
vn -0.49306285 -0.16613585 -0.8539836
vn -0.4973121 -0.10423255 -0.86128753
vn -0.98611945 -0.1660375 5.0127506E-05
vn -0.99455655 -0.104198344 5.7071447E-05
vn -0.49302706 -0.16603404 0.85402393
vn -0.98611945 -0.1660375 5.0127506E-05
vn -0.4973121 -0.10423255 -0.86128753
vn -0.99455655 -0.104198344 5.7071447E-05
vn -0.49302706 -0.16603404 0.85402393
vn -0.99455655 -0.104198344 5.7071447E-05
vn -0.4973116 -0.1041618 0.86129636
vn 0.4930329 -0.16630238 -0.8539684
vn 0.49723777 -0.10431987 -0.8613199
vn -0.49306285 -0.16613585 -0.8539836
vn -0.49306285 -0.16613585 -0.8539836
vn 0.49723777 -0.10431987 -0.8613199
vn -0.4973121 -0.10423255 -0.86128753
vn 0.4972043 -0.10421741 0.86135167
vn 0.9945429 -0.104329094 1.1369586E-05
vn 0.9860717 -0.16632098 7.584691E-06
vn 0.4972043 -0.10421741 0.86135167
vn -0.4973116 -0.1041618 0.86129636
vn -0.49952382 -0.043096483 0.86522734
vn 0.4972043 -0.10421741 0.86135167
vn 0.49955162 -0.043115318 0.8652105
vn 0.9945429 -0.104329094 1.1369586E-05
vn 0.4972043 -0.10421741 0.86135167
vn -0.49952382 -0.043096483 0.86522734
vn 0.49955162 -0.043115318 0.8652105
vn 0.48708454 -0.225654 -0.8436996
vn 0.9860717 -0.16632098 7.584691E-06
vn 0.4930329 -0.16630238 -0.8539684
vn 0.9860717 -0.16632098 7.584691E-06
vn 0.9945429 -0.104329094 1.1369586E-05
vn 0.4930329 -0.16630238 -0.8539684
vn -0.99455655 -0.104198344 5.7071447E-05
vn -0.4973121 -0.10423255 -0.86128753
vn -0.49952036 -0.043105364 -0.865229
vn -0.99455655 -0.104198344 5.7071447E-05
vn -0.99907124 -0.043090682 -7.841736E-06
vn -0.4973116 -0.1041618 0.86129636
vn -0.99455655 -0.104198344 5.7071447E-05
vn -0.49952036 -0.043105364 -0.865229
vn -0.99907124 -0.043090682 -7.841736E-06
vn -0.99907124 -0.043090682 -7.841736E-06
vn -0.49952382 -0.043096483 0.86522734
vn -0.4973116 -0.1041618 0.86129636
vn 0.49723777 -0.10431987 -0.8613199
vn 0.49955142 -0.043115556 -0.86521065
vn -0.4973121 -0.10423255 -0.86128753
vn -0.4973121 -0.10423255 -0.86128753
vn 0.49955142 -0.043115556 -0.86521065
vn -0.49952036 -0.043105364 -0.865229
vn 0.49955162 -0.043115318 0.8652105
vn 0.9990698 -0.043121457 -1.12354755E-05
vn 0.9945429 -0.104329094 1.1369586E-05
vn 0.4930329 -0.16630238 -0.8539684
vn 0.9945429 -0.104329094 1.1369586E-05
vn 0.49723777 -0.10431987 -0.8613199
vn 0.9945429 -0.104329094 1.1369586E-05
vn 0.9990698 -0.043121457 -1.12354755E-05
vn 0.49723777 -0.10431987 -0.8613199
vn 0.9990698 -0.043121457 -1.12354755E-05
vn 0.49955142 -0.043115556 -0.86521065
vn 0.49723777 -0.10431987 -0.8613199
vn -0.49998212 5.9604645E-08 -0.86603564
vn -0.49998212 5.9604645E-08 -0.8660357
vn 0.5000184 0 -0.8660147
vn -0.49998212 5.9604645E-08 -0.86603564
vn -1 0 4.3816723E-08
vn -0.49998212 5.9604645E-08 -0.8660357
vn -0.49998212 5.9604645E-08 -0.86603564
vn 0.5000184 0 -0.8660147
vn 0.50001806 -1.1920929E-07 -0.8660149
vn -0.49998212 5.9604645E-08 -0.86603564
vn -1 8.325872E-08 3.2862552E-08
vn -1 0 4.3816723E-08
vn -0.49998212 5.9604645E-08 -0.86603564
vn 0.50001806 -1.1920929E-07 -0.8660149
vn -0.49998218 5.9604645E-08 -0.86603564
vn -0.49998212 5.9604645E-08 -0.86603564
vn -0.49998218 5.9604645E-08 -0.86603564
vn -1 8.325872E-08 3.2862552E-08
vn -0.49998212 5.9604645E-08 -0.8660357
vn 0.5000181 -5.9604645E-08 -0.86601496
vn 0.5000184 0 -0.8660147
vn -0.49998212 5.9604645E-08 -0.8660357
vn -1 0 4.3816723E-08
vn -1 4.6573383E-08 8.215636E-09
vn -0.49998212 5.9604645E-08 -0.8660357
vn -0.49998212 5.9604645E-08 -0.86603564
vn 0.5000181 -5.9604645E-08 -0.86601496
vn -0.49998212 5.9604645E-08 -0.8660357
vn -1 4.6573383E-08 8.215636E-09
vn -0.49998212 5.9604645E-08 -0.86603564
vn 0.50001806 -1.1920929E-07 -0.8660149
vn 0.50001866 1.1920929E-07 -0.86601454
vn -0.49998218 5.9604645E-08 -0.86603564
vn -1 8.325872E-08 3.2862552E-08
vn -0.49998227 0 0.86603564
vn -1 0 4.3816723E-08
vn -1 8.325872E-08 3.2862552E-08
vn -0.49998218 5.9604645E-08 -0.86603564
vn -1 1.0482755E-07 4.3816726E-08
vn -1 8.325872E-08 3.2862552E-08
vn -0.49998227 5.9604645E-08 0.86603564
vn -0.49998227 0 0.86603564
vn -1 8.325872E-08 3.2862552E-08
vn -1 1.0482755E-07 4.3816726E-08
vn -0.49998227 5.9604645E-08 0.86603564
vn 0.5000181 -5.9604645E-08 -0.86601496
vn -0.49998212 5.9604645E-08 -0.86603564
vn 0.5000184 5.9604645E-08 -0.8660147
vn -1 4.6573383E-08 8.215636E-09
vn -1 0 4.3816723E-08
vn -0.49998218 0 0.86603564
vn -1 4.6573383E-08 8.215636E-09
vn -1 -5.491536E-10 1.0954175E-08
vn -0.49998212 5.9604645E-08 -0.86603564
vn -1 4.6573383E-08 8.215636E-09
vn -0.49998218 0 0.86603564
vn -0.4999825 5.9604645E-08 0.86603546
vn -1 4.6573383E-08 8.215636E-09
vn -0.4999825 5.9604645E-08 0.86603546
vn -1 -5.491536E-10 1.0954175E-08
vn -1 0 4.3816723E-08
vn -0.49998227 0 0.86603564
vn -0.49998218 0 0.86603564
vn 0.50001866 1.1920929E-07 -0.86601454
vn -0.4999823 0 -0.86603564
vn -0.49998218 5.9604645E-08 -0.86603564
vn 0.50001866 1.1920929E-07 -0.86601454
vn 0.42035285 -0.5415422 -0.7280353
vn -0.4999823 0 -0.86603564
vn -0.49998218 5.9604645E-08 -0.86603564
vn -0.4999823 0 -0.86603564
vn -1 1.0482755E-07 4.3816726E-08
vn -0.49998227 5.9604645E-08 0.86603564
vn 0.50001806 5.9604645E-08 0.8660149
vn -0.49998227 0 0.86603564
vn -0.49998227 5.9604645E-08 0.86603564
vn -1 1.0482755E-07 4.3816726E-08
vn -0.49998212 -1.1920929E-07 0.8660357
vn -0.49998227 5.9604645E-08 0.86603564
vn 0.5000185 -5.9604645E-08 0.8660147
vn 0.50001806 5.9604645E-08 0.8660149
vn -0.49998227 5.9604645E-08 0.86603564
vn -0.49998212 -1.1920929E-07 0.8660357
vn 0.5000185 -5.9604645E-08 0.8660147
vn 0.5000184 5.9604645E-08 -0.8660147
vn -0.49998212 5.9604645E-08 -0.86603564
vn -0.4999825 0 -0.86603546
vn 0.5000184 5.9604645E-08 -0.8660147
vn -0.4999825 0 -0.86603546
vn 0.5000181 -5.9604645E-08 -0.8660149
vn -0.49998212 5.9604645E-08 -0.86603564
vn -1 -5.491536E-10 1.0954175E-08
vn -0.4999825 0 -0.86603546
vn -0.4999825 5.9604645E-08 0.86603546
vn -0.49998218 0 0.86603564
vn 0.5000181 5.9604645E-08 0.8660149
vn -0.4999825 5.9604645E-08 0.86603546
vn -0.4999822 -5.9604645E-08 0.86603564
vn -1 -5.491536E-10 1.0954175E-08
vn -0.4999825 5.9604645E-08 0.86603546
vn 0.5000181 5.9604645E-08 0.8660149
vn 0.50001854 0 0.8660147
vn -0.4999825 5.9604645E-08 0.86603546
vn 0.50001854 0 0.8660147
vn -0.4999822 -5.9604645E-08 0.86603564
vn 0.42035285 -0.5415422 -0.7280353
vn -0.42032087 -0.5415441 -0.7280525
vn -0.4999823 0 -0.86603564
vn 0.42035285 -0.5415422 -0.7280353
vn -5.8056457E-06 -0.99999994 3.5762787E-07
vn -0.42032087 -0.5415441 -0.7280525
vn -0.49998227 0 0.86603564
vn 0.50001806 5.9604645E-08 0.8660149
vn 0.5000184 -5.9604645E-08 0.8660147
vn -0.49998227 0 0.86603564
vn 0.5000184 -5.9604645E-08 0.8660147
vn -0.49998218 0 0.86603564
vn -0.49998218 0 0.86603564
vn 0.5000184 -5.9604645E-08 0.8660147
vn 0.5000181 5.9604645E-08 0.8660149
vn -1 1.0482755E-07 4.3816726E-08
vn -1 -6.809819E-08 8.763347E-07
vn -0.49998212 -1.1920929E-07 0.8660357
vn -1 1.0482755E-07 4.3816726E-08
vn -0.4999823 0 -0.86603564
vn -1 -6.809819E-08 8.763347E-07
vn -0.4999823 0 -0.86603564
vn -0.42032087 -0.5415441 -0.7280525
vn -1 -6.809819E-08 8.763347E-07
vn 0.5000185 -5.9604645E-08 0.8660147
vn 1 -4.099583E-10 -2.3276517E-08
vn 0.50001806 5.9604645E-08 0.8660149
vn 0.5000185 -5.9604645E-08 0.8660147
vn -0.49998212 -1.1920929E-07 0.8660357
vn 0.5000181 -2.3841858E-07 0.86601496
vn 0.5000185 -5.9604645E-08 0.8660147
vn 1 -8.310546E-08 -1.0953663E-08
vn 1 -4.099583E-10 -2.3276517E-08
vn 0.5000185 -5.9604645E-08 0.8660147
vn 0.5000181 -2.3841858E-07 0.86601496
vn 1 -8.310546E-08 -1.0953663E-08
vn 0.5000181 -5.9604645E-08 -0.8660149
vn -0.4999825 0 -0.86603546
vn -0.49998212 0 -0.86603564
vn 0.5000181 -5.9604645E-08 -0.8660149
vn -0.49998212 0 -0.86603564
vn 0.5000184 5.9604645E-08 -0.8660147
vn -1 -5.491536E-10 1.0954175E-08
vn -0.4999822 -5.9604645E-08 0.86603564
vn -1 -4.6026138E-08 -1.3692727E-09
vn -1 -5.491536E-10 1.0954175E-08
vn -1 -4.6026138E-08 -1.3692727E-09
vn -0.4999825 0 -0.86603546
vn -0.4999825 0 -0.86603546
vn -1 -4.6026138E-08 -1.3692727E-09
vn -0.49998212 0 -0.86603564
vn 0.50001854 0 0.8660147
vn 0.5000181 5.9604645E-08 0.8660149
vn 1 8.316162E-08 -3.2860946E-08
vn 0.50001854 0 0.8660147
vn 0.5000181 5.9604645E-08 0.8660149
vn -0.4999822 -5.9604645E-08 0.86603564
vn 0.50001854 0 0.8660147
vn 1 8.316162E-08 -3.2860946E-08
vn 1 -5.488374E-10 -5.2029858E-08
vn 0.50001854 0 0.8660147
vn 1 -5.488374E-10 -5.2029858E-08
vn 0.5000181 5.9604645E-08 0.8660149
vn 0.5000184 -5.9604645E-08 0.8660147
vn 0.50001806 5.9604645E-08 0.8660149
vn 1 -8.3782474E-08 -6.572191E-08
vn 0.5000184 -5.9604645E-08 0.8660147
vn 1 -6.920686E-11 -6.572194E-08
vn 0.5000181 5.9604645E-08 0.8660149
vn 0.5000184 -5.9604645E-08 0.8660147
vn 1 -8.3782474E-08 -6.572191E-08
vn 1 -6.920686E-11 -6.572194E-08
vn 0.5000181 5.9604645E-08 0.8660149
vn 1 -6.920686E-11 -6.572194E-08
vn 1 8.316162E-08 -3.2860946E-08
vn 0.50001806 5.9604645E-08 0.8660149
vn 1 -4.099583E-10 -2.3276517E-08
vn 1 -8.3782474E-08 -6.572191E-08
vn -0.42032087 -0.5415441 -0.7280525
vn -0.8406762 -0.54153806 8.34465E-07
vn -1 -6.809819E-08 8.763347E-07
vn -0.42032087 -0.5415441 -0.7280525
vn -5.8056457E-06 -0.99999994 3.5762787E-07
vn -0.8406762 -0.54153806 8.34465E-07
vn -0.49998212 -1.1920929E-07 0.8660357
vn -0.4999816 -2.3841858E-07 0.86603594
vn 0.5000181 -2.3841858E-07 0.86601496
vn -0.49998212 -1.1920929E-07 0.8660357
vn -1 -6.809819E-08 8.763347E-07
vn -0.4999816 -2.3841858E-07 0.86603594
vn -1 -6.809819E-08 8.763347E-07
vn -0.8406762 -0.54153806 8.34465E-07
vn -0.4999816 -2.3841858E-07 0.86603594
vn 1 -8.310546E-08 -1.0953663E-08
vn 0.5000181 -5.9604645E-08 -0.86601496
vn 1 -4.099583E-10 -2.3276517E-08
vn 1 -8.310546E-08 -1.0953663E-08
vn 0.5000181 -2.3841858E-07 0.86601496
vn 1 -1.5113113E-07 1.09536415E-08
vn 1 -8.310546E-08 -1.0953663E-08
vn 0.5000184 0 -0.8660147
vn 0.5000181 -5.9604645E-08 -0.86601496
vn 1 -8.310546E-08 -1.0953663E-08
vn 1 -1.5113113E-07 1.09536415E-08
vn 0.5000184 0 -0.8660147
vn 0.5000184 5.9604645E-08 -0.8660147
vn -0.49998212 0 -0.86603564
vn -0.49998218 5.9604645E-08 -0.8660357
vn 0.5000184 5.9604645E-08 -0.8660147
vn -0.49998218 5.9604645E-08 -0.8660357
vn 0.5000181 -5.9604645E-08 -0.8660149
vn -1 -4.6026138E-08 -1.3692727E-09
vn -0.4999822 -5.9604645E-08 0.86603564
vn -0.49998227 0 0.86603564
vn -1 -4.6026138E-08 -1.3692727E-09
vn -1 -1.7763568E-15 2.4646909E-08
vn -0.49998212 0 -0.86603564
vn -1 -4.6026138E-08 -1.3692727E-09
vn -0.49998227 0 0.86603564
vn -1 -1.7763568E-15 2.4646909E-08
vn -0.49998212 0 -0.86603564
vn -1 -1.7763568E-15 2.4646909E-08
vn -0.49998218 5.9604645E-08 -0.8660357
vn -0.4999822 -5.9604645E-08 0.86603564
vn 0.5000181 5.9604645E-08 0.8660149
vn -0.49998227 0 0.86603564
vn 1 -5.488374E-10 -5.2029858E-08
vn 1 8.316162E-08 -3.2860946E-08
vn 0.5000181 -5.9604645E-08 -0.8660149
vn 1 -5.488374E-10 -5.2029858E-08
vn 1 4.7120686E-08 4.7120686E-08
vn 0.5000181 5.9604645E-08 0.8660149
vn 1 -5.488374E-10 -5.2029858E-08
vn 0.5000181 -5.9604645E-08 -0.8660149
vn 0.5000185 5.9604645E-08 -0.8660147
vn 1 -5.488374E-10 -5.2029858E-08
vn 0.5000185 5.9604645E-08 -0.8660147
vn 1 4.7120686E-08 4.7120686E-08
vn 1 -6.920686E-11 -6.572194E-08
vn 1 -8.3782474E-08 -6.572191E-08
vn 0.5000181 -5.9604645E-08 -0.8660149
vn 1 -6.920686E-11 -6.572194E-08
vn 0.5000184 5.9604645E-08 -0.8660147
vn 1 8.316162E-08 -3.2860946E-08
vn 1 -6.920686E-11 -6.572194E-08
vn 0.5000181 -5.9604645E-08 -0.8660149
vn 0.5000184 5.9604645E-08 -0.8660147
vn 0.5000184 5.9604645E-08 -0.8660147
vn 0.5000181 -5.9604645E-08 -0.8660149
vn 1 8.316162E-08 -3.2860946E-08
vn -0.8406762 -0.54153806 8.34465E-07
vn -0.42032027 -0.54154396 0.7280529
vn -0.4999816 -2.3841858E-07 0.86603594
vn -0.8406762 -0.54153806 8.34465E-07
vn -5.8056457E-06 -0.99999994 3.5762787E-07
vn -0.42032027 -0.54154396 0.7280529
vn 1 -4.099583E-10 -2.3276517E-08
vn 0.5000181 -5.9604645E-08 -0.86601496
vn 0.5000184 5.9604645E-08 -0.8660147
vn 1 -4.099583E-10 -2.3276517E-08
vn 0.5000184 5.9604645E-08 -0.8660147
vn 1 -8.3782474E-08 -6.572191E-08
vn 1 -8.3782474E-08 -6.572191E-08
vn 0.5000184 5.9604645E-08 -0.8660147
vn 0.5000181 -5.9604645E-08 -0.8660149
vn 0.5000181 -2.3841858E-07 0.86601496
vn 0.5000178 -5.9604645E-08 0.8660151
vn 1 -1.5113113E-07 1.09536415E-08
vn 0.5000181 -2.3841858E-07 0.86601496
vn -0.4999816 -2.3841858E-07 0.86603594
vn 0.5000178 -5.9604645E-08 0.8660151
vn -0.4999816 -2.3841858E-07 0.86603594
vn -0.42032027 -0.54154396 0.7280529
vn 0.5000178 -5.9604645E-08 0.8660151
vn 0.5000184 0 -0.8660147
vn 1 -1.5113113E-07 1.09536415E-08
vn 0.50001806 -1.1920929E-07 -0.8660149
vn 0.5000181 -5.9604645E-08 -0.8660149
vn -0.49998218 5.9604645E-08 -0.8660357
vn -0.49998212 0 -0.86603564
vn 0.5000181 -5.9604645E-08 -0.8660149
vn -0.49998212 0 -0.86603564
vn 0.5000185 5.9604645E-08 -0.8660147
vn -1 -1.7763568E-15 2.4646909E-08
vn -0.49998227 0 0.86603564
vn -0.4999822 0 0.86603564
vn -1 -1.7763568E-15 2.4646909E-08
vn -1 0 1.0954181E-08
vn -0.49998218 5.9604645E-08 -0.8660357
vn -1 -1.7763568E-15 2.4646909E-08
vn -0.4999822 0 0.86603564
vn -1 0 1.0954181E-08
vn -1 0 1.0954181E-08
vn -0.49998212 0 -0.86603564
vn -0.49998218 5.9604645E-08 -0.8660357
vn 0.5000181 5.9604645E-08 0.8660149
vn 1 4.7120686E-08 4.7120686E-08
vn 0.5000185 0 0.8660147
vn 0.5000181 5.9604645E-08 0.8660149
vn 0.5000185 0 0.8660147
vn -0.49998227 0 0.86603564
vn -0.49998227 0 0.86603564
vn 0.5000185 0 0.8660147
vn -0.4999822 0 0.86603564
vn -0.42032027 -0.54154396 0.7280529
vn 0.42035228 -0.54154235 0.7280357
vn 0.5000178 -5.9604645E-08 0.8660151
vn -0.42032027 -0.54154396 0.7280529
vn -5.8056457E-06 -0.99999994 3.5762787E-07
vn 0.42035228 -0.54154235 0.7280357
vn 1 -1.5113113E-07 1.09536415E-08
vn 1 6.0252944E-08 9.310607E-07
vn 0.50001806 -1.1920929E-07 -0.8660149
vn 1 -1.5113113E-07 1.09536415E-08
vn 0.5000178 -5.9604645E-08 0.8660151
vn 1 6.0252944E-08 9.310607E-07
vn 0.5000178 -5.9604645E-08 0.8660151
vn 0.42035228 -0.54154235 0.7280357
vn 1 6.0252944E-08 9.310607E-07
vn 0.50001806 -1.1920929E-07 -0.8660149
vn 1 6.0252944E-08 9.310607E-07
vn 0.50001866 1.1920929E-07 -0.86601454
vn 0.42035228 -0.54154235 0.7280357
vn 0.84066963 -0.5415482 6.556511E-07
vn 1 6.0252944E-08 9.310607E-07
vn 0.42035228 -0.54154235 0.7280357
vn -5.8056457E-06 -0.99999994 3.5762787E-07
vn 0.84066963 -0.5415482 6.556511E-07
vn 1 6.0252944E-08 9.310607E-07
vn 0.84066963 -0.5415482 6.556511E-07
vn 0.50001866 1.1920929E-07 -0.86601454
vn 0.84066963 -0.5415482 6.556511E-07
vn 0.42035285 -0.5415422 -0.7280353
vn 0.50001866 1.1920929E-07 -0.86601454
vn 0.84066963 -0.5415482 6.556511E-07
vn -5.8056457E-06 -0.99999994 3.5762787E-07
vn 0.42035285 -0.5415422 -0.7280353
vn -0.49998218 0 -0.86603564
vn 0.5000185 5.9604645E-08 -0.8660147
vn -0.49998212 0 -0.86603564
vn -0.49998218 0 -0.86603564
vn 0.5000184 5.9604645E-08 -0.8660147
vn 0.5000185 5.9604645E-08 -0.8660147
vn -0.49998218 0 -0.86603564
vn -0.49998212 0 -0.86603564
vn -1 0 3.2862545E-08
vn -0.49998218 0 -0.86603564
vn -0.49998212 5.9604645E-08 -0.8660357
vn 0.5000184 5.9604645E-08 -0.8660147
vn -0.49998218 0 -0.86603564
vn -1 0 3.2862545E-08
vn -1 3.5527137E-15 -3.9708905E-08
vn -0.49998218 0 -0.86603564
vn -1 3.5527137E-15 -3.9708905E-08
vn -0.49998212 5.9604645E-08 -0.8660357
vn -0.49998212 0 -0.86603564
vn -1 0 1.0954181E-08
vn -1 0 3.2862545E-08
vn 0.5000184 5.9604645E-08 -0.8660147
vn -0.49998212 5.9604645E-08 -0.8660357
vn 0.50001854 0 -0.8660147
vn -1 3.5527137E-15 -3.9708905E-08
vn -1 0 3.2862545E-08
vn -0.49998218 0 0.86603564
vn -1 3.5527137E-15 -3.9708905E-08
vn -1 -8.881784E-16 1.0954181E-08
vn -0.49998212 5.9604645E-08 -0.8660357
vn -1 3.5527137E-15 -3.9708905E-08
vn -0.49998218 0 0.86603564
vn -0.49998212 -5.9604645E-08 0.8660357
vn -1 3.5527137E-15 -3.9708905E-08
vn -0.49998212 -5.9604645E-08 0.8660357
vn -1 -8.881784E-16 1.0954181E-08
vn -1 0 1.0954181E-08
vn -0.4999822 0 0.86603564
vn -1 0 3.2862545E-08
vn -1 0 1.0954181E-08
vn -0.4999822 0 0.86603564
vn -0.4999822 0 0.86603564
vn -1 0 3.2862545E-08
vn -0.4999822 0 0.86603564
vn -0.49998218 0 0.86603564
vn 0.50001854 0 -0.8660147
vn -0.49998212 5.9604645E-08 -0.8660357
vn -0.49998218 0 -0.86603564
vn 0.50001854 0 -0.8660147
vn -0.49998218 0 -0.86603564
vn 0.50001806 -5.9604645E-08 -0.86601496
vn -0.49998212 5.9604645E-08 -0.8660357
vn -1 -8.881784E-16 1.0954181E-08
vn -0.49998218 0 -0.86603564
vn -0.49998212 -5.9604645E-08 0.8660357
vn -0.49998218 0 0.86603564
vn 0.5000181 5.9604645E-08 0.8660149
vn -0.49998212 -5.9604645E-08 0.8660357
vn -0.49998218 0 0.86603564
vn -1 -8.881784E-16 1.0954181E-08
vn -0.49998212 -5.9604645E-08 0.8660357
vn 0.5000181 5.9604645E-08 0.8660149
vn 0.5000185 0 0.8660147
vn -0.49998212 -5.9604645E-08 0.8660357
vn 0.5000185 0 0.8660147
vn -0.49998218 0 0.86603564
vn -0.4999822 0 0.86603564
vn 0.50001884 -5.9604645E-08 0.86601454
vn -0.4999822 0 0.86603564
vn -0.4999822 0 0.86603564
vn 0.5000185 0 0.8660147
vn 0.50001884 -5.9604645E-08 0.86601454
vn 0.50001806 -5.9604645E-08 -0.86601496
vn -0.49998218 0 -0.86603564
vn -0.49998218 0 -0.86603564
vn 0.50001806 -5.9604645E-08 -0.86601496
vn -0.49998218 0 -0.86603564
vn 0.50001836 1.1920929E-07 -0.8660148
vn -0.49998218 0 0.86603564
vn 0.50001836 -5.9604645E-08 0.8660148
vn 0.5000181 5.9604645E-08 0.8660149
vn -0.49998218 0 0.86603564
vn -0.4999822 0 0.86603564
vn 0.50001836 -5.9604645E-08 0.8660148
vn -0.4999822 0 0.86603564
vn 0.50001884 -5.9604645E-08 0.86601454
vn 0.50001836 -5.9604645E-08 0.8660148
vn -1 -8.881784E-16 1.0954181E-08
vn -0.49998218 0 0.86603564
vn -1 0 3.6970363E-08
vn -1 -8.881784E-16 1.0954181E-08
vn -1 0 3.6970363E-08
vn -0.49998218 0 -0.86603564
vn -0.49998218 0 -0.86603564
vn -1 0 3.6970363E-08
vn -0.49998218 0 -0.86603564
vn 0.5000185 0 0.8660147
vn 0.5000181 5.9604645E-08 0.8660149
vn 1 4.6654304E-08 -1.0953649E-08
vn 0.5000185 0 0.8660147
vn 0.5000184 0 0.8660147
vn -0.49998218 0 0.86603564
vn 0.5000185 0 0.8660147
vn 1 4.6654304E-08 -1.0953649E-08
vn 1 2.228023E-08 -7.119873E-08
vn 0.5000185 0 0.8660147
vn 1 2.228023E-08 -7.119873E-08
vn 0.5000184 0 0.8660147
vn 0.5000185 0 0.8660147
vn 1 -3.8512695E-08 -4.4909953E-07
vn 0.50001884 -5.9604645E-08 0.86601454
vn 0.5000185 0 0.8660147
vn 1 4.7120686E-08 4.7120686E-08
vn 1 -3.8512695E-08 -4.4909953E-07
vn 0.50001836 1.1920929E-07 -0.8660148
vn -0.49998218 0 -0.86603564
vn -0.49998212 0 -0.86603564
vn 0.50001836 1.1920929E-07 -0.8660148
vn -0.49998212 0 -0.86603564
vn 0.5000184 0 -0.8660147
vn 0.50001836 -5.9604645E-08 0.8660148
vn 1 3.897327E-12 -3.286097E-08
vn 0.5000181 5.9604645E-08 0.8660149
vn 0.50001836 -5.9604645E-08 0.8660148
vn 0.50001884 -5.9604645E-08 0.86601454
vn 1 -9.50595E-09 1.09536495E-08
vn 0.50001836 -5.9604645E-08 0.8660148
vn 1 -9.50595E-09 1.09536495E-08
vn 1 3.897327E-12 -3.286097E-08
vn 0.50001884 -5.9604645E-08 0.86601454
vn 1 -3.8512695E-08 -4.4909953E-07
vn 1 -9.50595E-09 1.09536495E-08
vn 0.5000181 5.9604645E-08 0.8660149
vn 1 3.897327E-12 -3.286097E-08
vn 1 4.6654304E-08 -1.0953649E-08
vn -1 0 3.6970363E-08
vn -0.49998218 0 0.86603564
vn -0.49998227 0 0.86603564
vn -1 0 3.6970363E-08
vn -1 0 3.9708905E-08
vn -0.49998218 0 -0.86603564
vn -1 0 3.6970363E-08
vn -0.49998227 0 0.86603564
vn -1 0 3.9708905E-08
vn -0.49998218 0 -0.86603564
vn -1 0 3.9708905E-08
vn -0.49998212 0 -0.86603564
vn -0.49998218 0 0.86603564
vn 0.5000184 0 0.8660147
vn -0.49998227 0 0.86603564
vn 1 2.228023E-08 -7.119873E-08
vn 1 4.6654304E-08 -1.0953649E-08
vn 0.5000184 0 -0.8660147
vn 1 2.228023E-08 -7.119873E-08
vn 1 -6.690783E-08 -2.9301023E-07
vn 0.5000184 0 0.8660147
vn 1 2.228023E-08 -7.119873E-08
vn 0.5000184 0 -0.8660147
vn 0.5000186 5.9604645E-08 -0.86601454
vn 1 2.228023E-08 -7.119873E-08
vn 0.5000186 5.9604645E-08 -0.86601454
vn 1 -6.690783E-08 -2.9301023E-07
vn 1 4.7120686E-08 4.7120686E-08
vn 0.5000184 5.9604645E-08 -0.8660147
vn 1 -3.8512695E-08 -4.4909953E-07
vn 1 4.7120686E-08 4.7120686E-08
vn 0.5000185 5.9604645E-08 -0.8660147
vn 0.5000184 5.9604645E-08 -0.8660147
vn 0.5000184 0 -0.8660147
vn -0.49998212 0 -0.86603564
vn -0.49998176 5.9604645E-08 -0.8660359
vn 0.5000184 0 -0.8660147
vn -0.49998176 5.9604645E-08 -0.8660359
vn 0.5000186 5.9604645E-08 -0.86601454
vn 1 -9.50595E-09 1.09536495E-08
vn 0.50001806 -5.9604645E-08 -0.86601496
vn 1 3.897327E-12 -3.286097E-08
vn 1 -9.50595E-09 1.09536495E-08
vn 1 -3.8512695E-08 -4.4909953E-07
vn 0.50001854 0 -0.8660147
vn 1 -9.50595E-09 1.09536495E-08
vn 0.50001854 0 -0.8660147
vn 0.50001806 -5.9604645E-08 -0.86601496
vn 0.50001854 0 -0.8660147
vn 1 -3.8512695E-08 -4.4909953E-07
vn 0.5000184 5.9604645E-08 -0.8660147
vn -1 0 3.9708905E-08
vn -0.49998227 0 0.86603564
vn -0.49998227 0 0.86603564
vn -1 0 3.9708905E-08
vn -1 -8.881784E-16 1.0954181E-08
vn -0.49998212 0 -0.86603564
vn -1 0 3.9708905E-08
vn -0.49998227 0 0.86603564
vn -1 -8.881784E-16 1.0954181E-08
vn -0.49998212 0 -0.86603564
vn -1 -8.881784E-16 1.0954181E-08
vn -0.49998176 5.9604645E-08 -0.8660359
vn 1 4.6654304E-08 -1.0953649E-08
vn 0.50001836 1.1920929E-07 -0.8660148
vn 0.5000184 0 -0.8660147
vn 1 4.6654304E-08 -1.0953649E-08
vn 1 3.897327E-12 -3.286097E-08
vn 0.50001836 1.1920929E-07 -0.8660148
vn 0.50001836 1.1920929E-07 -0.8660148
vn 1 3.897327E-12 -3.286097E-08
vn 0.50001806 -5.9604645E-08 -0.86601496
vn 0.5000184 0 0.8660147
vn 1 -6.690783E-08 -2.9301023E-07
vn 0.5000185 -5.9604645E-08 0.8660147
vn 0.5000184 0 0.8660147
vn 0.5000185 -5.9604645E-08 0.8660147
vn -0.49998227 0 0.86603564
vn -0.49998227 0 0.86603564
vn 0.5000185 -5.9604645E-08 0.8660147
vn -0.49998227 0 0.86603564
vn 0.5000186 5.9604645E-08 -0.86601454
vn 0.50001806 -5.9604645E-08 -0.86601496
vn 1 -6.690783E-08 -2.9301023E-07
vn 0.5000186 5.9604645E-08 -0.86601454
vn -0.49998176 5.9604645E-08 -0.8660359
vn -0.49998212 0 -0.8660357
vn 0.5000186 5.9604645E-08 -0.86601454
vn -0.49998212 0 -0.8660357
vn 0.50001806 -5.9604645E-08 -0.86601496
vn -1 -8.881784E-16 1.0954181E-08
vn -0.49998227 0 0.86603564
vn -0.4999822 0 0.86603564
vn -1 -8.881784E-16 1.0954181E-08
vn -1 0 -6.8463635E-08
vn -0.49998176 5.9604645E-08 -0.8660359
vn -1 -8.881784E-16 1.0954181E-08
vn -0.4999822 0 0.86603564
vn -1 0 -6.8463635E-08
vn -0.49998176 5.9604645E-08 -0.8660359
vn -1 0 -6.8463635E-08
vn -0.49998212 0 -0.8660357
vn 0.5000185 -5.9604645E-08 0.8660147
vn 1 -6.690783E-08 -2.9301023E-07
vn 1 -5.4244254E-10 -3.833779E-08
vn 0.5000185 -5.9604645E-08 0.8660147
vn 0.5000181 5.9604645E-08 0.8660149
vn -0.49998227 0 0.86603564
vn 0.5000185 -5.9604645E-08 0.8660147
vn 1 -5.4244254E-10 -3.833779E-08
vn 0.5000181 5.9604645E-08 0.8660149
vn -0.49998227 0 0.86603564
vn 0.5000181 5.9604645E-08 0.8660149
vn -0.4999822 0 0.86603564
vn 1 -6.690783E-08 -2.9301023E-07
vn 0.50001806 -5.9604645E-08 -0.86601496
vn 1 -5.4244254E-10 -3.833779E-08
vn 0.50001806 -5.9604645E-08 -0.86601496
vn -0.49998212 0 -0.8660357
vn -0.49998164 5.9604645E-07 -0.86603594
vn 0.50001806 -5.9604645E-08 -0.86601496
vn -0.49998164 5.9604645E-07 -0.86603594
vn 0.5000183 1.0728836E-06 -0.8660148
vn -1 0 -6.8463635E-08
vn -0.4999822 0 0.86603564
vn -0.49998227 -5.9604645E-07 0.8660355
vn -1 0 -6.8463635E-08
vn -1 -3.476514E-07 1.0954153E-08
vn -0.49998212 0 -0.8660357
vn -1 0 -6.8463635E-08
vn -0.49998227 -5.9604645E-07 0.8660355
vn -1 -3.476514E-07 1.0954153E-08
vn -0.49998212 0 -0.8660357
vn -1 -3.476514E-07 1.0954153E-08
vn -0.49998164 5.9604645E-07 -0.86603594
vn 0.5000181 5.9604645E-08 0.8660149
vn 1 -5.4244254E-10 -3.833779E-08
vn 1 4.4617266E-07 -6.9829554E-08
vn 0.5000181 5.9604645E-08 0.8660149
vn 0.5000187 -2.3841858E-07 0.86601454
vn -0.4999822 0 0.86603564
vn 0.5000181 5.9604645E-08 0.8660149
vn 1 4.4617266E-07 -6.9829554E-08
vn 0.5000187 -2.3841858E-07 0.86601454
vn -0.4999822 0 0.86603564
vn 0.5000187 -2.3841858E-07 0.86601454
vn -0.49998227 -5.9604645E-07 0.8660355
vn 0.50001806 -5.9604645E-08 -0.86601496
vn 0.5000183 1.0728836E-06 -0.8660148
vn 1 -5.4244254E-10 -3.833779E-08
vn 1 -5.4244254E-10 -3.833779E-08
vn 0.5000183 1.0728836E-06 -0.8660148
vn 1 4.4617266E-07 -6.9829554E-08
vn 0.5000183 1.0728836E-06 -0.8660148
vn -0.49998164 5.9604645E-07 -0.86603594
vn -0.49952036 -0.043105364 -0.865229
vn 0.5000183 1.0728836E-06 -0.8660148
vn -0.49952036 -0.043105364 -0.865229
vn 0.49955142 -0.043115556 -0.86521065
vn -1 -3.476514E-07 1.0954153E-08
vn -0.49998227 -5.9604645E-07 0.8660355
vn -0.49952382 -0.043096483 0.86522734
vn -1 -3.476514E-07 1.0954153E-08
vn -0.99907124 -0.043090682 -7.841736E-06
vn -0.49998164 5.9604645E-07 -0.86603594
vn -1 -3.476514E-07 1.0954153E-08
vn -0.49952382 -0.043096483 0.86522734
vn -0.99907124 -0.043090682 -7.841736E-06
vn -0.99907124 -0.043090682 -7.841736E-06
vn -0.49952036 -0.043105364 -0.865229
vn -0.49998164 5.9604645E-07 -0.86603594
vn 0.5000187 -2.3841858E-07 0.86601454
vn 1 4.4617266E-07 -6.9829554E-08
vn 0.9990698 -0.043121457 -1.12354755E-05
vn 0.5000187 -2.3841858E-07 0.86601454
vn 0.49955162 -0.043115318 0.8652105
vn -0.49998227 -5.9604645E-07 0.8660355
vn 0.5000187 -2.3841858E-07 0.86601454
vn 0.9990698 -0.043121457 -1.12354755E-05
vn 0.49955162 -0.043115318 0.8652105
vn 0.49955162 -0.043115318 0.8652105
vn -0.49952382 -0.043096483 0.86522734
vn -0.49998227 -5.9604645E-07 0.8660355
vn 0.5000183 1.0728836E-06 -0.8660148
vn 0.49955142 -0.043115556 -0.86521065
vn 1 4.4617266E-07 -6.9829554E-08
vn 1 4.4617266E-07 -6.9829554E-08
vn 0.49955142 -0.043115556 -0.86521065
vn 0.9990698 -0.043121457 -1.12354755E-05
# 1116 vertex normals

vt 0.447355 1.55436 0
vt 0.447355 1.54783 0
vt 0.457075 1.55436 0
vt 0.438009 1.54783 0
vt 0.457075 1.56001 0
vt 0.438009 1.55436 0
vt 0.447355 1.56001 0
vt 0.457075 1.54783 0
vt 0.438009 1.54119 0
vt 0.447355 1.54119 0
vt 0.455382 1.56282 0
vt 0.465872 1.56003 0
vt 0.464636 1.56318 0
vt 0.458298 1.56317 0
vt 0.429712 1.54783 0
vt 0.43782 1.56003 0
vt 0.429712 1.55436 0
vt 0.457075 1.54119 0
vt 0.465872 1.55437 0
vt 0.465872 1.54783 0
vt 0.429712 1.54119 0
vt 0.438009 1.53447 0
vt 0.429713 1.53447 0
vt 0.44896 1.56283 0
vt 0.452182 1.56851 0
vt 0.461458 1.56952 0
vt 0.429679 1.56002 0
vt 0.445693 1.56281 0
vt 0.43646 1.56316 0
vt 0.439418 1.56286 0
vt 0.465872 1.5412 0
vt 0.447355 1.53447 0
vt 0.457075 1.53447 0
vt 0.475402 1.56002 0
vt 0.475404 1.55437 0
vt 0.429713 1.52716 0
vt 0.430528 1.56314 0
vt 0.4332 1.56948 0
vt 0.442597 1.56851 0
vt 0.465872 1.53447 0
vt 0.475404 1.54784 0
vt 0.475404 1.5412 0
vt 0.43801 1.52716 0
vt 0.447355 1.52716 0
vt 0.473794 1.56282 0
vt 0.467487 1.56284 0
vt 0.475404 1.53447 0
vt 0.457075 1.52716 0
vt 0.465872 1.52716 0
vt 0.484383 1.55437 0
vt 0.484383 1.54784 0
vt 0.429713 1.51893 0
vt 0.484383 1.56002 0
vt 0.483189 1.56281 0
vt 0.476958 1.56281 0
vt 0.470661 1.56849 0
vt 0.475405 1.52716 0
vt 0.484383 1.5412 0
vt 0.484383 1.53448 0
vt 0.447355 1.51893 0
vt 0.438009 1.51893 0
vt 0.480069 1.56848 0
vt 0.465872 1.51894 0
vt 0.457075 1.51894 0
vt 0.484384 1.52716 0
vt 0.429713 1.51024 0
vt 0.457075 1.51025 0
vt 0.475405 1.51894 0
vt 0.465872 1.51025 0
vt 0.438009 1.51025 0
vt 0.447355 1.51025 0
vt 0.475405 1.51025 0
vt 0.457075 1.5044 0
vt 0.465872 1.5044 0
vt 0.484384 1.51894 0
vt 0.438009 1.5044 0
vt 0.447355 1.5044 0
vt 0.429713 1.5044 0
vt 0.475405 1.5044 0
vt 0.457075 1.49977 0
vt 0.465872 1.49977 0
vt 0.484384 1.51025 0
vt 0.43801 1.49977 0
vt 0.447355 1.49977 0
vt 0.429713 1.49977 0
vt 0.475405 1.49978 0
vt 0.457075 1.49265 0
vt 0.465872 1.49265 0
vt 0.484384 1.5044 0
vt 0.43801 1.49265 0
vt 0.447355 1.49265 0
vt 0.429713 1.49265 0
vt 0.475405 1.49265 0
vt 0.457075 1.46852 0
vt 0.465872 1.46852 0
vt 0.484384 1.49978 0
vt 0.438011 1.46852 0
vt 0.447355 1.46852 0
vt 0.429713 1.46852 0
vt 0.475405 1.46852 0
vt 0.484384 1.49265 0
vt 0.484384 1.46852 0
vt 0.099019 1.16755 0
vt 0.099021 1.21602 0
vt 0.089671 1.16755 0
vt 0.108365 1.21602 0
vt 0.089669 1.11908 0
vt 0.108363 1.16755 0
vt 0.099018 1.11908 0
vt 0.089673 1.21602 0
vt 0.108366 1.26563 0
vt 0.099022 1.26563 0
vt 0.089669 1.0706 0
vt 0.117712 1.21602 0
vt 0.108362 1.11907 0
vt 0.117711 1.16755 0
vt 0.089674 1.26563 0
vt 0.117714 1.26563 0
vt 0.108368 1.3125 0
vt 0.117715 1.3125 0
vt 0.099017 1.0706 0
vt 0.089669 1.01953 0
vt 0.127067 1.21602 0
vt 0.11771 1.11907 0
vt 0.127066 1.16755 0
vt 0.099022 1.3125 0
vt 0.089676 1.3125 0
vt 0.12707 1.3125 0
vt 0.117716 1.36145 0
vt 0.127071 1.36145 0
vt 0.099015 1.01954 0
vt 0.094347 1.01169 0
vt 0.127068 1.26562 0
vt 0.10836 1.0706 0
vt 0.136415 1.21602 0
vt 0.127064 1.11907 0
vt 0.136414 1.16755 0
vt 0.099024 1.36145 0
vt 0.089676 1.36145 0
vt 0.108368 1.36145 0
vt 0.136419 1.36145 0
vt 0.127073 1.40992 0
vt 0.13642 1.40992 0
vt 0.136416 1.26562 0
vt 0.136417 1.3125 0
vt 0.108368 1.01954 0
vt 0.103692 1.01169 0
vt 0.117708 1.0706 0
vt 0.145759 1.21602 0
vt 0.136412 1.11907 0
vt 0.145757 1.16755 0
vt 0.099026 1.40992 0
vt 0.089678 1.40992 0
vt 0.117717 1.40992 0
vt 0.10837 1.40992 0
vt 0.145765 1.40992 0
vt 0.136422 1.45703 0
vt 0.145765 1.45703 0
vt 0.145761 1.3125 0
vt 0.145763 1.36145 0
vt 0.117835 1.01952 0
vt 0.113083 1.01173 0
vt 0.14576 1.26562 0
vt 0.127063 1.0706 0
vt 0.145756 1.11907 0
vt 0.099028 1.45703 0
vt 0.08968 1.45703 0
vt 0.117719 1.45703 0
vt 0.108371 1.45703 0
vt 0.127074 1.45703 0
vt 0.12694 1.01953 0
vt 0.122397 1.01174 0
vt 0.136411 1.0706 0
vt 0.145755 1.0706 0
vt 0.136406 1.01953 0
vt 0.13167 1.01175 0
vt 0.145755 1.01954 0
vt 0.141098 1.01173 0
vt 0.024928 1.06821 0
vt 0.015581 1.01973 0
vt 0.024929 1.01973 0
vt 0.015581 1.06821 0
vt 0.034272 1.06821 0
vt 0.024929 1.11668 0
vt 0.034272 1.11668 0
vt 0.034272 1.01973 0
vt 0.015581 1.11668 0
vt 0.04362 1.11668 0
vt 0.034272 1.16516 0
vt 0.04362 1.16516 0
vt 0.04362 1.06821 0
vt 0.043621 1.01973 0
vt 0.024929 1.16516 0
vt 0.015581 1.16516 0
vt 0.052975 1.16516 0
vt 0.04362 1.21363 0
vt 0.052975 1.21363 0
vt 0.052975 1.06821 0
vt 0.052975 1.01973 0
vt 0.024929 1.21363 0
vt 0.015581 1.21363 0
vt 0.052975 1.11668 0
vt 0.034272 1.21363 0
vt 0.062322 1.21363 0
vt 0.052975 1.2621 0
vt 0.062322 1.2621 0
vt 0.062322 1.06821 0
vt 0.062323 1.01973 0
vt 0.024929 1.2621 0
vt 0.01558 1.2621 0
vt 0.062322 1.16516 0
vt 0.062322 1.11668 0
vt 0.04362 1.2621 0
vt 0.034272 1.2621 0
vt 0.071666 1.2621 0
vt 0.062323 1.31058 0
vt 0.071667 1.31058 0
vt 0.071667 1.06821 0
vt 0.071666 1.01973 0
vt 0.024928 1.31058 0
vt 0.01558 1.31058 0
vt 0.071666 1.16516 0
vt 0.071667 1.11668 0
vt 0.04362 1.31058 0
vt 0.034272 1.31058 0
vt 0.071666 1.21363 0
vt 0.052975 1.31058 0
vt 0.071667 1.35905 0
vt 0.024928 1.35905 0
vt 0.015581 1.35905 0
vt 0.04362 1.35905 0
vt 0.034273 1.35905 0
vt 0.062323 1.35905 0
vt 0.052975 1.35905 0
vt 0.024928 1.40753 0
vt 0.015581 1.40753 0
vt 0.04362 1.40753 0
vt 0.034272 1.40753 0
vt 0.062323 1.40753 0
vt 0.052975 1.40753 0
vt 0.071667 1.40753 0
vt 0.024928 1.45703 0
vt 0.015581 1.45703 0
vt 0.04362 1.45703 0
vt 0.034272 1.45703 0
vt 0.062323 1.45703 0
vt 0.052975 1.45703 0
vt 0.071667 1.45703 0
# 248 texture coords

usemtl Material #12
s 32
f 2587/3234/15001 2588/3235/15002 2589/3236/15003
f 2587/3234/15004 2590/3237/15005 2588/3235/15006
f 2587/3234/15007 2589/3236/15008 2591/3238/15009
f 2587/3234/15010 2592/3239/15011 2590/3237/15012
f 2587/3234/15013 2591/3238/15014 2593/3240/15015
f 2587/3234/15016 2593/3240/15017 2592/3239/15018
f 2588/3235/15019 2594/3241/15020 2589/3236/15021
f 2588/3235/15022 2590/3237/15023 2595/3242/15024
f 2588/3235/15025 2596/3243/15026 2594/3241/15027
f 2588/3235/15028 2595/3242/15029 2596/3243/15030
f 2591/3238/15031 2597/3244/15032 2593/3240/15033
f 2591/3238/15034 2589/3236/15035 2598/3245/15036
f 2591/3238/15037 2598/3245/15038 2599/3246/15039
f 2591/3238/15040 2599/3246/15041 2597/3247/15042
f 2592/3239/15043 2600/3248/15044 2590/3237/15045
f 2592/3239/15046 2593/3240/15047 2601/3249/15048
f 2592/3239/15049 2602/3250/15050 2600/3248/15051
f 2592/3239/15052 2601/3249/15053 2602/3250/15054
f 2594/3241/15055 2596/3243/15056 2603/3251/15057
f 2594/3241/15058 2604/3252/15059 2589/3236/15060
f 2594/3241/15061 2603/3251/15062 2605/3253/15063
f 2594/3241/15064 2605/3253/15065 2604/3252/15066
f 2589/3236/15067 2604/3252/15068 2598/3245/15069
f 2595/3242/15070 2590/3237/15071 2606/3254/15072
f 2595/3242/15073 2607/3255/15074 2596/3243/15075
f 2595/3242/15076 2606/3254/15077 2608/3256/15078
f 2595/3242/15079 2608/3256/15080 2607/3255/15081
f 2606/3254/15082 2590/3237/15083 2600/3248/15084
f 2597/3244/15085 2609/3257/15086 2593/3240/15087
f 2597/3244/15088 2610/3258/15089 2609/3257/15090
f 2599/3246/15091 2610/3259/15092 2597/3247/15093
f 2601/3249/15094 2611/3260/15095 2602/3250/15096
f 2601/3249/15097 2593/3240/15098 2609/3261/15099
f 2601/3249/15100 2612/3262/15101 2611/3260/15102
f 2601/3249/15103 2609/3261/15104 2612/3263/15105
f 2603/3251/15106 2613/3264/15107 2605/3253/15108
f 2603/3251/15109 2596/3243/15110 2614/3265/15111
f 2603/3251/15112 2615/3266/15113 2613/3264/15114
f 2603/3251/15115 2614/3265/15116 2615/3266/15117
f 2596/3243/15118 2607/3255/15119 2614/3265/15120
f 2604/3252/15121 2616/3267/15122 2598/3245/15123
f 2604/3252/15124 2605/3253/15125 2617/3268/15126
f 2604/3252/15127 2617/3268/15128 2616/3267/15129
f 2608/3256/15130 2618/3269/15131 2607/3255/15132
f 2612/3262/15133 2619/3270/15134 2611/3260/15135
f 2612/3262/15136 2610/3271/15137 2619/3270/15138
f 2609/3261/15139 2610/3272/15140 2612/3263/15141
f 2613/3264/15142 2615/3266/15143 2620/3273/15144
f 2613/3264/15145 2621/3274/15146 2605/3253/15147
f 2613/3264/15148 2620/3273/15149 2622/3275/15150
f 2613/3264/15151 2622/3275/15152 2621/3274/15153
f 2605/3253/15154 2621/3274/15155 2617/3268/15156
f 2614/3265/15157 2607/3255/15158 2623/3276/15159
f 2614/3265/15160 2624/3277/15161 2615/3266/15162
f 2614/3265/15163 2623/3276/15164 2624/3277/15165
f 2607/3255/15166 2618/3269/15167 2623/3276/15168
f 2598/3245/15169 2616/3267/15170 2625/3278/15171
f 2598/3245/15172 2625/3278/15173 2599/3279/15174
f 2620/3273/15175 2626/3280/15176 2622/3275/15177
f 2620/3273/15178 2615/3266/15179 2627/3281/15180
f 2620/3273/15181 2628/3282/15182 2626/3280/15183
f 2620/3273/15184 2627/3281/15185 2628/3282/15186
f 2615/3266/15187 2624/3277/15188 2627/3281/15189
f 2621/3274/15190 2602/3283/15191 2617/3268/15192
f 2621/3274/15193 2622/3275/15194 2600/3284/15195
f 2621/3274/15196 2600/3284/15197 2602/3283/15198
f 2618/3269/15199 2629/3285/15200 2623/3276/15201
f 2616/3267/15202 2617/3268/15203 2611/3286/15204
f 2616/3267/15205 2611/3286/15206 2619/3287/15207
f 2616/3267/15208 2619/3287/15209 2625/3288/15210
f 2611/3286/15211 2617/3268/15212 2602/3283/15213
f 2625/3278/15214 2610/3289/15215 2599/3279/15216
f 2626/3280/15217 2628/3282/15218 2630/3290/15219
f 2626/3280/15220 2606/3291/15221 2622/3275/15222
f 2626/3280/15223 2630/3290/15224 2608/3292/15225
f 2626/3280/15226 2608/3292/15227 2606/3291/15228
f 2606/3291/15229 2600/3284/15230 2622/3275/15231
f 2624/3277/15232 2631/3293/15233 2627/3281/15234
f 2624/3277/15235 2623/3276/15236 2632/3294/15237
f 2624/3277/15238 2632/3294/15239 2631/3293/15240
f 2623/3276/15241 2629/3285/15242 2632/3294/15243
f 2619/3287/15244 2610/3295/15245 2625/3288/15246
f 2628/3282/15247 2633/3296/15248 2630/3290/15249
f 2628/3282/15250 2627/3281/15251 2634/3297/15252
f 2628/3282/15253 2634/3297/15254 2633/3296/15255
f 2627/3281/15256 2631/3293/15257 2634/3297/15258
f 2608/3292/15259 2630/3290/15260 2618/3298/15261
f 2629/3285/15262 2635/3299/15263 2632/3294/15264
f 2633/3296/15265 2634/3297/15266 2636/3300/15267
f 2633/3296/15268 2637/3301/15269 2630/3290/15270
f 2633/3296/15271 2636/3300/15272 2638/3302/15273
f 2633/3296/15274 2638/3302/15275 2637/3301/15276
f 2630/3290/15277 2637/3301/15278 2618/3298/15279
f 2631/3293/15280 2632/3294/15281 2639/3303/15282
f 2631/3293/15283 2640/3304/15284 2634/3297/15285
f 2631/3293/15286 2639/3303/15287 2640/3304/15288
f 2634/3297/15289 2640/3304/15290 2636/3300/15291
f 2632/3294/15292 2635/3299/15293 2639/3303/15294
f 2638/3302/15295 2641/3305/15296 2637/3301/15297
f 2638/3302/15298 2636/3300/15299 2642/3306/15300
f 2638/3302/15301 2643/3307/15302 2641/3305/15303
f 2638/3302/15304 2642/3306/15305 2643/3307/15306
f 2618/3298/15307 2637/3301/15308 2629/3308/15309
f 2637/3301/15310 2641/3305/15311 2629/3308/15312
f 2640/3304/15313 2639/3303/15314 2644/3309/15315
f 2640/3304/15316 2645/3310/15317 2636/3300/15318
f 2640/3304/15319 2644/3309/15320 2645/3310/15321
f 2636/3300/15322 2645/3310/15323 2642/3306/15324
f 2635/3299/15325 2646/3311/15326 2639/3303/15327
f 2639/3303/15328 2646/3311/15329 2644/3309/15330
f 2643/3307/15331 2647/3312/15332 2641/3305/15333
f 2643/3307/15334 2642/3306/15335 2648/3313/15336
f 2643/3307/15337 2649/3314/15338 2647/3312/15339
f 2643/3307/15340 2648/3313/15341 2649/3314/15342
f 2629/3308/15343 2641/3305/15344 2635/3315/15345
f 2641/3305/15346 2647/3312/15347 2635/3315/15348
f 2645/3310/15349 2644/3309/15350 2650/3316/15351
f 2645/3310/15352 2651/3317/15353 2642/3306/15354
f 2645/3310/15355 2650/3316/15356 2651/3317/15357
f 2642/3306/15358 2651/3317/15359 2648/3313/15360
f 2646/3311/15361 2652/3318/15362 2644/3309/15363
f 2644/3309/15364 2652/3318/15365 2650/3316/15366
f 2649/3314/15367 2653/3319/15368 2647/3312/15369
f 2649/3314/15370 2648/3313/15371 2654/3320/15372
f 2649/3314/15373 2655/3321/15374 2653/3319/15375
f 2649/3314/15376 2654/3320/15377 2655/3321/15378
f 2635/3315/15379 2647/3312/15380 2646/3322/15381
f 2647/3312/15382 2653/3319/15383 2646/3322/15384
f 2651/3317/15385 2650/3316/15386 2656/3323/15387
f 2651/3317/15388 2657/3324/15389 2648/3313/15390
f 2651/3317/15391 2656/3323/15392 2657/3324/15393
f 2648/3313/15394 2657/3324/15395 2654/3320/15396
f 2652/3318/15397 2658/3325/15398 2650/3316/15399
f 2650/3316/15400 2658/3325/15401 2656/3323/15402
f 2655/3321/15403 2659/3326/15404 2653/3319/15405
f 2655/3321/15406 2654/3320/15407 2660/3327/15408
f 2655/3321/15409 2661/3328/15410 2659/3326/15411
f 2655/3321/15412 2660/3327/15413 2661/3328/15414
f 2646/3322/15415 2653/3319/15416 2652/3329/15417
f 2653/3319/15418 2659/3326/15419 2652/3329/15420
f 2657/3324/15421 2656/3323/15422 2662/3330/15423
f 2657/3324/15424 2663/3331/15425 2654/3320/15426
f 2657/3324/15427 2662/3330/15428 2663/3331/15429
f 2663/3331/15430 2660/3327/15431 2654/3320/15432
f 2658/3325/15433 2664/3332/15434 2656/3323/15435
f 2656/3323/15436 2664/3332/15437 2662/3330/15438
f 2661/3328/15439 2665/3333/15440 2659/3326/15441
f 2652/3329/15442 2659/3326/15443 2658/3334/15444
f 2659/3326/15445 2665/3333/15446 2658/3334/15447
f 2665/3333/15448 2664/3335/15449 2658/3334/15450
f 2666/3336/15451 2667/3337/15452 2668/3338/15453
f 2666/3336/15454 2669/3339/15455 2667/3337/15456
f 2666/3336/15457 2668/3338/15458 2670/3340/15459
f 2666/3336/15460 2671/3341/15461 2669/3339/15462
f 2666/3336/15463 2670/3340/15464 2672/3342/15465
f 2666/3336/15466 2672/3342/15467 2671/3341/15468
f 2667/3337/15469 2673/3343/15470 2668/3338/15471
f 2667/3337/15472 2669/3339/15473 2674/3344/15474
f 2667/3337/15475 2675/3345/15476 2673/3343/15477
f 2667/3337/15478 2674/3344/15479 2675/3345/15480
f 2670/3340/15481 2676/3346/15482 2672/3342/15483
f 2671/3341/15484 2677/3347/15485 2669/3339/15486
f 2671/3341/15487 2672/3342/15488 2678/3348/15489
f 2671/3341/15490 2679/3349/15491 2677/3347/15492
f 2671/3341/15493 2678/3348/15494 2679/3349/15495
f 2673/3343/15496 2675/3345/15497 2680/3350/15498
f 2674/3344/15499 2669/3339/15500 2681/3351/15501
f 2674/3344/15502 2682/3352/15503 2675/3345/15504
f 2674/3344/15505 2681/3351/15506 2683/3353/15507
f 2674/3344/15508 2683/3353/15509 2682/3352/15510
f 2669/3339/15511 2677/3347/15512 2681/3351/15513
f 2676/3346/15514 2684/3354/15515 2672/3342/15516
f 2676/3346/15517 2685/3355/15518 2684/3354/15519
f 2672/3342/15520 2684/3354/15521 2678/3348/15522
f 2679/3349/15523 2686/3356/15524 2677/3347/15525
f 2679/3349/15526 2678/3348/15527 2687/3357/15528
f 2679/3349/15529 2688/3358/15530 2686/3356/15531
f 2679/3349/15532 2687/3357/15533 2688/3358/15534
f 2680/3350/15535 2675/3345/15536 2689/3359/15537
f 2680/3350/15538 2689/3359/15539 2690/3360/15540
f 2675/3345/15541 2682/3352/15542 2689/3359/15543
f 2683/3353/15544 2681/3351/15545 2691/3361/15546
f 2683/3353/15547 2692/3362/15548 2682/3352/15549
f 2683/3353/15550 2691/3361/15551 2693/3363/15552
f 2683/3353/15553 2693/3363/15554 2692/3362/15555
f 2685/3355/15556 2694/3364/15557 2684/3354/15558
f 2685/3355/15559 2695/3365/15560 2694/3364/15561
f 2677/3347/15562 2686/3356/15563 2696/3366/15564
f 2677/3347/15565 2696/3366/15566 2681/3351/15567
f 2681/3351/15568 2696/3366/15569 2691/3361/15570
f 2678/3348/15571 2697/3367/15572 2687/3357/15573
f 2678/3348/15574 2684/3354/15575 2697/3367/15576
f 2684/3354/15577 2694/3364/15578 2697/3367/15579
f 2688/3358/15580 2698/3368/15581 2686/3356/15582
f 2688/3358/15583 2687/3357/15584 2699/3369/15585
f 2688/3358/15586 2700/3370/15587 2698/3368/15588
f 2688/3358/15589 2699/3369/15590 2700/3370/15591
f 2690/3360/15592 2689/3359/15593 2701/3371/15594
f 2690/3360/15595 2701/3371/15596 2702/3372/15597
f 2682/3352/15598 2692/3362/15599 2703/3373/15600
f 2682/3352/15601 2703/3373/15602 2689/3359/15603
f 2689/3359/15604 2703/3373/15605 2701/3371/15606
f 2693/3363/15607 2691/3361/15608 2704/3374/15609
f 2693/3363/15610 2705/3375/15611 2692/3362/15612
f 2693/3363/15613 2704/3374/15614 2706/3376/15615
f 2693/3363/15616 2706/3376/15617 2705/3375/15618
f 2696/3366/15619 2686/3356/15620 2707/3377/15621
f 2696/3366/15622 2708/3378/15623 2691/3361/15624
f 2696/3366/15625 2707/3377/15626 2708/3378/15627
f 2691/3361/15628 2708/3378/15629 2704/3374/15630
f 2686/3356/15631 2698/3368/15632 2707/3377/15633
f 2694/3364/15634 2709/3379/15635 2697/3367/15636
f 2694/3364/15637 2695/3380/15638 2709/3379/15639
f 2687/3357/15640 2710/3381/15641 2699/3369/15642
f 2687/3357/15643 2697/3367/15644 2710/3381/15645
f 2697/3367/15646 2709/3379/15647 2710/3381/15648
f 2700/3370/15649 2673/3382/15650 2698/3368/15651
f 2700/3370/15652 2699/3369/15653 2711/3383/15654
f 2700/3370/15655 2668/3384/15656 2673/3382/15657
f 2700/3370/15658 2711/3383/15659 2668/3384/15660
f 2702/3372/15661 2701/3371/15662 2712/3385/15663
f 2702/3372/15664 2712/3385/15665 2713/3386/15666
f 2703/3373/15667 2692/3362/15668 2714/3387/15669
f 2703/3373/15670 2715/3388/15671 2701/3371/15672
f 2703/3373/15673 2714/3387/15674 2715/3388/15675
f 2701/3371/15676 2715/3388/15677 2712/3385/15678
f 2692/3362/15679 2705/3375/15680 2714/3387/15681
f 2706/3376/15682 2704/3374/15683 2713/3389/15684
f 2706/3376/15685 2716/3390/15686 2705/3375/15687
f 2706/3376/15688 2713/3389/15689 2717/3391/15690
f 2706/3376/15691 2717/3391/15692 2716/3390/15693
f 2708/3378/15694 2707/3377/15695 2690/3392/15696
f 2708/3378/15697 2702/3393/15698 2704/3374/15699
f 2708/3378/15700 2690/3392/15701 2702/3393/15702
f 2702/3393/15703 2713/3389/15704 2704/3374/15705
f 2709/3379/15706 2718/3394/15707 2710/3381/15708
f 2709/3379/15709 2695/3395/15710 2718/3394/15711
f 2698/3368/15712 2673/3382/15713 2680/3396/15714
f 2698/3368/15715 2680/3396/15716 2707/3377/15717
f 2707/3377/15718 2680/3396/15719 2690/3392/15720
f 2699/3369/15721 2719/3397/15722 2711/3383/15723
f 2699/3369/15724 2710/3381/15725 2719/3397/15726
f 2710/3381/15727 2718/3394/15728 2719/3397/15729
f 2668/3384/15730 2711/3383/15731 2670/3398/15732
f 2713/3386/15733 2712/3385/15734 2720/3399/15735
f 2713/3386/15736 2720/3399/15737 2717/3400/15738
f 2715/3388/15739 2714/3387/15740 2721/3401/15741
f 2715/3388/15742 2722/3402/15743 2712/3385/15744
f 2715/3388/15745 2721/3401/15746 2722/3402/15747
f 2722/3402/15748 2720/3399/15749 2712/3385/15750
f 2705/3375/15751 2716/3390/15752 2723/3403/15753
f 2705/3375/15754 2723/3403/15755 2714/3387/15756
f 2714/3387/15757 2723/3403/15758 2721/3401/15759
f 2718/3394/15760 2724/3404/15761 2719/3397/15762
f 2718/3394/15763 2695/3405/15764 2724/3404/15765
f 2711/3383/15766 2725/3406/15767 2670/3398/15768
f 2711/3383/15769 2719/3397/15770 2725/3406/15771
f 2719/3397/15772 2724/3404/15773 2725/3406/15774
f 2670/3398/15775 2725/3406/15776 2676/3407/15777
f 2724/3404/15778 2726/3408/15779 2725/3406/15780
f 2724/3404/15781 2695/3409/15782 2726/3408/15783
f 2725/3406/15784 2726/3408/15785 2676/3407/15786
f 2726/3408/15787 2685/3410/15788 2676/3407/15789
f 2726/3408/15790 2695/3411/15791 2685/3410/15792
f 2727/3412/15793 2717/3413/15794 2720/3414/15795
f 2727/3412/15796 2728/3415/15797 2717/3413/15798
f 2727/3412/15799 2720/3414/15800 2729/3416/15801
f 2727/3412/15802 2730/3417/15803 2728/3415/15804
f 2727/3412/15805 2729/3416/15806 2731/3418/15807
f 2727/3412/15808 2731/3418/15809 2730/3417/15810
f 2720/3414/15811 2722/3419/15812 2729/3416/15813
f 2728/3415/15814 2730/3417/15815 2732/3420/15816
f 2731/3418/15817 2729/3416/15818 2733/3421/15819
f 2731/3418/15820 2734/3422/15821 2730/3417/15822
f 2731/3418/15823 2733/3421/15824 2735/3423/15825
f 2731/3418/15826 2735/3423/15827 2734/3422/15828
f 2722/3419/15829 2736/3424/15830 2729/3416/15831
f 2722/3419/15832 2721/3425/15833 2736/3424/15834
f 2729/3416/15835 2736/3424/15836 2733/3421/15837
f 2732/3420/15838 2730/3417/15839 2737/3426/15840
f 2732/3420/15841 2737/3426/15842 2738/3427/15843
f 2730/3417/15844 2734/3422/15845 2737/3426/15846
f 2735/3423/15847 2733/3421/15848 2739/3428/15849
f 2735/3423/15850 2740/3429/15851 2734/3422/15852
f 2735/3423/15853 2739/3428/15854 2741/3430/15855
f 2735/3423/15856 2741/3430/15857 2740/3429/15858
f 2721/3425/15859 2742/3431/15860 2736/3424/15861
f 2721/3425/15862 2723/3432/15863 2742/3431/15864
f 2738/3427/15865 2737/3426/15866 2743/3433/15867
f 2738/3427/15868 2743/3433/15869 2744/3434/15870
f 2733/3421/15871 2745/3435/15872 2739/3428/15873
f 2733/3421/15874 2736/3424/15875 2745/3435/15876
f 2736/3424/15877 2742/3431/15878 2745/3435/15879
f 2734/3422/15880 2740/3429/15881 2746/3436/15882
f 2734/3422/15883 2746/3436/15884 2737/3426/15885
f 2737/3426/15886 2746/3436/15887 2743/3433/15888
f 2741/3430/15889 2739/3428/15890 2747/3437/15891
f 2741/3430/15892 2748/3438/15893 2740/3429/15894
f 2741/3430/15895 2747/3437/15896 2749/3439/15897
f 2741/3430/15898 2749/3439/15899 2748/3438/15900
f 2723/3432/15901 2750/3440/15902 2742/3431/15903
f 2723/3432/15904 2716/3441/15905 2750/3440/15906
f 2744/3434/15907 2743/3433/15908 2751/3442/15909
f 2744/3434/15910 2751/3442/15911 2752/3443/15912
f 2745/3435/15913 2753/3444/15914 2739/3428/15915
f 2745/3435/15916 2742/3431/15917 2754/3445/15918
f 2745/3435/15919 2754/3445/15920 2753/3444/15921
f 2742/3431/15922 2750/3440/15923 2754/3445/15924
f 2739/3428/15925 2753/3444/15926 2747/3437/15927
f 2746/3436/15928 2740/3429/15929 2755/3446/15930
f 2746/3436/15931 2756/3447/15932 2743/3433/15933
f 2746/3436/15934 2755/3446/15935 2756/3447/15936
f 2743/3433/15937 2756/3447/15938 2751/3442/15939
f 2740/3429/15940 2748/3438/15941 2755/3446/15942
f 2749/3439/15943 2747/3437/15944 2752/3448/15945
f 2749/3439/15946 2757/3449/15947 2748/3438/15948
f 2749/3439/15949 2752/3448/15950 2758/3450/15951
f 2749/3439/15952 2758/3450/15953 2757/3449/15954
f 2716/3441/15955 2728/3451/15956 2750/3440/15957
f 2716/3441/15958 2717/3452/15959 2728/3451/15960
f 2752/3443/15961 2751/3442/15962 2759/3453/15963
f 2752/3443/15964 2759/3453/15965 2758/3454/15966
f 2754/3445/15967 2738/3455/15968 2753/3444/15969
f 2754/3445/15970 2750/3440/15971 2732/3456/15972
f 2754/3445/15973 2732/3456/15974 2738/3455/15975
f 2732/3456/15976 2750/3440/15977 2728/3451/15978
f 2756/3447/15979 2755/3446/15980 2760/3457/15981
f 2756/3447/15982 2761/3458/15983 2751/3442/15984
f 2756/3447/15985 2760/3457/15986 2761/3458/15987
f 2751/3442/15988 2761/3458/15989 2759/3453/15990
f 2747/3437/15991 2744/3459/15992 2752/3448/15993
f 2747/3437/15994 2753/3444/15995 2744/3459/15996
f 2744/3459/15997 2753/3444/15998 2738/3455/15999
f 2748/3438/16000 2757/3449/16001 2762/3460/16002
f 2748/3438/16003 2762/3460/16004 2755/3446/16005
f 2755/3446/16006 2762/3460/16007 2760/3457/16008
f 2758/3450/16009 2763/3461/16010 2757/3449/16011
f 2758/3454/16012 2759/3453/16013 2764/3462/16014
f 2758/3454/16015 2764/3462/16016 2763/3463/16017
f 2761/3458/16018 2760/3457/16019 2765/3464/16020
f 2761/3458/16021 2766/3465/16022 2759/3453/16023
f 2761/3458/16024 2765/3464/16025 2766/3465/16026
f 2759/3453/16027 2766/3465/16028 2764/3462/16029
f 2762/3460/16030 2757/3449/16031 2767/3466/16032
f 2762/3460/16033 2768/3467/16034 2760/3457/16035
f 2762/3460/16036 2767/3466/16037 2768/3467/16038
f 2760/3457/16039 2768/3467/16040 2765/3464/16041
f 2757/3449/16042 2763/3461/16043 2767/3466/16044
f 2763/3463/16045 2764/3462/16046 2769/3468/16047
f 2763/3463/16048 2769/3468/16049 2770/3469/16050
f 2766/3465/16051 2765/3464/16052 2771/3470/16053
f 2766/3465/16054 2772/3471/16055 2764/3462/16056
f 2766/3465/16057 2771/3470/16058 2772/3471/16059
f 2764/3462/16060 2772/3471/16061 2769/3468/16062
f 2768/3467/16063 2767/3466/16064 2773/3472/16065
f 2768/3467/16066 2774/3473/16067 2765/3464/16068
f 2768/3467/16069 2773/3472/16070 2774/3473/16071
f 2765/3464/16072 2774/3473/16073 2771/3470/16074
f 2763/3461/16075 2770/3474/16076 2767/3466/16077
f 2767/3466/16078 2770/3474/16079 2773/3472/16080
f 2770/3469/16081 2769/3468/16082 2662/3475/16083
f 2770/3469/16084 2662/3475/16085 2664/3476/16086
f 2772/3471/16087 2771/3470/16088 2660/3477/16089
f 2772/3471/16090 2663/3478/16091 2769/3468/16092
f 2772/3471/16093 2660/3477/16094 2663/3478/16095
f 2663/3478/16096 2662/3475/16097 2769/3468/16098
f 2774/3473/16099 2773/3472/16100 2665/3479/16101
f 2774/3473/16102 2661/3480/16103 2771/3470/16104
f 2774/3473/16105 2665/3479/16106 2661/3480/16107
f 2661/3480/16108 2660/3477/16109 2771/3470/16110
f 2770/3474/16111 2664/3481/16112 2773/3472/16113
f 2773/3472/16114 2664/3481/16115 2665/3479/16116
#372 polygons

