# Aspose.3D Wavefront OBJ Exporter
# Copyright 2004-2025 Aspose Pty Ltd.
# File created: 11/19/2025 22:54:47

mtllib material.lib
g Eevee

#
# object Eevee
#

v 2.36603 13.783099 -8.77818
v 0.981809 12.4158 -9.34175
v 1.20872 14.1358 -8.80873
v 1.93825 12.2682 -9.26925
v 1.38228 15.196 -7.97623
v 2.81511 12.099 -9.155071
v 2.77178 14.8017 -7.93245
v 3.38353 13.1784 -8.70042
v 3.98069 14.0168 -7.82438
v 0 14.245899 -8.82069
v 1.56638 10.803999 -9.18338
v 0 12.461901 -9.37731
v 0.775324 10.814799 -9.253401
v 1.57204 15.8828 -6.713059
v 0 15.3004 -7.97623
v 0 15.9811 -6.71306
v 3.08015 15.3971 -6.71455
v 4.37221 14.4404 -6.651471
v 1.21081 9.42014 -8.91771
v 0 10.822 -9.28604
v 0 16.2821 -5.39426
v 3.19304 15.589099 -5.37561
v 4.5383 14.559899 -5.270881
v 0.602529 9.555231 -8.906141
v 0.475562 8.41733 -7.65239
v 0.955138 8.24521 -7.731421
v 1.67874 16.150799 -5.38903
v 0 16.3554 -4.00058
v 3.24483 15.588701 -3.93076
v 4.51592 14.492101 -3.79272
v 0.457892 7.74222 -5.95743
v 0.900098 7.56704 -5.99131
v 0 9.60203 -8.91143
v 0 8.51406 -7.625181
v 1.71495 16.2071 -3.98619
v 0 16.229198 -2.53838
v 3.18546 15.444499 -2.46714
v 4.34673 14.253401 -2.28016
v 0 7.8421 -5.942201
v 1.67213 16.060898 -2.51348
v 0 16.064 -1.36687
v 3.14078 15.2749 -1.31645
v 4.29261 14.078899 -1.32249
v 5.12042 12.612999 -2.14334
v 1.6454 15.8803 -1.3514
v 0 15.9093 0.041705
v 4.9858 12.3584 -1.41518
v 3.1722 15.106699 0.080391
v 4.36782 13.8773 0.054547
v 1.64401 15.723199 0.050496
v 0 15.8669 1.24501
v 5.00837 10.573099 -2.14841
v 3.23851 15.045699 1.33453
v 5.0423 12.191899 -0.043286
v 4.44762 13.810898 1.33482
v 1.70035 15.6822 1.26701
v 0 15.8985 2.43545
v 4.9046 10.366199 -1.54725
v 3.61528 8.789559 -1.84579
v 3.37848 8.50703 -2.55296
v 3.32146 15.048199 2.58394
v 5.13205 12.118199 1.25315
v 4.54643 13.8092 2.60133
v 1.77232 15.6816 2.48184
v 0 16.1811 3.59034
v 2.24138 7.81488 -2.2019
v 3.6856 8.789449 -0.407508
v 2.45961 7.814789 -0.551149
v 4.89265 10.175299 -0.219652
v 3.52539 15.1178 4.13887
v 5.27616 12.099 2.52717
v 4.60378 13.881 4.11527
v 5.414301 12.1716 4.08863
v 1.90897 15.863401 3.59066
v 1.85604 16.972301 5.217751
v 0 17.211903 5.012441
v 1.58092 7.449999 -4.01923
v 2.43165 7.892929 0.923653
v 1.10459 7.352349 -0.596191
v 1.07621 7.374331 0.922943
v 4.97703 10.0227 1.11039
v 3.74914 8.812949 0.999079
v 5.69556 10.2724 4.17623
v 5.16107 9.931439 2.32228
v 4.23445 14.1333 6.014339
v 5.21859 12.1312 5.873549
v 3.10843 16.363 6.04199
v 1.09046 7.43366 -2.38148
v 0.876603 7.44601 -3.99178
v 2.27759 7.961059 2.05107
v 0 7.188389 -0.590198
v 1.04059 7.44861 2.05107
v 0 7.23188 0.922943
v 3.71908 8.84641 1.92966
v 5.63244 10.2537 5.70255
v 3.5632 15.516401 7.238151
v 0 7.26785 -2.3938
v 0 7.44197 -3.99482
v 0 7.322929 2.05107
v 2.0193 8.02919 3.00943
v 0.951728 7.5229 2.99947
v 4.81059 10.047701 7.100201
v 3.70873 13.4021 7.76433
v 4.38437 11.7815 7.41187
v 0 7.413969 3.04131
v 1.1818 7.79978 4.47605
v 3.24638 9.738991 7.81631
v 2.93317 14.745 8.50949
v 0.653946 7.73146 4.57022
v 0 7.68097 4.56752
v 3.021901 11.378402 8.33555
v 2.66879 12.919901 8.72119
v 2.27397 14.4269 9.03734
v 0 7.93727 5.95186
v 1.26425 8.12522 5.89939
v 1.51524 11.1059 8.9005
v 1.41243 9.509041 8.31097
v 2.01877 8.88706 7.2635
v 1.39545 12.667101 9.31337
v 1.22696 14.1813 9.51532
v 0.690077 7.99741 5.95411
v 0 8.532201 7.46523
v 1.09831 8.670551 7.43601
v 0 11.029501 9.08778
v 0 9.417901 8.39416
v 0 12.637601 9.51042
v 0 14.0644 9.72237
v -1.1818 7.799779 4.47605
v -1.26425 8.12522 5.89939
v -1.37731 6.271609 4.903501
v -1.43318 6.275179 6.2853
v -2.04745 7.97545 7.13071
v -2.01877 8.88706 7.2635
v -1.50635 5.21953 5.18386
v -3.35601 8.10739 7.63629
v -3.24638 9.73899 7.81631
v -1.54682 5.25303 6.473401
v -2.14185 6.262569 7.260611
v -4.869009 8.142779 7.13903
v -4.810589 10.0477 7.100201
v -1.64901 3.72566 5.60006
v -3.42618 6.25817 7.78952
v -2.18334 5.28732 7.458352
v -5.72968 8.115719 5.92344
v -5.63244 10.253699 5.70255
v -1.6997 3.76617 6.831921
v -1.73549 2.32672 6.002951
v -4.853069 6.3028 7.30634
v -5.75445 8.094829 4.42417
v -5.69556 10.272399 4.17623
v -1.72688 2.47815 7.16714
v -3.44019 5.356689 7.91458
v -2.3078 3.78894 7.822571
v -5.619309 6.337689 6.27366
v -5.08834 7.978699 3.02113
v -5.16107 9.931439 2.32228
v -4.811309 5.313129 7.49042
v -2.34646 2.58244 8.172301
v -3.49594 3.81411 8.289011
v -5.64999 6.29632 4.89378
v -3.71908 8.846409 1.92966
v -5.546949 5.290339 6.513811
v -4.731669 3.82517 7.827731
v -3.49889 2.59519 8.61367
v -4.96994 6.1993 3.63019
v -3.63578 7.908329 2.37415
v -2.0193 8.029189 3.00943
v -5.57251 5.29148 5.13134
v -5.44665 3.78786 6.878171
v -4.65133 2.58267 8.17618
v -3.53567 6.162859 3.15564
v -4.871349 5.237549 3.95855
v -3.48096 5.18268 3.571711
v -5.443439 3.71011 5.59896
v -5.37303 2.47815 7.16714
v -2.15084 6.22822 3.60248
v -3.49594 3.63385 4.177761
v -2.27747 5.20376 3.92531
v -4.711699 3.66935 4.517681
v -5.364429 2.32672 6.002951
v -2.37031 3.6572 4.505081
v -4.58711 2.21494 5.068171
v -3.49889 2.16545 4.81863
v -2.41068 2.21494 5.068171
v 1.37731 6.2716 4.9035
v 1.43318 6.275169 6.285299
v 1.50635 5.21952 5.183859
v 2.04745 7.975451 7.130711
v 1.54682 5.25303 6.4734
v 1.64901 3.72566 5.60006
v 3.35601 8.10739 7.636291
v 2.14185 6.26257 7.26062
v 1.6997 3.76616 6.83193
v 1.73549 2.32672 6.002959
v 2.18334 5.28732 7.45835
v 3.42618 6.25817 7.789531
v 1.72688 2.47814 7.16714
v 4.86901 8.14278 7.13903
v 3.44019 5.356689 7.91458
v 4.853069 6.3028 7.306351
v 4.811309 5.313129 7.49043
v 2.3078 3.78894 7.822569
v 2.34646 2.58243 8.17231
v 5.72968 8.11572 5.92344
v 5.546949 5.290339 6.51382
v 4.731669 3.82516 7.82773
v 5.44665 3.78786 6.87818
v 3.49594 3.8141 8.289019
v 3.49889 2.59519 8.61367
v 5.619309 6.33769 6.27367
v 5.75445 8.09483 4.42417
v 5.37303 2.47814 7.16714
v 5.443439 3.71011 5.59897
v 5.364429 2.32672 6.002959
v 4.65133 2.58267 8.176189
v 5.64999 6.29632 4.89379
v 5.57251 5.29148 5.13134
v 5.08834 7.9787 3.02113
v 4.58711 2.21494 5.068179
v 4.871349 5.237539 3.95855
v 4.711699 3.66935 4.51769
v 4.96994 6.1993 3.63019
v 3.49889 2.16544 4.81863
v 3.48096 5.18268 3.57172
v 3.49594 3.63385 4.17777
v 3.63578 7.90833 2.37416
v 3.53567 6.162849 3.15565
v 2.37031 3.6572 4.50509
v 2.41068 2.21494 5.068179
v 2.27747 5.203761 3.925309
v 2.15084 6.22822 3.60248
v -1.22696 14.1813 9.51532
v -1.39545 12.667101 9.31337
v -2.27397 14.4269 9.03734
v -2.66879 12.919901 8.72119
v -2.93317 14.745 8.50949
v -1.51524 11.1059 8.9005
v -1.41243 9.509041 8.31097
v -3.70873 13.4021 7.76433
v -3.5632 15.516401 7.238151
v -1.09831 8.670551 7.43601
v -3.021899 11.3784 8.33555
v -4.234449 14.1333 6.01434
v -3.10843 16.363 6.04199
v -4.384369 11.7815 7.41187
v -3.52539 15.1178 4.13887
v -1.85604 16.972301 5.217751
v -0.690077 7.99741 5.95411
v -5.218589 12.1312 5.87355
v -1.90897 15.863401 3.59066
v -0.653946 7.73146 4.57022
v -4.603779 13.881 4.115271
v -1.77232 15.6816 2.48184
v -3.32146 15.048199 2.58394
v -5.414299 12.1716 4.08863
v -4.54643 13.8092 2.60133
v -0.951728 7.5229 2.99947
v -4.44762 13.810898 1.33482
v -3.23851 15.045699 1.33453
v -5.276159 12.099 2.52717
v -1.70035 15.6822 1.26701
v -1.04059 7.44861 2.05107
v -5.13205 12.118199 1.25315
v -4.36782 13.8773 0.054547
v -5.0423 12.191899 -0.043286
v -1.64401 15.723199 0.050496
v -1.07621 7.374331 0.922943
v -2.27759 7.961059 2.05107
v -3.1722 15.106699 0.080391
v -4.89265 10.175299 -0.219652
v -4.9858 12.3584 -1.41518
v -4.9046 10.3662 -1.54725
v -4.97703 10.0227 1.11039
v -1.6454 15.8803 -1.3514
v -1.10459 7.352349 -0.596191
v -1.09046 7.43366 -2.38148
v -2.43165 7.892929 0.923653
v -4.29261 14.0789 -1.32249
v -3.14078 15.2749 -1.31645
v -3.6856 8.789449 -0.407508
v -5.00837 10.573101 -2.14841
v -3.61528 8.789559 -1.84579
v -3.74914 8.812949 0.999079
v -1.67213 16.060898 -2.51348
v -2.24138 7.81488 -2.2019
v -2.45961 7.814789 -0.551149
v -0.876603 7.446011 -3.99178
v -4.34673 14.253401 -2.28016
v -3.18546 15.444499 -2.46714
v -5.12042 12.613001 -2.14334
v -1.71495 16.2071 -3.98619
v -3.37848 8.507021 -2.55296
v -1.58092 7.449991 -4.01923
v -0.457892 7.74221 -5.95743
v -4.51592 14.492101 -3.79272
v -3.24483 15.588701 -3.93076
v -1.67874 16.150799 -5.38903
v -0.900098 7.56704 -5.991311
v -4.5383 14.559901 -5.270881
v -3.19304 15.5891 -5.37561
v -1.57204 15.8828 -6.713059
v -4.37221 14.440401 -6.651471
v -3.080149 15.3971 -6.71455
v -1.38228 15.196 -7.97623
v -3.98069 14.016801 -7.82438
v -2.77178 14.8017 -7.93245
v -1.20872 14.1358 -8.80873
v -2.36603 13.7831 -8.77818
v -0.981809 12.4158 -9.34175
v -3.38353 13.178401 -8.70042
v -0.775324 10.814799 -9.253401
v -2.81511 12.099 -9.155071
v -1.93825 12.2682 -9.26925
v -0.602529 9.555231 -8.906141
v -1.56638 10.803999 -9.18338
v -1.21081 9.42014 -8.91771
v -0.475562 8.41733 -7.65239
v -0.955138 8.24521 -7.731421
v 3.49889 0.817878 5.39727
v 2.27451 0.914367 5.718319
v 3.49889 0.015406 6.13891
v 1.82133 0.017228 6.69629
v 1.53786 1.1542 6.513609
v 1.48051 0.948602 7.13816
v 1.57569 1.80077 8.32123
v 2.46646 2.31324 8.89349
v 1.49157 0.588684 8.146639
v 1.78764 1.4843 9.178869
v 1.59694 0.013519 8.151339
v 1.64165 0.48938 9.022879
v 2.78303 1.96364 9.537439
v 2.05789 1.27644 9.65764
v 3.49889 2.44182 9.06422
v 4.53133 2.31324 8.89349
v 1.99394 0.462258 9.640539
v 2.67195 1.28057 9.89588
v 2.67195 0.462258 9.88027
v 1.74952 0.016206 8.98493
v 5.4221 1.80077 8.32123
v 4.21476 1.96364 9.537439
v 5.21015 1.4843 9.178869
v 2.78303 0.462258 9.529789
v 3.49889 2.02364 9.655039
v 2.86814 1.3079 10.037399
v 2.05956 0.016206 9.424469
v 2.67195 0.016206 9.669519
v 4.9399 1.27644 9.65764
v 5.50622 0.588684 8.146639
v 5.35614 0.48938 9.022879
v 3.49889 1.30849 10.128799
v 2.86814 0.462258 9.99795
v 3.49889 0.462258 10.093399
v 2.78478 0.016206 9.597839
v 5.51728 0.948602 7.13816
v 5.45993 1.1542 6.513609
v 4.32584 1.28057 9.89588
v 4.12965 1.3079 10.037399
v 4.21476 0.462258 9.529789
v 5.40085 0.013519 8.151339
v 5.00385 0.462258 9.640539
v 5.24827 0.016206 8.98493
v 4.93823 0.016206 9.424469
v 2.8336 0.016206 9.747499
v 3.49889 0.016206 9.851599
v 4.72328 0.914367 5.718319
v 5.17646 0.017228 6.69629
v 4.32584 0.462258 9.88027
v 4.12965 0.462258 9.99795
v 4.32584 0.016206 9.669519
v 4.16419 0.016206 9.747499
v 4.21301 0.016206 9.597839
v 3.49889 0.016206 8.19878
v 3.49889 0.016206 9.59148
v -3.49889 0.817881 5.39727
v -2.27451 0.91437 5.71831
v -3.49889 0.015409 6.1389
v -1.53786 1.15421 6.5136
v -1.82133 0.017231 6.69628
v -1.48051 0.948605 7.13816
v -1.57569 1.80077 8.32123
v -2.46646 2.31325 8.89349
v -1.59694 0.013522 8.15134
v -1.49157 0.588687 8.14663
v -3.49889 2.44182 9.06421
v -4.53133 2.31325 8.89349
v -1.78764 1.4843 9.17887
v -1.64165 0.489383 9.02288
v -1.74952 0.01621 8.98493
v -4.21476 1.96364 9.53743
v -2.78303 1.96364 9.53743
v -3.49889 2.02364 9.655031
v -5.4221 1.80077 8.32123
v -2.05956 0.01621 9.42446
v -4.12965 1.3079 10.037401
v -5.21015 1.4843 9.17887
v -4.21476 0.462261 9.52978
v -4.9399 1.27644 9.65763
v -4.32584 1.28057 9.89587
v -2.05789 1.27644 9.65763
v -2.86814 1.3079 10.037401
v -2.67195 1.28057 9.89587
v -2.78303 0.462261 9.52978
v -5.51728 0.948605 7.13816
v -5.45993 1.15421 6.5136
v -1.99394 0.462261 9.64053
v -2.67195 0.01621 9.66952
v -4.12965 0.462261 9.99795
v -3.49889 1.3085 10.1288
v -3.49889 0.462261 10.0934
v -4.32584 0.462261 9.88027
v -5.35614 0.489383 9.02288
v -5.00385 0.462261 9.64053
v -2.67195 0.462261 9.88027
v -2.78478 0.01621 9.59783
v -2.86814 0.462261 9.99795
v -2.8336 0.01621 9.7475
v -5.50622 0.588687 8.14663
v -4.72328 0.91437 5.71831
v -4.16419 0.01621 9.7475
v -3.49889 0.01621 9.85159
v -4.32584 0.01621 9.66952
v -4.93823 0.01621 9.42446
v -5.40085 0.013522 8.15134
v -5.17646 0.017231 6.69628
v -4.21301 0.01621 9.59783
v -5.24827 0.01621 8.98493
v -3.49889 0.01621 8.19878
v -3.49889 0.01621 9.59148
v 2.67195 0.02507 -2.95114
v 2.05956 0.02507 -3.1962
v 2.78478 0.02507 -3.02283
v 1.74952 0.02507 -3.604
v 2.75584 0.02507 -4.27838
v 1.59694 0.02507 -4.3144
v 3.49889 0.02507 -4.26638
v 3.49889 0.02507 -3.02918
v 2.8336 0.02507 -2.87316
v 2.72869 0.025584 -5.08204
v 1.63543 0.027126 -5.08204
v 4.21301 0.02507 -3.02283
v 3.49889 0.02507 -5.08204
v 4.24195 0.02507 -4.27838
v 3.49889 0.02507 -2.76906
v 1.93904 0.021176 -5.90872
v 5.24827 0.02507 -3.604
v 4.16419 0.02507 -2.87316
v 4.93823 0.02507 -3.1962
v 4.32584 0.02507 -2.95114
v 2.70073 0.019118 -6.30656
v 4.2691 0.025584 -5.08204
v 3.49889 0.017059 -6.46556
v 4.29706 0.019118 -6.30656
v 5.40085 0.02507 -4.3144
v 5.05875 0.021176 -5.90872
v 5.36236 0.027126 -5.08204
v 1.64739 2.21871 -5.98175
v 1.69109 2.89906 -6.24809
v 1.9075 2.05095 -7.13003
v 1.90544 2.84806 -7.55721
v 1.6272 4.19199 -6.74585
v 2.65274 1.91767 -7.717959
v 2.67829 1.37355 -7.341189
v 1.92342 1.53773 -6.80678
v 1.80871 4.42142 -8.26054
v 1.58618 4.84801 -7.02241
v 3.49889 1.27358 -7.5591
v 2.5804 2.78343 -8.14455
v 3.49889 1.82021 -7.95548
v 2.68893 0.615744 -6.77674
v 1.90469 0.762701 -6.269771
v 1.83378 5.13341 -8.464249
v 1.665 5.82832 -8.09121
v 1.47873 5.4543 -6.6995
v 4.34505 1.91767 -7.717959
v 3.49889 0.540101 -6.96573
v 4.31949 1.37355 -7.341189
v 2.48855 4.53281 -8.98368
v 3.51121 2.77286 -8.45474
v 1.4424 6.55495 -7.96359
v 1.3461 6.10112 -6.42887
v 5.09029 2.05095 -7.13003
v 4.42476 2.8046 -8.15961
v 5.10455 2.85227 -7.56239
v 4.308859 0.615744 -6.77674
v 2.43205 5.30322 -9.298689
v 2.35701 6.08749 -9.05501
v 1.07871 6.92503 -6.16917
v 5.332551 2.91956 -6.26476
v 5.07437 1.53773 -6.80678
v 5.3504 2.21871 -5.98175
v 4.4949 4.55976 -8.97989
v 3.54823 4.612229 -9.38684
v 2.26921 7.050799 -8.92874
v 3.52877 6.25024 -9.47303
v 1.15936 7.427279 -7.8508
v 5.45323 4.22279 -6.76626
v 5.197309 4.44377 -8.27645
v 5.16217 2.97532 -5.33768
v 5.18025 2.37831 -5.06705
v 5.0931 0.762701 -6.269771
v 3.54698 5.418159 -9.72673
v 4.50569 5.33904 -9.329529
v 3.48826 7.28592 -9.207891
v 2.20548 8.014261 -8.846641
v 5.49023 4.88109 -7.05305
v 5.28282 4.06216 -5.67031
v 5.31406 4.64374 -5.81687
v 4.61884 3.0108 -4.6619
v 4.59519 2.41369 -4.41503
v 5.159599 5.175769 -8.53017
v 4.52873 6.15903 -9.09415
v 2.17207 9.254879 -8.92847
v 4.75811 4.45545 -5.0145
v 5.53423 5.57773 -6.7855
v 5.35839 5.19225 -5.59555
v 4.703549 3.94406 -4.92958
v 3.52478 3.0491 -4.31885
v 3.49889 2.44745 -4.06167
v 4.55455 7.297639 -8.82454
v 3.46527 8.262619 -9.0299
v 5.32269 5.91146 -8.13782
v 4.84108 4.876719 -4.741879
v 5.63735 6.484529 -5.19795
v 5.09815 6.05829 -4.13927
v 3.59047 3.88851 -4.56563
v 3.64625 4.35831 -4.62892
v 2.41187 2.41369 -4.41503
v 4.56497 8.387299 -8.64537
v 3.47134 9.210619 -8.990881
v 5.36766 7.1489 -7.776381
v 2.46067 10.793099 -9.10082
v 3.9415 5.66659 -3.54274
v 3.70026 4.691 -4.312
v 5.770391 6.85928 -6.4681
v 5.36199 7.617909 -3.47121
v 5.942851 7.992139 -4.80022
v 2.41777 3.00841 -4.66405
v 2.43114 3.93106 -4.92746
v 4.55902 9.431959 -8.515041
v 5.43782 8.4105 -7.588971
v 2.60798 5.57457 -4.190269
v 4.31205 7.215849 -2.71682
v 2.8178 6.777229 -3.35315
v 5.953091 8.25956 -6.234601
v 5.531391 9.184609 -3.14248
v 6.08379 9.531019 -4.57675
v 2.43938 4.42593 -4.966001
v 2.48012 4.80812 -4.74687
v 1.81754 2.37831 -5.06705
v 1.86458 2.96706 -5.33433
v 3.47904 10.799398 -8.984671
v 1.60986 6.606219 -4.496729
v 4.66628 8.76827 -2.23187
v 6.01801 9.640619 -6.127431
v 5.6966 11.101799 -3.223681
v 6.03335 11.396999 -4.688231
v 5.48228 9.587219 -7.49708
v 1.71952 5.08822 -5.55737
v 1.80452 4.06023 -5.69791
v 1.76467 4.63893 -5.84665
v 3.52173 11.966199 -8.992322
v 1.57721 5.73477 -5.141571
v 5.905261 11.409599 -6.163401
v 5.4429 12.9094 -3.49171
v 5.582281 13.0448 -4.94895
v 4.50125 11.0502 -8.48632
v 4.22607 12.2635 -8.561681
v 5.37066 11.265099 -7.530541
v 5.4388 13.0078 -6.375771
v 4.947289 12.716001 -7.677921
v 1.6248 1.74629 -5.887819
v 1.56416 1.80998 -5.08204
v 1.55389 1.09668 -5.79326
v 1.48604 0.463737 -5.08204
v 1.63089 1.87335 -4.15786
v 1.4463 1.15872 -5.08204
v 2.57133 2.30077 -3.71255
v 1.45517 1.18475 -4.23935
v 1.78764 1.62146 -3.41072
v 1.64341 1.02974 -3.49623
v 2.78303 1.95973 -3.06806
v 2.05789 1.32414 -2.96857
v 1.49157 0.471121 -4.32084
v 3.49889 2.39695 -3.55838
v 4.42646 2.30077 -3.71255
v 1.96711 0.878212 -2.89887
v 1.64164 0.471121 -3.56605
v 5.3669 1.87335 -4.15786
v 4.21476 1.95973 -3.06806
v 5.21015 1.62146 -3.41072
v 2.67195 1.32827 -2.73033
v 3.49889 2.01785 -2.95201
v 2.78303 0.878212 -3.00248
v 2.86814 1.35559 -2.58877
v 1.99394 0.424455 -2.96348
v 2.67195 0.871232 -2.65988
v 2.67195 0.424455 -2.72375
v 4.9399 1.32414 -2.96857
v 5.542621 1.18475 -4.23935
v 5.35438 1.02974 -3.49623
v 3.49889 1.3501 -2.49744
v 2.86814 0.884894 -2.53026
v 5.43363 1.80998 -5.08204
v 4.32584 1.32827 -2.73033
v 4.12965 1.35559 -2.58877
v 4.21476 0.878212 -3.00248
v 5.35614 0.471121 -3.56605
v 5.03068 0.878212 -2.89887
v 2.86814 0.424455 -2.60607
v 2.78303 0.424455 -3.07423
v 5.37299 1.74629 -5.887819
v 4.32584 0.871232 -2.65988
v 4.12965 0.884894 -2.53026
v 3.49889 0.885193 -2.43685
v 5.50622 0.471121 -4.32084
v 5.55149 1.15872 -5.08204
v 3.49889 0.424455 -2.51058
v 5.4439 1.09668 -5.79326
v 4.32584 0.424455 -2.72375
v 5.00385 0.424455 -2.96348
v 4.12965 0.424455 -2.60607
v 5.51175 0.463737 -5.08204
v 4.21476 0.424455 -3.07423
v -2.67195 0.025062 -2.95114
v -2.78478 0.025062 -3.02283
v -2.05956 0.025062 -3.1962
v -1.74952 0.025062 -3.604
v -2.75584 0.025062 -4.27839
v -3.49889 0.025062 -4.26638
v -3.49889 0.025062 -3.02918
v -2.8336 0.025062 -2.87316
v -1.59694 0.025062 -4.31441
v -4.21301 0.025062 -3.02283
v -3.49889 0.025062 -5.08205
v -4.24195 0.025062 -4.27839
v -3.49889 0.025062 -2.76906
v -2.72869 0.025576 -5.08205
v -1.63543 0.027118 -5.08205
v -5.24827 0.025062 -3.604
v -4.164189 0.025062 -2.87316
v -4.93823 0.025062 -3.1962
v -4.32584 0.025062 -2.95114
v -1.93904 0.021169 -5.90872
v -4.2691 0.025576 -5.08205
v -2.70073 0.01911 -6.30656
v -4.29706 0.01911 -6.30656
v -3.49889 0.017051 -6.46556
v -5.400849 0.025062 -4.31441
v -5.05875 0.021169 -5.90872
v -5.36236 0.027118 -5.08205
v -1.64739 2.21871 -5.98175
v -1.9075 2.05094 -7.13003
v -1.69109 2.89905 -6.24809
v -1.90544 2.84806 -7.55721
v -2.65274 1.91766 -7.717959
v -2.678289 1.37354 -7.341189
v -1.92342 1.53773 -6.80678
v -1.6272 4.19198 -6.74586
v -3.49889 1.27357 -7.5591
v -2.5804 2.78342 -8.14455
v -3.498889 1.82021 -7.95548
v -2.68893 0.615736 -6.77674
v -1.90469 0.762693 -6.269771
v -1.80871 4.42141 -8.26054
v -1.58618 4.848001 -7.02241
v -4.34505 1.91766 -7.717959
v -3.498889 0.540093 -6.96573
v -4.319489 1.37354 -7.341189
v -1.83378 5.1334 -8.464251
v -1.665 5.828311 -8.091211
v -1.47873 5.454301 -6.699501
v -3.511209 2.77285 -8.45474
v -2.488549 4.532801 -8.983681
v -5.09029 2.05094 -7.13003
v -4.424759 2.80459 -8.15961
v -5.104549 2.85226 -7.56239
v -4.308859 0.615736 -6.77674
v -1.4424 6.554941 -7.963591
v -2.35701 6.087481 -9.055012
v -3.548229 4.61222 -9.38684
v -2.43205 5.30321 -9.298691
v -5.33255 2.91956 -6.26476
v -5.074369 1.53773 -6.80678
v -5.3504 2.21871 -5.98175
v -4.4949 4.55976 -8.97989
v -5.197309 4.44377 -8.27645
v -1.3461 6.10111 -6.428871
v -3.52877 6.250231 -9.473031
v -3.546979 5.41816 -9.72673
v -5.162169 2.97531 -5.33768
v -5.18025 2.37831 -5.06705
v -5.0931 0.762693 -6.269771
v -5.453229 4.222781 -6.76627
v -4.50569 5.33904 -9.32953
v -5.159599 5.17577 -8.53017
v -1.07871 6.925021 -6.169171
v -2.26921 7.05079 -8.92874
v -1.15936 7.427281 -7.850801
v -4.61884 3.0108 -4.6619
v -4.59519 2.41368 -4.41503
v -5.28282 4.06215 -5.67031
v -5.49023 4.881081 -7.05305
v -4.52873 6.159021 -9.094151
v -3.48826 7.285922 -9.207891
v -2.20548 8.014262 -8.846641
v -3.52478 3.04909 -4.31885
v -3.498889 2.44744 -4.06167
v -4.703549 3.94405 -4.92958
v -5.31406 4.64374 -5.81687
v -5.32269 5.911451 -8.137821
v -4.55455 7.297641 -8.824541
v -3.46527 8.262611 -9.029901
v -2.41187 2.41368 -4.41503
v -3.59047 3.88851 -4.56563
v -4.75811 4.45544 -5.0145
v -5.53423 5.577721 -6.785501
v -2.17207 9.254881 -8.928471
v -5.36766 7.148901 -7.776381
v -4.56497 8.3873 -8.64537
v -2.417769 3.0084 -4.66405
v -1.81754 2.37831 -5.06705
v -3.64625 4.3583 -4.62892
v -5.35839 5.19225 -5.595551
v -3.47134 9.210621 -8.990881
v -5.77039 6.859271 -6.468101
v -5.437819 8.410491 -7.588971
v -1.86458 2.96706 -5.33433
v -2.431139 3.93105 -4.92746
v -4.84108 4.87671 -4.74188
v -3.70026 4.69099 -4.312
v -2.46067 10.7931 -9.10082
v -5.63735 6.484521 -5.19795
v -4.55902 9.431951 -8.515041
v -2.439379 4.42592 -4.966001
v -1.80452 4.06023 -5.69791
v -3.9415 5.666581 -3.542741
v -2.480119 4.80811 -4.74687
v -2.60798 5.57457 -4.19027
v -5.942851 7.992141 -4.800221
v -5.95309 8.259551 -6.234601
v -5.098149 6.05829 -4.13927
v -3.47904 10.7994 -8.984671
v -5.48228 9.587221 -7.497081
v -4.501249 11.050201 -8.48632
v -1.57721 5.734761 -5.141572
v -2.8178 6.777231 -3.35315
v -1.60986 6.606221 -4.49673
v -1.76467 4.63892 -5.84665
v -1.71952 5.088211 -5.557371
v -5.36199 7.617901 -3.471211
v -6.08379 9.531021 -4.576751
v -5.531391 9.184601 -3.14248
v -3.52173 11.966201 -8.992322
v -5.37066 11.2651 -7.530541
v -4.226069 12.263501 -8.561681
v -4.31205 7.215841 -2.71682
v -6.01801 9.640611 -6.127431
v -4.66628 8.768261 -2.23187
v -5.6966 11.101801 -3.223681
v -4.947289 12.716002 -7.677921
v -6.03335 11.397001 -4.688231
v -5.905261 11.409601 -6.163401
v -5.4388 13.007802 -6.375771
v -5.582281 13.044802 -4.94895
v -5.4429 12.909402 -3.49171
v -1.6248 1.74629 -5.887819
v -1.56416 1.80997 -5.08205
v -1.63089 1.87335 -4.15786
v -1.55389 1.09667 -5.79326
v -2.57133 2.30076 -3.71255
v -1.48604 0.463729 -5.08205
v -1.45517 1.18474 -4.23935
v -1.4463 1.15871 -5.08205
v -3.49889 2.39694 -3.55838
v -4.426459 2.30076 -3.71255
v -1.78764 1.62145 -3.41072
v -1.49157 0.471113 -4.32084
v -4.21476 1.95972 -3.06806
v -2.78303 1.95972 -3.06806
v -3.498889 2.01784 -2.95201
v -5.366899 1.87335 -4.15786
v -1.64341 1.02973 -3.49623
v -1.64164 0.471113 -3.56605
v -4.12965 1.35558 -2.58877
v -5.21015 1.62145 -3.41072
v -4.21476 0.878205 -3.00248
v -4.939899 1.32413 -2.96857
v -4.32584 1.32826 -2.73033
v -2.05789 1.32413 -2.96857
v -2.86814 1.35558 -2.58877
v -2.67195 1.32826 -2.73033
v -2.78303 0.878205 -3.00248
v -5.43363 1.80997 -5.08205
v -1.96711 0.878205 -2.89887
v -1.99394 0.424447 -2.96349
v -4.12965 0.884886 -2.53026
v -3.49889 1.35009 -2.49745
v -4.32584 0.871224 -2.65988
v -5.35438 1.02973 -3.49623
v -5.03068 0.878205 -2.89887
v -2.67195 0.871224 -2.65988
v -2.86814 0.884886 -2.53026
v -2.67195 0.424447 -2.72375
v -2.86814 0.424447 -2.60607
v -2.78303 0.424447 -3.07424
v -5.54262 1.18474 -4.23935
v -5.37299 1.74629 -5.887819
v -4.12965 0.424447 -2.60607
v -3.49889 0.885185 -2.43685
v -3.49889 0.424447 -2.51058
v -4.32584 0.424447 -2.72375
v -5.35614 0.471113 -3.56605
v -5.00385 0.424447 -2.96349
v -5.4439 1.09667 -5.79326
v -5.55149 1.15871 -5.08205
v -4.21476 0.424447 -3.07424
v -5.50622 0.471113 -4.32084
v -5.51175 0.463729 -5.08205
v 2.33443 24.225498 15.020201
v 3.35141 22.163198 14.8685
v 3.40484 24.136698 14.503399
v 2.24847 22.328098 15.461298
v 2.40577 26.026098 14.535801
v 1.14163 22.528997 15.873901
v 1.3025 26.084198 14.878801
v 1.20829 24.363098 15.417101
v 4.57746 22.029299 14.156902
v 2.2884 20.516598 15.733801
v 3.32307 20.157398 15.2204
v 3.446 25.941097 14.0744
v 1.13329 20.859098 16.1972
v 4.53675 19.932898 14.541199
v 4.6234 24.032598 13.7943
v 5.87407 20.197899 13.608999
v 5.84101 22.004997 13.277899
v 1.24233 20.153997 16.7038
v 3.61233 19.717197 15.442701
v 2.42021 19.918299 16.148098
v 6.72535 20.755598 12.234001
v 4.77576 19.500698 14.642401
v 6.75539 19.717197 12.425299
v 5.89103 19.397598 13.696901
v 4.6107 25.837198 13.436401
v 5.81131 24.007599 12.896799
v 6.6844 22.190199 12.0154
v 5.75569 25.696398 12.5261
v 6.61132 24.012999 11.689701
v 6.55491 25.555798 11.359102
v -2.33443 24.225498 15.020201
v -3.40484 24.136698 14.503399
v -3.35141 22.163198 14.8685
v -2.40577 26.026098 14.535801
v -2.24847 22.328098 15.461298
v -1.3025 26.084198 14.878801
v -1.14163 22.528997 15.873901
v -1.20829 24.363098 15.417101
v -4.57746 22.029299 14.156902
v -3.446 25.941097 14.0744
v -4.6234 24.032598 13.7943
v -1.13329 20.859098 16.1972
v -2.2884 20.516598 15.733801
v -5.84101 22.004997 13.277899
v -3.32307 20.157398 15.2204
v -5.87407 20.197899 13.608999
v -4.53675 19.932898 14.541199
v -4.6107 25.837198 13.436401
v -1.24233 20.153997 16.7038
v -6.72535 20.755598 12.234001
v -5.81131 24.007599 12.896799
v -6.6844 22.190199 12.0154
v -3.61233 19.717197 15.442701
v -4.77576 19.500698 14.642401
v -2.42021 19.918299 16.148098
v -6.75539 19.717197 12.425299
v -6.61132 24.012999 11.689701
v -5.75569 25.696398 12.5261
v -5.89103 19.397598 13.696901
v -6.55491 25.555798 11.359102
v 1.29844 19.571898 16.960197
v 0 18.882998 17.0316
v 1.29086 18.772799 16.8754
v 0 19.741999 17.1492
v 2.61599 19.299198 16.3221
v 0.750959 19.897497 17.0746
v 0 17.3988 16.5122
v -1.29844 19.571898 16.960197
v -1.29086 18.772799 16.8754
v 2.73891 18.451097 16.2248
v 0.749356 20.282598 16.908
v 0 19.893997 17.1552
v -1.3377 17.362398 16.3157
v 1.3377 17.362398 16.3157
v 0 16.118898 15.4194
v -0.750959 19.897497 17.0746
v -2.61599 19.299198 16.3221
v -1.34769 16.146698 15.2234
v -2.73891 18.451097 16.2248
v -2.69643 17.262 15.7838
v 2.69643 17.262 15.7838
v 1.34769 16.146698 15.2234
v -0.749356 20.282598 16.908
v -2.67589 16.207798 14.8437
v 2.67589 16.207798 14.8437
v 2.82471 30.351 10.5103
v 2.85278 30.245098 11.8117
v 3.22057 29.686598 11.4749
v 2.65825 29.856499 11.6574
v 3.77452 30.603596 11.25
v 2.24689 30.743898 11.4049
v 3.56969 30.211597 10.4698
v 2.21183 30.4943 10.293801
v 3.00581 30.813698 9.91014
v 2.72897 30.826597 10.0624
v 2.17081 30.454395 11.9656
v 3.90957 29.821499 10.6114
v 3.81469 29.6553 11.2096
v 2.36899 30.8789 9.97272
v 1.71012 31.027996 11.4034
v 2.34191 30.803999 9.52242
v 1.43699 30.601698 10.035698
v 1.87918 30.4161 9.281841
v 3.74603 29.903698 9.728329
v 2.6552 31.3007 9.49669
v 3.01436 30.752195 9.57508
v 1.30431 31.725998 12.3633
v 4.03763 29.121899 11.0392
v 1.02227 30.395596 9.345009
v 2.09967 30.044098 8.417608
v 1.10462 30.247997 8.166552
v 2.7041 30.713898 9.4014
v 3.92052 29.357298 8.892711
v 3.05882 29.7259 8.66499
v 1.29182 31.097599 11.5383
v 4.13839 29.441399 9.96865
v 4.65509 29.447199 11.4322
v 0.226701 31.384 9.388151
v 1.03166 30.532997 10.3688
v 0.394588 31.400898 9.670779
v 0.492141 30.984198 10.105
v 1.07801 30.582699 11.9632
v 4.48114 29.017298 9.35419
v 4.837921 28.660297 10.5542
v 0 30.349499 8.135889
v 0.327474 31.391195 10.0571
v -0.036724 31.995699 9.84701
v 0.903353 30.1245 11.193401
v -0.39522 31.6423 11.220701
v 0.406951 31.047298 11.6244
v 5.18913 28.3774 9.73767
v -0.043524 31.344698 9.333761
v -0.180916 31.254599 10.3973
v 0.002034 31.372498 10.1451
v -0.24754 31.476599 11.6928
v -0.474765 31.802898 11.1409
v -1.23475 32.5513 11.7451
v 6.87108 25.817497 7.42567
v 6.3848 26.899199 8.09967
v 8.22118 26.670702 6.739749
v 7.34517 28.100903 7.712349
v 6.18066 27.2052 8.75099
v 6.792321 28.107903 8.79777
v 8.56209 29.183002 7.380569
v 8.006741 29.543102 8.733269
v 9.72155 27.5392 6.30945
v 10.3979 25.982903 7.23809
v 8.80198 25.318102 7.59061
v 9.324791 30.855103 8.57481
v 12.0925 26.719902 6.952809
v 10.007201 30.349503 7.08329
v 11.218701 28.501104 5.892079
v 7.06969 24.585598 7.99158
v 10.6778 25.096703 8.43326
v 8.78941 24.6489 8.6299
v 13.6931 27.601799 6.6577
v 12.526802 25.7904 8.11569
v 14.2346 26.6694 7.761819
v 10.9806 32.2492 8.245609
v 7.07687 24.308298 8.79947
v 12.637299 29.435898 5.640399
v 11.475401 31.4268 6.77294
v 15.7752 28.0061 7.33328
v 14.087599 30.4575 5.46822
v 15.189199 28.7835 6.310679
v 12.7213 33.268 7.874849
v 16.3557 30.001 6.01013
v 13.0721 32.3795 6.43503
v 15.392101 31.437801 5.30977
v 16.939 29.3605 6.916369
v 14.560501 33.1537 6.10452
v 17.4637 31.3724 5.71923
v 16.7349 32.493805 5.13877
v 14.306101 34.0345 7.41106
v 18.0224 30.7585 6.511779
v 16.0855 33.8973 5.732399
v 18.9002 33.0191 5.32258
v 18.357 33.7746 4.908669
v 15.883101 34.6256 6.89608
v 19.408 32.6616 5.78557
v 17.9799 34.6717 5.29823
v 20.3532 34.6722 4.87296
v 20.0295 35.0555 4.67529
v 17.9364 35.3028 6.14435
v 20.6791 34.4335 5.10057
v 19.9049 35.4404 4.87721
v 21.2178 35.658203 4.5785
v 21.109 35.8122 4.49925
v 19.9291 35.872204 5.28172
v 21.3509 35.5618 4.72243
v 21.073502 35.9269 4.610651
v 21.5559 36.1135 4.524052
v 21.0665 36.0937 4.77913
v 7.00873 25.089298 8.88527
v 8.66223 25.3754 8.629899
v 10.458 25.815203 8.435789
v 7.05775 25.166298 8.385669
v 6.93377 25.497799 8.53743
v 12.1859 26.467701 8.127919
v 8.55756 25.812 8.29084
v 6.898129 25.774899 8.315429
v 6.86327 25.872498 8.837072
v 13.8321 27.3665 7.761819
v 10.242699 26.3894 8.095479
v 6.74629 26.143799 8.55064
v 8.20998 26.6178 8.05155
v 11.8414 27.1227 7.835999
v 6.63221 26.415499 8.34753
v 6.55934 26.642399 8.9093
v 15.282299 28.624298 7.33328
v 9.6759 27.520102 7.7602
v 13.403999 28.0573 7.535009
v 11.1067 28.4585 7.453939
v 7.374599 27.606798 8.801359
v 16.3862 29.853401 6.96684
v 12.5791 29.440498 7.115129
v 9.01773 28.5716 8.188169
v 10.2896 29.677101 7.999149
v 7.72752 27.3231 8.317249
v 14.812799 29.2002 7.17889
v 17.4856 31.193 6.55717
v 8.68276 29.0755 8.696499
v 11.769 30.8858 7.739749
v 9.844301 30.211302 8.548239
v 15.9283 30.367802 6.83795
v 14.006899 30.455097 6.774329
v 18.886 33.1061 5.89446
v 11.393101 31.583302 8.265299
v 15.285101 31.374302 6.46782
v 13.3066 31.8034 7.40976
v 18.1655 33.150803 5.95521
v 17.0121 31.6388 6.44931
v 20.070301 35.014404 5.34632
v 21.1173 35.7847 4.81669
v 13.0144 32.545 7.89899
v 17.3144 32.9949 5.888189
v 18.7745 34.043503 5.72964
v 17.8045 33.753 6.020989
v 14.7059 32.5819 7.01088
v 16.5246 32.3568 6.11941
v 18.1306 34.5335 6.2012
v 16.1763 33.2098 6.57908
v 16.0224 33.8511 6.99471
v 14.502601 33.2675 7.47568
v 7.47226 26.7673 8.80512
v 7.56908 26.6055 8.627331
v 7.8259 26.749199 8.77294
v 7.49336 26.611599 8.93989
v 7.59893 26.438198 8.797098
v 6.726281 26.1601 9.17397
v 7.57315 25.738699 8.620552
v 7.51731 25.836597 8.764509
v 7.57006 25.609299 8.76405
v 6.92159 25.495998 9.14751
v 7.51631 25.707397 8.899572
v 7.72369 25.788898 8.739
v 6.87213 25.521797 9.79566
v 6.39235 26.820997 9.46566
v 6.16593 26.976997 10.8295
v 7.0238 23.995897 10.077301
v 6.043691 27.4327 8.78334
v 7.09069 23.933498 8.95233
v 5.41975 27.120499 11.836699
v 5.64229 28.048698 9.690409
v 4.95978 28.293798 10.9911
v 5.43878 28.127598 10.3328
v 7.21192 22.491999 9.084389
v 7.04345 22.382998 10.4627
v 4.17507 28.585197 11.546999
v 4.47276 27.256098 12.595501
v 5.59497 28.026897 8.732599
v 7.30067 21.143398 9.27714
v 3.16436 28.707397 12.096601
v 3.39039 27.387398 13.260801
v 5.01933 28.492098 8.72681
v 7.10344 21.000298 10.7397
v 7.2588 19.946499 9.477629
v 2.92246 29.338999 11.5051
v 7.09291 19.889097 10.923901
v 2.31834 27.505798 13.741301
v 2.13518 28.758497 12.5466
v 1.93736 29.539398 11.8217
v 1.27022 27.581497 14.039602
v 1.14109 28.865398 12.835901
v 0.999996 29.453499 12.1618
v 0 28.920698 12.962799
v -0.042832 29.429998 12.3353
v 0 27.619198 14.228098
v 0 26.124298 15.081198
v -1.14109 28.865398 12.835901
v -1.0695 29.4458 12.1706
v 0 24.415398 15.588102
v -1.27022 27.581497 14.039602
v -2.13518 28.758497 12.5466
v -2.12732 29.5592 11.869701
v 0 22.654497 16.038502
v -2.31834 27.505798 13.741301
v -3.16436 28.707397 12.096601
v -3.00689 29.4029 11.6496
v 0 21.009098 16.306803
v -3.39039 27.387398 13.260801
v -4.09848 29.042198 11.1417
v 0.734987 20.599197 16.7353
v -4.47276 27.256098 12.595501
v -4.17507 28.585197 11.546999
v -4.95978 28.293798 10.9911
v -4.85327 28.674297 10.5784
v 0 20.734898 16.710802
v 0.31005 20.465899 16.9684
v -0.734987 20.599197 16.7353
v -5.43878 28.127598 10.3328
v -5.18913 28.3774 9.73767
v -5.41975 27.120499 11.836699
v 0.2909 20.344799 17.0274
v 0.200708 20.177898 17.080599
v 0 20.543999 16.953001
v -0.31005 20.465899 16.9684
v -5.64229 28.048698 9.690409
v -5.59497 28.026897 8.732599
v -5.01933 28.492098 8.72681
v -4.48114 29.0173 9.35419
v -6.16593 26.976997 10.8295
v 0 20.105799 17.14
v -0.2909 20.344799 17.0274
v -0.200708 20.177898 17.080599
v -6.043691 27.4327 8.78334
v -6.87213 25.521797 9.79566
v -6.39235 26.820997 9.46566
v -7.0238 23.995897 10.077301
v -6.18066 27.205198 8.75099
v -7.07687 24.308298 8.79947
v -6.726281 26.160099 9.17397
v -7.00873 25.089298 8.88527
v -6.92159 25.495998 9.14751
v -7.04345 22.382998 10.4627
v -6.55934 26.642399 8.9093
v -7.09069 23.933498 8.95233
v -6.86327 25.872498 8.837072
v -7.10344 21.000298 10.7397
v -7.21192 22.491999 9.084389
v -7.30067 21.143398 9.27714
v -7.2588 19.946499 9.477629
v -7.09291 19.889097 10.923901
v 0 15.274799 13.6036
v 1.3087 15.359598 13.4549
v 0 14.9795 11.9961
v 1.36146 15.073899 11.8094
v 0 14.860399 10.1288
v 2.64131 15.564798 13.3204
v 3.77302 16.348099 14.4433
v 3.87645 17.156498 15.1426
v 1.39174 14.962299 10.0246
v 0 14.977399 8.074799
v 4.78395 17.028898 14.3585
v 3.79182 15.860298 13.1685
v 4.48129 16.464298 13.9997
v 3.93532 18.167099 15.502699
v 2.69956 15.299699 11.7314
v 1.41672 15.075899 8.05099
v 5.36383 16.876398 13.2933
v 5.0058 17.906298 14.652302
v 5.82923 17.727499 13.535599
v 3.81575 19.095598 15.594101
v 3.92613 15.653798 11.7309
v 2.80264 15.202599 10.0158
v 4.716091 16.242899 13.095401
v 5.97643 18.644798 13.671202
v 6.39366 17.729998 12.2237
v 6.67322 18.685497 12.377401
v 4.99695 18.837097 14.739
v 2.90963 15.347599 8.157579
v 4.98267 16.128199 11.8191
v 4.11966 15.595599 10.1554
v 5.82055 16.8186 12.020701
v 6.6987 17.813997 10.8681
v 6.98771 18.788998 10.9604
v 4.33264 15.769199 8.48528
v 5.30217 16.129898 10.3787
v 6.85219 17.941399 9.61458
v 7.12714 18.848999 9.610899
v 5.55365 16.375698 8.87819
v 6.19343 16.894897 10.6386
v 6.38689 17.130697 9.29714
v -1.3087 15.359598 13.4549
v -2.64131 15.564798 13.3204
v -3.77302 16.348099 14.4433
v -3.87645 17.156498 15.1426
v -1.36146 15.073899 11.8094
v -4.78395 17.028898 14.3585
v -3.79182 15.860298 13.1685
v -4.48129 16.464298 13.9997
v -3.93532 18.167099 15.502699
v -1.39174 14.962299 10.0246
v -2.69956 15.299699 11.7314
v -5.36383 16.876398 13.2933
v -5.0058 17.906298 14.652302
v -5.82923 17.727499 13.535599
v -3.81575 19.095598 15.594101
v -1.41672 15.075899 8.05099
v -3.92613 15.653798 11.7309
v -4.716091 16.242899 13.095401
v -5.97643 18.644798 13.671202
v -6.39366 17.729998 12.2237
v -6.67322 18.685497 12.377401
v -4.99695 18.837097 14.739
v -2.80264 15.202599 10.0158
v -5.82055 16.8186 12.020701
v -4.98267 16.128199 11.8191
v -6.6987 17.813997 10.8681
v -6.98771 18.788998 10.9604
v -2.90963 15.347599 8.157579
v -4.11966 15.595599 10.1554
v -6.19343 16.894897 10.6386
v -6.85219 17.941399 9.61458
v -4.33264 15.769199 8.48528
v -5.30217 16.129898 10.3787
v -7.12714 18.848999 9.610899
v -5.55365 16.375698 8.87819
v -6.38689 17.130697 9.29714
v -6.87108 25.817497 7.42567
v -8.22118 26.670702 6.73975
v -6.3848 26.899199 8.09967
v -7.34517 28.100899 7.71235
v -8.56209 29.182999 7.380569
v -9.72155 27.5392 6.30945
v -10.3979 25.982899 7.23809
v -8.801981 25.3181 7.59061
v -8.006741 29.543097 8.73327
v -6.792321 28.1079 8.79777
v -12.092501 26.7199 6.95281
v -10.007201 30.349499 7.08329
v -11.218701 28.501099 5.892079
v -7.06969 24.585598 7.99158
v -12.526802 25.7904 8.11569
v -10.677801 25.096699 8.43326
v -9.324791 30.8551 8.57481
v -13.693101 27.601799 6.6577
v -11.475401 31.426796 6.77294
v -12.6373 29.435898 5.6404
v -8.78941 24.6489 8.629901
v -14.234601 26.669395 7.761819
v -10.9806 32.2492 8.24561
v -15.1892 28.783497 6.310679
v -14.0876 30.457497 5.46822
v -15.775201 28.006098 7.33328
v -12.721301 33.267998 7.87485
v -16.355701 30.000998 6.01013
v -13.072101 32.3795 6.43503
v -15.392101 31.437798 5.30977
v -16.939001 29.360498 6.91637
v -14.560501 33.1537 6.10452
v -17.4637 31.372398 5.71923
v -16.734901 32.493797 5.13877
v -14.306101 34.0345 7.41106
v -18.022402 30.758497 6.51178
v -16.085503 33.8973 5.7324
v -18.900202 33.019096 5.32258
v -18.357002 33.774597 4.90867
v -15.883101 34.625595 6.89608
v -19.408003 32.6616 5.78557
v -17.979902 34.6717 5.298231
v -20.353203 34.672195 4.872961
v -20.029501 35.055496 4.675291
v -17.936401 35.302795 6.14435
v -20.679102 34.433495 5.100571
v -19.904902 35.4404 4.877211
v -21.217802 35.6582 4.5785
v -21.109001 35.812195 4.49925
v -19.929102 35.872204 5.281721
v -21.350903 35.5618 4.722431
v -21.073503 35.926895 4.610651
v -21.555902 36.113495 4.524052
v -21.066502 36.093697 4.77913
v -7.374599 27.606796 8.80136
v -8.68276 29.075499 8.6965
v -9.017731 28.571598 8.18817
v -7.72752 27.323097 8.31725
v -6.63221 26.415497 8.34753
v -9.844301 30.2113 8.548241
v -11.393101 31.583298 8.265299
v -9.675901 27.520096 7.7602
v -10.2896 29.677097 7.99915
v -11.106701 28.458498 7.45394
v -6.74629 26.143799 8.55064
v -8.20998 26.617798 8.05155
v -6.898129 25.774897 8.31543
v -13.0144 32.545 7.89899
v -12.579101 29.440498 7.115129
v -11.8414 27.122698 7.835999
v -13.404001 28.057297 7.535009
v -11.769001 30.885796 7.73975
v -10.242701 26.389399 8.09548
v -8.55756 25.811998 8.29084
v -14.502602 33.2675 7.47568
v -14.812801 29.200195 7.17889
v -13.832101 27.366499 7.761819
v -15.2823 28.624296 7.33328
v -13.306601 31.803398 7.40976
v -14.006901 30.455095 6.77433
v -6.93377 25.497799 8.53743
v -10.458 25.815199 8.43579
v -7.05775 25.166296 8.38567
v -8.66223 25.375399 8.6299
v -16.022402 33.851097 6.99471
v -12.185902 26.4677 8.12792
v -16.386202 29.8534 6.96684
v -15.285102 31.374298 6.46782
v -15.928301 30.3678 6.837951
v -14.705902 32.5819 7.01088
v -18.130602 34.5335 6.2012
v -17.012102 31.638798 6.44931
v -17.485601 31.192997 6.55717
v -16.176302 33.2098 6.579081
v -16.524601 32.356796 6.11941
v -20.070303 35.014397 5.346321
v -18.165503 33.150795 5.95521
v -18.886002 33.106094 5.894461
v -17.804502 33.753 6.02099
v -17.3144 32.994896 5.88819
v -21.117302 35.7847 4.81669
v -18.774502 34.043495 5.72964
v -7.56908 26.6055 8.627331
v -7.59893 26.438198 8.797098
v -7.47226 26.767298 8.80512
v -7.8259 26.749199 8.77294
v -7.49336 26.611599 8.93989
v -7.57315 25.738699 8.620552
v -7.51731 25.836597 8.764509
v -7.57006 25.609299 8.76405
v -7.72369 25.788898 8.739
v -7.51631 25.707397 8.899572
v 0 29.901299 7.170649
v 1.13152 29.810698 7.20636
v 2.12097 29.637098 7.42506
v 1.22334 29.531797 6.10117
v 0 29.614998 5.92853
v 2.80044 29.422897 7.737082
v 1.38921 29.184399 4.818911
v 0 29.272099 4.67518
v 2.4724 29.331497 6.449949
v 1.506 28.485998 3.44063
v 2.84097 28.946098 5.255739
v 3.71147 29.137098 7.226532
v 4.49223 28.787098 7.765539
v 0 28.588799 3.23917
v 4.20835 28.555098 5.92588
v 3.28441 28.214197 3.94379
v 1.63811 26.967798 1.83545
v 0 27.0746 1.62187
v 4.69106 27.792498 4.751308
v 3.46021 26.7358 2.55656
v 4.9549 26.403198 3.63532
v 5.35434 28.067198 7.177792
v 0 24.829098 0.808449
v 5.9958 26.082497 5.024639
v 5.72087 27.302097 5.872931
v 3.50424 24.597996 1.81183
v 5.02767 24.437399 2.9507
v 6.26379 27.044397 7.91927
v 1.73576 24.739597 1.05928
v 0 22.308498 0.607733
v 6.63097 25.851599 6.420959
v 6.14243 24.292398 4.4121
v 6.87236 24.155397 6.03702
v 6.22429 26.941498 6.94383
v 1.74629 22.308498 0.872751
v 0 19.8952 1.11011
v 6.28197 22.48 4.43316
v 6.83696 25.8082 7.14487
v 6.95278 22.542898 6.05189
v 7.0936 24.0377 7.7479
v 3.55061 22.319098 1.59902
v 5.15443 22.379599 2.83987
v 1.8982 19.979698 1.40649
v 0 18.0442 2.05779
v 7.23626 22.559298 7.65015
v 5.21667 20.4186 3.27563
v 6.32897 20.749899 4.75181
v 1.86433 18.145098 2.35852
v 0 16.488398 3.46213
v 3.66993 20.158699 2.08364
v 6.99683 20.978298 6.27221
v 7.30523 21.130999 7.80298
v 1.71888 16.5802 3.88906
v 0 15.4608 5.83998
v 3.61732 18.3633 2.98602
v 5.13581 18.705498 4.06767
v 6.26416 19.167799 5.33715
v 6.95856 19.558598 6.67381
v 1.37962 15.550299 5.919
v 3.36737 16.818699 4.37028
v 7.26093 19.864199 8.0718
v 4.88579 17.2692 5.28531
v 6.08984 17.805798 6.23856
v 2.98211 15.755599 6.14497
v 7.1127 18.7635 8.41175
v 6.80668 18.357399 7.2952
v 4.57599 16.2834 6.74881
v 6.91128 18.0453 8.70212
v 5.82116 16.875399 7.41771
v 6.54661 17.571299 8.11483
v 1.58678 30.470398 12.2694
v -0.298037 31.282799 12.0285
v -0.74081 31.128798 12.2414
v -4.96411 29.311197 11.0243
v -4.28363 29.353397 10.443099
v -4.07944 29.792599 11.117699
v -3.98959 29.509499 11.5267
v -4.18507 29.537098 9.80196
v -3.92052 29.3573 8.89271
v -3.95445 30.1767 11.9575
v -3.97442 29.941498 10.943
v -4.07481 29.955698 9.709581
v -3.90361 30.107298 9.60899
v -3.05882 29.725899 8.66499
v -3.23695 30.280397 11.1104
v -4.24689 29.8964 9.98464
v -4.13533 30.070398 10.2448
v -3.64789 30.221996 9.70221
v -4.63546 30.5459 9.8528
v -3.94722 30.2367 10.328901
v -3.71005 30.3927 10.200701
v -2.43086 30.387499 10.1473
v -2.64727 31.184498 11.4228
v -3.1764 30.820295 11.671999
v -2.99708 29.899199 11.9056
v -3.30416 30.123999 11.9084
v -3.44782 29.628498 11.522701
v -2.09967 30.044098 8.417608
v -2.13332 31.187798 11.4649
v -3.05019 30.398998 9.85748
v -1.55101 30.812098 10.1264
v -2.29952 30.367098 9.52238
v -3.09933 30.5746 12.1684
v -2.97746 31.851498 12.754599
v -3.52978 30.357498 9.9175
v -1.23035 30.670097 10.187399
v -1.20067 30.691399 9.335939
v -1.97138 30.797998 12.0725
v -1.10462 30.247997 8.166552
v -0.804302 31.151897 10.166899
v -0.35573 31.307798 9.33221
v -0.490797 31.326998 9.57527
v -1.43457 30.2877 11.218
v -0.37368 31.359697 9.94737
v -1.13235 31.816498 11.2422
v -1.34903 30.8757 11.5904
v -1.30495 31.359299 11.7655
v -1.13152 29.810698 7.20636
v -1.22334 29.531797 6.10117
v -2.12097 29.637098 7.42506
v -1.38921 29.184399 4.818911
v -2.80044 29.422897 7.737082
v -2.84097 28.946098 5.255739
v -2.4724 29.331497 6.449949
v -1.506 28.485998 3.44063
v -4.20835 28.555098 5.92588
v -3.71147 29.137098 7.226532
v -1.63811 26.967798 1.83545
v -3.28441 28.214197 3.94379
v -4.49223 28.787098 7.765539
v -3.46021 26.7358 2.55656
v -4.69106 27.792498 4.751308
v -5.35434 28.067198 7.177792
v -5.72087 27.302097 5.872931
v -1.73576 24.739597 1.05928
v -4.9549 26.403198 3.63532
v -3.50424 24.597996 1.81183
v -5.02767 24.437399 2.9507
v -5.9958 26.082497 5.024639
v -6.22429 26.941498 6.94383
v -6.63097 25.851599 6.420959
v -1.74629 22.308498 0.872751
v -6.14243 24.292398 4.4121
v -3.55061 22.319098 1.59902
v -5.15443 22.379599 2.83987
v -6.83696 25.8082 7.14487
v -6.87236 24.155397 6.03702
v -1.8982 19.979698 1.40649
v -6.28197 22.48 4.43316
v -3.66993 20.158699 2.08364
v -5.21667 20.4186 3.27563
v -6.26379 27.044397 7.91927
v -1.86433 18.145098 2.35852
v -6.32897 20.749899 4.75181
v -3.61732 18.3633 2.98602
v -5.13581 18.705498 4.06767
v -7.0936 24.0377 7.7479
v -6.95278 22.542898 6.05189
v -1.71888 16.5802 3.88906
v -6.26416 19.167799 5.33715
v -3.36737 16.818699 4.37028
v -4.88579 17.2692 5.28531
v -6.99683 20.978298 6.27221
v -7.23626 22.559298 7.65015
v -1.37962 15.550299 5.919
v -2.98211 15.755599 6.14497
v -6.08984 17.805798 6.23856
v -4.57599 16.2834 6.74881
v -7.30523 21.130999 7.80298
v -6.95856 19.558598 6.67381
v -5.82116 16.875399 7.41771
v -6.80668 18.357399 7.2952
v -7.26093 19.864199 8.0718
v -7.1127 18.7635 8.41175
v -6.54661 17.571299 8.11483
v -6.91128 18.0453 8.70212
v -2.65514 30.539497 12.3849
v -1.09853 31.067497 12.1156
v 0.207614 20.469297 17.0545
v 0.207275 20.359299 17.112898
v 0 20.527899 17.0798
v -0.207614 20.469297 17.0545
v 0.135893 20.235899 17.1306
v 0 20.371098 17.164202
v -0.207275 20.359299 17.112898
v 0 20.208899 17.1792
v -0.135893 20.235899 17.1306
v -3.8681 14.514999 2.574969
v 0 11.6094 5.68082
v -4.529181 14.605799 2.28717
v -4.65975 8.808469 9.347839
v -5.11921 9.60632 9.83527
v -4.842261 13.744 2.01655
v -2.68612 8.007329 8.394949
v -4.84667 8.91558 7.576921
v -5.050541 12.8974 1.91758
v -2.85981 7.769899 8.869139
v -4.3418 8.61484 9.59326
v -5.58882 9.39399 6.29206
v -5.315811 11.5904 2.11024
v -2.98099 7.59951 9.35548
v -4.44287 8.53035 9.959179
v 0 9.26051 6.18495
v -6.0413 9.02019 8.22715
v -5.479271 10.243401 2.59948
v -1.84675 6.91566 8.84539
v -1.82415 7.14946 8.420059
v -1.57337 7.52052 7.96646
v -5.977621 9.49839 5.699571
v -5.781651 10.0301 4.41923
v -1.41222 6.58305 9.48563
v 0 6.97609 7.5703
v -0.892393 6.6827 8.153259
v -0.911411 6.50821 8.536449
v -7.071621 9.20649 6.18383
v -6.171831 9.99836 3.05121
v -5.82781 9.60335 5.0919
v -2.2754 7.5422 11.1756
v 0 5.95303 8.06856
v -6.086141 7.93361 4.94843
v -6.829781 9.4693 4.075241
v 0 6.25217 8.607449
v -4.36237 8.31536 9.21965
v -4.14485 8.245569 9.396399
v -4.1323 8.094259 9.581249
v -3.83572 7.718659 9.222
v -5.73009 16.838299 7.34093
v -5.803181 16.685799 7.7695
v 0 19.154198 9.19697
v -5.87321 16.527199 8.12615
v -5.83375 16.351997 8.7183
v -6.905361 15.5047 7.92495
v -5.63182 16.1335 9.31628
v -5.26693 15.897099 9.90027
v -6.81068 15.3276 8.694529
v -4.74596 15.645099 10.269699
v -4.11659 15.447599 10.4151
v -7.850151 14.3491 7.72434
v -7.549371 14.2147 8.592649
v -4.8729 14.5062 10.639699
v -6.49529 15.1607 9.408209
v -6.073761 14.937099 10.0243
v -8.360021 13.1975 7.50619
v -8.024452 12.9648 8.40948
v -5.50705 14.701099 10.4629
v -7.175991 14.048499 9.36158
v -8.530701 13.450101 6.79535
v -7.627631 12.809899 9.203169
v -5.33618 13.630299 10.7596
v -6.69365 13.868799 10.038799
v -6.08626 13.718399 10.5609
v -8.648001 12.170399 6.52329
v -7.976271 14.5693 7.045219
v -8.204502 11.7904 8.09424
v -7.09081 12.728399 9.99673
v -5.63241 12.6751 10.786801
v -8.685572 12.4307 5.603721
v -8.550871 11.2575 5.38574
v -7.966571 14.8825 6.20949
v -8.602702 13.764601 5.881271
v -7.791951 11.651901 8.95904
v -8.512701 11.9953 7.17415
v -6.38554 12.6832 10.562
v -7.994441 10.0165 5.20557
v -8.454981 11.011 6.26799
v -8.484112 14.084799 5.00318
v -8.591741 12.740199 4.72979
v -8.419701 11.5114 4.63171
v -6.93207 10.5035 9.33036
v -7.17378 11.5647 9.762209
v -8.268891 10.851601 6.88706
v -7.99681 10.6693 7.77307
v -5.73186 11.525199 10.6595
v -7.075841 9.06079 4.60321
v -7.164541 8.8883 5.07924
v -7.79447 15.197699 5.41787
v -7.892801 10.2548 4.5652
v -8.187711 11.7651 4.08386
v -7.572381 10.5614 8.589809
v -6.534491 9.76351 8.843279
v -6.493801 11.5274 10.3758
v -7.941421 9.91341 5.91661
v -7.770511 10.0499 6.55468
v -7.153471 8.89688 5.539361
v -8.249481 14.2749 4.42763
v -8.400411 12.9811 4.13837
v -7.675261 10.6391 4.049301
v -7.137941 9.59472 8.10731
v -6.290191 10.412799 9.952999
v -7.53966 9.66857 7.3478
v -7.482821 15.425499 4.91798
v -8.049561 13.2052 3.56435
v -7.877281 12.014099 3.45442
v -5.923891 9.51918 9.40458
v -5.50312 10.4813 10.2903
v -7.469511 10.7655 3.51696
v -5.464141 7.94409 6.22093
v -6.823291 8.75649 6.82722
v -6.663401 16.1437 5.96092
v -7.873921 14.4686 3.84603
v -6.499541 8.68929 7.428781
v -7.492271 12.2443 2.94512
v -7.12423 10.9798 3.043271
v -5.44804 17.041698 6.53728
v -6.481881 16.356197 5.52484
v -7.114111 15.602399 4.41529
v -4.642731 7.878489 7.37955
v -5.45939 8.689829 8.59702
v -4.81489 8.740819 8.9209
v -6.717441 9.39235 3.68537
v -5.880311 8.56133 3.932451
v -7.618551 13.437799 3.02232
v -6.669151 11.2794 2.7116
v -5.611791 16.958797 6.96182
v -5.29108 17.096699 6.17917
v -6.178761 16.497997 5.08223
v -6.498351 9.61206 3.33633
v -7.387881 14.6572 3.29474
v -5.10836 17.125 5.84944
v -5.78217 16.583 4.62167
v -7.044531 12.430199 2.52309
v -6.646551 15.7348 3.911
v -3.60307 16.998898 4.32349
v -4.12598 17.117699 4.67926
v -4.81866 17.1394 5.4377
v -6.069221 11.488001 2.20991
v -7.062811 13.6136 2.57687
v -6.088861 15.8128 3.45339
v -3.09733 16.7482 4.11366
v -4.51635 17.135098 5.04588
v -5.883491 10.1063 2.62689
v -6.162481 12.839701 2.28669
v -6.772941 14.787299 2.8675
v -5.32695 16.612698 4.18811
v -5.633241 9.24117 3.10033
v -4.80122 16.5769 3.79998
v -4.21472 16.4305 3.48086
v -5.45198 15.828399 3.07682
v -4.736131 15.7665 2.8026
v -3.65186 16.074898 3.32769
v -6.040311 14.8689 2.49067
v -4.10803 15.421299 2.76929
v -5.211201 14.8771 2.27234
v -6.382291 13.777401 2.11491
v -5.57427 13.840699 1.89554
v -5.772411 12.7591 1.79765
v -6.446851 12.6334 1.9575
v -5.554911 12.001099 2.00846
v -5.898821 11.9643 1.87535
v -6.593941 11.8406 2.3495
v -6.016511 11.1163 2.14933
v -6.315422 11.9158 1.98016
v -8.204201 14.0713 7.34158
v -9.007191 13.3881 6.210569
v -8.441702 14.5354 6.37838
v -9.467611 14.2103 5.45443
v -8.108431 14.877 5.2644
v -2.80437 8.30987 11.9232
v -3.06684 8.14805 11.3701
v -2.49234 7.122729 10.3358
v -3.38435 8.13484 10.854
v -1.6723 6.21631 9.150959
v -2.86787 7.28197 9.6651
v -2.72123 7.23537 10.038099
v -3.8586 8.274069 10.444099
v -0.866852 6.97846 11.272899
v -0.730018 6.316 9.863579
v 0 5.59975 8.47809
v 0 6.84059 11.1688
v 0 6.24423 9.872879
v 0 7.26242 12.1586
v -2.63689 7.63603 11.254299
v -2.47425 7.071671 10.448
v -2.32483 6.50293 9.399389
v -2.82933 7.40658 10.203199
v -3.19783 7.264629 9.62077
v -3.84917 7.90441 9.77828
v -0.158937 6.65913 11.426699
v -0.263085 6.13502 10.583699
v -0.363338 5.49125 9.492759
v -1.10145 6.28911 10.128899
v -1.72721 6.92584 10.6775
v 2.80437 8.30987 11.9232
v 2.2754 7.5422 11.1756
v 3.06684 8.14805 11.3701
v 2.49234 7.122729 10.3358
v 1.6723 6.21631 9.150959
v 3.38435 8.13484 10.854
v 2.86787 7.28197 9.6651
v 2.72123 7.23537 10.038099
v 2.98099 7.59951 9.35548
v 3.8586 8.274069 10.444099
v 4.44287 8.53035 9.959179
v 1.41222 6.58305 9.48563
v 1.84675 6.91566 8.84539
v 0.911411 6.50821 8.536449
v 4.3418 8.61484 9.59326
v 2.85981 7.769899 8.869139
v 1.82415 7.14946 8.420059
v 4.65975 8.808469 9.347839
v 0.892393 6.6827 8.153259
v 2.68612 8.007329 8.394949
v 1.57337 7.52052 7.96646
v 5.11921 9.60632 9.83527
v 4.84667 8.915579 7.57692
v 4.529181 14.6058 2.28717
v 4.84226 13.744001 2.01655
v 5.58882 9.39399 6.292059
v 3.8681 14.514999 2.574969
v 5.05054 12.8974 1.91758
v 6.0413 9.020189 8.22715
v 5.31581 11.590401 2.11024
v 5.97762 9.49839 5.69957
v 5.47927 10.243399 2.59948
v 7.07162 9.206489 6.183829
v 5.78165 10.0301 4.41923
v 5.827809 9.60335 5.0919
v 6.08614 7.933608 4.94843
v 6.17183 9.998359 3.051209
v 6.829781 9.469299 4.07524
v 0.866852 6.97846 11.272899
v 0.730018 6.316 9.863579
v 3.83572 7.718659 9.222
v 4.1323 8.094259 9.581249
v 4.14485 8.245569 9.396399
v 4.36237 8.31536 9.21965
v 2.63689 7.63603 11.254299
v 2.47425 7.071671 10.448
v 2.82933 7.40658 10.203199
v 2.32483 6.50293 9.399389
v 3.19783 7.264629 9.62077
v 3.84917 7.90441 9.77828
v 0.158937 6.65913 11.426699
v 0.363338 5.49125 9.492759
v 0.263085 6.13502 10.583699
v 1.10145 6.28911 10.128899
v 1.72721 6.92584 10.6775
v 5.73009 16.838299 7.34093
v 5.80318 16.6858 7.7695
v 5.26693 15.897099 9.90027
v 5.63182 16.1335 9.31628
v 5.87321 16.527199 8.126149
v 6.07376 14.937099 10.0243
v 5.83375 16.351997 8.7183
v 4.74596 15.645099 10.269699
v 5.50705 14.701099 10.4629
v 6.49529 15.160701 9.408209
v 6.90536 15.504701 7.92495
v 4.8729 14.5062 10.639699
v 6.08626 13.718399 10.560899
v 6.81068 15.3276 8.694529
v 4.11659 15.447599 10.4151
v 6.693649 13.868799 10.038799
v 5.33618 13.6303 10.7596
v 7.17599 14.0485 9.361579
v 7.54937 14.214701 8.592649
v 7.85015 14.349101 7.724339
v 5.63241 12.6751 10.786801
v 7.09081 12.7284 9.99673
v 8.02445 12.964801 8.40948
v 8.36002 13.1975 7.506189
v 6.38554 12.6832 10.562
v 7.62763 12.809901 9.203169
v 8.5307 13.450102 6.79535
v 5.73186 11.525199 10.6595
v 7.173779 11.564699 9.762209
v 8.2045 11.790401 8.09424
v 7.97627 14.569301 7.045219
v 6.29019 10.412799 9.952999
v 6.493801 11.5274 10.3758
v 7.791951 11.651901 8.95904
v 8.512699 11.995299 7.17415
v 8.647999 12.170401 6.52329
v 8.6027 13.764602 5.88127
v 5.50312 10.4813 10.2903
v 6.93207 10.5035 9.33036
v 8.550869 11.2575 5.385739
v 8.68557 12.4307 5.60372
v 8.26889 10.8516 6.88706
v 7.96657 14.882501 6.209489
v 5.923891 9.51918 9.40458
v 7.57238 10.561399 8.589809
v 8.454979 11.010999 6.26799
v 7.99444 10.0165 5.20557
v 8.419699 11.511399 4.63171
v 8.48411 14.0848 5.00318
v 6.53449 9.763509 8.843279
v 7.13794 9.59472 8.107309
v 7.99681 10.6693 7.773069
v 7.07584 9.060788 4.603209
v 7.8928 10.254799 4.5652
v 7.94142 9.913409 5.916609
v 8.59174 12.7402 4.72979
v 7.79447 15.1977 5.41787
v 4.81489 8.740819 8.9209
v 7.77051 10.049899 6.55468
v 7.16454 8.888299 5.07924
v 7.675261 10.639099 4.0493
v 8.18771 11.765099 4.083859
v 8.40041 12.9811 4.13837
v 8.249479 14.2749 4.42763
v 7.48282 15.4255 4.91798
v 4.64273 7.878489 7.37955
v 5.45939 8.689829 8.597019
v 7.53966 9.66857 7.347799
v 7.15347 8.896879 5.53936
v 7.46951 10.765499 3.51696
v 7.11411 15.6024 4.41529
v 6.48188 16.3562 5.52484
v 7.87728 12.014099 3.45442
v 7.87392 14.468601 3.84603
v 6.6634 16.1437 5.96092
v 6.49954 8.689289 7.42878
v 8.04956 13.2052 3.56435
v 6.64655 15.734801 3.911
v 6.17876 16.498 5.08223
v 5.29108 17.096699 6.17917
v 5.44804 17.0417 6.53728
v 5.46414 7.944089 6.22093
v 6.82329 8.756489 6.82722
v 5.88031 8.561328 3.93245
v 6.71744 9.392349 3.685369
v 7.124229 10.979799 3.04327
v 7.49227 12.2443 2.94512
v 7.38788 14.657202 3.29474
v 5.78217 16.583 4.62167
v 5.10836 17.125 5.84944
v 5.61179 16.9588 6.96182
v 6.498351 9.612059 3.33633
v 7.61855 13.4378 3.02232
v 6.088861 15.8128 3.45339
v 4.81866 17.1394 5.4377
v 5.88349 10.106298 2.62689
v 6.66915 11.2794 2.7116
v 7.04453 12.430201 2.52309
v 7.06281 13.613601 2.57687
v 6.77294 14.7873 2.8675
v 4.125979 17.117699 4.67926
v 3.60307 16.998898 4.32349
v 5.32695 16.6127 4.18811
v 4.51635 17.1351 5.04588
v 6.069221 11.488 2.20991
v 5.63324 9.241169 3.10033
v 3.09733 16.7482 4.11366
v 6.162481 12.839701 2.28669
v 4.80122 16.5769 3.79998
v 5.45198 15.828399 3.07682
v 6.04031 14.8689 2.49067
v 4.21472 16.4305 3.48086
v 4.736131 15.766501 2.8026
v 6.38229 13.7774 2.11491
v 5.2112 14.8771 2.27234
v 4.10803 15.421299 2.76929
v 3.65186 16.074898 3.32769
v 6.44685 12.6334 1.9575
v 5.57427 13.8407 1.89554
v 6.59394 11.8406 2.3495
v 5.77241 12.7591 1.79765
v 6.315421 11.915801 1.98016
v 5.89882 11.964301 1.87535
v 6.01651 11.1163 2.14933
v 5.55491 12.0011 2.00846
v 8.4417 14.535401 6.378379
v 8.204199 14.071301 7.341579
v 9.007189 13.388101 6.210569
v 9.467609 14.210301 5.45443
v 8.108429 14.877001 5.2644
v -6.157351 11.936201 2.341141
v -1.60914 16.133099 -3.22616
v -1.74411 16.0574 -2.40814
v -2.69571 15.6456 -2.08945
v -3.18255 15.2093 -0.985959
v 0 15.6117 -0.120115
v -0.408852 16.1149 -2.69769
v -3.81061 15.0725 -1.21795
v -3.16627 15.4347 -2.29445
v -1.3299 16.2206 -2.86924
v -3.21474 14.558699 1.25682
v -4.12119 14.7442 -0.070929
v -0.928906 16.3273 -3.195019
v 0 14.479899 2.10025
v -4.00278 14.406399 1.8761
v -0.272462 16.4516 -3.92842
v -0.407549 16.2198 -3.18749
v 0 16.3265 -2.69769
v -2.6519 14.358299 2.02938
v -4.35425 14.458299 0.575096
v 0 16.4681 -3.23848
v -4.35066 14.645299 -0.700152
v -4.407519 15.446098 0.027977
v -4.28536 16.200298 1.25879
v -3.19301 16.155298 -1.23408
v -2.08184 16.700298 -1.91837
v -3.52458 16.7821 -0.272385
v -2.87967 16.7708 -1.33734
v -2.74272 16.0303 -2.11305
v -3.11397 17.293 -0.415764
v -2.49096 16.4571 -2.05918
v -3.56949 17.249199 0.86753
v -2.42394 17.1866 -1.30793
v -3.92487 16.2565 -0.162853
v -3.11918 17.747997 0.649175
v -2.65317 17.7058 -0.528638
v -3.95314 16.7439 1.05878
v -3.62935 15.766401 -1.40053
v -2.18631 18.0886 -0.666112
v -2.7027 18.110699 0.469253
v -2.93356 17.942497 1.69379
v -3.83485 15.3522 -1.36197
v -2.03102 17.601498 -1.49289
v -2.22136 18.4297 0.293167
v -3.83465 16.7156 2.50747
v -4.26648 15.5783 -0.053051
v -3.29481 17.537598 2.00491
v -2.55848 18.2886 1.44899
v -1.53866 18.8572 1.02526
v -1.58251 18.765 0.106155
v -1.54055 18.4427 -0.831391
v -3.58246 17.133 2.27056
v -2.64302 18.0344 2.74711
v -2.29171 18.368 2.38798
v -2.11292 18.578197 1.23166
v -1.76889 17.0652 -2.21346
v -1.42634 17.956299 -1.6616
v -0.869223 18.9648 -0.032901
v -3.19674 17.115997 3.71145
v -3.06242 17.4152 3.42349
v -2.90199 17.683998 3.14401
v -4.46877 15.853598 1.43734
v -3.98699 16.371098 2.71716
v -1.92398 18.625599 2.07837
v -1.44583 18.861797 1.85168
v -1.26235 17.3353 -2.38992
v -0.849032 19.045498 0.868357
v -0.845248 18.661898 -0.962562
v -3.9985 15.9773 2.90251
v -3.22732 16.932598 3.89058
v -0.787337 19.0443 1.67761
v -0.778474 18.169 -1.80793
v 0 19.0599 -0.099492
v -4.59193 15.242 0.130353
v 0 19.1302 1.56732
v 0 18.2551 -1.87628
v -0.689824 17.5151 -2.51589
v 0 19.1427 0.794777
v 0 18.7495 -1.02851
v -4.55975 14.6618 0.328357
v -4.67131 14.9454 0.237133
v -4.57958 15.3807 1.63764
v -0.521385 16.7973 -3.212
v 0 17.5656 -2.58563
v -4.53218 14.8978 1.8229
v 0 16.8845 -3.22338
v 1.60914 16.133099 -3.22616
v 2.69571 15.6456 -2.08945
v 1.74411 16.0574 -2.40814
v 3.18255 15.2093 -0.985959
v 3.16627 15.4347 -2.29445
v 3.81061 15.0725 -1.21795
v 4.12119 14.7442 -0.070929
v 0.408852 16.1149 -2.69769
v 4.00278 14.406399 1.8761
v 3.21474 14.558699 1.25682
v 1.3299 16.2206 -2.86924
v 2.6519 14.358299 2.02938
v 0.928906 16.3273 -3.195019
v 0.407549 16.2198 -3.18749
v 0.272462 16.4516 -3.92842
v 4.35066 14.645299 -0.700152
v 4.407519 15.446098 0.027977
v 4.28536 16.200298 1.25879
v 4.35425 14.458299 0.575096
v 3.19301 16.155298 -1.23408
v 2.08184 16.700298 -1.91837
v 2.74272 16.0303 -2.11305
v 2.49096 16.4571 -2.05918
v 2.87967 16.7708 -1.33734
v 3.52458 16.7821 -0.272385
v 3.11397 17.293 -0.415764
v 2.42394 17.1866 -1.30793
v 3.56949 17.249199 0.86753
v 2.65317 17.7058 -0.528638
v 3.92487 16.2565 -0.162853
v 3.11918 17.747997 0.649175
v 2.03102 17.601498 -1.49289
v 2.18631 18.0886 -0.666112
v 3.95314 16.7439 1.05878
v 3.62935 15.766401 -1.40053
v 2.7027 18.110699 0.469253
v 1.76889 17.0652 -2.21346
v 1.42634 17.956299 -1.6616
v 2.93356 17.942497 1.69379
v 3.83485 15.3522 -1.36197
v 2.22136 18.4297 0.293167
v 1.26235 17.3353 -2.38992
v 3.29481 17.537598 2.00491
v 2.55848 18.2886 1.44899
v 4.26648 15.5783 -0.053051
v 1.54055 18.4427 -0.831391
v 1.58251 18.765 0.106155
v 3.58246 17.133 2.27056
v 2.11292 18.578197 1.23166
v 2.29171 18.368 2.38798
v 0.778474 18.169 -1.80793
v 1.53866 18.8572 1.02526
v 0.845248 18.661898 -0.962562
v 0.521385 16.7973 -3.212
v 2.64302 18.0344 2.74711
v 3.83465 16.7156 2.50747
v 1.92398 18.625599 2.07837
v 0.869223 18.9648 -0.032901
v 1.44583 18.861797 1.85168
v 0.689824 17.5151 -2.51589
v 2.90199 17.683998 3.14401
v 3.06242 17.4152 3.42349
v 3.98699 16.371098 2.71716
v 0.849032 19.045498 0.868357
v 4.46877 15.853598 1.43734
v 3.19674 17.115997 3.71145
v 0.787337 19.0443 1.67761
v 3.22732 16.932598 3.89058
v 3.9985 15.9773 2.90251
v 4.57958 15.3807 1.63764
v 4.59193 15.242 0.130353
v 4.67131 14.9454 0.237133
v 4.55975 14.6618 0.328357
v 4.53218 14.8978 1.8229
v 6.157351 11.936201 2.34114
v 0 14.486201 -7.29551
v 2.60899 15.6022 -8.02244
v 2.0067 16.552402 -8.02244
v 4.5455 14.486201 -9.20807
v 4.18155 16.2837 -9.20807
v 5.25197 16.7 -10.9355
v 3.21176 17.8191 -9.20807
v 2.83421 14.472 -8.02244
v 1.16446 17.3068 -8.02244
v 5.89628 16.9409 -13.1714
v 4.541941 19.054703 -13.1714
v 5.69542 14.487101 -10.9355
v 4.080821 18.6403 -10.9355
v 2.50211 13.2213 -8.02244
v 4.18155 12.554202 -9.20807
v 5.25197 12.226701 -10.9355
v 1.81795 18.993 -9.20807
v 0 17.4983 -8.02244
v 5.89628 16.9409 -15.497
v 3.21176 11.0635 -9.20807
v 6.343891 14.486201 -13.1714
v 5.89628 12.035901 -13.1714
v 0 19.3605 -9.20807
v 2.48581 20.583 -13.1714
v 4.080821 10.3867 -10.9355
v 4.54194 19.054703 -15.497
v 1.78686 12.4622 -8.02244
v 5.89628 12.035901 -15.497
v 2.20691 20.0223 -10.9355
v 4.541941 10.015999 -13.1714
v 6.343891 14.486201 -15.497
v 2.48581 20.583 -15.497
v 1.0708 12.0317 -8.02244
v 1.81795 10.0899 -9.20807
v 0 20.6125 -10.9355
v 2.48581 8.52991 -13.1714
v 5.55646 16.809797 -17.8932
v 4.24652 18.759298 -17.8932
v 4.54194 10.015999 -15.497
v 0 21.168 -15.497
v 0 9.62557 -9.20807
v 2.20691 9.11746 -10.9355
v 0 21.168 -13.1714
v 6.017991 14.4863 -17.8932
v 3.60841 18.060497 -20.200897
v 2.26598 20.1158 -17.8932
v 5.55646 12.273799 -17.8932
v 2.48581 8.52991 -15.497
v 0 8.54489 -10.9355
v 0 11.7132 -8.02244
v 0 20.6403 -17.8932
v 4.73408 16.4214 -20.202698
v 1.93169 19.1834 -20.1997
v 4.24652 10.2117 -17.8932
v 0 7.948761 -13.1714
v 0 19.6176 -20.1992
v 5.1762 14.484999 -20.204998
v 3.78244 16.161198 -22.354797
v 2.88703 17.431198 -22.329998
v 0 7.948761 -15.497
v 2.26598 8.842479 -17.8932
v 3.60841 10.6863 -20.2094
v 1.47334 18.3227 -22.3126
v 0 18.666798 -22.3059
v 4.73408 12.5772 -20.207298
v 4.17693 14.642899 -22.3864
v 0 8.322549 -17.8932
v 0 17.887897 -24.1452
v 2.91075 16.0639 -24.2181
v 2.19808 17.0388 -24.1787
v 2.89289 11.326699 -22.4486
v 3.81209 12.974598 -22.4193
v 1.93169 9.448719 -20.2109
v 1.112 17.631298 -24.1555
v 3.22526 14.902998 -24.271698
v 2.91559 13.479599 -24.3303
v 0 8.982269 -20.2114
v 2.24925 12.112 -24.3845
v 0.804156 17.266598 -25.692701
v 0 17.4348 -25.6748
v 1.6594 16.8507 -25.728601
v 2.17543 16.091297 -25.785103
v 2.14973 14.116799 -25.9678
v 1.48818 10.257899 -22.469398
v 1.23637 11.246599 -24.419899
v 0.555677 17.1581 -27.109402
v 0 17.2724 -27.092503
v 2.35454 15.235499 -25.8707
v 1.45488 16.393799 -27.1992
v 1.69034 13.074699 -26.062101
v 0 9.869659 -22.477
v 0 10.927499 -24.432999
v 0.386429 17.1408 -28.1307
v 0 17.225096 -28.112202
v 1.15769 16.824398 -27.146603
v 1.46838 14.960698 -27.3999
v 1.61174 15.707199 -27.278902
v 0.933499 12.441499 -26.1212
v 0 12.192299 -26.143402
v 0.173433 17.2701 -29.181602
v 0.901064 16.6179 -28.246502
v 0.726912 16.912998 -28.18
v 1.25632 14.298998 -27.512302
v 0.957026 15.741498 -28.5033
v 0 13.735199 -27.6576
v 0 17.36 -29.137304
v 0.28051 17.118 -29.258404
v 0.99838 16.2056 -28.330801
v 0.698774 13.894499 -27.612303
v 0.756762 15.410199 -28.653603
v 0 17.862 -29.836502
v 0.283325 16.7935 -29.436901
v 0 15.038599 -28.922602
v 0.434035 15.127899 -28.832703
v 0.413448 16.5322 -29.603502
v 0.391724 16.6879 -29.496403
v 0 16.936699 -29.377401
v 0 16.2613 -29.809902
v 0 17.718498 -30.490805
v 0.274377 16.360298 -29.724602
v -2.0067 16.552402 -8.02244
v -2.60899 15.6022 -8.02244
v -4.18155 16.2837 -9.20807
v -3.21176 17.8191 -9.20807
v -4.5455 14.486201 -9.20807
v -2.83421 14.472 -8.02244
v -1.16446 17.3068 -8.02244
v -5.25197 16.7 -10.9355
v -4.18155 12.554202 -9.20807
v -2.50211 13.2213 -8.02244
v -5.69542 14.487101 -10.9355
v -4.080821 18.6403 -10.9355
v -5.25197 12.226701 -10.9355
v -4.080821 10.3867 -10.9355
v -3.21176 11.0635 -9.20807
v -1.78686 12.4622 -8.02244
v -1.81795 18.993 -9.20807
v -4.541941 19.054703 -13.1714
v -5.89628 16.9409 -13.1714
v -5.89628 12.035901 -13.1714
v -1.0708 12.0317 -8.02244
v -4.541941 10.015999 -13.1714
v -2.20691 20.0223 -10.9355
v -2.48581 20.583 -13.1714
v -5.89628 16.9409 -15.497
v -6.343891 14.486201 -13.1714
v -1.81795 10.0899 -9.20807
v -2.48581 8.52991 -13.1714
v -2.20691 9.11746 -10.9355
v -2.48581 20.583 -15.497
v -4.54194 19.054703 -15.497
v -5.89628 12.035901 -15.497
v -6.343891 14.486201 -15.497
v -2.26598 20.1158 -17.8932
v -4.24652 18.759298 -17.8932
v -4.54194 10.015999 -15.497
v -2.48581 8.52991 -15.497
v -5.55646 16.809797 -17.8932
v -5.55646 12.273799 -17.8932
v -2.26598 8.842479 -17.8932
v -4.24652 10.2117 -17.8932
v -3.60841 18.060497 -20.200897
v -1.47334 18.3227 -22.3126
v -1.93169 19.1834 -20.1997
v -6.017991 14.4863 -17.8932
v -1.93169 9.448719 -20.2109
v -3.60841 10.6863 -20.2094
v -2.88703 17.431198 -22.329998
v -4.73408 16.4214 -20.202698
v -4.73408 12.5772 -20.207298
v -1.48818 10.257899 -22.469398
v -1.112 17.631298 -24.1555
v -3.78244 16.161198 -22.354797
v -5.1762 14.484999 -20.204998
v -2.89289 11.326699 -22.4486
v -0.804156 17.266598 -25.692701
v -2.19808 17.0388 -24.1787
v -4.17693 14.642899 -22.3864
v -3.81209 12.974598 -22.4193
v -2.91075 16.0639 -24.2181
v -1.6594 16.8507 -25.728601
v -2.91559 13.479599 -24.3303
v -2.24925 12.112 -24.3845
v -1.23637 11.246599 -24.419899
v -0.555677 17.1581 -27.109402
v -3.22526 14.902998 -24.271698
v -1.15769 16.824398 -27.146603
v -1.45488 16.393799 -27.1992
v -2.17543 16.091297 -25.785103
v -1.69034 13.074699 -26.062101
v -0.386429 17.1408 -28.1307
v -2.35454 15.235499 -25.8707
v -2.14973 14.116799 -25.9678
v -0.726912 16.912998 -28.18
v -0.901064 16.6179 -28.246502
v -0.933499 12.441499 -26.1212
v -0.173433 17.2701 -29.181602
v -1.25632 14.298998 -27.512302
v -1.61174 15.707199 -27.278902
v -0.99838 16.2056 -28.330801
v -0.28051 17.118 -29.258404
v -1.46838 14.960698 -27.3999
v -0.698774 13.894499 -27.612303
v -0.957026 15.741498 -28.5033
v -0.434035 15.127899 -28.832703
v -0.283325 16.7935 -29.436901
v -0.391724 16.6879 -29.496403
v -0.413448 16.5322 -29.603502
v -0.756762 15.410199 -28.653603
v -0.274377 16.360298 -29.724602
v -4.37073 8.17367 9.400219
v -4.72136 8.60461 9.64097
v -5.19143 9.496569 10.1994
v -5.01 9.407649 10.5611
v -5.53904 10.441901 10.688001
v -5.40178 10.3867 11.031399
v -4.25812 8.345369 10.667399
v -5.57861 11.4682 11.378799
v -5.726621 11.5193 10.9707
v -4.78366 9.313209 11.2068
v -5.46446 12.636799 11.5309
v -5.65025 12.678498 11.077999
v -3.90455 8.256379 11.1861
v -4.36194 9.23874 11.749399
v -5.11109 10.356399 11.6476
v -3.76126 7.68534 10.264799
v -5.39074 13.628001 11.062001
v -3.47951 7.60061 10.717598
v -3.84183 9.230779 12.2743
v -4.63496 10.3281 12.222799
v -5.21969 11.468199 11.9353
v -5.15426 13.661299 11.521098
v -3.42497 8.23298 11.6238
v -3.08066 7.61518 11.0506
v -4.08473 10.3018 12.757599
v -4.72535 11.468199 12.499
v -3.171 7.11411 9.87775
v -5.13291 12.602999 12.0406
v -4.9013 14.509099 10.9071
v -2.7297 7.035359 10.360699
v -4.09116 11.468199 13.048
v -2.99338 7.04407 10.1647
v -4.80906 13.661299 12.016399
v -4.11035 15.4312 10.622599
v -3.15101 9.29656 12.615499
v -3.36291 10.2848 13.214899
v -4.628399 12.5846 12.598099
v -4.666131 14.605999 11.2971
v -2.461 10.2529 13.751301
v -3.37554 11.461399 13.5467
v -3.98626 12.562599 13.1365
v -4.3276 13.633799 12.550499
v -3.96533 15.415699 10.929899
v -1.19098 9.05159 13.652199
v -1.29973 10.2353 14.1411
v -2.36392 9.1166 13.232399
v -3.72704 13.5973 13.063999
v -4.354559 14.6088 11.7586
v -2.41682 11.465 14.0153
v -3.71098 15.3804 11.368599
v -3.20784 12.5469 13.625501
v -3.93533 14.5783 12.2559
v 0 10.2269 14.2813
v -0.869843 15.0623 13.3794
v 0 15.0261 13.491699
v -3.3802 15.326299 11.828699
v -2.07595 8.10326 12.538899
v -1.26891 11.4682 14.341499
v -2.28999 12.5411 14.0399
v -2.98489 13.553 13.5382
v -0.995987 14.3608 13.8673
v -2.97241 15.2686 12.3009
v -1.73719 7.25525 11.8246
v 0 9.04449 13.737
v -2.10749 13.5266 13.924201
v -3.39953 14.5248 12.7662
v 0 11.468201 14.460001
v -1.71324 15.128899 13.1189
v -1.94335 14.4131 13.6025
v 0 14.336399 13.9524
v -1.00482 8.030159 12.948498
v -1.21471 12.564 14.3588
v -2.7423 14.466 13.2265
v -2.39695 15.197199 12.768299
v 1.19098 9.05159 13.652199
v 0.995987 14.3608 13.8673
v 0 13.5036 14.3018
v -1.34597 6.63807 11.1259
v 0 8.02248 12.965299
v 0 12.563399 14.48
v -1.10021 13.5268 14.21
v 1.29973 10.2353 14.1411
v 0.869843 15.0623 13.3794
v -0.85837 7.21083 12.186699
v 1.00482 8.030159 12.948498
v 1.26891 11.4682 14.341499
v 1.10021 13.5268 14.21
v -0.912012 6.09354 10.4269
v 0.85837 7.21083 12.186699
v 2.07595 8.10326 12.538899
v 1.21471 12.564 14.3588
v 2.461 10.2529 13.751301
v 1.94335 14.4131 13.6025
v 1.71324 15.128899 13.1189
v -0.509932 6.0898 10.6218
v -0.680412 6.59277 11.447999
v 1.73719 7.25525 11.8246
v 2.41682 11.465 14.0153
v 2.10749 13.5266 13.924201
v 2.36392 9.1166 13.232399
v 2.39695 15.197199 12.768299
v 2.28999 12.5411 14.0399
v 2.7423 14.466 13.2265
v 3.15101 9.29656 12.615499
v 3.36291 10.2848 13.214899
v 3.37554 11.461399 13.5467
v 2.97241 15.2686 12.3009
v 3.3802 15.326299 11.828699
v 0.680412 6.59277 11.447999
v 1.34597 6.63807 11.1259
v 2.98489 13.553 13.5382
v 4.09116 11.468199 13.048
v 3.20784 12.5469 13.625501
v 3.93533 14.5783 12.2559
v 0.509932 6.0898 10.6218
v 3.39953 14.5248 12.7662
v 3.71098 15.3804 11.368599
v 4.08473 10.3018 12.757599
v 3.98626 12.562599 13.1365
v 4.354559 14.6088 11.7586
v 3.72704 13.5973 13.063999
v 4.11035 15.4312 10.622599
v 0.912012 6.09354 10.4269
v 3.84183 9.230779 12.2743
v 4.72535 11.468199 12.499
v 4.3276 13.633799 12.550499
v 3.96533 15.415699 10.929899
v 4.628399 12.5846 12.598099
v 4.63496 10.3281 12.222799
v 4.80906 13.661299 12.016399
v 4.666131 14.605999 11.2971
v 4.9013 14.509099 10.9071
v 3.42497 8.23298 11.6238
v 5.21969 11.468199 11.9353
v 5.13291 12.602999 12.0406
v 5.15426 13.661299 11.521098
v 4.36194 9.23874 11.749399
v 5.11109 10.356399 11.6476
v 5.39074 13.628001 11.062001
v 5.46446 12.636799 11.5309
v 3.08066 7.61518 11.0506
v 3.90455 8.256379 11.1861
v 4.78366 9.313209 11.2068
v 5.65025 12.678498 11.077999
v 5.57861 11.4682 11.378799
v 3.47951 7.60061 10.717598
v 4.25812 8.345369 10.667399
v 5.726621 11.5193 10.9707
v 5.40178 10.3867 11.031399
v 2.7297 7.035359 10.360699
v 3.76126 7.68534 10.264799
v 5.01 9.407649 10.5611
v 3.171 7.11411 9.87775
v 2.99338 7.04407 10.1647
v 5.53904 10.441901 10.688001
v 5.19143 9.49657 10.1994
v 4.37073 8.17367 9.400219
v 4.72136 8.60461 9.64097
v -6.343831 16.652298 6.35911
v -6.62704 16.695698 6.65543
v -6.993011 16.3354 6.08259
v -8.012882 15.547199 5.6919
v -6.754281 16.568699 7.09339
v -7.26757 16.3461 6.4291
v -6.75564 16.3894 7.53738
v -8.549971 15.0162 5.53329
v -8.202471 15.5745 6.08644
v -7.339241 16.176 6.8835
v -7.39782 16.0158 7.34482
v -8.660051 15.0162 5.87905
v -6.626811 16.1325 7.948481
v -8.107372 15.316299 6.57625
v -7.214211 15.7505 7.7998
v -8.658581 14.5734 6.71846
v -8.014652 14.939899 7.5466
v -8.496801 14.330799 7.21928
v -8.197592 15.2502 7.0323
v 6.34383 16.6523 6.35911
v 6.62704 16.6957 6.65543
v 6.99301 16.3354 6.08259
v 8.01288 15.547201 5.6919
v 6.75564 16.3894 7.53738
v 6.75428 16.568699 7.09339
v 7.26757 16.3461 6.4291
v 6.62681 16.1325 7.948481
v 8.549969 15.016201 5.53329
v 7.39782 16.0158 7.34482
v 8.202469 15.574501 6.08644
v 7.33924 16.176 6.8835
v 7.21421 15.7505 7.7998
v 8.660049 15.016201 5.87905
v 8.10737 15.316301 6.57625
v 8.01465 14.939901 7.546599
v 8.19759 15.250201 7.0323
v 8.658579 14.5734 6.718459
v 8.496799 14.330801 7.219279
# 2483 vertices

vn 0.23063818 0.42623764 -0.87471575
vn 0.066580564 0.11818683 -0.9907566
vn 0.10328032 0.46089345 -0.8814252
vn 0.23063818 0.42623764 -0.87471575
vn 0.11610921 0.099993646 -0.9881902
vn 0.066580564 0.11818683 -0.9907566
vn 0.23063818 0.42623764 -0.87471575
vn 0.10328032 0.46089345 -0.8814252
vn 0.14028506 0.749147 -0.6473785
vn 0.23063818 0.42623764 -0.87471575
vn 0.18625674 0.10269505 -0.9771192
vn 0.11610921 0.099993646 -0.9881902
vn 0.23063818 0.42623764 -0.87471575
vn 0.14028506 0.749147 -0.6473785
vn 0.34602076 0.6827546 -0.6435184
vn 0.23063818 0.42623764 -0.87471575
vn 0.38444132 0.37523714 -0.84344643
vn 0.18625674 0.10269505 -0.9771192
vn 0.23063818 0.42623764 -0.87471575
vn 0.34602076 0.6827546 -0.6435184
vn 0.5763282 0.5519991 -0.6026132
vn 0.23063818 0.42623764 -0.87471575
vn 0.5763282 0.5519991 -0.6026132
vn 0.38444132 0.37523714 -0.84344643
vn 0.066580564 0.11818683 -0.9907566
vn -3.0407845E-09 0.47555143 -0.8796879
vn 0.10328032 0.46089345 -0.8814252
vn 0.066580564 0.11818683 -0.9907566
vn 0.11610921 0.099993646 -0.9881902
vn 0.07289664 -0.12354791 -0.9896574
vn 0.066580564 0.11818683 -0.9907566
vn 1.2121687E-09 0.1264981 -0.9919668
vn -3.0407845E-09 0.47555143 -0.8796879
vn 0.066580564 0.11818683 -0.9907566
vn 0.07289664 -0.12354791 -0.9896574
vn 0.051190473 -0.15300047 -0.9868994
vn 0.066580564 0.11818683 -0.9907566
vn 0.051190473 -0.15300047 -0.9868994
vn 1.2121687E-09 0.1264981 -0.9919668
vn 0.14028506 0.749147 -0.6473785
vn 0.17425846 0.9204068 -0.34997904
vn 0.34602076 0.6827546 -0.6435184
vn 0.14028506 0.749147 -0.6473785
vn 0.10328032 0.46089345 -0.8814252
vn 6.111573E-10 0.7694308 -0.6387302
vn 0.14028506 0.749147 -0.6473785
vn -1.8080487E-09 0.93582106 -0.3524754
vn 0.17425846 0.9204068 -0.34997904
vn 0.14028506 0.749147 -0.6473785
vn 6.111573E-10 0.7694308 -0.6387302
vn -1.8080487E-09 0.93582106 -0.3524754
vn 6.111573E-10 0.7694308 -0.6387302
vn 0.10328032 0.46089345 -0.8814252
vn -3.0407845E-09 0.47555143 -0.8796879
vn 0.5763282 0.5519991 -0.6026132
vn 0.34602076 0.6827546 -0.6435184
vn 0.43860048 0.8375807 -0.32571167
vn 0.5763282 0.5519991 -0.6026132
vn 0.43860048 0.8375807 -0.32571167
vn 0.6919215 0.658426 -0.29617542
vn 0.34602076 0.6827546 -0.6435184
vn 0.17425846 0.9204068 -0.34997904
vn 0.43860048 0.8375807 -0.32571167
vn 0.07289664 -0.12354791 -0.9896574
vn -0.10360662 -0.47800076 -0.87222755
vn 0.051190473 -0.15300047 -0.9868994
vn 1.2121687E-09 0.1264981 -0.9919668
vn 0.051190473 -0.15300047 -0.9868994
vn 1.1976502E-09 -0.16619295 -0.98609316
vn -1.8080487E-09 0.93582106 -0.3524754
vn 5.990234E-10 0.9910482 -0.13350374
vn 0.17425846 0.9204068 -0.34997904
vn 0.6919215 0.658426 -0.29617542
vn 0.43860048 0.8375807 -0.32571167
vn 0.48389098 0.8701896 -0.09284145
vn 0.6919215 0.658426 -0.29617542
vn 0.48389098 0.8701896 -0.09284145
vn 0.729033 0.68211806 -0.056795478
vn -0.10360662 -0.47800076 -0.87222755
vn -0.08214935 -0.51842916 -0.85116535
vn 0.051190473 -0.15300047 -0.9868994
vn -0.10360662 -0.47800076 -0.87222755
vn -0.27244142 -0.8029981 -0.53006583
vn -0.08214935 -0.51842916 -0.85116535
vn -0.10360662 -0.47800076 -0.87222755
vn -0.6210915 -0.5171054 -0.58893746
vn -0.27244142 -0.8029981 -0.53006583
vn 0.051190473 -0.15300047 -0.9868994
vn -0.08214935 -0.51842916 -0.85116535
vn 1.1976502E-09 -0.16619295 -0.98609316
vn 5.990234E-10 0.9910482 -0.13350374
vn 0.20992623 0.97004837 -0.122217655
vn 0.17425846 0.9204068 -0.34997904
vn 5.990234E-10 0.9910482 -0.13350374
vn 2.394328E-09 0.99982685 0.018598795
vn 0.20992623 0.97004837 -0.122217655
vn 0.43860048 0.8375807 -0.32571167
vn 0.20992623 0.97004837 -0.122217655
vn 0.48389098 0.8701896 -0.09284145
vn 0.43860048 0.8375807 -0.32571167
vn 0.17425846 0.9204068 -0.34997904
vn 0.20992623 0.97004837 -0.122217655
vn 0.729033 0.68211806 -0.056795478
vn 0.48389098 0.8701896 -0.09284145
vn 0.51141316 0.857875 0.050070703
vn 0.729033 0.68211806 -0.056795478
vn 0.51141316 0.857875 0.050070703
vn 0.75350434 0.64808536 0.11052877
vn -0.6210915 -0.5171054 -0.58893746
vn -0.27642754 -0.92898405 -0.24612248
vn -0.27244142 -0.8029981 -0.53006583
vn -0.6210915 -0.5171054 -0.58893746
vn -0.7343432 -0.6750624 -0.0709278
vn -0.27642754 -0.92898405 -0.24612248
vn -0.08214935 -0.51842916 -0.85116535
vn -1.2288008E-09 -0.5402622 -0.84149677
vn 1.1976502E-09 -0.16619295 -0.98609316
vn -0.08214935 -0.51842916 -0.85116535
vn -0.27244142 -0.8029981 -0.53006583
vn 0 -0.84339625 -0.537292
vn -0.08214935 -0.51842916 -0.85116535
vn 0 -0.84339625 -0.537292
vn -1.2288008E-09 -0.5402622 -0.84149677
vn 2.394328E-09 0.99982685 0.018598795
vn 0.23091453 0.9724959 0.030499041
vn 0.20992623 0.97004837 -0.122217655
vn 2.394328E-09 0.99982685 0.018598795
vn -1.1934035E-09 0.9932514 0.11598164
vn 0.23091453 0.9724959 0.030499041
vn 0.48389098 0.8701896 -0.09284145
vn 0.23091453 0.9724959 0.030499041
vn 0.51141316 0.857875 0.050070703
vn 0.48389098 0.8701896 -0.09284145
vn 0.20992623 0.97004837 -0.122217655
vn 0.23091453 0.9724959 0.030499041
vn 0.75350434 0.64808536 0.11052877
vn 0.51141316 0.857875 0.050070703
vn 0.53351533 0.834944 0.1350174
vn 0.75350434 0.64808536 0.11052877
vn 0.53351533 0.834944 0.1350174
vn 0.7898949 0.586869 0.17790663
vn -0.27642754 -0.92898405 -0.24612248
vn 9.245175E-06 -0.9572286 -0.28933227
vn -0.27244142 -0.8029981 -0.53006583
vn -0.27244142 -0.8029981 -0.53006583
vn 9.245175E-06 -0.9572286 -0.28933227
vn 0 -0.84339625 -0.537292
vn -1.1934035E-09 0.9932514 0.11598164
vn 0.2369948 0.96315885 0.12711632
vn 0.23091453 0.9724959 0.030499041
vn -1.1934035E-09 0.9932514 0.11598164
vn -1.1913642E-09 0.99178994 0.12787795
vn 0.2369948 0.96315885 0.12711632
vn 0.51141316 0.857875 0.050070703
vn 0.2369948 0.96315885 0.12711632
vn 0.53351533 0.834944 0.1350174
vn 0.51141316 0.857875 0.050070703
vn 0.23091453 0.9724959 0.030499041
vn 0.2369948 0.96315885 0.12711632
vn 0.7898949 0.586869 0.17790663
vn 0.53351533 0.834944 0.1350174
vn 0.5501449 0.82657665 0.11879212
vn 0.7898949 0.586869 0.17790663
vn 0.5501449 0.82657665 0.11879212
vn 0.82680136 0.5528783 0.1035617
vn 0.7898949 0.586869 0.17790663
vn 0.82680136 0.5528783 0.1035617
vn 0.9328504 0.22464985 0.28164274
vn -1.1913642E-09 0.99178994 0.12787795
vn 0.24134712 0.9615071 0.13136077
vn 0.2369948 0.96315885 0.12711632
vn -1.1913642E-09 0.99178994 0.12787795
vn 0 0.99732566 0.07308507
vn 0.24134712 0.9615071 0.13136077
vn 0.53351533 0.834944 0.1350174
vn 0.24134712 0.9615071 0.13136077
vn 0.5501449 0.82657665 0.11879212
vn 0.53351533 0.834944 0.1350174
vn 0.2369948 0.96315885 0.12711632
vn 0.24134712 0.9615071 0.13136077
vn 0.82680136 0.5528783 0.1035617
vn 0.9833519 0.15045479 0.101894505
vn 0.9328504 0.22464985 0.28164274
vn 0.82680136 0.5528783 0.1035617
vn 0.5501449 0.82657665 0.11879212
vn 0.5591597 0.82773966 0.046770573
vn 0.82680136 0.5528783 0.1035617
vn 0.84049195 0.5418041 0.0046394467
vn 0.9833519 0.15045479 0.101894505
vn 0.82680136 0.5528783 0.1035617
vn 0.5591597 0.82773966 0.046770573
vn 0.84049195 0.5418041 0.0046394467
vn 0 0.99732566 0.07308507
vn 0.24261422 0.9678767 0.065975845
vn 0.24134712 0.9615071 0.13136077
vn 0 0.99732566 0.07308507
vn 1.1909421E-09 0.9999946 0.0032699704
vn 0.24261422 0.9678767 0.065975845
vn 0.5501449 0.82657665 0.11879212
vn 0.24261422 0.9678767 0.065975845
vn 0.5591597 0.82773966 0.046770573
vn 0.5501449 0.82657665 0.11879212
vn 0.24134712 0.9615071 0.13136077
vn 0.24261422 0.9678767 0.065975845
vn 0.9328504 0.22464985 0.28164274
vn 0.9833519 0.15045479 0.101894505
vn 0.8963293 -0.19588307 0.39777327
vn 0.84049195 0.5418041 0.0046394467
vn 0.5591597 0.82773966 0.046770573
vn 0.5605856 0.8279692 -0.014518738
vn 0.84049195 0.5418041 0.0046394467
vn 0.9869821 0.15683934 -0.03560622
vn 0.9833519 0.15045479 0.101894505
vn 0.84049195 0.5418041 0.0046394467
vn 0.5605856 0.8279692 -0.014518738
vn 0.83616966 0.54666555 -0.04446453
vn 0.84049195 0.5418041 0.0046394467
vn 0.83616966 0.54666555 -0.04446453
vn 0.9869821 0.15683934 -0.03560622
vn 1.1909421E-09 0.9999946 0.0032699704
vn 0.24833074 0.968671 0.0028567314
vn 0.24261422 0.9678767 0.065975845
vn 1.1909421E-09 0.9999946 0.0032699704
vn 0 0.991736 -0.12829548
vn 0.24833074 0.968671 0.0028567314
vn 0.5591597 0.82773966 0.046770573
vn 0.24833074 0.968671 0.0028567314
vn 0.5605856 0.8279692 -0.014518738
vn 0.5591597 0.82773966 0.046770573
vn 0.24261422 0.9678767 0.065975845
vn 0.24833074 0.968671 0.0028567314
vn 0.8963293 -0.19588307 0.39777327
vn 0.9833519 0.15045479 0.101894505
vn 0.92372024 -0.3828427 -0.013129681
vn 0.8963293 -0.19588307 0.39777327
vn 0.92372024 -0.3828427 -0.013129681
vn 0.70619863 -0.70791143 -0.012035787
vn 0.8963293 -0.19588307 0.39777327
vn 0.70619863 -0.70791143 -0.012035787
vn 0.22471815 -0.6989078 0.6789916
vn 0.9833519 0.15045479 0.101894505
vn 0.9869821 0.15683934 -0.03560622
vn 0.92372024 -0.3828427 -0.013129681
vn 0.83616966 0.54666555 -0.04446453
vn 0.5605856 0.8279692 -0.014518738
vn 0.5654449 0.8201722 -0.08711934
vn 0.83616966 0.54666555 -0.04446453
vn 0.98281115 0.16385576 -0.08505052
vn 0.9869821 0.15683934 -0.03560622
vn 0.83616966 0.54666555 -0.04446453
vn 0.5654449 0.8201722 -0.08711934
vn 0.83188486 0.54962564 -0.07667661
vn 0.83616966 0.54666555 -0.04446453
vn 0.83188486 0.54962564 -0.07667661
vn 0.98281115 0.16385576 -0.08505052
vn 0 0.991736 -0.12829548
vn 0.26155463 0.9591643 -0.10767019
vn 0.24833074 0.968671 0.0028567314
vn 0 0.991736 -0.12829548
vn -3.5989074E-09 0.91184723 -0.41052943
vn 0.26155463 0.9591643 -0.10767019
vn 0.5605856 0.8279692 -0.014518738
vn 0.26155463 0.9591643 -0.10767019
vn 0.5654449 0.8201722 -0.08711934
vn 0.5605856 0.8279692 -0.014518738
vn 0.24833074 0.968671 0.0028567314
vn 0.26155463 0.9591643 -0.10767019
vn 0.70619863 -0.70791143 -0.012035787
vn 0.44633985 -0.8948218 -0.008635104
vn 0.22471815 -0.6989078 0.6789916
vn 0.70619863 -0.70791143 -0.012035787
vn 0.92372024 -0.3828427 -0.013129681
vn 0.6898717 -0.7235826 -0.022473812
vn 0.70619863 -0.70791143 -0.012035787
vn 0.4830415 -0.87558955 -0.0036957264
vn 0.44633985 -0.8948218 -0.008635104
vn 0.70619863 -0.70791143 -0.012035787
vn 0.6898717 -0.7235826 -0.022473812
vn 0.4830415 -0.87558955 -0.0036957264
vn 0.9869821 0.15683934 -0.03560622
vn 0.98281115 0.16385576 -0.08505052
vn 0.9166335 -0.3944862 -0.064526826
vn 0.9869821 0.15683934 -0.03560622
vn 0.9166335 -0.3944862 -0.064526826
vn 0.92372024 -0.3828427 -0.013129681
vn 0.92372024 -0.3828427 -0.013129681
vn 0.9166335 -0.3944862 -0.064526826
vn 0.6898717 -0.7235826 -0.022473812
vn 0.83188486 0.54962564 -0.07667661
vn 0.5654449 0.8201722 -0.08711934
vn 0.68968344 0.7082112 -0.15090954
vn 0.83188486 0.54962564 -0.07667661
vn 0.97070825 0.2035501 -0.12764351
vn 0.98281115 0.16385576 -0.08505052
vn 0.83188486 0.54962564 -0.07667661
vn 0.68968344 0.7082112 -0.15090954
vn 0.8403416 0.5418043 0.016553104
vn 0.83188486 0.54962564 -0.07667661
vn 0.9561224 0.29295737 0.0024270415
vn 0.97070825 0.2035501 -0.12764351
vn 0.83188486 0.54962564 -0.07667661
vn 0.8403416 0.5418043 0.016553104
vn 0.9561224 0.29295737 0.0024270415
vn -3.5989074E-09 0.91184723 -0.41052943
vn 0.32261226 0.88321173 -0.34037942
vn 0.26155463 0.9591643 -0.10767019
vn -3.5989074E-09 0.91184723 -0.41052943
vn 0.3699652 0.7871643 -0.49345535
vn 0.32261226 0.88321173 -0.34037942
vn -3.5989074E-09 0.91184723 -0.41052943
vn 0 0.8096705 -0.58688474
vn 0.3699652 0.7871643 -0.49345535
vn 0.32261226 0.88321173 -0.34037942
vn 0.5654449 0.8201722 -0.08711934
vn 0.26155463 0.9591643 -0.10767019
vn 0.32261226 0.88321173 -0.34037942
vn 0.3699652 0.7871643 -0.49345535
vn 0.68968344 0.7082112 -0.15090954
vn 0.32261226 0.88321173 -0.34037942
vn 0.68968344 0.7082112 -0.15090954
vn 0.5654449 0.8201722 -0.08711934
vn 0.22471815 -0.6989078 0.6789916
vn 0.44633985 -0.8948218 -0.008635104
vn -0.3497957 -0.8600898 0.3713336
vn 0.4830415 -0.87558955 -0.0036957264
vn 0.6898717 -0.7235826 -0.022473812
vn 0.47003874 -0.87983966 0.07032406
vn 0.4830415 -0.87558955 -0.0036957264
vn 0.23597006 -0.9716629 -0.013751924
vn 0.44633985 -0.8948218 -0.008635104
vn 0.4830415 -0.87558955 -0.0036957264
vn 0.47003874 -0.87983966 0.07032406
vn 0.24636926 -0.96761864 0.054920495
vn 0.4830415 -0.87558955 -0.0036957264
vn 0.24636926 -0.96761864 0.054920495
vn 0.23597006 -0.9716629 -0.013751924
vn 0.9166335 -0.3944862 -0.064526826
vn 0.98281115 0.16385576 -0.08505052
vn 0.89199024 -0.43609354 -0.11906248
vn 0.9166335 -0.3944862 -0.064526826
vn 0.64982796 -0.7600713 0.0039155483
vn 0.6898717 -0.7235826 -0.022473812
vn 0.9166335 -0.3944862 -0.064526826
vn 0.89199024 -0.43609354 -0.11906248
vn 0.64982796 -0.7600713 0.0039155483
vn 0.6898717 -0.7235826 -0.022473812
vn 0.64982796 -0.7600713 0.0039155483
vn 0.47003874 -0.87983966 0.07032406
vn 0.97070825 0.2035501 -0.12764351
vn 0.9561224 0.29295737 0.0024270415
vn 0.9927691 0.037372455 -0.11407368
vn 0.97070825 0.2035501 -0.12764351
vn 0.905232 -0.2675607 -0.3301003
vn 0.98281115 0.16385576 -0.08505052
vn 0.97070825 0.2035501 -0.12764351
vn 0.9927691 0.037372455 -0.11407368
vn 0.905232 -0.2675607 -0.3301003
vn 0.98281115 0.16385576 -0.08505052
vn 0.905232 -0.2675607 -0.3301003
vn 0.89199024 -0.43609354 -0.11906248
vn 0.8403416 0.5418043 0.016553104
vn 0.68968344 0.7082112 -0.15090954
vn 0.89437276 0.41293627 0.17199108
vn 0.8403416 0.5418043 0.016553104
vn 0.9118898 0.27908096 0.30094975
vn 0.9561224 0.29295737 0.0024270415
vn 0.8403416 0.5418043 0.016553104
vn 0.89437276 0.41293627 0.17199108
vn 0.9118898 0.27908096 0.30094975
vn 0.3699652 0.7871643 -0.49345535
vn 0.780134 0.59419364 -0.1957674
vn 0.68968344 0.7082112 -0.15090954
vn 0.68968344 0.7082112 -0.15090954
vn 0.780134 0.59419364 -0.1957674
vn 0.89437276 0.41293627 0.17199108
vn -0.3497957 -0.8600898 0.3713336
vn 0.44633985 -0.8948218 -0.008635104
vn 0.21489714 -0.9765862 -0.009919941
vn -0.3497957 -0.8600898 0.3713336
vn 0.21489714 -0.9765862 -0.009919941
vn 0.0053316373 -0.9973375 -0.07272965
vn -0.3497957 -0.8600898 0.3713336
vn 0.0053316373 -0.9973375 -0.07272965
vn -0.7343432 -0.6750624 -0.0709278
vn 0.44633985 -0.8948218 -0.008635104
vn 0.23597006 -0.9716629 -0.013751924
vn 0.21489714 -0.9765862 -0.009919941
vn 0.24636926 -0.96761864 0.054920495
vn 0.47003874 -0.87983966 0.07032406
vn 0.45343712 -0.8790605 0.14713079
vn 0.24636926 -0.96761864 0.054920495
vn -3.609331E-09 -0.99993 -0.011821806
vn 0.23597006 -0.9716629 -0.013751924
vn 0.24636926 -0.96761864 0.054920495
vn 0.45343712 -0.8790605 0.14713079
vn 0.26297322 -0.96020377 0.094094396
vn 0.24636926 -0.96761864 0.054920495
vn -2.3971876E-09 -0.99866104 0.051731467
vn -3.609331E-09 -0.99993 -0.011821806
vn 0.24636926 -0.96761864 0.054920495
vn 0.26297322 -0.96020377 0.094094396
vn -2.3971876E-09 -0.99866104 0.051731467
vn 0.23597006 -0.9716629 -0.013751924
vn -3.609331E-09 -0.99993 -0.011821806
vn 0.21489714 -0.9765862 -0.009919941
vn 0.64982796 -0.7600713 0.0039155483
vn 0.89199024 -0.43609354 -0.11906248
vn 0.52194196 -0.7437586 -0.41761175
vn 0.64982796 -0.7600713 0.0039155483
vn 0.52194196 -0.7437586 -0.41761175
vn 0.47003874 -0.87983966 0.07032406
vn 0.47003874 -0.87983966 0.07032406
vn 0.52194196 -0.7437586 -0.41761175
vn 0.45343712 -0.8790605 0.14713079
vn 0.89199024 -0.43609354 -0.11906248
vn 0.905232 -0.2675607 -0.3301003
vn 0.52194196 -0.7437586 -0.41761175
vn 0.9927691 0.037372455 -0.11407368
vn 0.9561224 0.29295737 0.0024270415
vn 0.954157 0.1143522 0.27660084
vn 0.9561224 0.29295737 0.0024270415
vn 0.9118898 0.27908096 0.30094975
vn 0.954157 0.1143522 0.27660084
vn 0.780134 0.59419364 -0.1957674
vn 0.9221789 0.30868027 0.23302904
vn 0.89437276 0.41293627 0.17199108
vn 0.0053316373 -0.9973375 -0.07272965
vn -0.27642754 -0.92898405 -0.24612248
vn -0.7343432 -0.6750624 -0.0709278
vn 0.0053316373 -0.9973375 -0.07272965
vn 0.21489714 -0.9765862 -0.009919941
vn -8.877809E-08 -0.9988071 -0.048829496
vn 0.0053316373 -0.9973375 -0.07272965
vn 2.9480105E-07 -0.99113226 -0.1328786
vn -0.27642754 -0.92898405 -0.24612248
vn 0.0053316373 -0.9973375 -0.07272965
vn -8.877809E-08 -0.9988071 -0.048829496
vn 2.9480105E-07 -0.99113226 -0.1328786
vn -8.877809E-08 -0.9988071 -0.048829496
vn 0.21489714 -0.9765862 -0.009919941
vn -3.609331E-09 -0.99993 -0.011821806
vn 0.26297322 -0.96020377 0.094094396
vn -2.3895859E-09 -0.99634635 0.08540475
vn -2.3971876E-09 -0.99866104 0.051731467
vn 0.26297322 -0.96020377 0.094094396
vn 0.45343712 -0.8790605 0.14713079
vn -0.02240984 -0.91613615 -0.4002403
vn 0.26297322 -0.96020377 0.094094396
vn 0.2644734 -0.9573511 0.11633015
vn -2.3895859E-09 -0.99634635 0.08540475
vn 0.26297322 -0.96020377 0.094094396
vn -0.02240984 -0.91613615 -0.4002403
vn 0.2644734 -0.9573511 0.11633015
vn 0.45343712 -0.8790605 0.14713079
vn 0.52194196 -0.7437586 -0.41761175
vn -0.02240984 -0.91613615 -0.4002403
vn 0.9118898 0.27908096 0.30094975
vn 0.6806733 0.0507946 0.730824
vn 0.954157 0.1143522 0.27660084
vn 0.9118898 0.27908096 0.30094975
vn 0.89437276 0.41293627 0.17199108
vn 0.78516525 0.13443738 0.6045181
vn 0.9118898 0.27908096 0.30094975
vn 0.7187442 0.07901293 0.6907703
vn 0.6806733 0.0507946 0.730824
vn 0.9118898 0.27908096 0.30094975
vn 0.78516525 0.13443738 0.6045181
vn 0.7187442 0.07901293 0.6907703
vn 0.89437276 0.41293627 0.17199108
vn 0.9221789 0.30868027 0.23302904
vn 0.78516525 0.13443738 0.6045181
vn -0.27642754 -0.92898405 -0.24612248
vn 2.9480105E-07 -0.99113226 -0.1328786
vn 9.245175E-06 -0.9572286 -0.28933227
vn -2.3895859E-09 -0.99634635 0.08540475
vn 0.2644734 -0.9573511 0.11633015
vn 0 -0.9920639 0.12573421
vn -0.02240984 -0.91613615 -0.4002403
vn -0.4719845 -0.88083404 -0.03690368
vn 0.2644734 -0.9573511 0.11633015
vn 0.6806733 0.0507946 0.730824
vn 0.7187442 0.07901293 0.6907703
vn 0.29178536 -0.22384763 0.9299212
vn 0.9221789 0.30868027 0.23302904
vn 0.73931575 0.07862878 0.6687523
vn 0.78516525 0.13443738 0.6045181
vn 0 -0.9920639 0.12573421
vn 0.2644734 -0.9573511 0.11633015
vn 0.12346368 -0.97607094 0.17900378
vn 0 -0.9920639 0.12573421
vn 0.12346368 -0.97607094 0.17900378
vn -1.1894449E-09 -0.9841865 0.17713499
vn 0.2644734 -0.9573511 0.11633015
vn -0.4719845 -0.88083404 -0.03690368
vn 0.12346368 -0.97607094 0.17900378
vn 0.7187442 0.07901293 0.6907703
vn 0.49528363 -0.13330609 0.8584426
vn 0.29178536 -0.22384763 0.9299212
vn 0.7187442 0.07901293 0.6907703
vn 0.78516525 0.13443738 0.6045181
vn 0.49528363 -0.13330609 0.8584426
vn 0.73931575 0.07862878 0.6687523
vn 0.5539503 -0.07324523 0.8293215
vn 0.78516525 0.13443738 0.6045181
vn 0.73931575 0.07862878 0.6687523
vn 0.5295104 -0.03789556 0.84745646
vn 0.5539503 -0.07324523 0.8293215
vn 0.78516525 0.13443738 0.6045181
vn 0.5539503 -0.07324523 0.8293215
vn 0.49528363 -0.13330609 0.8584426
vn -1.1894449E-09 -0.9841865 0.17713499
vn 0.12346368 -0.97607094 0.17900378
vn -1.2010116E-09 -0.9613677 0.27526695
vn -0.4719845 -0.88083404 -0.03690368
vn -0.4825497 -0.75434494 0.44509453
vn 0.12346368 -0.97607094 0.17900378
vn 0.29178536 -0.22384763 0.9299212
vn 0.49528363 -0.13330609 0.8584426
vn 0.25535783 -0.2670365 0.92923844
vn 0.29178536 -0.22384763 0.9299212
vn 0.25535783 -0.2670365 0.92923844
vn 0.19615398 -0.5674569 0.7996975
vn 0.29178536 -0.22384763 0.9299212
vn 0.19615398 -0.5674569 0.7996975
vn -0.10388194 -0.5958346 0.7963602
vn 0.49528363 -0.13330609 0.8584426
vn 0.5539503 -0.07324523 0.8293215
vn 0.25535783 -0.2670365 0.92923844
vn 0.5295104 -0.03789556 0.84745646
vn 0.29247856 -0.16328567 0.9422283
vn 0.5539503 -0.07324523 0.8293215
vn 0.5295104 -0.03789556 0.84745646
vn 0.2978784 -0.102276444 0.9491091
vn 0.29247856 -0.16328567 0.9422283
vn 0.5539503 -0.07324523 0.8293215
vn 0.29247856 -0.16328567 0.9422283
vn 0.25535783 -0.2670365 0.92923844
vn -1.2010116E-09 -0.9613677 0.27526695
vn 0.12346368 -0.97607094 0.17900378
vn 0.1569549 -0.94855964 0.27495378
vn -1.2010116E-09 -0.9613677 0.27526695
vn 0.1569549 -0.94855964 0.27495378
vn 3.080451E-09 -0.84178996 0.5398051
vn 0.12346368 -0.97607094 0.17900378
vn -0.4825497 -0.75434494 0.44509453
vn 0.1569549 -0.94855964 0.27495378
vn 0.19615398 -0.5674569 0.7996975
vn 0.19409698 -0.832476 0.51895076
vn -0.10388194 -0.5958346 0.7963602
vn 0.19615398 -0.5674569 0.7996975
vn 0.25535783 -0.2670365 0.92923844
vn -3.0120006E-09 -0.31213617 0.95003724
vn 0.19615398 -0.5674569 0.7996975
vn 0 -0.5773942 0.81646544
vn 0.19409698 -0.832476 0.51895076
vn 0.19615398 -0.5674569 0.7996975
vn -3.0120006E-09 -0.31213617 0.95003724
vn 0 -0.5773942 0.81646544
vn 0.19409698 -0.832476 0.51895076
vn 0 -0.5773942 0.81646544
vn 3.080451E-09 -0.84178996 0.5398051
vn 0.19409698 -0.832476 0.51895076
vn 0.1569549 -0.94855964 0.27495378
vn -0.4825497 -0.75434494 0.44509453
vn 0.19409698 -0.832476 0.51895076
vn -0.4825497 -0.75434494 0.44509453
vn -0.10388194 -0.5958346 0.7963602
vn 0.19409698 -0.832476 0.51895076
vn 3.080451E-09 -0.84178996 0.5398051
vn 0.1569549 -0.94855964 0.27495378
vn 0.25535783 -0.2670365 0.92923844
vn 0.29247856 -0.16328567 0.9422283
vn -3.0120006E-09 -0.31213617 0.95003724
vn 0.2978784 -0.102276444 0.9491091
vn 9.660268E-09 -0.19214457 0.9813665
vn 0.29247856 -0.16328567 0.9422283
vn 0.2978784 -0.102276444 0.9491091
vn 0 -0.14693713 0.9891459
vn 9.660268E-09 -0.19214457 0.9813665
vn 9.660268E-09 -0.19214457 0.9813665
vn -3.0120006E-09 -0.31213617 0.95003724
vn 0.29247856 -0.16328567 0.9422283
vn 0.47198525 -0.8808338 -0.03690332
vn 0.48254976 -0.75434506 0.4450947
vn 0.9561626 -0.17960735 -0.23128843
vn 0.48254976 -0.75434506 0.4450947
vn 0.9457047 -0.041398346 0.32237998
vn 0.9561626 -0.17960735 -0.23128843
vn 0.48254976 -0.75434506 0.4450947
vn 0.6407135 -0.042082965 0.7666257
vn 0.9457047 -0.041398346 0.32237998
vn 0.48254976 -0.75434506 0.4450947
vn 0.103881754 -0.59583485 0.79636014
vn 0.6407135 -0.042082965 0.7666257
vn 0.9561626 -0.17960735 -0.23128843
vn 0.9457047 -0.041398346 0.32237998
vn 0.9524273 -0.17474163 -0.24969463
vn 0.103881754 -0.59583485 0.79636014
vn 0.019292 -0.022174418 0.9995679
vn 0.6407135 -0.042082965 0.7666257
vn 0.103881754 -0.59583485 0.79636014
vn -0.29178536 -0.22384763 0.9299214
vn 0.019292 -0.022174418 0.9995679
vn 0.9457047 -0.041398346 0.32237998
vn 0.9521326 -0.028209686 0.30438083
vn 0.9524273 -0.17474163 -0.24969463
vn 0.9457047 -0.041398346 0.32237998
vn 0.6407135 -0.042082965 0.7666257
vn 0.6271215 0.07010794 0.77575994
vn 0.9457047 -0.041398346 0.32237998
vn 0.6271215 0.07010794 0.77575994
vn 0.9521326 -0.028209686 0.30438083
vn 0.6407135 -0.042082965 0.7666257
vn 0.019292 -0.022174418 0.9995679
vn 0.6271215 0.07010794 0.77575994
vn -0.29178536 -0.22384763 0.9299214
vn -0.60860837 0.039747357 0.7924746
vn 0.019292 -0.022174418 0.9995679
vn -0.29178536 -0.22384763 0.9299214
vn -0.6806732 0.0507946 0.7308242
vn -0.60860837 0.039747357 0.7924746
vn 0.9524273 -0.17474163 -0.24969463
vn 0.9521326 -0.028209686 0.30438083
vn 0.9529144 -0.15554473 -0.26030755
vn 0.6271215 0.07010794 0.77575994
vn 0.019292 -0.022174418 0.9995679
vn 0.028816804 0.11829984 0.99255955
vn 0.6271215 0.07010794 0.77575994
vn 0.6346573 0.12140119 0.76319844
vn 0.9521326 -0.028209686 0.30438083
vn 0.6271215 0.07010794 0.77575994
vn 0.028816804 0.11829984 0.99255955
vn 0.6346573 0.12140119 0.76319844
vn -0.6806732 0.0507946 0.7308242
vn -0.9558664 0.02677238 0.29257938
vn -0.60860837 0.039747357 0.7924746
vn -0.6806732 0.0507946 0.7308242
vn -0.9541569 0.114352345 0.27660084
vn -0.9558664 0.02677238 0.29257938
vn 0.9529144 -0.15554473 -0.26030755
vn 0.9521326 -0.028209686 0.30438083
vn 0.95727396 0.009691566 0.28902027
vn 0.9529144 -0.15554473 -0.26030755
vn 0.95727396 0.009691566 0.28902027
vn 0.9419156 -0.08462706 -0.32501283
vn 0.9521326 -0.028209686 0.30438083
vn 0.6346573 0.12140119 0.76319844
vn 0.95727396 0.009691566 0.28902027
vn 0.019292 -0.022174418 0.9995679
vn -0.5894514 0.09709787 0.80194694
vn 0.028816804 0.11829984 0.99255955
vn 0.019292 -0.022174418 0.9995679
vn -0.60860837 0.039747357 0.7924746
vn -0.5894514 0.09709787 0.80194694
vn -0.9541569 0.114352345 0.27660084
vn -0.9741705 -0.059193596 -0.21791717
vn -0.9558664 0.02677238 0.29257938
vn -0.9541569 0.114352345 0.27660084
vn -0.9927691 0.037372857 -0.114073664
vn -0.9741705 -0.059193596 -0.21791717
vn 0.9419156 -0.08462706 -0.32501283
vn 0.95727396 0.009691566 0.28902027
vn 0.9651091 0.19328558 0.17664976
vn 0.6346573 0.12140119 0.76319844
vn 0.028816804 0.11829984 0.99255955
vn 0.024719771 0.1786598 0.9836004
vn 0.6346573 0.12140119 0.76319844
vn 0.6362207 0.16698372 0.75321954
vn 0.95727396 0.009691566 0.28902027
vn 0.6346573 0.12140119 0.76319844
vn 0.024719771 0.1786598 0.9836004
vn 0.6362207 0.16698372 0.75321954
vn 0.95727396 0.009691566 0.28902027
vn 0.6362207 0.16698372 0.75321954
vn 0.9651091 0.19328558 0.17664976
vn -0.60860837 0.039747357 0.7924746
vn -0.9476195 0.0007748902 0.31940046
vn -0.5894514 0.09709787 0.80194694
vn -0.60860837 0.039747357 0.7924746
vn -0.9558664 0.02677238 0.29257938
vn -0.9476195 0.0007748902 0.31940046
vn -0.9927691 0.037372857 -0.114073664
vn -0.7086591 -0.26181912 -0.655174
vn -0.9741705 -0.059193596 -0.21791717
vn -0.9927691 0.037372857 -0.114073664
vn -0.90523213 -0.26756042 -0.3301002
vn -0.7086591 -0.26181912 -0.655174
vn 0.028816804 0.11829984 0.99255955
vn -0.57888824 0.13543087 0.80408144
vn 0.024719771 0.1786598 0.9836004
vn 0.028816804 0.11829984 0.99255955
vn -0.5894514 0.09709787 0.80194694
vn -0.57888824 0.13543087 0.80408144
vn 0.6362207 0.16698372 0.75321954
vn 0.5935311 0.55461526 0.5832003
vn 0.9651091 0.19328558 0.17664976
vn 0.6362207 0.16698372 0.75321954
vn 0.024719771 0.1786598 0.9836004
vn 0.00551558 0.24714917 0.9689617
vn 0.6362207 0.16698372 0.75321954
vn 0.00551558 0.24714917 0.9689617
vn 0.5935311 0.55461526 0.5832003
vn -0.9558664 0.02677238 0.29257938
vn -0.9647743 -0.12997913 -0.22872694
vn -0.9476195 0.0007748902 0.31940046
vn -0.9558664 0.02677238 0.29257938
vn -0.9741705 -0.059193596 -0.21791717
vn -0.9647743 -0.12997913 -0.22872694
vn -0.90523213 -0.26756042 -0.3301002
vn -0.52194256 -0.743757 -0.41761398
vn -0.7086591 -0.26181912 -0.655174
vn -0.5894514 0.09709787 0.80194694
vn -0.94687796 0.008275509 0.32148665
vn -0.57888824 0.13543087 0.80408144
vn -0.5894514 0.09709787 0.80194694
vn -0.9476195 0.0007748902 0.31940046
vn -0.94687796 0.008275509 0.32148665
vn 0.024719771 0.1786598 0.9836004
vn -0.5938873 0.16621023 0.7871925
vn 0.00551558 0.24714917 0.9689617
vn 0.024719771 0.1786598 0.9836004
vn -0.57888824 0.13543087 0.80408144
vn -0.5938873 0.16621023 0.7871925
vn 0.5935311 0.55461526 0.5832003
vn 0.00551558 0.24714917 0.9689617
vn 0.00058193144 0.73114663 0.6822202
vn -0.9741705 -0.059193596 -0.21791717
vn -0.6307645 -0.29606527 -0.7172736
vn -0.9647743 -0.12997913 -0.22872694
vn -0.9741705 -0.059193596 -0.21791717
vn -0.7086591 -0.26181912 -0.655174
vn -0.6307645 -0.29606527 -0.7172736
vn -0.52194256 -0.743757 -0.41761398
vn -0.0095895175 -0.41955417 -0.90767956
vn -0.7086591 -0.26181912 -0.655174
vn -0.52194256 -0.743757 -0.41761398
vn 0.022412015 -0.916136 -0.40024036
vn -0.0095895175 -0.41955417 -0.90767956
vn -0.9476195 0.0007748902 0.31940046
vn -0.954478 -0.15166697 -0.2568439
vn -0.94687796 0.008275509 0.32148665
vn -0.9476195 0.0007748902 0.31940046
vn -0.9647743 -0.12997913 -0.22872694
vn -0.954478 -0.15166697 -0.2568439
vn -0.57888824 0.13543087 0.80408144
vn -0.94790196 0.015897602 0.3181652
vn -0.5938873 0.16621023 0.7871925
vn -0.57888824 0.13543087 0.80408144
vn -0.94687796 0.008275509 0.32148665
vn -0.94790196 0.015897602 0.3181652
vn 0.00551558 0.24714917 0.9689617
vn -0.57464594 0.5438254 0.6115847
vn 0.00058193144 0.73114663 0.6822202
vn 0.00551558 0.24714917 0.9689617
vn -0.5938873 0.16621023 0.7871925
vn -0.57464594 0.5438254 0.6115847
vn -0.6307645 -0.29606527 -0.7172736
vn -0.7086591 -0.26181912 -0.655174
vn -0.0014068886 -0.38000685 -0.9249824
vn -0.6307645 -0.29606527 -0.7172736
vn -0.5960571 -0.31056088 -0.74045116
vn -0.9647743 -0.12997913 -0.22872694
vn -0.6307645 -0.29606527 -0.7172736
vn -0.0014068886 -0.38000685 -0.9249824
vn 0.008067475 -0.3676269 -0.9299383
vn -0.6307645 -0.29606527 -0.7172736
vn 0.008067475 -0.3676269 -0.9299383
vn -0.5960571 -0.31056088 -0.74045116
vn -0.0095895175 -0.41955417 -0.90767956
vn 0.022412015 -0.916136 -0.40024036
vn -0.0014068886 -0.38000685 -0.9249824
vn -0.0095895175 -0.41955417 -0.90767956
vn -0.0014068886 -0.38000685 -0.9249824
vn -0.7086591 -0.26181912 -0.655174
vn -0.9647743 -0.12997913 -0.22872694
vn -0.5960571 -0.31056088 -0.74045116
vn -0.954478 -0.15166697 -0.2568439
vn -0.94687796 0.008275509 0.32148665
vn -0.9439506 -0.15986827 -0.28878966
vn -0.94790196 0.015897602 0.3181652
vn -0.94687796 0.008275509 0.32148665
vn -0.954478 -0.15166697 -0.2568439
vn -0.9439506 -0.15986827 -0.28878966
vn -0.5938873 0.16621023 0.7871925
vn -0.96588564 0.14820707 0.21236663
vn -0.57464594 0.5438254 0.6115847
vn -0.5938873 0.16621023 0.7871925
vn -0.94790196 0.015897602 0.3181652
vn -0.96588564 0.14820707 0.21236663
vn 0.008067475 -0.3676269 -0.9299383
vn -0.0014068886 -0.38000685 -0.9249824
vn 0.6041394 -0.30367 -0.7367498
vn 0.008067475 -0.3676269 -0.9299383
vn 0.0024706307 -0.38090956 -0.924609
vn -0.5960571 -0.31056088 -0.74045116
vn 0.008067475 -0.3676269 -0.9299383
vn 0.6041394 -0.30367 -0.7367498
vn 0.58050585 -0.3110084 -0.75252026
vn 0.008067475 -0.3676269 -0.9299383
vn 0.58050585 -0.3110084 -0.75252026
vn 0.0024706307 -0.38090956 -0.924609
vn -0.0014068886 -0.38000685 -0.9249824
vn 0.022412015 -0.916136 -0.40024036
vn 0.6041394 -0.30367 -0.7367498
vn -0.954478 -0.15166697 -0.2568439
vn -0.56522423 -0.3276022 -0.75709856
vn -0.9439506 -0.15986827 -0.28878966
vn -0.954478 -0.15166697 -0.2568439
vn -0.5960571 -0.31056088 -0.74045116
vn -0.56522423 -0.3276022 -0.75709856
vn -0.5960571 -0.31056088 -0.74045116
vn 0.0024706307 -0.38090956 -0.924609
vn -0.56522423 -0.3276022 -0.75709856
vn -0.94790196 0.015897602 0.3181652
vn -0.93018156 -0.123290986 -0.34577703
vn -0.96588564 0.14820707 0.21236663
vn -0.94790196 0.015897602 0.3181652
vn -0.9439506 -0.15986827 -0.28878966
vn -0.93018156 -0.123290986 -0.34577703
vn 0.58050585 -0.3110084 -0.75252026
vn 0.6041394 -0.30367 -0.7367498
vn 0.9561626 -0.17960735 -0.23128843
vn 0.58050585 -0.3110084 -0.75252026
vn 0.57287234 -0.31749636 -0.75565434
vn 0.0024706307 -0.38090956 -0.924609
vn 0.58050585 -0.3110084 -0.75252026
vn 0.9561626 -0.17960735 -0.23128843
vn 0.9524273 -0.17474163 -0.24969463
vn 0.58050585 -0.3110084 -0.75252026
vn 0.9524273 -0.17474163 -0.24969463
vn 0.57287234 -0.31749636 -0.75565434
vn 0.022412015 -0.916136 -0.40024036
vn 0.47198525 -0.8808338 -0.03690332
vn 0.6041394 -0.30367 -0.7367498
vn 0.6041394 -0.30367 -0.7367498
vn 0.47198525 -0.8808338 -0.03690332
vn 0.9561626 -0.17960735 -0.23128843
vn -0.56522423 -0.3276022 -0.75709856
vn -0.5134942 -0.3290257 -0.792506
vn -0.9439506 -0.15986827 -0.28878966
vn -0.56522423 -0.3276022 -0.75709856
vn 0.0024706307 -0.38090956 -0.924609
vn 0.00034327377 -0.3884676 -0.9214622
vn -0.56522423 -0.3276022 -0.75709856
vn 0.00034327377 -0.3884676 -0.9214622
vn -0.5134942 -0.3290257 -0.792506
vn -0.5134942 -0.3290257 -0.792506
vn -0.93018156 -0.123290986 -0.34577703
vn -0.9439506 -0.15986827 -0.28878966
vn 0.0024706307 -0.38090956 -0.924609
vn 0.57287234 -0.31749636 -0.75565434
vn 0.00034327377 -0.3884676 -0.9214622
vn 0.9524273 -0.17474163 -0.24969463
vn 0.9529144 -0.15554473 -0.26030755
vn 0.57287234 -0.31749636 -0.75565434
vn 0.00034327377 -0.3884676 -0.9214622
vn 0.57287234 -0.31749636 -0.75565434
vn 0.54163855 -0.31725633 -0.77844465
vn 0.57287234 -0.31749636 -0.75565434
vn 0.9529144 -0.15554473 -0.26030755
vn 0.54163855 -0.31725633 -0.77844465
vn 0.9529144 -0.15554473 -0.26030755
vn 0.9419156 -0.08462706 -0.32501283
vn 0.54163855 -0.31725633 -0.77844465
vn -0.4719845 -0.88083404 -0.03690368
vn -0.9561624 -0.17960691 -0.23128963
vn -0.4825497 -0.75434494 0.44509453
vn -0.9561624 -0.17960691 -0.23128963
vn -0.94570535 -0.041398287 0.32237792
vn -0.4825497 -0.75434494 0.44509453
vn -0.9561624 -0.17960691 -0.23128963
vn -0.9524269 -0.17474277 -0.24969563
vn -0.94570535 -0.041398287 0.32237792
vn -0.4825497 -0.75434494 0.44509453
vn -0.94570535 -0.041398287 0.32237792
vn -0.64071447 -0.042081356 0.7666252
vn -0.4825497 -0.75434494 0.44509453
vn -0.64071447 -0.042081356 0.7666252
vn -0.10388194 -0.5958346 0.7963602
vn -0.9524269 -0.17474277 -0.24969563
vn -0.95213276 -0.028210104 0.30438024
vn -0.94570535 -0.041398287 0.32237792
vn -0.9524269 -0.17474277 -0.24969563
vn -0.9529137 -0.15554592 -0.26030925
vn -0.95213276 -0.028210104 0.30438024
vn -0.64071447 -0.042081356 0.7666252
vn -0.01929215 -0.022171378 0.999568
vn -0.10388194 -0.5958346 0.7963602
vn -0.64071447 -0.042081356 0.7666252
vn -0.94570535 -0.041398287 0.32237792
vn -0.6271227 0.07010633 0.77575916
vn -0.64071447 -0.042081356 0.7666252
vn -0.6271227 0.07010633 0.77575916
vn -0.01929215 -0.022171378 0.999568
vn -0.94570535 -0.041398287 0.32237792
vn -0.95213276 -0.028210104 0.30438024
vn -0.6271227 0.07010633 0.77575916
vn -0.9529137 -0.15554592 -0.26030925
vn -0.9572733 0.009692162 0.28902227
vn -0.95213276 -0.028210104 0.30438024
vn -0.9529137 -0.15554592 -0.26030925
vn -0.9419158 -0.084627986 -0.32501206
vn -0.9572733 0.009692162 0.28902227
vn -0.10388194 -0.5958346 0.7963602
vn -0.01929215 -0.022171378 0.999568
vn 0.29178536 -0.22384763 0.9299212
vn -0.6271227 0.07010633 0.77575916
vn -0.95213276 -0.028210104 0.30438024
vn -0.6346579 0.12139732 0.7631985
vn -0.6271227 0.07010633 0.77575916
vn -0.028818486 0.11829734 0.99255985
vn -0.01929215 -0.022171378 0.999568
vn -0.6271227 0.07010633 0.77575916
vn -0.6346579 0.12139732 0.7631985
vn -0.028818486 0.11829734 0.99255985
vn -0.95213276 -0.028210104 0.30438024
vn -0.9572733 0.009692162 0.28902227
vn -0.6346579 0.12139732 0.7631985
vn -0.9419158 -0.084627986 -0.32501206
vn -0.9651094 0.19328558 0.17664815
vn -0.9572733 0.009692162 0.28902227
vn 0.29178536 -0.22384763 0.9299212
vn -0.01929215 -0.022171378 0.999568
vn 0.60860884 0.039749622 0.79247403
vn 0.29178536 -0.22384763 0.9299212
vn 0.60860884 0.039749622 0.79247403
vn 0.6806733 0.0507946 0.730824
vn -0.028818486 0.11829734 0.99255985
vn -0.6346579 0.12139732 0.7631985
vn -0.024722664 0.17865312 0.98360145
vn -0.028818486 0.11829734 0.99255985
vn 0.5894512 0.09709972 0.80194694
vn -0.01929215 -0.022171378 0.999568
vn -0.028818486 0.11829734 0.99255985
vn -0.024722664 0.17865312 0.98360145
vn 0.578886 0.13542742 0.8040837
vn -0.028818486 0.11829734 0.99255985
vn 0.578886 0.13542742 0.8040837
vn 0.5894512 0.09709972 0.80194694
vn -0.01929215 -0.022171378 0.999568
vn 0.5894512 0.09709972 0.80194694
vn 0.60860884 0.039749622 0.79247403
vn -0.9651094 0.19328558 0.17664815
vn -0.6362217 0.16698492 0.7532184
vn -0.9572733 0.009692162 0.28902227
vn -0.9651094 0.19328558 0.17664815
vn -0.5935305 0.55461735 0.58319914
vn -0.6362217 0.16698492 0.7532184
vn -0.6346579 0.12139732 0.7631985
vn -0.6362217 0.16698492 0.7532184
vn -0.024722664 0.17865312 0.98360145
vn -0.6346579 0.12139732 0.7631985
vn -0.9572733 0.009692162 0.28902227
vn -0.6362217 0.16698492 0.7532184
vn 0.6806733 0.0507946 0.730824
vn 0.60860884 0.039749622 0.79247403
vn 0.9558665 0.026773036 0.2925787
vn 0.6806733 0.0507946 0.730824
vn 0.9558665 0.026773036 0.2925787
vn 0.954157 0.1143522 0.27660084
vn 0.578886 0.13542742 0.8040837
vn 0.946878 0.0082753 0.3214863
vn 0.5894512 0.09709972 0.80194694
vn 0.578886 0.13542742 0.8040837
vn -0.024722664 0.17865312 0.98360145
vn 0.5938882 0.16621041 0.78719175
vn 0.578886 0.13542742 0.8040837
vn 0.94790107 0.01589638 0.318168
vn 0.946878 0.0082753 0.3214863
vn 0.578886 0.13542742 0.8040837
vn 0.5938882 0.16621041 0.78719175
vn 0.94790107 0.01589638 0.318168
vn -0.5935305 0.55461735 0.58319914
vn -0.0055156504 0.24715161 0.96896106
vn -0.6362217 0.16698492 0.7532184
vn -0.5935305 0.55461735 0.58319914
vn -0.0005834544 0.73114395 0.6822231
vn -0.0055156504 0.24715161 0.96896106
vn -0.024722664 0.17865312 0.98360145
vn -0.0055156504 0.24715161 0.96896106
vn 0.5938882 0.16621041 0.78719175
vn -0.024722664 0.17865312 0.98360145
vn -0.6362217 0.16698492 0.7532184
vn -0.0055156504 0.24715161 0.96896106
vn 0.60860884 0.039749622 0.79247403
vn 0.94761944 0.00077578425 0.31940082
vn 0.9558665 0.026773036 0.2925787
vn 0.60860884 0.039749622 0.79247403
vn 0.5894512 0.09709972 0.80194694
vn 0.94761944 0.00077578425 0.31940082
vn 0.5894512 0.09709972 0.80194694
vn 0.946878 0.0082753 0.3214863
vn 0.94761944 0.00077578425 0.31940082
vn 0.954157 0.1143522 0.27660084
vn 0.9558665 0.026773036 0.2925787
vn 0.9741705 -0.059193835 -0.21791716
vn 0.954157 0.1143522 0.27660084
vn 0.9741705 -0.059193835 -0.21791716
vn 0.9927691 0.037372455 -0.11407368
vn 0.94790107 0.01589638 0.318168
vn 0.5938882 0.16621041 0.78719175
vn 0.9658863 0.1482069 0.21236387
vn 0.94790107 0.01589638 0.318168
vn 0.9439508 -0.15986866 -0.28878886
vn 0.946878 0.0082753 0.3214863
vn 0.94790107 0.01589638 0.318168
vn 0.9658863 0.1482069 0.21236387
vn 0.9301815 -0.1232909 -0.3457772
vn 0.94790107 0.01589638 0.318168
vn 0.9301815 -0.1232909 -0.3457772
vn 0.9439508 -0.15986866 -0.28878886
vn -0.0005834544 0.73114395 0.6822231
vn 0.5746454 0.54382396 0.61158663
vn -0.0055156504 0.24715161 0.96896106
vn 0.5746454 0.54382396 0.61158663
vn 0.5938882 0.16621041 0.78719175
vn -0.0055156504 0.24715161 0.96896106
vn 0.5746454 0.54382396 0.61158663
vn 0.9658863 0.1482069 0.21236387
vn 0.5938882 0.16621041 0.78719175
vn 0.94761944 0.00077578425 0.31940082
vn 0.96477497 -0.12997817 -0.22872473
vn 0.9558665 0.026773036 0.2925787
vn 0.94761944 0.00077578425 0.31940082
vn 0.946878 0.0082753 0.3214863
vn 0.95447785 -0.15166706 -0.25684443
vn 0.94761944 0.00077578425 0.31940082
vn 0.95447785 -0.15166706 -0.25684443
vn 0.96477497 -0.12997817 -0.22872473
vn 0.946878 0.0082753 0.3214863
vn 0.9439508 -0.15986866 -0.28878886
vn 0.95447785 -0.15166706 -0.25684443
vn 0.9558665 0.026773036 0.2925787
vn 0.96477497 -0.12997817 -0.22872473
vn 0.9741705 -0.059193835 -0.21791716
vn 0.9927691 0.037372455 -0.11407368
vn 0.9741705 -0.059193835 -0.21791716
vn 0.708658 -0.26181984 -0.6551749
vn 0.9927691 0.037372455 -0.11407368
vn 0.708658 -0.26181984 -0.6551749
vn 0.905232 -0.2675607 -0.3301003
vn 0.9301815 -0.1232909 -0.3457772
vn 0.5134983 -0.32902485 -0.7925038
vn 0.9439508 -0.15986866 -0.28878886
vn 0.95447785 -0.15166706 -0.25684443
vn 0.596055 -0.31056124 -0.74045277
vn 0.96477497 -0.12997817 -0.22872473
vn 0.95447785 -0.15166706 -0.25684443
vn 0.9439508 -0.15986866 -0.28878886
vn 0.5652254 -0.32760358 -0.75709707
vn 0.95447785 -0.15166706 -0.25684443
vn 0.5652254 -0.32760358 -0.75709707
vn 0.596055 -0.31056124 -0.74045277
vn 0.9439508 -0.15986866 -0.28878886
vn 0.5134983 -0.32902485 -0.7925038
vn 0.5652254 -0.32760358 -0.75709707
vn 0.9741705 -0.059193835 -0.21791716
vn 0.6307637 -0.29606503 -0.7172744
vn 0.708658 -0.26181984 -0.6551749
vn 0.9741705 -0.059193835 -0.21791716
vn 0.96477497 -0.12997817 -0.22872473
vn 0.6307637 -0.29606503 -0.7172744
vn 0.96477497 -0.12997817 -0.22872473
vn 0.596055 -0.31056124 -0.74045277
vn 0.6307637 -0.29606503 -0.7172744
vn 0.905232 -0.2675607 -0.3301003
vn 0.708658 -0.26181984 -0.6551749
vn 0.52194196 -0.7437586 -0.41761175
vn 0.5134983 -0.32902485 -0.7925038
vn -0.00034331367 -0.388467 -0.92146266
vn 0.5652254 -0.32760358 -0.75709707
vn 0.596055 -0.31056124 -0.74045277
vn -0.0080677485 -0.36762732 -0.92993826
vn 0.6307637 -0.29606503 -0.7172744
vn 0.596055 -0.31056124 -0.74045277
vn 0.5652254 -0.32760358 -0.75709707
vn -0.0024708968 -0.38090795 -0.92460954
vn 0.596055 -0.31056124 -0.74045277
vn -0.0024708968 -0.38090795 -0.92460954
vn -0.0080677485 -0.36762732 -0.92993826
vn 0.5652254 -0.32760358 -0.75709707
vn -0.00034331367 -0.388467 -0.92146266
vn -0.0024708968 -0.38090795 -0.92460954
vn 0.708658 -0.26181984 -0.6551749
vn 0.009589423 -0.41955745 -0.90767807
vn 0.52194196 -0.7437586 -0.41761175
vn 0.708658 -0.26181984 -0.6551749
vn 0.6307637 -0.29606503 -0.7172744
vn 0.0014070324 -0.3800075 -0.9249823
vn 0.708658 -0.26181984 -0.6551749
vn 0.0014070324 -0.3800075 -0.9249823
vn 0.009589423 -0.41955745 -0.90767807
vn 0.6307637 -0.29606503 -0.7172744
vn -0.0080677485 -0.36762732 -0.92993826
vn 0.0014070324 -0.3800075 -0.9249823
vn -0.00034331367 -0.388467 -0.92146266
vn -0.572872 -0.31749701 -0.7556542
vn -0.0024708968 -0.38090795 -0.92460954
vn -0.00034331367 -0.388467 -0.92146266
vn -0.5416419 -0.3172559 -0.77844244
vn -0.572872 -0.31749701 -0.7556542
vn 0.52194196 -0.7437586 -0.41761175
vn 0.009589423 -0.41955745 -0.90767807
vn -0.02240984 -0.91613615 -0.4002403
vn 0.009589423 -0.41955745 -0.90767807
vn 0.0014070324 -0.3800075 -0.9249823
vn -0.02240984 -0.91613615 -0.4002403
vn -0.0080677485 -0.36762732 -0.92993826
vn -0.0024708968 -0.38090795 -0.92460954
vn -0.58050233 -0.31100988 -0.75252235
vn -0.0080677485 -0.36762732 -0.92993826
vn -0.60413706 -0.30366993 -0.7367515
vn 0.0014070324 -0.3800075 -0.9249823
vn -0.0080677485 -0.36762732 -0.92993826
vn -0.58050233 -0.31100988 -0.75252235
vn -0.60413706 -0.30366993 -0.7367515
vn 0.0014070324 -0.3800075 -0.9249823
vn -0.60413706 -0.30366993 -0.7367515
vn -0.02240984 -0.91613615 -0.4002403
vn -0.0024708968 -0.38090795 -0.92460954
vn -0.572872 -0.31749701 -0.7556542
vn -0.58050233 -0.31100988 -0.75252235
vn -0.5416419 -0.3172559 -0.77844244
vn -0.9529137 -0.15554592 -0.26030925
vn -0.572872 -0.31749701 -0.7556542
vn -0.5416419 -0.3172559 -0.77844244
vn -0.9419158 -0.084627986 -0.32501206
vn -0.9529137 -0.15554592 -0.26030925
vn -0.60413706 -0.30366993 -0.7367515
vn -0.4719845 -0.88083404 -0.03690368
vn -0.02240984 -0.91613615 -0.4002403
vn -0.60413706 -0.30366993 -0.7367515
vn -0.58050233 -0.31100988 -0.75252235
vn -0.9561624 -0.17960691 -0.23128963
vn -0.60413706 -0.30366993 -0.7367515
vn -0.9561624 -0.17960691 -0.23128963
vn -0.4719845 -0.88083404 -0.03690368
vn -0.572872 -0.31749701 -0.7556542
vn -0.9529137 -0.15554592 -0.26030925
vn -0.9524269 -0.17474277 -0.24969563
vn -0.572872 -0.31749701 -0.7556542
vn -0.9524269 -0.17474277 -0.24969563
vn -0.58050233 -0.31100988 -0.75252235
vn -0.58050233 -0.31100988 -0.75252235
vn -0.9524269 -0.17474277 -0.24969563
vn -0.9561624 -0.17960691 -0.23128963
vn 0 -0.14693713 0.9891459
vn -0.2978784 -0.102276504 0.94910896
vn 9.660268E-09 -0.19214457 0.9813665
vn -0.2978784 -0.102276504 0.94910896
vn -0.29247856 -0.16328567 0.9422282
vn 9.660268E-09 -0.19214457 0.9813665
vn -0.2978784 -0.102276504 0.94910896
vn -0.5295104 -0.03789556 0.84745646
vn -0.29247856 -0.16328567 0.9422282
vn 9.660268E-09 -0.19214457 0.9813665
vn -0.29247856 -0.16328567 0.9422282
vn -3.0120006E-09 -0.31213617 0.95003724
vn -0.5295104 -0.03789556 0.84745646
vn -0.5539504 -0.073245406 0.8293213
vn -0.29247856 -0.16328567 0.9422282
vn -0.5295104 -0.03789556 0.84745646
vn -0.73931575 0.07862878 0.6687523
vn -0.5539504 -0.073245406 0.8293213
vn -3.0120006E-09 -0.31213617 0.95003724
vn -0.29247856 -0.16328567 0.9422282
vn -0.2553579 -0.2670365 0.92923844
vn -3.0120006E-09 -0.31213617 0.95003724
vn -0.2553579 -0.2670365 0.92923844
vn -0.1961539 -0.5674569 0.79969764
vn -3.0120006E-09 -0.31213617 0.95003724
vn -0.1961539 -0.5674569 0.79969764
vn 0 -0.5773942 0.81646544
vn -0.29247856 -0.16328567 0.9422282
vn -0.5539504 -0.073245406 0.8293213
vn -0.2553579 -0.2670365 0.92923844
vn -0.73931575 0.07862878 0.6687523
vn -0.78516537 0.1344372 0.60451806
vn -0.5539504 -0.073245406 0.8293213
vn -0.73931575 0.07862878 0.6687523
vn -0.92217904 0.30868018 0.23302874
vn -0.78516537 0.1344372 0.60451806
vn -0.1961539 -0.5674569 0.79969764
vn -0.19409698 -0.832476 0.51895076
vn 0 -0.5773942 0.81646544
vn -0.1961539 -0.5674569 0.79969764
vn -0.2553579 -0.2670365 0.92923844
vn -0.29178536 -0.22384763 0.9299214
vn -0.1961539 -0.5674569 0.79969764
vn 0.103881754 -0.59583485 0.79636014
vn -0.19409698 -0.832476 0.51895076
vn -0.1961539 -0.5674569 0.79969764
vn -0.29178536 -0.22384763 0.9299214
vn 0.103881754 -0.59583485 0.79636014
vn -0.5539504 -0.073245406 0.8293213
vn -0.78516537 0.1344372 0.60451806
vn -0.4952835 -0.13330615 0.8584426
vn -0.5539504 -0.073245406 0.8293213
vn -0.4952835 -0.13330615 0.8584426
vn -0.2553579 -0.2670365 0.92923844
vn -0.2553579 -0.2670365 0.92923844
vn -0.4952835 -0.13330615 0.8584426
vn -0.29178536 -0.22384763 0.9299214
vn -0.92217904 0.30868018 0.23302874
vn -0.8943728 0.4129361 0.171991
vn -0.78516537 0.1344372 0.60451806
vn -0.92217904 0.30868018 0.23302874
vn -0.78013414 0.5941934 -0.19576734
vn -0.8943728 0.4129361 0.171991
vn 0 -0.5773942 0.81646544
vn -0.19409698 -0.832476 0.51895076
vn 3.080451E-09 -0.84178996 0.5398051
vn 0.103881754 -0.59583485 0.79636014
vn 0.48254976 -0.75434506 0.4450947
vn -0.19409698 -0.832476 0.51895076
vn -0.4952835 -0.13330615 0.8584426
vn -0.71874416 0.07901275 0.6907705
vn -0.29178536 -0.22384763 0.9299214
vn -0.4952835 -0.13330615 0.8584426
vn -0.78516537 0.1344372 0.60451806
vn -0.71874416 0.07901275 0.6907705
vn -0.78013414 0.5941934 -0.19576734
vn -0.68968356 0.708211 -0.15090942
vn -0.8943728 0.4129361 0.171991
vn -0.78013414 0.5941934 -0.19576734
vn -0.3699652 0.7871643 -0.4934553
vn -0.68968356 0.708211 -0.15090942
vn 3.080451E-09 -0.84178996 0.5398051
vn -0.19409698 -0.832476 0.51895076
vn -0.1569549 -0.94855964 0.27495366
vn 3.080451E-09 -0.84178996 0.5398051
vn -0.1569549 -0.94855964 0.27495366
vn -1.2010116E-09 -0.9613677 0.27526695
vn -0.19409698 -0.832476 0.51895076
vn 0.48254976 -0.75434506 0.4450947
vn -0.1569549 -0.94855964 0.27495366
vn -0.29178536 -0.22384763 0.9299214
vn -0.71874416 0.07901275 0.6907705
vn -0.6806732 0.0507946 0.7308242
vn -0.78516537 0.1344372 0.60451806
vn -0.8943728 0.4129361 0.171991
vn -0.91188985 0.2790809 0.3009497
vn -0.78516537 0.1344372 0.60451806
vn -0.91188985 0.2790809 0.3009497
vn -0.71874416 0.07901275 0.6907705
vn -0.71874416 0.07901275 0.6907705
vn -0.91188985 0.2790809 0.3009497
vn -0.6806732 0.0507946 0.7308242
vn -0.3699652 0.7871643 -0.4934553
vn -0.32261232 0.88321173 -0.34037954
vn -0.68968356 0.708211 -0.15090942
vn -0.3699652 0.7871643 -0.4934553
vn -3.5989074E-09 0.91184723 -0.41052943
vn -0.32261232 0.88321173 -0.34037954
vn -0.3699652 0.7871643 -0.4934553
vn 0 0.8096705 -0.58688474
vn -3.5989074E-09 0.91184723 -0.41052943
vn -1.2010116E-09 -0.9613677 0.27526695
vn -0.1569549 -0.94855964 0.27495366
vn -0.123462975 -0.97607094 0.1790039
vn -1.2010116E-09 -0.9613677 0.27526695
vn -0.123462975 -0.97607094 0.1790039
vn -1.1894449E-09 -0.9841865 0.17713499
vn -0.1569549 -0.94855964 0.27495366
vn 0.48254976 -0.75434506 0.4450947
vn -0.123462975 -0.97607094 0.1790039
vn -0.8943728 0.4129361 0.171991
vn -0.84034187 0.5418039 0.016553402
vn -0.91188985 0.2790809 0.3009497
vn -0.8943728 0.4129361 0.171991
vn -0.68968356 0.708211 -0.15090942
vn -0.84034187 0.5418039 0.016553402
vn -0.6806732 0.0507946 0.7308242
vn -0.91188985 0.2790809 0.3009497
vn -0.9541569 0.114352345 0.27660084
vn -0.32261232 0.88321173 -0.34037954
vn -3.5989074E-09 0.91184723 -0.41052943
vn -0.26155463 0.9591643 -0.10767019
vn -0.32261232 0.88321173 -0.34037954
vn -0.5654448 0.8201722 -0.08711934
vn -0.68968356 0.708211 -0.15090942
vn -0.32261232 0.88321173 -0.34037954
vn -0.26155463 0.9591643 -0.10767019
vn -0.5654448 0.8201722 -0.08711934
vn -1.1894449E-09 -0.9841865 0.17713499
vn -0.123462975 -0.97607094 0.1790039
vn 0 -0.9920639 0.12573421
vn 0.48254976 -0.75434506 0.4450947
vn 0.47198525 -0.8808338 -0.03690332
vn -0.123462975 -0.97607094 0.1790039
vn -0.84034187 0.5418039 0.016553402
vn -0.95612234 0.2929576 0.002427131
vn -0.91188985 0.2790809 0.3009497
vn -0.84034187 0.5418039 0.016553402
vn -0.68968356 0.708211 -0.15090942
vn -0.831885 0.54962546 -0.07667631
vn -0.84034187 0.5418039 0.016553402
vn -0.831885 0.54962546 -0.07667631
vn -0.95612234 0.2929576 0.002427131
vn -0.68968356 0.708211 -0.15090942
vn -0.5654448 0.8201722 -0.08711934
vn -0.831885 0.54962546 -0.07667631
vn -0.91188985 0.2790809 0.3009497
vn -0.95612234 0.2929576 0.002427131
vn -0.9541569 0.114352345 0.27660084
vn -3.5989074E-09 0.91184723 -0.41052943
vn 0 0.991736 -0.12829548
vn -0.26155463 0.9591643 -0.10767019
vn 0 -0.9920639 0.12573421
vn -0.123462975 -0.97607094 0.1790039
vn -0.264473 -0.95735115 0.11632991
vn 0 -0.9920639 0.12573421
vn -0.264473 -0.95735115 0.11632991
vn -2.3895859E-09 -0.99634635 0.08540475
vn -0.123462975 -0.97607094 0.1790039
vn 0.47198525 -0.8808338 -0.03690332
vn -0.264473 -0.95735115 0.11632991
vn -0.5654448 0.8201722 -0.08711934
vn -0.83616966 0.54666555 -0.04446453
vn -0.831885 0.54962546 -0.07667631
vn -0.5654448 0.8201722 -0.08711934
vn -0.26155463 0.9591643 -0.10767019
vn -0.5605856 0.8279692 -0.014518738
vn -0.5654448 0.8201722 -0.08711934
vn -0.5605856 0.8279692 -0.014518738
vn -0.83616966 0.54666555 -0.04446453
vn -0.95612234 0.2929576 0.002427131
vn -0.9927691 0.037372857 -0.114073664
vn -0.9541569 0.114352345 0.27660084
vn -0.95612234 0.2929576 0.002427131
vn -0.831885 0.54962546 -0.07667631
vn -0.97070825 0.2035502 -0.12764296
vn -0.95612234 0.2929576 0.002427131
vn -0.97070825 0.2035502 -0.12764296
vn -0.9927691 0.037372857 -0.114073664
vn 0 0.991736 -0.12829548
vn -0.24833077 0.968671 0.0028567314
vn -0.26155463 0.9591643 -0.10767019
vn 0 0.991736 -0.12829548
vn 1.1909421E-09 0.9999946 0.0032699704
vn -0.24833077 0.968671 0.0028567314
vn -0.26155463 0.9591643 -0.10767019
vn -0.24833077 0.968671 0.0028567314
vn -0.5605856 0.8279692 -0.014518738
vn -2.3895859E-09 -0.99634635 0.08540475
vn -0.264473 -0.95735115 0.11632991
vn -0.26297313 -0.9602038 0.094094336
vn -2.3895859E-09 -0.99634635 0.08540475
vn -0.26297313 -0.9602038 0.094094336
vn -2.3971876E-09 -0.99866104 0.051731467
vn 0.47198525 -0.8808338 -0.03690332
vn 0.022412015 -0.916136 -0.40024036
vn -0.264473 -0.95735115 0.11632991
vn -0.264473 -0.95735115 0.11632991
vn 0.022412015 -0.916136 -0.40024036
vn -0.26297313 -0.9602038 0.094094336
vn -0.83616966 0.54666555 -0.04446453
vn -0.98281115 0.16385579 -0.085050315
vn -0.831885 0.54962546 -0.07667631
vn -0.83616966 0.54666555 -0.04446453
vn -0.5605856 0.8279692 -0.014518738
vn -0.84049207 0.54180413 0.004639566
vn -0.83616966 0.54666555 -0.04446453
vn -0.9869821 0.15683931 -0.03560622
vn -0.98281115 0.16385579 -0.085050315
vn -0.83616966 0.54666555 -0.04446453
vn -0.84049207 0.54180413 0.004639566
vn -0.9869821 0.15683931 -0.03560622
vn -0.831885 0.54962546 -0.07667631
vn -0.98281115 0.16385579 -0.085050315
vn -0.97070825 0.2035502 -0.12764296
vn -0.9927691 0.037372857 -0.114073664
vn -0.97070825 0.2035502 -0.12764296
vn -0.90523213 -0.26756042 -0.3301002
vn -0.97070825 0.2035502 -0.12764296
vn -0.98281115 0.16385579 -0.085050315
vn -0.90523213 -0.26756042 -0.3301002
vn 1.1909421E-09 0.9999946 0.0032699704
vn -0.24261422 0.9678767 0.065975845
vn -0.24833077 0.968671 0.0028567314
vn 1.1909421E-09 0.9999946 0.0032699704
vn 0 0.99732566 0.07308507
vn -0.24261422 0.9678767 0.065975845
vn -2.3971876E-09 -0.99866104 0.051731467
vn -0.26297313 -0.9602038 0.094094336
vn -0.24636929 -0.96761864 0.054920495
vn -2.3971876E-09 -0.99866104 0.051731467
vn -0.24636929 -0.96761864 0.054920495
vn -3.609331E-09 -0.99993 -0.011821806
vn 0.022412015 -0.916136 -0.40024036
vn -0.45343688 -0.8790606 0.14713037
vn -0.26297313 -0.9602038 0.094094336
vn 0.022412015 -0.916136 -0.40024036
vn -0.52194256 -0.743757 -0.41761398
vn -0.45343688 -0.8790606 0.14713037
vn -0.26297313 -0.9602038 0.094094336
vn -0.45343688 -0.8790606 0.14713037
vn -0.24636929 -0.96761864 0.054920495
vn -0.5605856 0.8279692 -0.014518738
vn -0.55915964 0.82773966 0.046770632
vn -0.84049207 0.54180413 0.004639566
vn -0.5605856 0.8279692 -0.014518738
vn -0.24833077 0.968671 0.0028567314
vn -0.55915964 0.82773966 0.046770632
vn -0.24833077 0.968671 0.0028567314
vn -0.24261422 0.9678767 0.065975845
vn -0.55915964 0.82773966 0.046770632
vn -0.9869821 0.15683931 -0.03560622
vn -0.9166334 -0.39448628 -0.064527124
vn -0.98281115 0.16385579 -0.085050315
vn -0.9869821 0.15683931 -0.03560622
vn -0.84049207 0.54180413 0.004639566
vn -0.9833519 0.15045452 0.10189461
vn -0.9869821 0.15683931 -0.03560622
vn -0.9237204 -0.38284242 -0.013129741
vn -0.9166334 -0.39448628 -0.064527124
vn -0.9869821 0.15683931 -0.03560622
vn -0.9833519 0.15045452 0.10189461
vn -0.9237204 -0.38284242 -0.013129741
vn -0.90523213 -0.26756042 -0.3301002
vn -0.89199024 -0.43609348 -0.11906254
vn -0.52194256 -0.743757 -0.41761398
vn -0.90523213 -0.26756042 -0.3301002
vn -0.98281115 0.16385579 -0.085050315
vn -0.89199024 -0.43609348 -0.11906254
vn -0.98281115 0.16385579 -0.085050315
vn -0.9166334 -0.39448628 -0.064527124
vn -0.89199024 -0.43609348 -0.11906254
vn 0 0.99732566 0.07308507
vn -0.24134712 0.96150714 0.13136071
vn -0.24261422 0.9678767 0.065975845
vn 0 0.99732566 0.07308507
vn -1.1913642E-09 0.99178994 0.12787795
vn -0.24134712 0.96150714 0.13136071
vn -3.609331E-09 -0.99993 -0.011821806
vn -0.24636929 -0.96761864 0.054920495
vn -0.23597008 -0.9716629 -0.013751924
vn -3.609331E-09 -0.99993 -0.011821806
vn -0.23597008 -0.9716629 -0.013751924
vn -0.21489622 -0.97658646 -0.009918988
vn -3.609331E-09 -0.99993 -0.011821806
vn -0.21489622 -0.97658646 -0.009918988
vn -8.877809E-08 -0.9988071 -0.048829496
vn -0.45343688 -0.8790606 0.14713037
vn -0.52194256 -0.743757 -0.41761398
vn -0.47003865 -0.8798399 0.070324
vn -0.45343688 -0.8790606 0.14713037
vn -0.47003865 -0.8798399 0.070324
vn -0.24636929 -0.96761864 0.054920495
vn -0.55915964 0.82773966 0.046770632
vn -0.82680124 0.5528786 0.10356164
vn -0.84049207 0.54180413 0.004639566
vn -0.55915964 0.82773966 0.046770632
vn -0.24261422 0.9678767 0.065975845
vn -0.5501448 0.8265767 0.11879206
vn -0.55915964 0.82773966 0.046770632
vn -0.5501448 0.8265767 0.11879206
vn -0.82680124 0.5528786 0.10356164
vn -0.24261422 0.9678767 0.065975845
vn -0.24134712 0.96150714 0.13136071
vn -0.5501448 0.8265767 0.11879206
vn -0.84049207 0.54180413 0.004639566
vn -0.82680124 0.5528786 0.10356164
vn -0.9833519 0.15045452 0.10189461
vn -0.9237204 -0.38284242 -0.013129741
vn -0.68987185 -0.7235825 -0.022473872
vn -0.9166334 -0.39448628 -0.064527124
vn -0.9237204 -0.38284242 -0.013129741
vn -0.9833519 0.15045452 0.10189461
vn -0.8963294 -0.19588263 0.39777336
vn -0.9237204 -0.38284242 -0.013129741
vn -0.70619905 -0.707911 -0.01203227
vn -0.68987185 -0.7235825 -0.022473872
vn -0.9237204 -0.38284242 -0.013129741
vn -0.8963294 -0.19588263 0.39777336
vn -0.70619905 -0.707911 -0.01203227
vn -0.89199024 -0.43609348 -0.11906254
vn -0.6498279 -0.7600712 0.0039151907
vn -0.52194256 -0.743757 -0.41761398
vn -0.89199024 -0.43609348 -0.11906254
vn -0.9166334 -0.39448628 -0.064527124
vn -0.6498279 -0.7600712 0.0039151907
vn -0.6498279 -0.7600712 0.0039151907
vn -0.47003865 -0.8798399 0.070324
vn -0.52194256 -0.743757 -0.41761398
vn -0.6498279 -0.7600712 0.0039151907
vn -0.68987185 -0.7235825 -0.022473872
vn -0.47003865 -0.8798399 0.070324
vn -0.6498279 -0.7600712 0.0039151907
vn -0.9166334 -0.39448628 -0.064527124
vn -0.68987185 -0.7235825 -0.022473872
vn -1.1913642E-09 0.99178994 0.12787795
vn -0.23699479 0.96315885 0.12711626
vn -0.24134712 0.96150714 0.13136071
vn -1.1913642E-09 0.99178994 0.12787795
vn -1.1934035E-09 0.9932514 0.11598164
vn -0.23699479 0.96315885 0.12711626
vn -0.23597008 -0.9716629 -0.013751924
vn -0.44633865 -0.8948224 -0.008632183
vn -0.21489622 -0.97658646 -0.009918988
vn -0.23597008 -0.9716629 -0.013751924
vn -0.24636929 -0.96761864 0.054920495
vn -0.48304147 -0.87558955 -0.0036957264
vn -0.23597008 -0.9716629 -0.013751924
vn -0.48304147 -0.87558955 -0.0036957264
vn -0.44633865 -0.8948224 -0.008632183
vn -0.48304147 -0.87558955 -0.0036957264
vn -0.70619905 -0.707911 -0.01203227
vn -0.44633865 -0.8948224 -0.008632183
vn -0.48304147 -0.87558955 -0.0036957264
vn -0.24636929 -0.96761864 0.054920495
vn -0.47003865 -0.8798399 0.070324
vn -0.48304147 -0.87558955 -0.0036957264
vn -0.47003865 -0.8798399 0.070324
vn -0.68987185 -0.7235825 -0.022473872
vn -0.48304147 -0.87558955 -0.0036957264
vn -0.68987185 -0.7235825 -0.022473872
vn -0.70619905 -0.707911 -0.01203227
vn -8.877809E-08 -0.9988071 -0.048829496
vn -0.21489622 -0.97658646 -0.009918988
vn -0.005327047 -0.9973375 -0.072728276
vn -8.877809E-08 -0.9988071 -0.048829496
vn -0.005327047 -0.9973375 -0.072728276
vn 2.9480105E-07 -0.99113226 -0.1328786
vn -0.5501448 0.8265767 0.11879206
vn -0.7898948 0.5868693 0.17790651
vn -0.82680124 0.5528786 0.10356164
vn -0.5501448 0.8265767 0.11879206
vn -0.24134712 0.96150714 0.13136071
vn -0.5335154 0.834944 0.1350174
vn -0.5501448 0.8265767 0.11879206
vn -0.5335154 0.834944 0.1350174
vn -0.7898948 0.5868693 0.17790651
vn -0.24134712 0.96150714 0.13136071
vn -0.23699479 0.96315885 0.12711626
vn -0.5335154 0.834944 0.1350174
vn -0.9833519 0.15045452 0.10189461
vn -0.9328503 0.22465003 0.28164285
vn -0.8963294 -0.19588263 0.39777336
vn -0.9833519 0.15045452 0.10189461
vn -0.82680124 0.5528786 0.10356164
vn -0.9328503 0.22465003 0.28164285
vn -0.9328503 0.22465003 0.28164285
vn -0.82680124 0.5528786 0.10356164
vn -0.7898948 0.5868693 0.17790651
vn -1.1934035E-09 0.9932514 0.11598164
vn -0.23091446 0.9724958 0.03049916
vn -0.23699479 0.96315885 0.12711626
vn -1.1934035E-09 0.9932514 0.11598164
vn 2.394328E-09 0.99982685 0.018598795
vn -0.23091446 0.9724958 0.03049916
vn -0.44633865 -0.8948224 -0.008632183
vn -0.70619905 -0.707911 -0.01203227
vn -0.22471493 -0.6989054 0.67899513
vn -0.44633865 -0.8948224 -0.008632183
vn 0.3498 -0.8600882 0.37133288
vn -0.21489622 -0.97658646 -0.009918988
vn -0.44633865 -0.8948224 -0.008632183
vn -0.22471493 -0.6989054 0.67899513
vn 0.3498 -0.8600882 0.37133288
vn -0.22471493 -0.6989054 0.67899513
vn -0.70619905 -0.707911 -0.01203227
vn -0.8963294 -0.19588263 0.39777336
vn -0.21489622 -0.97658646 -0.009918988
vn 0.3498 -0.8600882 0.37133288
vn -0.005327047 -0.9973375 -0.072728276
vn 2.9480105E-07 -0.99113226 -0.1328786
vn -0.005327047 -0.9973375 -0.072728276
vn 0.27642858 -0.92898387 -0.24612254
vn 2.9480105E-07 -0.99113226 -0.1328786
vn 0.27642858 -0.92898387 -0.24612254
vn 9.245175E-06 -0.9572286 -0.28933227
vn -0.5335154 0.834944 0.1350174
vn -0.75350416 0.6480855 0.110529065
vn -0.7898948 0.5868693 0.17790651
vn -0.5335154 0.834944 0.1350174
vn -0.23699479 0.96315885 0.12711626
vn -0.5114131 0.857875 0.05007106
vn -0.5335154 0.834944 0.1350174
vn -0.5114131 0.857875 0.05007106
vn -0.75350416 0.6480855 0.110529065
vn -0.23699479 0.96315885 0.12711626
vn -0.23091446 0.9724958 0.03049916
vn -0.5114131 0.857875 0.05007106
vn 2.394328E-09 0.99982685 0.018598795
vn -0.20992605 0.97004837 -0.122217774
vn -0.23091446 0.9724958 0.03049916
vn 2.394328E-09 0.99982685 0.018598795
vn 5.990234E-10 0.9910482 -0.13350374
vn -0.20992605 0.97004837 -0.122217774
vn 0.3498 -0.8600882 0.37133288
vn 0.7343381 -0.6750678 -0.07092893
vn -0.005327047 -0.9973375 -0.072728276
vn -0.005327047 -0.9973375 -0.072728276
vn 0.7343381 -0.6750678 -0.07092893
vn 0.27642858 -0.92898387 -0.24612254
vn -0.75350416 0.6480855 0.110529065
vn -0.5114131 0.857875 0.05007106
vn -0.7290328 0.6821183 -0.05679524
vn -0.23091446 0.9724958 0.03049916
vn -0.20992605 0.97004837 -0.122217774
vn -0.4838906 0.87018985 -0.092841566
vn -0.23091446 0.9724958 0.03049916
vn -0.4838906 0.87018985 -0.092841566
vn -0.5114131 0.857875 0.05007106
vn -0.5114131 0.857875 0.05007106
vn -0.4838906 0.87018985 -0.092841566
vn -0.7290328 0.6821183 -0.05679524
vn 5.990234E-10 0.9910482 -0.13350374
vn -0.17425852 0.9204068 -0.34997892
vn -0.20992605 0.97004837 -0.122217774
vn 5.990234E-10 0.9910482 -0.13350374
vn -1.8080487E-09 0.93582106 -0.3524754
vn -0.17425852 0.9204068 -0.34997892
vn -0.4838906 0.87018985 -0.092841566
vn -0.69192106 0.65842617 -0.29617566
vn -0.7290328 0.6821183 -0.05679524
vn -0.4838906 0.87018985 -0.092841566
vn -0.20992605 0.97004837 -0.122217774
vn -0.43860015 0.83758074 -0.32571185
vn -0.4838906 0.87018985 -0.092841566
vn -0.43860015 0.83758074 -0.32571185
vn -0.69192106 0.65842617 -0.29617566
vn -0.20992605 0.97004837 -0.122217774
vn -0.17425852 0.9204068 -0.34997892
vn -0.43860015 0.83758074 -0.32571185
vn -1.8080487E-09 0.93582106 -0.3524754
vn -0.140285 0.74914706 -0.6473784
vn -0.17425852 0.9204068 -0.34997892
vn -1.8080487E-09 0.93582106 -0.3524754
vn 6.111573E-10 0.7694308 -0.6387302
vn -0.140285 0.74914706 -0.6473784
vn -0.69192106 0.65842617 -0.29617566
vn -0.43860015 0.83758074 -0.32571185
vn -0.57632804 0.5519994 -0.6026133
vn -0.17425852 0.9204068 -0.34997892
vn -0.140285 0.74914706 -0.6473784
vn -0.34602067 0.6827548 -0.6435182
vn -0.17425852 0.9204068 -0.34997892
vn -0.34602067 0.6827548 -0.6435182
vn -0.43860015 0.83758074 -0.32571185
vn -0.43860015 0.83758074 -0.32571185
vn -0.34602067 0.6827548 -0.6435182
vn -0.57632804 0.5519994 -0.6026133
vn 6.111573E-10 0.7694308 -0.6387302
vn -0.10328015 0.46089348 -0.88142514
vn -0.140285 0.74914706 -0.6473784
vn 6.111573E-10 0.7694308 -0.6387302
vn -3.0407845E-09 0.47555143 -0.8796879
vn -0.10328015 0.46089348 -0.88142514
vn -0.34602067 0.6827548 -0.6435182
vn -0.23063803 0.4262378 -0.8747155
vn -0.57632804 0.5519994 -0.6026133
vn -0.34602067 0.6827548 -0.6435182
vn -0.140285 0.74914706 -0.6473784
vn -0.23063803 0.4262378 -0.8747155
vn -0.140285 0.74914706 -0.6473784
vn -0.10328015 0.46089348 -0.88142514
vn -0.23063803 0.4262378 -0.8747155
vn -3.0407845E-09 0.47555143 -0.8796879
vn -0.06658055 0.11818671 -0.99075675
vn -0.10328015 0.46089348 -0.88142514
vn -3.0407845E-09 0.47555143 -0.8796879
vn 1.2121687E-09 0.1264981 -0.9919668
vn -0.06658055 0.11818671 -0.99075675
vn -0.10328015 0.46089348 -0.88142514
vn -0.06658055 0.11818671 -0.99075675
vn -0.23063803 0.4262378 -0.8747155
vn -0.57632804 0.5519994 -0.6026133
vn -0.23063803 0.4262378 -0.8747155
vn -0.3844414 0.37523717 -0.8434464
vn 1.2121687E-09 0.1264981 -0.9919668
vn -0.051190477 -0.15300035 -0.9868994
vn -0.06658055 0.11818671 -0.99075675
vn 1.2121687E-09 0.1264981 -0.9919668
vn 1.1976502E-09 -0.16619295 -0.98609316
vn -0.051190477 -0.15300035 -0.9868994
vn -0.23063803 0.4262378 -0.8747155
vn -0.18625659 0.10269481 -0.9771194
vn -0.3844414 0.37523717 -0.8434464
vn -0.23063803 0.4262378 -0.8747155
vn -0.06658055 0.11818671 -0.99075675
vn -0.11610918 0.09999353 -0.9881902
vn -0.23063803 0.4262378 -0.8747155
vn -0.11610918 0.09999353 -0.9881902
vn -0.18625659 0.10269481 -0.9771194
vn 1.1976502E-09 -0.16619295 -0.98609316
vn 0.08214934 -0.5184292 -0.8511655
vn -0.051190477 -0.15300035 -0.9868994
vn 1.1976502E-09 -0.16619295 -0.98609316
vn -1.2288008E-09 -0.5402622 -0.84149677
vn 0.08214934 -0.5184292 -0.8511655
vn -0.06658055 0.11818671 -0.99075675
vn -0.072896615 -0.12354779 -0.98965746
vn -0.11610918 0.09999353 -0.9881902
vn -0.06658055 0.11818671 -0.99075675
vn -0.051190477 -0.15300035 -0.9868994
vn -0.072896615 -0.12354779 -0.98965746
vn -1.2288008E-09 -0.5402622 -0.84149677
vn 0 -0.84339625 -0.537292
vn 0.08214934 -0.5184292 -0.8511655
vn -0.051190477 -0.15300035 -0.9868994
vn 0.103606634 -0.47800094 -0.8722273
vn -0.072896615 -0.12354779 -0.98965746
vn -0.051190477 -0.15300035 -0.9868994
vn 0.08214934 -0.5184292 -0.8511655
vn 0.103606634 -0.47800094 -0.8722273
vn 0 -0.84339625 -0.537292
vn 0.27244204 -0.80299705 -0.53006685
vn 0.08214934 -0.5184292 -0.8511655
vn 0 -0.84339625 -0.537292
vn 9.245175E-06 -0.9572286 -0.28933227
vn 0.27244204 -0.80299705 -0.53006685
vn 0.08214934 -0.5184292 -0.8511655
vn 0.27244204 -0.80299705 -0.53006685
vn 0.103606634 -0.47800094 -0.8722273
vn 9.245175E-06 -0.9572286 -0.28933227
vn 0.27642858 -0.92898387 -0.24612254
vn 0.27244204 -0.80299705 -0.53006685
vn 0.103606634 -0.47800094 -0.8722273
vn 0.27244204 -0.80299705 -0.53006685
vn 0.6210907 -0.51710534 -0.5889385
vn 0.27244204 -0.80299705 -0.53006685
vn 0.27642858 -0.92898387 -0.24612254
vn 0.6210907 -0.51710534 -0.5889385
vn 0.27642858 -0.92898387 -0.24612254
vn 0.7343381 -0.6750678 -0.07092893
vn 0.6210907 -0.51710534 -0.5889385
vn -0.00034331367 -0.388467 -0.92146266
vn -1.0082291E-06 -0.5460483 -0.83775365
vn -0.5416419 -0.3172559 -0.77844244
vn -1.0082291E-06 -0.5460483 -0.83775365
vn -0.50518 -0.42979717 -0.7483766
vn -0.5416419 -0.3172559 -0.77844244
vn -1.0082291E-06 -0.5460483 -0.83775365
vn -5.801226E-07 -0.8853898 -0.46484923
vn -0.50518 -0.42979717 -0.7483766
vn -0.5416419 -0.3172559 -0.77844244
vn -0.50518 -0.42979717 -0.7483766
vn -0.9419158 -0.084627986 -0.32501206
vn -5.801226E-07 -0.8853898 -0.46484923
vn -0.55441713 -0.7606212 -0.33775315
vn -0.50518 -0.42979717 -0.7483766
vn -0.9419158 -0.084627986 -0.32501206
vn -0.50518 -0.42979717 -0.7483766
vn -0.9351714 -0.09110013 -0.34227955
vn -0.9419158 -0.084627986 -0.32501206
vn -0.9351714 -0.09110013 -0.34227955
vn -0.9651094 0.19328558 0.17664815
vn -0.50518 -0.42979717 -0.7483766
vn -0.55441713 -0.7606212 -0.33775315
vn -0.9351714 -0.09110013 -0.34227955
vn -0.9651094 0.19328558 0.17664815
vn -0.9351714 -0.09110013 -0.34227955
vn -0.9945633 -0.06360741 -0.082448915
vn -0.9651094 0.19328558 0.17664815
vn -0.9945633 -0.06360741 -0.082448915
vn -0.8932737 0.3822196 0.23658042
vn -0.9651094 0.19328558 0.17664815
vn -0.8932737 0.3822196 0.23658042
vn -0.5935305 0.55461735 0.58319914
vn -0.9351714 -0.09110013 -0.34227955
vn -0.55441713 -0.7606212 -0.33775315
vn -0.9945633 -0.06360741 -0.082448915
vn -0.8932737 0.3822196 0.23658042
vn -0.4027899 0.7913619 0.4598986
vn -0.5935305 0.55461735 0.58319914
vn -0.8932737 0.3822196 0.23658042
vn -0.9945633 -0.06360741 -0.082448915
vn -0.99491495 -0.0639335 0.07782506
vn -0.8932737 0.3822196 0.23658042
vn -0.80737966 0.36987236 0.45970914
vn -0.4027899 0.7913619 0.4598986
vn -0.8932737 0.3822196 0.23658042
vn -0.99491495 -0.0639335 0.07782506
vn -0.80737966 0.36987236 0.45970914
vn -0.55441713 -0.7606212 -0.33775315
vn -0.6639326 -0.7475325 0.019710004
vn -0.9945633 -0.06360741 -0.082448915
vn -0.9945633 -0.06360741 -0.082448915
vn -0.6639326 -0.7475325 0.019710004
vn -0.99491495 -0.0639335 0.07782506
vn -0.5935305 0.55461735 0.58319914
vn -0.4027899 0.7913619 0.4598986
vn -0.0005834544 0.73114395 0.6822231
vn -0.80737966 0.36987236 0.45970914
vn -0.99491495 -0.0639335 0.07782506
vn -0.936635 -0.0840511 0.3400741
vn -0.80737966 0.36987236 0.45970914
vn -0.31556538 0.65557396 0.686033
vn -0.4027899 0.7913619 0.4598986
vn -0.80737966 0.36987236 0.45970914
vn -0.936635 -0.0840511 0.3400741
vn -0.599923 0.27654707 0.7507423
vn -0.80737966 0.36987236 0.45970914
vn -0.599923 0.27654707 0.7507423
vn -0.31556538 0.65557396 0.686033
vn -0.99491495 -0.0639335 0.07782506
vn -0.6639326 -0.7475325 0.019710004
vn -0.936635 -0.0840511 0.3400741
vn -0.0005834544 0.73114395 0.6822231
vn -0.4027899 0.7913619 0.4598986
vn -9.662144E-07 0.89097154 0.45405912
vn -0.0005834544 0.73114395 0.6822231
vn -9.662144E-07 0.89097154 0.45405912
vn 0.40271148 0.7909539 0.46066836
vn -0.0005834544 0.73114395 0.6822231
vn 0.40271148 0.7909539 0.46066836
vn 0.5746454 0.54382396 0.61158663
vn -0.4027899 0.7913619 0.4598986
vn -0.31556538 0.65557396 0.686033
vn -9.662144E-07 0.89097154 0.45405912
vn -0.599923 0.27654707 0.7507423
vn -0.936635 -0.0840511 0.3400741
vn -0.63008344 -0.1879946 0.75342745
vn -0.599923 0.27654707 0.7507423
vn 0.3770858 0.18440413 0.9076351
vn -0.31556538 0.65557396 0.686033
vn -0.599923 0.27654707 0.7507423
vn -0.63008344 -0.1879946 0.75342745
vn 0.4092406 -0.19166183 0.8920694
vn -0.599923 0.27654707 0.7507423
vn 0.4092406 -0.19166183 0.8920694
vn 0.3770858 0.18440413 0.9076351
vn -0.6639326 -0.7475325 0.019710004
vn -0.6141692 -0.7448025 0.2608933
vn -0.936635 -0.0840511 0.3400741
vn 0.40271148 0.7909539 0.46066836
vn 0.8918203 0.37148765 0.25817358
vn 0.5746454 0.54382396 0.61158663
vn 0.40271148 0.7909539 0.46066836
vn -9.662144E-07 0.89097154 0.45405912
vn 0.31556424 0.6555744 0.68603307
vn 0.40271148 0.7909539 0.46066836
vn 0.8073796 0.3698724 0.45970923
vn 0.8918203 0.37148765 0.25817358
vn 0.40271148 0.7909539 0.46066836
vn 0.31556424 0.6555744 0.68603307
vn 0.8073796 0.3698724 0.45970923
vn -0.31556538 0.65557396 0.686033
vn 0.3770858 0.18440413 0.9076351
vn -0.08517743 -0.0996083 0.9913742
vn -0.31556538 0.65557396 0.686033
vn -1.1853213E-06 0.7016762 0.71249586
vn -9.662144E-07 0.89097154 0.45405912
vn -0.31556538 0.65557396 0.686033
vn -0.08517743 -0.0996083 0.9913742
vn -0.6340422 0.20125014 0.74665177
vn -0.31556538 0.65557396 0.686033
vn -0.6340422 0.20125014 0.74665177
vn -1.1853213E-06 0.7016762 0.71249586
vn -9.662144E-07 0.89097154 0.45405912
vn -1.1853213E-06 0.7016762 0.71249586
vn 0.31556424 0.6555744 0.68603307
vn 0.3770858 0.18440413 0.9076351
vn 0.4092406 -0.19166183 0.8920694
vn -0.08517743 -0.0996083 0.9913742
vn -0.63008344 -0.1879946 0.75342745
vn -0.936635 -0.0840511 0.3400741
vn -0.41760805 -0.78765535 0.4529928
vn -0.63008344 -0.1879946 0.75342745
vn 0.2051163 -0.7121537 0.6713899
vn 0.4092406 -0.19166183 0.8920694
vn -0.63008344 -0.1879946 0.75342745
vn -0.41760805 -0.78765535 0.4529928
vn 0.2051163 -0.7121537 0.6713899
vn -0.41760805 -0.78765535 0.4529928
vn -0.936635 -0.0840511 0.3400741
vn -0.6141692 -0.7448025 0.2608933
vn 0.4092406 -0.19166183 0.8920694
vn 0.2051163 -0.7121537 0.6713899
vn -0.08517743 -0.0996083 0.9913742
vn 0.5746454 0.54382396 0.61158663
vn 0.8918203 0.37148765 0.25817358
vn 0.9658863 0.1482069 0.21236387
vn 0.8073796 0.3698724 0.45970923
vn 0.31556424 0.6555744 0.68603307
vn 0.59992313 0.27654707 0.7507423
vn 0.8073796 0.3698724 0.45970923
vn 0.9949149 -0.06393352 0.0778251
vn 0.8918203 0.37148765 0.25817358
vn 0.8073796 0.3698724 0.45970923
vn 0.59992313 0.27654707 0.7507423
vn 0.936635 -0.08405098 0.34007397
vn 0.8073796 0.3698724 0.45970923
vn 0.936635 -0.08405098 0.34007397
vn 0.9949149 -0.06393352 0.0778251
vn -0.6340422 0.20125014 0.74665177
vn -1.0885051E-06 0.26146752 0.9652122
vn -1.1853213E-06 0.7016762 0.71249586
vn -0.6340422 0.20125014 0.74665177
vn -0.08517743 -0.0996083 0.9913742
vn -0.64847904 -0.19378692 0.7361532
vn -0.6340422 0.20125014 0.74665177
vn -1.1519111E-06 -0.262043 0.9650562
vn -1.0885051E-06 0.26146752 0.9652122
vn -0.6340422 0.20125014 0.74665177
vn -0.64847904 -0.19378692 0.7361532
vn -1.1519111E-06 -0.262043 0.9650562
vn 0.2051163 -0.7121537 0.6713899
vn -0.14733565 -0.9153687 0.3746894
vn -0.08517743 -0.0996083 0.9913742
vn 0.9658863 0.1482069 0.21236387
vn 0.8918203 0.37148765 0.25817358
vn 0.9930833 -0.086549014 -0.07933897
vn 0.9658863 0.1482069 0.21236387
vn 0.9930833 -0.086549014 -0.07933897
vn 0.9301352 -0.13321412 -0.34220237
vn 0.9658863 0.1482069 0.21236387
vn 0.9301352 -0.13321412 -0.34220237
vn 0.9301815 -0.1232909 -0.3457772
vn 0.8918203 0.37148765 0.25817358
vn 0.9949149 -0.06393352 0.0778251
vn 0.9930833 -0.086549014 -0.07933897
vn 0.31556424 0.6555744 0.68603307
vn -0.37708545 0.18440413 0.90763515
vn 0.59992313 0.27654707 0.7507423
vn 0.31556424 0.6555744 0.68603307
vn -1.1853213E-06 0.7016762 0.71249586
vn 0.6340415 0.20125043 0.74665225
vn 0.31556424 0.6555744 0.68603307
vn 0.08517805 -0.09960848 0.99137425
vn -0.37708545 0.18440413 0.90763515
vn 0.31556424 0.6555744 0.68603307
vn 0.6340415 0.20125043 0.74665225
vn 0.08517805 -0.09960848 0.99137425
vn -1.0885051E-06 0.26146752 0.9652122
vn -1.1519111E-06 -0.262043 0.9650562
vn 0.6340415 0.20125043 0.74665225
vn -1.0885051E-06 0.26146752 0.9652122
vn 0.6340415 0.20125043 0.74665225
vn -1.1853213E-06 0.7016762 0.71249586
vn 0.936635 -0.08405098 0.34007397
vn 0.6639327 -0.74753267 0.019710004
vn 0.9949149 -0.06393352 0.0778251
vn 0.936635 -0.08405098 0.34007397
vn 0.59992313 0.27654707 0.7507423
vn 0.63008344 -0.18799454 0.7534275
vn 0.936635 -0.08405098 0.34007397
vn 0.61416924 -0.7448026 0.26089334
vn 0.6639327 -0.74753267 0.019710004
vn 0.936635 -0.08405098 0.34007397
vn 0.63008344 -0.18799454 0.7534275
vn 0.4176081 -0.78765535 0.45299292
vn 0.936635 -0.08405098 0.34007397
vn 0.4176081 -0.78765535 0.45299292
vn 0.61416924 -0.7448026 0.26089334
vn 0.9949149 -0.06393352 0.0778251
vn 0.6639327 -0.74753267 0.019710004
vn 0.9930833 -0.086549014 -0.07933897
vn -0.64847904 -0.19378692 0.7361532
vn -0.08517743 -0.0996083 0.9913742
vn -0.5657279 -0.6908101 0.45025903
vn -0.64847904 -0.19378692 0.7361532
vn -6.8369695E-07 -0.83779174 0.54598993
vn -1.1519111E-06 -0.262043 0.9650562
vn -0.64847904 -0.19378692 0.7361532
vn -0.5657279 -0.6908101 0.45025903
vn -6.8369695E-07 -0.83779174 0.54598993
vn -0.5657279 -0.6908101 0.45025903
vn -0.08517743 -0.0996083 0.9913742
vn -0.14733565 -0.9153687 0.3746894
vn 0.9301352 -0.13321412 -0.34220237
vn 0.49636158 -0.44101435 -0.747751
vn 0.9301815 -0.1232909 -0.3457772
vn 0.9301352 -0.13321412 -0.34220237
vn 0.9930833 -0.086549014 -0.07933897
vn 0.55441684 -0.7606212 -0.3377534
vn 0.9301352 -0.13321412 -0.34220237
vn 0.55441684 -0.7606212 -0.3377534
vn 0.49636158 -0.44101435 -0.747751
vn 0.9930833 -0.086549014 -0.07933897
vn 0.6639327 -0.74753267 0.019710004
vn 0.55441684 -0.7606212 -0.3377534
vn -0.37708545 0.18440413 0.90763515
vn 0.08517805 -0.09960848 0.99137425
vn -0.40924034 -0.19166178 0.89206964
vn -0.37708545 0.18440413 0.90763515
vn -0.40924034 -0.19166178 0.89206964
vn 0.59992313 0.27654707 0.7507423
vn 0.59992313 0.27654707 0.7507423
vn -0.40924034 -0.19166178 0.89206964
vn 0.63008344 -0.18799454 0.7534275
vn 0.6340415 0.20125043 0.74665225
vn -1.1519111E-06 -0.262043 0.9650562
vn 0.6484783 -0.1937871 0.7361537
vn 0.6340415 0.20125043 0.74665225
vn 0.6484783 -0.1937871 0.7361537
vn 0.08517805 -0.09960848 0.99137425
vn -1.1519111E-06 -0.262043 0.9650562
vn -6.8369695E-07 -0.83779174 0.54598993
vn 0.6484783 -0.1937871 0.7361537
vn 0.4176081 -0.78765535 0.45299292
vn 0.63008344 -0.18799454 0.7534275
vn -0.20511594 -0.7121538 0.67138994
vn -0.40924034 -0.19166178 0.89206964
vn 0.08517805 -0.09960848 0.99137425
vn -0.20511594 -0.7121538 0.67138994
vn -0.40924034 -0.19166178 0.89206964
vn -0.20511594 -0.7121538 0.67138994
vn 0.63008344 -0.18799454 0.7534275
vn 0.9301815 -0.1232909 -0.3457772
vn 0.49636158 -0.44101435 -0.747751
vn 0.5134983 -0.32902485 -0.7925038
vn 0.55441684 -0.7606212 -0.3377534
vn -5.801226E-07 -0.8853898 -0.46484923
vn 0.49636158 -0.44101435 -0.747751
vn -6.8369695E-07 -0.83779174 0.54598993
vn 0.5657274 -0.6908102 0.45025957
vn 0.6484783 -0.1937871 0.7361537
vn 0.6484783 -0.1937871 0.7361537
vn 0.5657274 -0.6908102 0.45025957
vn 0.08517805 -0.09960848 0.99137425
vn -0.20511594 -0.7121538 0.67138994
vn 0.08517805 -0.09960848 0.99137425
vn 0.14733595 -0.9153687 0.3746897
vn 0.14733595 -0.9153687 0.3746897
vn 0.08517805 -0.09960848 0.99137425
vn 0.5657274 -0.6908102 0.45025957
vn 0.5134983 -0.32902485 -0.7925038
vn 0.49636158 -0.44101435 -0.747751
vn -1.0082291E-06 -0.5460483 -0.83775365
vn 0.5134983 -0.32902485 -0.7925038
vn -1.0082291E-06 -0.5460483 -0.83775365
vn -0.00034331367 -0.388467 -0.92146266
vn -1.0082291E-06 -0.5460483 -0.83775365
vn 0.49636158 -0.44101435 -0.747751
vn -5.801226E-07 -0.8853898 -0.46484923
vn 0.2051163 -0.7121537 0.6713899
vn -0.41760805 -0.78765535 0.4529928
vn -0.14733565 -0.9153687 0.3746894
vn -0.41760805 -0.78765535 0.4529928
vn -0.6141692 -0.7448025 0.2608933
vn -0.14733565 -0.9153687 0.3746894
vn -0.6141692 -0.7448025 0.2608933
vn -0.6639326 -0.7475325 0.019710004
vn -0.14733565 -0.9153687 0.3746894
vn -0.6639326 -0.7475325 0.019710004
vn 3.8538412E-09 -0.99999994 -0.0001629591
vn -0.14733565 -0.9153687 0.3746894
vn -0.6639326 -0.7475325 0.019710004
vn -0.55441713 -0.7606212 -0.33775315
vn 3.8538412E-09 -0.99999994 -0.0001629591
vn -0.14733565 -0.9153687 0.3746894
vn 3.8538412E-09 -0.99999994 -0.0001629591
vn 0 -0.99999994 -5.9604645E-08
vn -0.14733565 -0.9153687 0.3746894
vn 0 -0.99999994 -5.9604645E-08
vn -0.5657279 -0.6908101 0.45025903
vn -0.55441713 -0.7606212 -0.33775315
vn -5.801226E-07 -0.8853898 -0.46484923
vn 3.8538412E-09 -0.99999994 -0.0001629591
vn 0 -0.99999994 -5.9604645E-08
vn -6.8369695E-07 -0.83779174 0.54598993
vn -0.5657279 -0.6908101 0.45025903
vn 0 -0.99999994 -5.9604645E-08
vn 3.8538412E-09 -0.99999994 -0.0001629591
vn 0.14733595 -0.9153687 0.3746897
vn 0 -0.99999994 -5.9604645E-08
vn 0.5657274 -0.6908102 0.45025957
vn -6.8369695E-07 -0.83779174 0.54598993
vn 0 -0.99999994 -5.9604645E-08
vn 0.14733595 -0.9153687 0.3746897
vn 0.5657274 -0.6908102 0.45025957
vn -5.801226E-07 -0.8853898 -0.46484923
vn 0.55441684 -0.7606212 -0.3377534
vn 3.8538412E-09 -0.99999994 -0.0001629591
vn 0.14733595 -0.9153687 0.3746897
vn 3.8538412E-09 -0.99999994 -0.0001629591
vn 0.6639327 -0.74753267 0.019710004
vn 0.14733595 -0.9153687 0.3746897
vn 0.6639327 -0.74753267 0.019710004
vn 0.61416924 -0.7448026 0.26089334
vn 0.14733595 -0.9153687 0.3746897
vn 0.61416924 -0.7448026 0.26089334
vn 0.4176081 -0.78765535 0.45299292
vn 0.14733595 -0.9153687 0.3746897
vn 0.4176081 -0.78765535 0.45299292
vn -0.20511594 -0.7121538 0.67138994
vn 0.6639327 -0.74753267 0.019710004
vn 3.8538412E-09 -0.99999994 -0.0001629591
vn 0.55441684 -0.7606212 -0.3377534
vn 0.00034327377 -0.3884676 -0.9214622
vn 0.54163855 -0.31725633 -0.77844465
vn 1.0082261E-06 -0.5460458 -0.8377552
vn 0.54163855 -0.31725633 -0.77844465
vn 0.5051787 -0.42979681 -0.7483776
vn 1.0082261E-06 -0.5460458 -0.8377552
vn 0.54163855 -0.31725633 -0.77844465
vn 0.9419156 -0.08462706 -0.32501283
vn 0.5051787 -0.42979681 -0.7483776
vn 1.0082261E-06 -0.5460458 -0.8377552
vn 0.5051787 -0.42979681 -0.7483776
vn 5.9371774E-07 -0.885389 -0.4648509
vn 0.9419156 -0.08462706 -0.32501283
vn 0.9351719 -0.091098785 -0.34227845
vn 0.5051787 -0.42979681 -0.7483776
vn 0.9419156 -0.08462706 -0.32501283
vn 0.9651091 0.19328558 0.17664976
vn 0.9351719 -0.091098785 -0.34227845
vn 5.9371774E-07 -0.885389 -0.4648509
vn 0.5051787 -0.42979681 -0.7483776
vn 0.5544178 -0.7606207 -0.33775294
vn 0.5051787 -0.42979681 -0.7483776
vn 0.9351719 -0.091098785 -0.34227845
vn 0.5544178 -0.7606207 -0.33775294
vn 0.9651091 0.19328558 0.17664976
vn 0.9945634 -0.063607395 -0.08244818
vn 0.9351719 -0.091098785 -0.34227845
vn 0.9651091 0.19328558 0.17664976
vn 0.89327496 0.38221675 0.23658028
vn 0.9945634 -0.063607395 -0.08244818
vn 0.9651091 0.19328558 0.17664976
vn 0.5935311 0.55461526 0.5832003
vn 0.89327496 0.38221675 0.23658028
vn 0.9351719 -0.091098785 -0.34227845
vn 0.9945634 -0.063607395 -0.08244818
vn 0.5544178 -0.7606207 -0.33775294
vn 0.5935311 0.55461526 0.5832003
vn 0.40278634 0.79136115 0.459903
vn 0.89327496 0.38221675 0.23658028
vn 0.5935311 0.55461526 0.5832003
vn 0.00058193144 0.73114663 0.6822202
vn 0.40278634 0.79136115 0.459903
vn 0.9945634 -0.063607395 -0.08244818
vn 0.6639325 -0.74753267 0.01971078
vn 0.5544178 -0.7606207 -0.33775294
vn 0.9945634 -0.063607395 -0.08244818
vn 0.89327496 0.38221675 0.23658028
vn 0.9949151 -0.06393357 0.0778235
vn 0.9945634 -0.063607395 -0.08244818
vn 0.9949151 -0.06393357 0.0778235
vn 0.6639325 -0.74753267 0.01971078
vn 0.00058193144 0.73114663 0.6822202
vn 9.736248E-07 0.89096904 0.45406413
vn 0.40278634 0.79136115 0.459903
vn 0.00058193144 0.73114663 0.6822202
vn -0.40270814 0.7909554 0.4606686
vn 9.736248E-07 0.89096904 0.45406413
vn 0.00058193144 0.73114663 0.6822202
vn -0.57464594 0.5438254 0.6115847
vn -0.40270814 0.7909554 0.4606686
vn 0.89327496 0.38221675 0.23658028
vn 0.8073781 0.36986965 0.45971394
vn 0.9949151 -0.06393357 0.0778235
vn 0.89327496 0.38221675 0.23658028
vn 0.40278634 0.79136115 0.459903
vn 0.8073781 0.36986965 0.45971394
vn 0.6639325 -0.74753267 0.01971078
vn 0.9949151 -0.06393357 0.0778235
vn 0.9366339 -0.08405131 0.34007704
vn 0.6639325 -0.74753267 0.01971078
vn 0.9366339 -0.08405131 0.34007704
vn 0.61416864 -0.7448017 0.26089704
vn 0.9949151 -0.06393357 0.0778235
vn 0.8073781 0.36986965 0.45971394
vn 0.9366339 -0.08405131 0.34007704
vn 9.736248E-07 0.89096904 0.45406413
vn -0.40270814 0.7909554 0.4606686
vn -0.31556264 0.6555728 0.6860355
vn 9.736248E-07 0.89096904 0.45406413
vn 0.31556377 0.65557224 0.6860354
vn 0.40278634 0.79136115 0.459903
vn 9.736248E-07 0.89096904 0.45406413
vn -0.31556264 0.6555728 0.6860355
vn 1.1927826E-06 0.7016815 0.71249074
vn 9.736248E-07 0.89096904 0.45406413
vn 1.1927826E-06 0.7016815 0.71249074
vn 0.31556377 0.65557224 0.6860354
vn 0.40278634 0.79136115 0.459903
vn 0.31556377 0.65557224 0.6860354
vn 0.8073781 0.36986965 0.45971394
vn -0.57464594 0.5438254 0.6115847
vn -0.89182085 0.3714866 0.25817305
vn -0.40270814 0.7909554 0.4606686
vn -0.57464594 0.5438254 0.6115847
vn -0.96588564 0.14820707 0.21236663
vn -0.89182085 0.3714866 0.25817305
vn 0.61416864 -0.7448017 0.26089704
vn 0.9366339 -0.08405131 0.34007704
vn 0.41760746 -0.78765655 0.4529912
vn -0.31556264 0.6555728 0.6860355
vn -0.6340427 0.20125306 0.74665046
vn 1.1927826E-06 0.7016815 0.71249074
vn -0.31556264 0.6555728 0.6860355
vn -0.40270814 0.7909554 0.4606686
vn -0.8073781 0.36986974 0.459714
vn -0.31556264 0.6555728 0.6860355
vn -0.0851757 -0.09960282 0.9913751
vn -0.6340427 0.20125306 0.74665046
vn -0.31556264 0.6555728 0.6860355
vn -0.8073781 0.36986974 0.459714
vn -0.5999208 0.2765469 0.7507443
vn -0.31556264 0.6555728 0.6860355
vn 0.3770862 0.18440843 0.907634
vn -0.0851757 -0.09960282 0.9913751
vn -0.31556264 0.6555728 0.6860355
vn -0.5999208 0.2765469 0.7507443
vn 0.3770862 0.18440843 0.907634
vn -0.40270814 0.7909554 0.4606686
vn -0.89182085 0.3714866 0.25817305
vn -0.8073781 0.36986974 0.459714
vn 0.31556377 0.65557224 0.6860354
vn 0.59992075 0.27654672 0.75074434
vn 0.8073781 0.36986965 0.45971394
vn 0.31556377 0.65557224 0.6860354
vn 1.1927826E-06 0.7016815 0.71249074
vn 0.6340434 0.20125282 0.74665
vn 0.31556377 0.65557224 0.6860354
vn -0.37708652 0.18440837 0.9076338
vn 0.59992075 0.27654672 0.75074434
vn 0.31556377 0.65557224 0.6860354
vn 0.6340434 0.20125282 0.74665
vn 0.08517516 -0.0996027 0.991375
vn 0.31556377 0.65557224 0.6860354
vn 0.08517516 -0.0996027 0.991375
vn -0.37708652 0.18440837 0.9076338
vn 0.8073781 0.36986965 0.45971394
vn 0.59992075 0.27654672 0.75074434
vn 0.9366339 -0.08405131 0.34007704
vn -0.96588564 0.14820707 0.21236663
vn -0.9930835 -0.08654892 -0.07933835
vn -0.89182085 0.3714866 0.25817305
vn -0.96588564 0.14820707 0.21236663
vn -0.93013585 -0.13321295 -0.34220105
vn -0.9930835 -0.08654892 -0.07933835
vn -0.96588564 0.14820707 0.21236663
vn -0.93018156 -0.123290986 -0.34577703
vn -0.93013585 -0.13321295 -0.34220105
vn 0.41760746 -0.78765655 0.4529912
vn 0.9366339 -0.08405131 0.34007704
vn 0.63008565 -0.1879937 0.7534257
vn 0.41760746 -0.78765655 0.4529912
vn 0.63008565 -0.1879937 0.7534257
vn -0.2051341 -0.71215 0.6713884
vn 0.9366339 -0.08405131 0.34007704
vn 0.59992075 0.27654672 0.75074434
vn 0.63008565 -0.1879937 0.7534257
vn -0.6340427 0.20125306 0.74665046
vn -0.0851757 -0.09960282 0.9913751
vn -0.6484786 -0.19379038 0.73615265
vn -0.6340427 0.20125306 0.74665046
vn 1.0962657E-06 0.26147747 0.9652096
vn 1.1927826E-06 0.7016815 0.71249074
vn -0.6340427 0.20125306 0.74665046
vn -0.6484786 -0.19379038 0.73615265
vn 1.1293278E-06 -0.26205164 0.9650538
vn -0.6340427 0.20125306 0.74665046
vn 1.1293278E-06 -0.26205164 0.9650538
vn 1.0962657E-06 0.26147747 0.9652096
vn 1.0962657E-06 0.26147747 0.9652096
vn 0.6340434 0.20125282 0.74665
vn 1.1927826E-06 0.7016815 0.71249074
vn 1.0962657E-06 0.26147747 0.9652096
vn 1.1293278E-06 -0.26205164 0.9650538
vn 0.6340434 0.20125282 0.74665
vn -0.5999208 0.2765469 0.7507443
vn 0.4092381 -0.19165808 0.8920715
vn 0.3770862 0.18440843 0.907634
vn -0.5999208 0.2765469 0.7507443
vn -0.8073781 0.36986974 0.459714
vn -0.9366339 -0.08405122 0.34007692
vn -0.5999208 0.2765469 0.7507443
vn -0.63008565 -0.18799365 0.75342584
vn 0.4092381 -0.19165808 0.8920715
vn -0.5999208 0.2765469 0.7507443
vn -0.9366339 -0.08405122 0.34007692
vn -0.63008565 -0.18799365 0.75342584
vn 0.3770862 0.18440843 0.907634
vn 0.4092381 -0.19165808 0.8920715
vn -0.0851757 -0.09960282 0.9913751
vn 0.08517516 -0.0996027 0.991375
vn -0.40923846 -0.19165802 0.89207125
vn -0.37708652 0.18440837 0.9076338
vn 0.08517516 -0.0996027 0.991375
vn 0.14731734 -0.9153799 0.37466937
vn -0.2051341 -0.71215 0.6713884
vn 0.08517516 -0.0996027 0.991375
vn 0.6340434 0.20125282 0.74665
vn 0.6484793 -0.1937902 0.7361522
vn 0.08517516 -0.0996027 0.991375
vn -0.2051341 -0.71215 0.6713884
vn -0.40923846 -0.19165802 0.89207125
vn 0.08517516 -0.0996027 0.991375
vn 0.56573033 -0.6908089 0.45025772
vn 0.14731734 -0.9153799 0.37466937
vn 0.08517516 -0.0996027 0.991375
vn 0.6484793 -0.1937902 0.7361522
vn 0.56573033 -0.6908089 0.45025772
vn -0.40923846 -0.19165802 0.89207125
vn 0.59992075 0.27654672 0.75074434
vn -0.37708652 0.18440837 0.9076338
vn -0.40923846 -0.19165802 0.89207125
vn -0.2051341 -0.71215 0.6713884
vn 0.63008565 -0.1879937 0.7534257
vn -0.40923846 -0.19165802 0.89207125
vn 0.63008565 -0.1879937 0.7534257
vn 0.59992075 0.27654672 0.75074434
vn 0.6340434 0.20125282 0.74665
vn 1.1293278E-06 -0.26205164 0.9650538
vn 0.6484793 -0.1937902 0.7361522
vn -0.89182085 0.3714866 0.25817305
vn -0.9930835 -0.08654892 -0.07933835
vn -0.9949151 -0.06393361 0.07782355
vn -0.89182085 0.3714866 0.25817305
vn -0.9949151 -0.06393361 0.07782355
vn -0.8073781 0.36986974 0.459714
vn -0.8073781 0.36986974 0.459714
vn -0.9949151 -0.06393361 0.07782355
vn -0.9366339 -0.08405122 0.34007692
vn -0.93018156 -0.123290986 -0.34577703
vn -0.49636036 -0.4410138 -0.7477521
vn -0.93013585 -0.13321295 -0.34220105
vn -0.93018156 -0.123290986 -0.34577703
vn -0.5134942 -0.3290257 -0.792506
vn -0.49636036 -0.4410138 -0.7477521
vn -0.6484786 -0.19379038 0.73615265
vn -0.0851757 -0.09960282 0.9913751
vn -0.5657299 -0.69080913 0.4502583
vn -0.6484786 -0.19379038 0.73615265
vn 6.794284E-07 -0.8377966 0.54598236
vn 1.1293278E-06 -0.26205164 0.9650538
vn -0.6484786 -0.19379038 0.73615265
vn -0.5657299 -0.69080913 0.4502583
vn 6.794284E-07 -0.8377966 0.54598236
vn 6.794284E-07 -0.8377966 0.54598236
vn 0.56573033 -0.6908089 0.45025772
vn 0.6484793 -0.1937902 0.7361522
vn 6.794284E-07 -0.8377966 0.54598236
vn 0.6484793 -0.1937902 0.7361522
vn 1.1293278E-06 -0.26205164 0.9650538
vn -0.63008565 -0.18799365 0.75342584
vn 0.20513369 -0.71215004 0.6713884
vn 0.4092381 -0.19165808 0.8920715
vn -0.63008565 -0.18799365 0.75342584
vn -0.9366339 -0.08405122 0.34007692
vn -0.41760746 -0.78765655 0.4529912
vn -0.63008565 -0.18799365 0.75342584
vn -0.41760746 -0.78765655 0.4529912
vn 0.20513369 -0.71215004 0.6713884
vn 0.4092381 -0.19165808 0.8920715
vn 0.20513369 -0.71215004 0.6713884
vn -0.0851757 -0.09960282 0.9913751
vn -0.9930835 -0.08654892 -0.07933835
vn -0.66393244 -0.74753267 0.01971072
vn -0.9949151 -0.06393361 0.07782355
vn -0.9930835 -0.08654892 -0.07933835
vn -0.93013585 -0.13321295 -0.34220105
vn -0.55441755 -0.7606206 -0.3377533
vn -0.9930835 -0.08654892 -0.07933835
vn -0.55441755 -0.7606206 -0.3377533
vn -0.66393244 -0.74753267 0.01971072
vn -0.93013585 -0.13321295 -0.34220105
vn -0.49636036 -0.4410138 -0.7477521
vn -0.55441755 -0.7606206 -0.3377533
vn -0.9949151 -0.06393361 0.07782355
vn -0.66393244 -0.74753267 0.01971072
vn -0.9366339 -0.08405122 0.34007692
vn -0.5134942 -0.3290257 -0.792506
vn 1.0082261E-06 -0.5460458 -0.8377552
vn -0.49636036 -0.4410138 -0.7477521
vn -0.5134942 -0.3290257 -0.792506
vn 0.00034327377 -0.3884676 -0.9214622
vn 1.0082261E-06 -0.5460458 -0.8377552
vn -0.5657299 -0.69080913 0.4502583
vn -0.0851757 -0.09960282 0.9913751
vn -0.14731763 -0.9153797 0.37466955
vn -0.14731763 -0.9153797 0.37466955
vn -0.0851757 -0.09960282 0.9913751
vn 0.20513369 -0.71215004 0.6713884
vn -0.41760746 -0.78765655 0.4529912
vn -0.9366339 -0.08405122 0.34007692
vn -0.6141686 -0.7448017 0.26089692
vn -0.6141686 -0.7448017 0.26089692
vn -0.9366339 -0.08405122 0.34007692
vn -0.66393244 -0.74753267 0.01971072
vn -0.55441755 -0.7606206 -0.3377533
vn -0.49636036 -0.4410138 -0.7477521
vn 5.9371774E-07 -0.885389 -0.4648509
vn 5.9371774E-07 -0.885389 -0.4648509
vn -0.49636036 -0.4410138 -0.7477521
vn 1.0082261E-06 -0.5460458 -0.8377552
vn -0.2051341 -0.71215 0.6713884
vn 0.14731734 -0.9153799 0.37466937
vn 0.41760746 -0.78765655 0.4529912
vn 0.14731734 -0.9153799 0.37466937
vn 0.61416864 -0.7448017 0.26089704
vn 0.41760746 -0.78765655 0.4529912
vn 0.14731734 -0.9153799 0.37466937
vn 0.6639325 -0.74753267 0.01971078
vn 0.61416864 -0.7448017 0.26089704
vn 0.14731734 -0.9153799 0.37466937
vn -3.7612002E-09 -0.99999994 -0.00016272068
vn 0.6639325 -0.74753267 0.01971078
vn 0.14731734 -0.9153799 0.37466937
vn 0 -0.99999994 -5.9604645E-08
vn -3.7612002E-09 -0.99999994 -0.00016272068
vn 0.14731734 -0.9153799 0.37466937
vn 0.56573033 -0.6908089 0.45025772
vn 0 -0.99999994 -5.9604645E-08
vn 0.6639325 -0.74753267 0.01971078
vn -3.7612002E-09 -0.99999994 -0.00016272068
vn 0.5544178 -0.7606207 -0.33775294
vn 0.56573033 -0.6908089 0.45025772
vn 6.794284E-07 -0.8377966 0.54598236
vn 0 -0.99999994 -5.9604645E-08
vn -3.7612002E-09 -0.99999994 -0.00016272068
vn 5.9371774E-07 -0.885389 -0.4648509
vn 0.5544178 -0.7606207 -0.33775294
vn -3.7612002E-09 -0.99999994 -0.00016272068
vn 0 -0.99999994 -5.9604645E-08
vn -0.14731763 -0.9153797 0.37466955
vn -3.7612002E-09 -0.99999994 -0.00016272068
vn -0.55441755 -0.7606206 -0.3377533
vn 5.9371774E-07 -0.885389 -0.4648509
vn -3.7612002E-09 -0.99999994 -0.00016272068
vn -0.14731763 -0.9153797 0.37466955
vn -0.66393244 -0.74753267 0.01971072
vn -3.7612002E-09 -0.99999994 -0.00016272068
vn -0.66393244 -0.74753267 0.01971072
vn -0.55441755 -0.7606206 -0.3377533
vn 6.794284E-07 -0.8377966 0.54598236
vn -0.5657299 -0.69080913 0.4502583
vn 0 -0.99999994 -5.9604645E-08
vn 0 -0.99999994 -5.9604645E-08
vn -0.5657299 -0.69080913 0.4502583
vn -0.14731763 -0.9153797 0.37466955
vn -0.66393244 -0.74753267 0.01971072
vn -0.14731763 -0.9153797 0.37466955
vn -0.6141686 -0.7448017 0.26089692
vn -0.14731763 -0.9153797 0.37466955
vn -0.41760746 -0.78765655 0.4529912
vn -0.6141686 -0.7448017 0.26089692
vn -0.14731763 -0.9153797 0.37466955
vn 0.20513369 -0.71215004 0.6713884
vn -0.41760746 -0.78765655 0.4529912
vn 0.21559493 -0.7339763 0.64404786
vn -0.40104154 -0.8078555 0.43189734
vn -0.1434157 -0.9183313 0.3689164
vn -0.40104154 -0.8078555 0.43189734
vn -0.60016704 -0.7499098 0.27827072
vn -0.1434157 -0.9183313 0.3689164
vn -0.60016704 -0.7499098 0.27827072
vn -7.807696E-05 -0.9999999 -0.00023013353
vn -0.1434157 -0.9183313 0.3689164
vn -0.60016704 -0.7499098 0.27827072
vn -0.6404024 -0.76551473 0.062224746
vn -7.807696E-05 -0.9999999 -0.00023013353
vn -0.1434157 -0.9183313 0.3689164
vn -7.807696E-05 -0.9999999 -0.00023013353
vn 0 -0.99999994 -5.9604645E-08
vn -0.1434157 -0.9183313 0.3689164
vn 0 -0.99999994 -5.9604645E-08
vn 0 -0.99999994 -5.9604645E-08
vn -0.1434157 -0.9183313 0.3689164
vn 0 -0.99999994 -5.9604645E-08
vn -0.5694255 -0.7028948 0.42625505
vn -0.6404024 -0.76551473 0.062224746
vn -0.0006380299 -0.9999971 0.0023093224
vn -7.807696E-05 -0.9999999 -0.00023013353
vn -0.6404024 -0.76551473 0.062224746
vn -0.60696936 -0.784587 -0.12653542
vn -0.0006380299 -0.9999971 0.0023093224
vn 0 -0.99999994 -5.9604645E-08
vn 0.14341599 -0.91833127 0.36891675
vn 0 -0.99999994 -5.9604645E-08
vn 0 -0.99999994 -5.9604645E-08
vn -7.807696E-05 -0.9999999 -0.00023013353
vn -4.3633754E-09 -0.9999966 0.0025767088
vn 0 -0.99999994 -5.9604645E-08
vn 7.8076584E-05 -0.9999999 -0.00023013353
vn 0.14341599 -0.91833127 0.36891675
vn 0 -0.99999994 -5.9604645E-08
vn -4.3633754E-09 -0.9999966 0.0025767088
vn 7.8076584E-05 -0.9999999 -0.00023013353
vn -7.807696E-05 -0.9999999 -0.00023013353
vn -0.0006380299 -0.9999971 0.0023093224
vn -4.3633754E-09 -0.9999966 0.0025767088
vn -0.5694255 -0.7028948 0.42625505
vn 0 -0.99999994 -5.9604645E-08
vn -6.441568E-07 -0.859196 0.5116464
vn -0.60696936 -0.784587 -0.12653542
vn -0.51739407 -0.75600654 -0.40094584
vn -0.0006380299 -0.9999971 0.0023093224
vn 0.14341599 -0.91833127 0.36891675
vn 7.8076584E-05 -0.9999999 -0.00023013353
vn 0.600174 -0.74990356 0.27827287
vn 0.14341599 -0.91833127 0.36891675
vn 0.5694252 -0.7028948 0.42625558
vn 0 -0.99999994 -5.9604645E-08
vn 0.14341599 -0.91833127 0.36891675
vn 0.600174 -0.74990356 0.27827287
vn 0.40104493 -0.807854 0.4318967
vn 0.14341599 -0.91833127 0.36891675
vn 0.40104493 -0.807854 0.4318967
vn -0.21559459 -0.73397636 0.64404774
vn 0 -0.99999994 -5.9604645E-08
vn 0.5694252 -0.7028948 0.42625558
vn -6.441568E-07 -0.859196 0.5116464
vn -4.3633754E-09 -0.9999966 0.0025767088
vn -0.0006380299 -0.9999971 0.0023093224
vn -0.20878635 -0.86317545 -0.45971322
vn -4.3633754E-09 -0.9999966 0.0025767088
vn 0.0006380255 -0.9999971 0.0023093224
vn 7.8076584E-05 -0.9999999 -0.00023013353
vn -4.3633754E-09 -0.9999966 0.0025767088
vn -0.20878635 -0.86317545 -0.45971322
vn -6.6069686E-07 -0.89259446 -0.4508605
vn -4.3633754E-09 -0.9999966 0.0025767088
vn 0.20878595 -0.8631754 -0.4597137
vn 0.0006380255 -0.9999971 0.0023093224
vn -4.3633754E-09 -0.9999966 0.0025767088
vn -6.6069686E-07 -0.89259446 -0.4508605
vn 0.20878595 -0.8631754 -0.4597137
vn -0.20878635 -0.86317545 -0.45971322
vn -0.0006380299 -0.9999971 0.0023093224
vn -0.51739407 -0.75600654 -0.40094584
vn 0.600174 -0.74990356 0.27827287
vn 7.8076584E-05 -0.9999999 -0.00023013353
vn 0.64040333 -0.7655137 0.062227726
vn 7.8076584E-05 -0.9999999 -0.00023013353
vn 0.0006380255 -0.9999971 0.0023093224
vn 0.64040333 -0.7655137 0.062227726
vn 0.20878595 -0.8631754 -0.4597137
vn 0.51739407 -0.7560065 -0.40094587
vn 0.0006380255 -0.9999971 0.0023093224
vn 0.64040333 -0.7655137 0.062227726
vn 0.0006380255 -0.9999971 0.0023093224
vn 0.6069692 -0.7845872 -0.1265353
vn 0.6069692 -0.7845872 -0.1265353
vn 0.0006380255 -0.9999971 0.0023093224
vn 0.51739407 -0.7560065 -0.40094587
vn -0.9951486 0.06620374 -0.07277685
vn -0.99998283 -0.0056185205 -0.0016657873
vn -0.8392712 -0.28055444 -0.4657394
vn -0.99998283 -0.0056185205 -0.0016657873
vn -0.85337716 -0.25470778 -0.45483112
vn -0.8392712 -0.28055444 -0.4657394
vn -0.99998283 -0.0056185205 -0.0016657873
vn -0.99827665 -0.057804007 0.010120623
vn -0.85337716 -0.25470778 -0.45483112
vn -0.8392712 -0.28055444 -0.4657394
vn -0.85337716 -0.25470778 -0.45483112
vn -0.45001015 -0.4717636 -0.7582413
vn -0.8392712 -0.28055444 -0.4657394
vn -0.45001015 -0.4717636 -0.7582413
vn -0.42836547 -0.5364382 -0.72714305
vn -0.8392712 -0.28055444 -0.4657394
vn -0.42836547 -0.5364382 -0.72714305
vn -0.80686826 -0.32480603 -0.49342138
vn -0.99827665 -0.057804007 0.010120623
vn -0.8731906 -0.1883552 -0.44951153
vn -0.85337716 -0.25470778 -0.45483112
vn -0.99827665 -0.057804007 0.010120623
vn -0.9924119 -0.11030854 -0.054319326
vn -0.8731906 -0.1883552 -0.44951153
vn -0.45001015 -0.4717636 -0.7582413
vn -4.960263E-07 -0.6055904 -0.7957765
vn -0.42836547 -0.5364382 -0.72714305
vn -0.45001015 -0.4717636 -0.7582413
vn -0.85337716 -0.25470778 -0.45483112
vn -0.47190988 -0.40793067 -0.7815968
vn -0.45001015 -0.4717636 -0.7582413
vn -0.0009800863 -0.5252885 -0.85092354
vn -4.960263E-07 -0.6055904 -0.7957765
vn -0.45001015 -0.4717636 -0.7582413
vn -0.47190988 -0.40793067 -0.7815968
vn -0.0009800863 -0.5252885 -0.85092354
vn -0.85337716 -0.25470778 -0.45483112
vn -0.8731906 -0.1883552 -0.44951153
vn -0.47190988 -0.40793067 -0.7815968
vn -0.80686826 -0.32480603 -0.49342138
vn -0.42836547 -0.5364382 -0.72714305
vn -0.38367844 -0.56881225 -0.72749126
vn -0.80686826 -0.32480603 -0.49342138
vn -0.38367844 -0.56881225 -0.72749126
vn -0.74301696 -0.34218174 -0.5751848
vn -0.9924119 -0.11030854 -0.054319326
vn -0.8816583 -0.07207486 -0.46635163
vn -0.8731906 -0.1883552 -0.44951153
vn -0.9924119 -0.11030854 -0.054319326
vn -0.9162719 -0.118486464 -0.3826313
vn -0.8816583 -0.07207486 -0.46635163
vn -0.9924119 -0.11030854 -0.054319326
vn -0.98149115 -0.19134384 -0.007916078
vn -0.9162719 -0.118486464 -0.3826313
vn -4.960263E-07 -0.6055904 -0.7957765
vn -0.0009800863 -0.5252885 -0.85092354
vn 0.44890714 -0.4751668 -0.75676864
vn -4.960263E-07 -0.6055904 -0.7957765
vn -9.1576334E-07 -0.65116805 -0.75893354
vn -0.42836547 -0.5364382 -0.72714305
vn -4.960263E-07 -0.6055904 -0.7957765
vn 0.44890714 -0.4751668 -0.75676864
vn 0.4283621 -0.53644013 -0.7271437
vn -4.960263E-07 -0.6055904 -0.7957765
vn 0.4283621 -0.53644013 -0.7271437
vn -9.1576334E-07 -0.65116805 -0.75893354
vn -0.42836547 -0.5364382 -0.72714305
vn -9.1576334E-07 -0.65116805 -0.75893354
vn -0.38367844 -0.56881225 -0.72749126
vn -0.47190988 -0.40793067 -0.7815968
vn -0.8731906 -0.1883552 -0.44951153
vn -0.5121119 -0.35930663 -0.78015393
vn -0.47190988 -0.40793067 -0.7815968
vn 0.00361681 -0.45302498 -0.89149046
vn -0.0009800863 -0.5252885 -0.85092354
vn -0.47190988 -0.40793067 -0.7815968
vn -0.5121119 -0.35930663 -0.78015393
vn 0.00361681 -0.45302498 -0.89149046
vn -0.8731906 -0.1883552 -0.44951153
vn -0.8816583 -0.07207486 -0.46635163
vn -0.5121119 -0.35930663 -0.78015393
vn -0.74301696 -0.34218174 -0.5751848
vn -0.38367844 -0.56881225 -0.72749126
vn -0.20878635 -0.86317545 -0.45971322
vn -0.74301696 -0.34218174 -0.5751848
vn -0.20878635 -0.86317545 -0.45971322
vn -0.51739407 -0.75600654 -0.40094584
vn -0.98149115 -0.19134384 -0.007916078
vn -0.8889873 -0.19019797 -0.41656482
vn -0.9162719 -0.118486464 -0.3826313
vn -0.98149115 -0.19134384 -0.007916078
vn -0.96653455 -0.25627914 -0.011486754
vn -0.8889873 -0.19019797 -0.41656482
vn 0.44890714 -0.4751668 -0.75676864
vn 0.8358189 -0.2907765 -0.46567783
vn 0.4283621 -0.53644013 -0.7271437
vn 0.44890714 -0.4751668 -0.75676864
vn -0.0009800863 -0.5252885 -0.85092354
vn 0.4698065 -0.40678954 -0.78345656
vn 0.44890714 -0.4751668 -0.75676864
vn 0.8446178 -0.26985684 -0.4623829
vn 0.8358189 -0.2907765 -0.46567783
vn 0.44890714 -0.4751668 -0.75676864
vn 0.4698065 -0.40678954 -0.78345656
vn 0.8446178 -0.26985684 -0.4623829
vn -0.0009800863 -0.5252885 -0.85092354
vn 0.00361681 -0.45302498 -0.89149046
vn 0.4698065 -0.40678954 -0.78345656
vn -9.1576334E-07 -0.65116805 -0.75893354
vn -6.6069686E-07 -0.89259446 -0.4508605
vn -0.38367844 -0.56881225 -0.72749126
vn -9.1576334E-07 -0.65116805 -0.75893354
vn 0.4283621 -0.53644013 -0.7271437
vn 0.38367683 -0.56881124 -0.7274927
vn -9.1576334E-07 -0.65116805 -0.75893354
vn 0.38367683 -0.56881124 -0.7274927
vn -6.6069686E-07 -0.89259446 -0.4508605
vn -0.38367844 -0.56881225 -0.72749126
vn -6.6069686E-07 -0.89259446 -0.4508605
vn -0.20878635 -0.86317545 -0.45971322
vn -0.8816583 -0.07207486 -0.46635163
vn -0.57128656 -0.077848315 -0.81705034
vn -0.5121119 -0.35930663 -0.78015393
vn -0.8816583 -0.07207486 -0.46635163
vn -0.9162719 -0.118486464 -0.3826313
vn -0.6072917 0.102390945 -0.7878533
vn -0.8816583 -0.07207486 -0.46635163
vn -0.6072917 0.102390945 -0.7878533
vn -0.57128656 -0.077848315 -0.81705034
vn -0.9162719 -0.118486464 -0.3826313
vn -0.8889873 -0.19019797 -0.41656482
vn -0.6072917 0.102390945 -0.7878533
vn -0.96653455 -0.25627914 -0.011486754
vn -0.9600317 -0.27771947 0.034801334
vn -0.8889873 -0.19019797 -0.41656482
vn 0.8358189 -0.2907765 -0.46567783
vn 0.8446178 -0.26985684 -0.4623829
vn 0.9987358 -0.049781792 -0.0069753006
vn 0.8358189 -0.2907765 -0.46567783
vn 0.8068669 -0.32480645 -0.49342346
vn 0.4283621 -0.53644013 -0.7271437
vn 0.8358189 -0.2907765 -0.46567783
vn 0.9987358 -0.049781792 -0.0069753006
vn 0.9964381 0.046901055 -0.07008259
vn 0.4283621 -0.53644013 -0.7271437
vn 0.8068669 -0.32480645 -0.49342346
vn 0.38367683 -0.56881124 -0.7274927
vn 0.00361681 -0.45302498 -0.89149046
vn 0.51457965 -0.35948431 -0.7784463
vn 0.4698065 -0.40678954 -0.78345656
vn 0.00361681 -0.45302498 -0.89149046
vn -0.5121119 -0.35930663 -0.78015393
vn 0.022300519 -0.42040247 -0.90706366
vn 0.00361681 -0.45302498 -0.89149046
vn 0.022300519 -0.42040247 -0.90706366
vn 0.51457965 -0.35948431 -0.7784463
vn -0.5121119 -0.35930663 -0.78015393
vn -0.57128656 -0.077848315 -0.81705034
vn 0.022300519 -0.42040247 -0.90706366
vn -6.6069686E-07 -0.89259446 -0.4508605
vn 0.38367683 -0.56881124 -0.7274927
vn 0.20878595 -0.8631754 -0.4597137
vn -0.6072917 0.102390945 -0.7878533
vn -0.8889873 -0.19019797 -0.41656482
vn -0.5246982 0.049795985 -0.8498307
vn -0.6072917 0.102390945 -0.7878533
vn 0.02305309 0.25056368 -0.9678256
vn -0.57128656 -0.077848315 -0.81705034
vn -0.6072917 0.102390945 -0.7878533
vn -0.5246982 0.049795985 -0.8498307
vn 0.02305309 0.25056368 -0.9678256
vn -0.9600317 -0.27771947 0.034801334
vn -0.8773263 -0.17485934 -0.4469035
vn -0.8889873 -0.19019797 -0.41656482
vn -0.9600317 -0.27771947 0.034801334
vn -0.7343432 -0.6750624 -0.0709278
vn -0.8773263 -0.17485934 -0.4469035
vn -0.8889873 -0.19019797 -0.41656482
vn -0.8773263 -0.17485934 -0.4469035
vn -0.5246982 0.049795985 -0.8498307
vn 0.8446178 -0.26985684 -0.4623829
vn 0.9969485 -0.076737136 -0.014322698
vn 0.9987358 -0.049781792 -0.0069753006
vn 0.8446178 -0.26985684 -0.4623829
vn 0.4698065 -0.40678954 -0.78345656
vn 0.855277 -0.19995272 -0.4780379
vn 0.8446178 -0.26985684 -0.4623829
vn 0.855277 -0.19995272 -0.4780379
vn 0.9969485 -0.076737136 -0.014322698
vn 0.4698065 -0.40678954 -0.78345656
vn 0.51457965 -0.35948431 -0.7784463
vn 0.855277 -0.19995272 -0.4780379
vn 0.9964381 0.046901055 -0.07008259
vn 0.9987358 -0.049781792 -0.0069753006
vn 0.9086155 0.11317977 0.4020051
vn 0.9964381 0.046901055 -0.07008259
vn 0.9086155 0.11317977 0.4020051
vn 0.86431104 0.39853853 0.3068115
vn 0.8068669 -0.32480645 -0.49342346
vn 0.7430168 -0.34218174 -0.575185
vn 0.38367683 -0.56881124 -0.7274927
vn 0.38367683 -0.56881124 -0.7274927
vn 0.7430168 -0.34218174 -0.575185
vn 0.20878595 -0.8631754 -0.4597137
vn 0.022300519 -0.42040247 -0.90706366
vn -0.57128656 -0.077848315 -0.81705034
vn 0.014928642 -0.03102827 -0.99940705
vn 0.022300519 -0.42040247 -0.90706366
vn 0.56511104 -0.063256204 -0.8225862
vn 0.51457965 -0.35948431 -0.7784463
vn 0.022300519 -0.42040247 -0.90706366
vn 0.014928642 -0.03102827 -0.99940705
vn 0.56511104 -0.063256204 -0.8225862
vn 0.014928642 -0.03102827 -0.99940705
vn 0.02305309 0.25056368 -0.9678256
vn 0.56511104 -0.063256204 -0.8225862
vn 0.014928642 -0.03102827 -0.99940705
vn -0.57128656 -0.077848315 -0.81705034
vn 0.02305309 0.25056368 -0.9678256
vn -0.7343432 -0.6750624 -0.0709278
vn -0.6210915 -0.5171054 -0.58893746
vn -0.8773263 -0.17485934 -0.4469035
vn -0.5246982 0.049795985 -0.8498307
vn 0.056802947 0.1979304 -0.9785688
vn 0.02305309 0.25056368 -0.9678256
vn -0.5246982 0.049795985 -0.8498307
vn -0.8773263 -0.17485934 -0.4469035
vn -0.45459285 -0.0027894378 -0.890695
vn -0.5246982 0.049795985 -0.8498307
vn -0.45459285 -0.0027894378 -0.890695
vn 0.056802947 0.1979304 -0.9785688
vn -0.8773263 -0.17485934 -0.4469035
vn -0.6210915 -0.5171054 -0.58893746
vn -0.45459285 -0.0027894378 -0.890695
vn 0.9969485 -0.076737136 -0.014322698
vn 0.855277 -0.19995272 -0.4780379
vn 0.9951335 -0.070093356 -0.06925461
vn 0.9969485 -0.076737136 -0.014322698
vn 0.92065614 0.02801603 0.38936806
vn 0.9987358 -0.049781792 -0.0069753006
vn 0.9969485 -0.076737136 -0.014322698
vn 0.9951335 -0.070093356 -0.06925461
vn 0.94747853 -0.08180374 0.3091805
vn 0.9969485 -0.076737136 -0.014322698
vn 0.94747853 -0.08180374 0.3091805
vn 0.92065614 0.02801603 0.38936806
vn 0.9987358 -0.049781792 -0.0069753006
vn 0.92065614 0.02801603 0.38936806
vn 0.9086155 0.11317977 0.4020051
vn 0.86431104 0.39853853 0.3068115
vn 0.9086155 0.11317977 0.4020051
vn 0.5482122 0.25505233 0.7964997
vn 0.86431104 0.39853853 0.3068115
vn 0.5482122 0.25505233 0.7964997
vn 0.4670943 0.68704665 0.5565876
vn 0.7430168 -0.34218174 -0.575185
vn 0.51739407 -0.7560065 -0.40094587
vn 0.20878595 -0.8631754 -0.4597137
vn 0.51457965 -0.35948431 -0.7784463
vn 0.56511104 -0.063256204 -0.8225862
vn 0.8563063 -0.05843097 -0.5131524
vn 0.51457965 -0.35948431 -0.7784463
vn 0.8563063 -0.05843097 -0.5131524
vn 0.855277 -0.19995272 -0.4780379
vn 0.855277 -0.19995272 -0.4780379
vn 0.8563063 -0.05843097 -0.5131524
vn 0.9951335 -0.070093356 -0.06925461
vn 0.02305309 0.25056368 -0.9678256
vn 0.056802947 0.1979304 -0.9785688
vn 0.589613 0.19494253 -0.7838073
vn 0.02305309 0.25056368 -0.9678256
vn 0.589613 0.19494253 -0.7838073
vn 0.56511104 -0.063256204 -0.8225862
vn 0.56511104 -0.063256204 -0.8225862
vn 0.589613 0.19494253 -0.7838073
vn 0.8563063 -0.05843097 -0.5131524
vn -0.6210915 -0.5171054 -0.58893746
vn -0.16552176 -0.19592279 -0.9665488
vn -0.45459285 -0.0027894378 -0.890695
vn -0.6210915 -0.5171054 -0.58893746
vn -0.10360662 -0.47800076 -0.87222755
vn -0.16552176 -0.19592279 -0.9665488
vn 0.94747853 -0.08180374 0.3091805
vn 0.6627939 -0.2187835 0.71612704
vn 0.92065614 0.02801603 0.38936806
vn 0.94747853 -0.08180374 0.3091805
vn 0.9951335 -0.070093356 -0.06925461
vn 0.99381477 -0.098438896 -0.051401485
vn 0.94747853 -0.08180374 0.3091805
vn 0.9306362 -0.25887415 0.2586513
vn 0.6627939 -0.2187835 0.71612704
vn 0.94747853 -0.08180374 0.3091805
vn 0.99381477 -0.098438896 -0.051401485
vn 0.9306362 -0.25887415 0.2586513
vn 0.9086155 0.11317977 0.4020051
vn 0.5707774 0.12533873 0.8114822
vn 0.5482122 0.25505233 0.7964997
vn 0.9086155 0.11317977 0.4020051
vn 0.92065614 0.02801603 0.38936806
vn 0.5707774 0.12533873 0.8114822
vn 0.92065614 0.02801603 0.38936806
vn 0.6627939 -0.2187835 0.71612704
vn 0.5707774 0.12533873 0.8114822
vn 0.4670943 0.68704665 0.5565876
vn 0.5482122 0.25505233 0.7964997
vn -0.0023518356 0.3386926 0.9408941
vn 0.4670943 0.68704665 0.5565876
vn -0.0023518356 0.3386926 0.9408941
vn -0.0040095425 0.84292614 0.5380143
vn 0.056802947 0.1979304 -0.9785688
vn 0.584792 0.15591305 -0.79605854
vn 0.589613 0.19494253 -0.7838073
vn 0.056802947 0.1979304 -0.9785688
vn -0.45459285 -0.0027894378 -0.890695
vn 0.100288756 0.091059744 -0.9907826
vn 0.056802947 0.1979304 -0.9785688
vn 0.100288756 0.091059744 -0.9907826
vn 0.584792 0.15591305 -0.79605854
vn -0.45459285 -0.0027894378 -0.890695
vn -0.16552176 -0.19592279 -0.9665488
vn 0.100288756 0.091059744 -0.9907826
vn 0.8563063 -0.05843097 -0.5131524
vn 0.9187959 0.050510377 -0.39148787
vn 0.9951335 -0.070093356 -0.06925461
vn 0.8563063 -0.05843097 -0.5131524
vn 0.589613 0.19494253 -0.7838073
vn 0.9187959 0.050510377 -0.39148787
vn 0.589613 0.19494253 -0.7838073
vn 0.584792 0.15591305 -0.79605854
vn 0.9187959 0.050510377 -0.39148787
vn 0.9951335 -0.070093356 -0.06925461
vn 0.9187959 0.050510377 -0.39148787
vn 0.99381477 -0.098438896 -0.051401485
vn -0.10360662 -0.47800076 -0.87222755
vn 0.07289664 -0.12354791 -0.9896574
vn -0.16552176 -0.19592279 -0.9665488
vn 0.9306362 -0.25887415 0.2586513
vn 0.6515907 -0.49475014 0.5750233
vn 0.6627939 -0.2187835 0.71612704
vn 0.9306362 -0.25887415 0.2586513
vn 0.99381477 -0.098438896 -0.051401485
vn 0.9477309 -0.25285205 0.19460705
vn 0.9306362 -0.25887415 0.2586513
vn 0.7406741 -0.40184334 0.53844583
vn 0.6515907 -0.49475014 0.5750233
vn 0.9306362 -0.25887415 0.2586513
vn 0.9477309 -0.25285205 0.19460705
vn 0.7406741 -0.40184334 0.53844583
vn 0.5707774 0.12533873 0.8114822
vn 0.0021766524 0.20942807 0.9778215
vn 0.5482122 0.25505233 0.7964997
vn 0.5707774 0.12533873 0.8114822
vn 0.6627939 -0.2187835 0.71612704
vn 0.00561585 -0.3062861 0.9519229
vn 0.5707774 0.12533873 0.8114822
vn 0.00561585 -0.3062861 0.9519229
vn 0.0021766524 0.20942807 0.9778215
vn 0.5482122 0.25505233 0.7964997
vn 0.0021766524 0.20942807 0.9778215
vn -0.0023518356 0.3386926 0.9408941
vn -0.0040095425 0.84292614 0.5380143
vn -0.0023518356 0.3386926 0.9408941
vn -0.4619085 0.6976572 0.547645
vn 0.100288756 0.091059744 -0.9907826
vn 0.5794329 0.09913224 -0.8089686
vn 0.584792 0.15591305 -0.79605854
vn 0.100288756 0.091059744 -0.9907826
vn -0.16552176 -0.19592279 -0.9665488
vn 0.18112618 0.016522527 -0.983321
vn 0.100288756 0.091059744 -0.9907826
vn 0.18112618 0.016522527 -0.983321
vn 0.5794329 0.09913224 -0.8089686
vn 0.9187959 0.050510377 -0.39148787
vn 0.8974611 0.03788933 -0.43946326
vn 0.99381477 -0.098438896 -0.051401485
vn 0.9187959 0.050510377 -0.39148787
vn 0.584792 0.15591305 -0.79605854
vn 0.8974611 0.03788933 -0.43946326
vn 0.584792 0.15591305 -0.79605854
vn 0.5794329 0.09913224 -0.8089686
vn 0.8974611 0.03788933 -0.43946326
vn 0.07289664 -0.12354791 -0.9896574
vn 0.084348574 -0.07791501 -0.99338543
vn -0.16552176 -0.19592279 -0.9665488
vn 0.07289664 -0.12354791 -0.9896574
vn 0.11610921 0.099993646 -0.9881902
vn 0.084348574 -0.07791501 -0.99338543
vn -0.16552176 -0.19592279 -0.9665488
vn 0.084348574 -0.07791501 -0.99338543
vn 0.18112618 0.016522527 -0.983321
vn 0.6515907 -0.49475014 0.5750233
vn 0.7406741 -0.40184334 0.53844583
vn 0.08730163 -0.5497346 0.8307649
vn 0.6515907 -0.49475014 0.5750233
vn -0.0033519852 -0.641307 0.7672771
vn 0.6627939 -0.2187835 0.71612704
vn 0.6515907 -0.49475014 0.5750233
vn 0.08730163 -0.5497346 0.8307649
vn -0.0033519852 -0.641307 0.7672771
vn 0.6627939 -0.2187835 0.71612704
vn -0.0033519852 -0.641307 0.7672771
vn 0.00561585 -0.3062861 0.9519229
vn 0.9477309 -0.25285205 0.19460705
vn 0.99381477 -0.098438896 -0.051401485
vn 0.9812743 -0.12717934 -0.14465909
vn 0.9477309 -0.25285205 0.19460705
vn 0.8011618 -0.29279822 0.5219281
vn 0.7406741 -0.40184334 0.53844583
vn 0.9477309 -0.25285205 0.19460705
vn 0.9812743 -0.12717934 -0.14465909
vn 0.96981364 -0.17116101 0.1736821
vn 0.9477309 -0.25285205 0.19460705
vn 0.96981364 -0.17116101 0.1736821
vn 0.8011618 -0.29279822 0.5219281
vn 0.99381477 -0.098438896 -0.051401485
vn 0.8974611 0.03788933 -0.43946326
vn 0.9812743 -0.12717934 -0.14465909
vn 0.0021766524 0.20942807 0.9778215
vn -0.54033977 0.29627508 0.7875619
vn -0.0023518356 0.3386926 0.9408941
vn 0.0021766524 0.20942807 0.9778215
vn 0.00561585 -0.3062861 0.9519229
vn -0.5508702 0.16050667 0.8190114
vn 0.0021766524 0.20942807 0.9778215
vn -0.5508702 0.16050667 0.8190114
vn -0.54033977 0.29627508 0.7875619
vn -0.0023518356 0.3386926 0.9408941
vn -0.54033977 0.29627508 0.7875619
vn -0.4619085 0.6976572 0.547645
vn 0.5794329 0.09913224 -0.8089686
vn 0.18112618 0.016522527 -0.983321
vn 0.5913212 0.054899573 -0.8045653
vn 0.5794329 0.09913224 -0.8089686
vn 0.8655668 0.013817161 -0.5006029
vn 0.8974611 0.03788933 -0.43946326
vn 0.5794329 0.09913224 -0.8089686
vn 0.5913212 0.054899573 -0.8045653
vn 0.8655668 0.013817161 -0.5006029
vn 0.8974611 0.03788933 -0.43946326
vn 0.8655668 0.013817161 -0.5006029
vn 0.9812743 -0.12717934 -0.14465909
vn 0.11610921 0.099993646 -0.9881902
vn 0.18625674 0.10269505 -0.9771192
vn 0.084348574 -0.07791501 -0.99338543
vn 0.08730163 -0.5497346 0.8307649
vn -0.49664554 -0.45746434 0.7376106
vn -0.0033519852 -0.641307 0.7672771
vn 0.08730163 -0.5497346 0.8307649
vn 0.7406741 -0.40184334 0.53844583
vn 0.19339819 -0.40976846 0.8914522
vn 0.08730163 -0.5497346 0.8307649
vn -0.4459177 -0.35840145 0.82018644
vn -0.49664554 -0.45746434 0.7376106
vn 0.08730163 -0.5497346 0.8307649
vn 0.19339819 -0.40976846 0.8914522
vn -0.4459177 -0.35840145 0.82018644
vn 0.7406741 -0.40184334 0.53844583
vn 0.8011618 -0.29279822 0.5219281
vn 0.19339819 -0.40976846 0.8914522
vn 0.96981364 -0.17116101 0.1736821
vn 0.9812743 -0.12717934 -0.14465909
vn 0.97962075 -0.06774421 -0.18908715
vn 0.96981364 -0.17116101 0.1736821
vn 0.86110747 -0.1411627 0.4884332
vn 0.8011618 -0.29279822 0.5219281
vn 0.96981364 -0.17116101 0.1736821
vn 0.97962075 -0.06774421 -0.18908715
vn 0.98730016 -0.048665114 0.1512287
vn 0.96981364 -0.17116101 0.1736821
vn 0.98730016 -0.048665114 0.1512287
vn 0.86110747 -0.1411627 0.4884332
vn 0.9812743 -0.12717934 -0.14465909
vn 0.8655668 0.013817161 -0.5006029
vn 0.97962075 -0.06774421 -0.18908715
vn 0.00561585 -0.3062861 0.9519229
vn -0.58444303 -0.15473062 0.79654545
vn -0.5508702 0.16050667 0.8190114
vn 0.00561585 -0.3062861 0.9519229
vn -0.0033519852 -0.641307 0.7672771
vn -0.5265826 -0.43791643 0.7286562
vn 0.00561585 -0.3062861 0.9519229
vn -0.5265826 -0.43791643 0.7286562
vn -0.58444303 -0.15473062 0.79654545
vn -0.0033519852 -0.641307 0.7672771
vn -0.49664554 -0.45746434 0.7376106
vn -0.5265826 -0.43791643 0.7286562
vn -0.54033977 0.29627508 0.7875619
vn -0.85631895 0.4188845 0.30208224
vn -0.4619085 0.6976572 0.547645
vn -0.54033977 0.29627508 0.7875619
vn -0.5508702 0.16050667 0.8190114
vn -0.8985358 0.16995332 0.4046595
vn -0.54033977 0.29627508 0.7875619
vn -0.8985358 0.16995332 0.4046595
vn -0.85631895 0.4188845 0.30208224
vn 0.18112618 0.016522527 -0.983321
vn 0.28248617 -0.012145579 -0.9591944
vn 0.5913212 0.054899573 -0.8045653
vn 0.18112618 0.016522527 -0.983321
vn 0.084348574 -0.07791501 -0.99338543
vn 0.28248617 -0.012145579 -0.9591944
vn 0.084348574 -0.07791501 -0.99338543
vn 0.18625674 0.10269505 -0.9771192
vn 0.28248617 -0.012145579 -0.9591944
vn -0.4459177 -0.35840145 0.82018644
vn 0.19339819 -0.40976846 0.8914522
vn 0.22471815 -0.6989078 0.6789916
vn -0.4459177 -0.35840145 0.82018644
vn -0.800037 -0.3246192 0.5045426
vn -0.49664554 -0.45746434 0.7376106
vn -0.4459177 -0.35840145 0.82018644
vn 0.22471815 -0.6989078 0.6789916
vn -0.3497957 -0.8600898 0.3713336
vn -0.4459177 -0.35840145 0.82018644
vn -0.3497957 -0.8600898 0.3713336
vn -0.800037 -0.3246192 0.5045426
vn 0.8011618 -0.29279822 0.5219281
vn 0.86110747 -0.1411627 0.4884332
vn 0.2839772 -0.18919474 0.9399799
vn 0.8011618 -0.29279822 0.5219281
vn 0.2839772 -0.18919474 0.9399799
vn 0.19339819 -0.40976846 0.8914522
vn 0.19339819 -0.40976846 0.8914522
vn 0.2839772 -0.18919474 0.9399799
vn 0.22471815 -0.6989078 0.6789916
vn 0.98730016 -0.048665114 0.1512287
vn 0.97962075 -0.06774421 -0.18908715
vn 0.9784875 0.0096414685 -0.20608102
vn 0.98730016 -0.048665114 0.1512287
vn 0.9282752 0.035694003 0.3701769
vn 0.86110747 -0.1411627 0.4884332
vn 0.98730016 -0.048665114 0.1512287
vn 0.9784875 0.0096414685 -0.20608102
vn 0.9868815 0.14381304 0.07336722
vn 0.98730016 -0.048665114 0.1512287
vn 0.9868815 0.14381304 0.07336722
vn 0.9282752 0.035694003 0.3701769
vn 0.8655668 0.013817161 -0.5006029
vn 0.5913212 0.054899573 -0.8045653
vn 0.853222 0.026112825 -0.52089363
vn 0.8655668 0.013817161 -0.5006029
vn 0.853222 0.026112825 -0.52089363
vn 0.97962075 -0.06774421 -0.18908715
vn 0.97962075 -0.06774421 -0.18908715
vn 0.853222 0.026112825 -0.52089363
vn 0.9784875 0.0096414685 -0.20608102
vn -0.58444303 -0.15473062 0.79654545
vn -0.5265826 -0.43791643 0.7286562
vn -0.8803453 -0.33981422 0.33093563
vn -0.58444303 -0.15473062 0.79654545
vn -0.9094597 0.062236518 0.41110793
vn -0.5508702 0.16050667 0.8190114
vn -0.58444303 -0.15473062 0.79654545
vn -0.8803453 -0.33981422 0.33093563
vn -0.93855476 -0.13658802 0.3169523
vn -0.58444303 -0.15473062 0.79654545
vn -0.93855476 -0.13658802 0.3169523
vn -0.9094597 0.062236518 0.41110793
vn -0.5508702 0.16050667 0.8190114
vn -0.9094597 0.062236518 0.41110793
vn -0.8985358 0.16995332 0.4046595
vn -0.85631895 0.4188845 0.30208224
vn -0.8985358 0.16995332 0.4046595
vn -0.9951486 0.06620374 -0.07277685
vn 0.18625674 0.10269505 -0.9771192
vn 0.35414132 0.10942221 -0.9287683
vn 0.28248617 -0.012145579 -0.9591944
vn 0.18625674 0.10269505 -0.9771192
vn 0.38444132 0.37523714 -0.84344643
vn 0.35414132 0.10942221 -0.9287683
vn -0.49664554 -0.45746434 0.7376106
vn -0.800037 -0.3246192 0.5045426
vn -0.8561901 -0.34622693 0.383491
vn -0.49664554 -0.45746434 0.7376106
vn -0.8561901 -0.34622693 0.383491
vn -0.5265826 -0.43791643 0.7286562
vn -0.5265826 -0.43791643 0.7286562
vn -0.8561901 -0.34622693 0.383491
vn -0.8803453 -0.33981422 0.33093563
vn -0.3497957 -0.8600898 0.3713336
vn -0.7343432 -0.6750624 -0.0709278
vn -0.800037 -0.3246192 0.5045426
vn 0.2839772 -0.18919474 0.9399799
vn 0.8963293 -0.19588307 0.39777327
vn 0.22471815 -0.6989078 0.6789916
vn 0.2839772 -0.18919474 0.9399799
vn 0.86110747 -0.1411627 0.4884332
vn 0.8963293 -0.19588307 0.39777327
vn 0.86110747 -0.1411627 0.4884332
vn 0.9282752 0.035694003 0.3701769
vn 0.8963293 -0.19588307 0.39777327
vn 0.9868815 0.14381304 0.07336722
vn 0.9784875 0.0096414685 -0.20608102
vn 0.96217763 0.15116201 -0.22663696
vn 0.9868815 0.14381304 0.07336722
vn 0.9108721 0.35694033 0.20713697
vn 0.9282752 0.035694003 0.3701769
vn 0.9868815 0.14381304 0.07336722
vn 0.96217763 0.15116201 -0.22663696
vn 0.9097649 0.41510287 0.004194677
vn 0.9868815 0.14381304 0.07336722
vn 0.9097649 0.41510287 0.004194677
vn 0.9108721 0.35694033 0.20713697
vn 0.5913212 0.054899573 -0.8045653
vn 0.60837454 0.051864207 -0.7919536
vn 0.853222 0.026112825 -0.52089363
vn 0.5913212 0.054899573 -0.8045653
vn 0.28248617 -0.012145579 -0.9591944
vn 0.60837454 0.051864207 -0.7919536
vn 0.28248617 -0.012145579 -0.9591944
vn 0.35414132 0.10942221 -0.9287683
vn 0.60837454 0.051864207 -0.7919536
vn -0.93855476 -0.13658802 0.3169523
vn -0.99827665 -0.057804007 0.010120623
vn -0.9094597 0.062236518 0.41110793
vn -0.93855476 -0.13658802 0.3169523
vn -0.8803453 -0.33981422 0.33093563
vn -0.98149115 -0.19134384 -0.007916078
vn -0.93855476 -0.13658802 0.3169523
vn -0.9924119 -0.11030854 -0.054319326
vn -0.99827665 -0.057804007 0.010120623
vn -0.93855476 -0.13658802 0.3169523
vn -0.98149115 -0.19134384 -0.007916078
vn -0.9924119 -0.11030854 -0.054319326
vn -0.8985358 0.16995332 0.4046595
vn -0.99998283 -0.0056185205 -0.0016657873
vn -0.9951486 0.06620374 -0.07277685
vn -0.8985358 0.16995332 0.4046595
vn -0.9094597 0.062236518 0.41110793
vn -0.99998283 -0.0056185205 -0.0016657873
vn -0.99998283 -0.0056185205 -0.0016657873
vn -0.9094597 0.062236518 0.41110793
vn -0.99827665 -0.057804007 0.010120623
vn 0.38444132 0.37523714 -0.84344643
vn 0.58360034 0.21626168 -0.78271425
vn 0.35414132 0.10942221 -0.9287683
vn 0.38444132 0.37523714 -0.84344643
vn 0.5763282 0.5519991 -0.6026132
vn 0.58360034 0.21626168 -0.78271425
vn 0.35414132 0.10942221 -0.9287683
vn 0.58360034 0.21626168 -0.78271425
vn 0.60837454 0.051864207 -0.7919536
vn -0.8561901 -0.34622693 0.383491
vn -0.800037 -0.3246192 0.5045426
vn -0.9600317 -0.27771947 0.034801334
vn -0.8561901 -0.34622693 0.383491
vn -0.96653455 -0.25627914 -0.011486754
vn -0.8803453 -0.33981422 0.33093563
vn -0.8561901 -0.34622693 0.383491
vn -0.9600317 -0.27771947 0.034801334
vn -0.96653455 -0.25627914 -0.011486754
vn -0.96653455 -0.25627914 -0.011486754
vn -0.98149115 -0.19134384 -0.007916078
vn -0.8803453 -0.33981422 0.33093563
vn -0.9600317 -0.27771947 0.034801334
vn -0.800037 -0.3246192 0.5045426
vn -0.7343432 -0.6750624 -0.0709278
vn 0.8963293 -0.19588307 0.39777327
vn 0.9282752 0.035694003 0.3701769
vn 0.9328504 0.22464985 0.28164274
vn 0.9282752 0.035694003 0.3701769
vn 0.9108721 0.35694033 0.20713697
vn 0.9328504 0.22464985 0.28164274
vn 0.9784875 0.0096414685 -0.20608102
vn 0.84265506 0.113731444 -0.52630574
vn 0.96217763 0.15116201 -0.22663696
vn 0.9784875 0.0096414685 -0.20608102
vn 0.853222 0.026112825 -0.52089363
vn 0.84265506 0.113731444 -0.52630574
vn 0.60837454 0.051864207 -0.7919536
vn 0.58360034 0.21626168 -0.78271425
vn 0.84265506 0.113731444 -0.52630574
vn 0.60837454 0.051864207 -0.7919536
vn 0.84265506 0.113731444 -0.52630574
vn 0.853222 0.026112825 -0.52089363
vn 0.9097649 0.41510287 0.004194677
vn 0.75350434 0.64808536 0.11052877
vn 0.9108721 0.35694033 0.20713697
vn 0.9097649 0.41510287 0.004194677
vn 0.96217763 0.15116201 -0.22663696
vn 0.8819948 0.3983559 -0.25178915
vn 0.9097649 0.41510287 0.004194677
vn 0.729033 0.68211806 -0.056795478
vn 0.75350434 0.64808536 0.11052877
vn 0.9097649 0.41510287 0.004194677
vn 0.8819948 0.3983559 -0.25178915
vn 0.729033 0.68211806 -0.056795478
vn 0.96217763 0.15116201 -0.22663696
vn 0.84265506 0.113731444 -0.52630574
vn 0.8819948 0.3983559 -0.25178915
vn 0.5763282 0.5519991 -0.6026132
vn 0.7720884 0.3246331 -0.5463449
vn 0.58360034 0.21626168 -0.78271425
vn 0.5763282 0.5519991 -0.6026132
vn 0.6919215 0.658426 -0.29617542
vn 0.7720884 0.3246331 -0.5463449
vn 0.7720884 0.3246331 -0.5463449
vn 0.84265506 0.113731444 -0.52630574
vn 0.58360034 0.21626168 -0.78271425
vn 0.7720884 0.3246331 -0.5463449
vn 0.8819948 0.3983559 -0.25178915
vn 0.84265506 0.113731444 -0.52630574
vn 0.7720884 0.3246331 -0.5463449
vn 0.6919215 0.658426 -0.29617542
vn 0.8819948 0.3983559 -0.25178915
vn 0.8819948 0.3983559 -0.25178915
vn 0.6919215 0.658426 -0.29617542
vn 0.729033 0.68211806 -0.056795478
vn 0.9328504 0.22464985 0.28164274
vn 0.9108721 0.35694033 0.20713697
vn 0.7898949 0.586869 0.17790663
vn 0.7898949 0.586869 0.17790663
vn 0.9108721 0.35694033 0.20713697
vn 0.75350434 0.64808536 0.11052877
vn -0.8392712 -0.28055444 -0.4657394
vn -0.80686826 -0.32480603 -0.49342138
vn -0.9951486 0.06620374 -0.07277685
vn -0.80686826 -0.32480603 -0.49342138
vn -0.97563905 0.0034129769 -0.21935526
vn -0.9951486 0.06620374 -0.07277685
vn -0.80686826 -0.32480603 -0.49342138
vn -0.74301696 -0.34218174 -0.5751848
vn -0.97563905 0.0034129769 -0.21935526
vn -0.9951486 0.06620374 -0.07277685
vn -0.97563905 0.0034129769 -0.21935526
vn -0.9650213 0.2621637 -0.001986146
vn -0.9951486 0.06620374 -0.07277685
vn -0.9650213 0.2621637 -0.001986146
vn -0.85631895 0.4188845 0.30208224
vn -0.74301696 -0.34218174 -0.5751848
vn -0.9291306 -0.07599297 -0.36185834
vn -0.97563905 0.0034129769 -0.21935526
vn -0.74301696 -0.34218174 -0.5751848
vn -0.96650213 -0.20406054 -0.15566917
vn -0.9291306 -0.07599297 -0.36185834
vn -0.74301696 -0.34218174 -0.5751848
vn -0.51739407 -0.75600654 -0.40094584
vn -0.96650213 -0.20406054 -0.15566917
vn -0.97563905 0.0034129769 -0.21935526
vn -0.9291306 -0.07599297 -0.36185834
vn -0.9650213 0.2621637 -0.001986146
vn -0.85631895 0.4188845 0.30208224
vn -0.9650213 0.2621637 -0.001986146
vn -0.80542225 0.5395789 0.24525416
vn -0.85631895 0.4188845 0.30208224
vn -0.80542225 0.5395789 0.24525416
vn -0.4619085 0.6976572 0.547645
vn -0.51739407 -0.75600654 -0.40094584
vn -0.60696936 -0.784587 -0.12653542
vn -0.96650213 -0.20406054 -0.15566917
vn -0.9291306 -0.07599297 -0.36185834
vn -0.99530774 0.06293893 -0.07349283
vn -0.9650213 0.2621637 -0.001986146
vn -0.9291306 -0.07599297 -0.36185834
vn -0.96650213 -0.20406054 -0.15566917
vn -0.99530774 0.06293893 -0.07349283
vn -0.80542225 0.5395789 0.24525416
vn -0.30798283 0.88392675 0.35188073
vn -0.4619085 0.6976572 0.547645
vn -0.80542225 0.5395789 0.24525416
vn -0.9650213 0.2621637 -0.001986146
vn -0.98699176 0.0878987 0.13461432
vn -0.80542225 0.5395789 0.24525416
vn -0.73189193 0.46795887 0.4953268
vn -0.30798283 0.88392675 0.35188073
vn -0.80542225 0.5395789 0.24525416
vn -0.98699176 0.0878987 0.13461432
vn -0.73189193 0.46795887 0.4953268
vn -0.9650213 0.2621637 -0.001986146
vn -0.99530774 0.06293893 -0.07349283
vn -0.98699176 0.0878987 0.13461432
vn -0.60696936 -0.784587 -0.12653542
vn -0.6404024 -0.76551473 0.062224746
vn -0.96650213 -0.20406054 -0.15566917
vn -0.4619085 0.6976572 0.547645
vn -0.30798283 0.88392675 0.35188073
vn -0.0040095425 0.84292614 0.5380143
vn -0.73189193 0.46795887 0.4953268
vn -0.98699176 0.0878987 0.13461432
vn -0.92001957 0.07132611 0.38532668
vn -0.73189193 0.46795887 0.4953268
vn -0.2916752 0.68317944 0.66947097
vn -0.30798283 0.88392675 0.35188073
vn -0.73189193 0.46795887 0.4953268
vn -0.92001957 0.07132611 0.38532668
vn -0.5516244 0.34925163 0.75745213
vn -0.73189193 0.46795887 0.4953268
vn -0.5516244 0.34925163 0.75745213
vn -0.2916752 0.68317944 0.66947097
vn -0.99530774 0.06293893 -0.07349283
vn -0.96650213 -0.20406054 -0.15566917
vn -0.984653 -0.14471468 0.09754971
vn -0.99530774 0.06293893 -0.07349283
vn -0.984653 -0.14471468 0.09754971
vn -0.98699176 0.0878987 0.13461432
vn -0.96650213 -0.20406054 -0.15566917
vn -0.6404024 -0.76551473 0.062224746
vn -0.984653 -0.14471468 0.09754971
vn -0.0040095425 0.84292614 0.5380143
vn -0.30798283 0.88392675 0.35188073
vn -8.7423746E-07 0.9424218 0.33442646
vn -0.0040095425 0.84292614 0.5380143
vn -8.7423746E-07 0.9424218 0.33442646
vn 0.30738738 0.88365865 0.35307276
vn -0.0040095425 0.84292614 0.5380143
vn 0.30738738 0.88365865 0.35307276
vn 0.4670943 0.68704665 0.5565876
vn -0.30798283 0.88392675 0.35188073
vn -0.2916752 0.68317944 0.66947097
vn -8.7423746E-07 0.9424218 0.33442646
vn -0.92001957 0.07132611 0.38532668
vn -0.63498604 0.043849885 0.771278
vn -0.5516244 0.34925163 0.75745213
vn -0.92001957 0.07132611 0.38532668
vn -0.98699176 0.0878987 0.13461432
vn -0.9195183 -0.16740343 0.35561547
vn -0.92001957 0.07132611 0.38532668
vn -0.9195183 -0.16740343 0.35561547
vn -0.63498604 0.043849885 0.771278
vn -0.984653 -0.14471468 0.09754971
vn -0.6404024 -0.76551473 0.062224746
vn -0.9195183 -0.16740343 0.35561547
vn -0.984653 -0.14471468 0.09754971
vn -0.9195183 -0.16740343 0.35561547
vn -0.98699176 0.0878987 0.13461432
vn 0.30738738 0.88365865 0.35307276
vn 0.8059846 0.53861654 0.24552163
vn 0.4670943 0.68704665 0.5565876
vn 0.30738738 0.88365865 0.35307276
vn -8.7423746E-07 0.9424218 0.33442646
vn 0.2916742 0.6831797 0.6694712
vn 0.30738738 0.88365865 0.35307276
vn 0.73189163 0.46795908 0.49532703
vn 0.8059846 0.53861654 0.24552163
vn 0.30738738 0.88365865 0.35307276
vn 0.2916742 0.6831797 0.6694712
vn 0.73189163 0.46795908 0.49532703
vn -0.2916752 0.68317944 0.66947097
vn -0.5516244 0.34925163 0.75745213
vn 0.37093008 0.25821143 0.8920413
vn -0.2916752 0.68317944 0.66947097
vn -1.1432046E-06 0.7258515 0.68785155
vn -8.7423746E-07 0.9424218 0.33442646
vn -0.2916752 0.68317944 0.66947097
vn 0.37093008 0.25821143 0.8920413
vn -0.074538626 -0.023178935 0.9969487
vn -0.2916752 0.68317944 0.66947097
vn -0.6367749 0.26475722 0.7241694
vn -1.1432046E-06 0.7258515 0.68785155
vn -0.2916752 0.68317944 0.66947097
vn -0.074538626 -0.023178935 0.9969487
vn -0.6367749 0.26475722 0.7241694
vn -8.7423746E-07 0.9424218 0.33442646
vn -1.1432046E-06 0.7258515 0.68785155
vn 0.2916742 0.6831797 0.6694712
vn -0.63498604 0.043849885 0.771278
vn -0.9195183 -0.16740343 0.35561547
vn -0.6071218 -0.3076507 0.73263496
vn -0.63498604 0.043849885 0.771278
vn 0.41813764 0.012563705 0.90829676
vn -0.5516244 0.34925163 0.75745213
vn -0.63498604 0.043849885 0.771278
vn -0.6071218 -0.3076507 0.73263496
vn 0.4174435 -0.2828341 0.8635657
vn -0.63498604 0.043849885 0.771278
vn 0.4174435 -0.2828341 0.8635657
vn 0.41813764 0.012563705 0.90829676
vn 0.41813764 0.012563705 0.90829676
vn -0.074538626 -0.023178935 0.9969487
vn 0.37093008 0.25821143 0.8920413
vn 0.41813764 0.012563705 0.90829676
vn 0.37093008 0.25821143 0.8920413
vn -0.5516244 0.34925163 0.75745213
vn 0.41813764 0.012563705 0.90829676
vn 0.4174435 -0.2828341 0.8635657
vn -0.074538626 -0.023178935 0.9969487
vn -0.6404024 -0.76551473 0.062224746
vn -0.60016704 -0.7499098 0.27827072
vn -0.9195183 -0.16740343 0.35561547
vn 0.4670943 0.68704665 0.5565876
vn 0.8059846 0.53861654 0.24552163
vn 0.86431104 0.39853853 0.3068115
vn 0.73189163 0.46795908 0.49532703
vn 0.2916742 0.6831797 0.6694712
vn 0.55162436 0.3492518 0.757452
vn 0.73189163 0.46795908 0.49532703
vn 0.98699176 0.08789678 0.13461559
vn 0.8059846 0.53861654 0.24552163
vn 0.73189163 0.46795908 0.49532703
vn 0.55162436 0.3492518 0.757452
vn 0.9200205 0.07131815 0.38532573
vn 0.73189163 0.46795908 0.49532703
vn 0.9200205 0.07131815 0.38532573
vn 0.98699176 0.08789678 0.13461559
vn -0.6367749 0.26475722 0.7241694
vn -1.0559442E-06 0.34661597 0.938007
vn -1.1432046E-06 0.7258515 0.68785155
vn -0.6367749 0.26475722 0.7241694
vn -0.074538626 -0.023178935 0.9969487
vn -0.6702528 -0.013211668 0.74201524
vn -0.6367749 0.26475722 0.7241694
vn -0.6702528 -0.013211668 0.74201524
vn -1.0559442E-06 0.34661597 0.938007
vn -0.6071218 -0.3076507 0.73263496
vn 0.21559493 -0.7339763 0.64404786
vn 0.4174435 -0.2828341 0.8635657
vn -0.6071218 -0.3076507 0.73263496
vn -0.9195183 -0.16740343 0.35561547
vn -0.40104154 -0.8078555 0.43189734
vn -0.6071218 -0.3076507 0.73263496
vn -0.40104154 -0.8078555 0.43189734
vn 0.21559493 -0.7339763 0.64404786
vn -0.40104154 -0.8078555 0.43189734
vn -0.9195183 -0.16740343 0.35561547
vn -0.60016704 -0.7499098 0.27827072
vn 0.86431104 0.39853853 0.3068115
vn 0.8059846 0.53861654 0.24552163
vn 0.9650213 0.26216373 -0.0019863546
vn 0.86431104 0.39853853 0.3068115
vn 0.9650213 0.26216373 -0.0019863546
vn 0.9964381 0.046901055 -0.07008259
vn 0.8059846 0.53861654 0.24552163
vn 0.98699176 0.08789678 0.13461559
vn 0.9650213 0.26216373 -0.0019863546
vn 0.2916742 0.6831797 0.6694712
vn -0.37092954 0.25821155 0.89204156
vn 0.55162436 0.3492518 0.757452
vn 0.2916742 0.6831797 0.6694712
vn -1.1432046E-06 0.7258515 0.68785155
vn 0.6367743 0.2647575 0.7241699
vn 0.2916742 0.6831797 0.6694712
vn 0.07453906 -0.023178875 0.9969487
vn -0.37092954 0.25821155 0.89204156
vn 0.2916742 0.6831797 0.6694712
vn 0.6367743 0.2647575 0.7241699
vn 0.07453906 -0.023178875 0.9969487
vn -1.1432046E-06 0.7258515 0.68785155
vn -1.0559442E-06 0.34661597 0.938007
vn 0.6367743 0.2647575 0.7241699
vn 0.9200205 0.07131815 0.38532573
vn 0.9195182 -0.1674028 0.35561568
vn 0.98699176 0.08789678 0.13461559
vn 0.9200205 0.07131815 0.38532573
vn 0.55162436 0.3492518 0.757452
vn 0.6349879 0.043848276 0.77127653
vn 0.9200205 0.07131815 0.38532573
vn 0.6349879 0.043848276 0.77127653
vn 0.9195182 -0.1674028 0.35561568
vn -0.074538626 -0.023178935 0.9969487
vn -0.648875 -0.26387215 0.7136755
vn -0.6702528 -0.013211668 0.74201524
vn -0.074538626 -0.023178935 0.9969487
vn 0.4174435 -0.2828341 0.8635657
vn -0.087122746 -0.18471593 0.9789226
vn -0.074538626 -0.023178935 0.9969487
vn -0.087122746 -0.18471593 0.9789226
vn -0.648875 -0.26387215 0.7136755
vn 0.4174435 -0.2828341 0.8635657
vn 0.21559493 -0.7339763 0.64404786
vn -0.087122746 -0.18471593 0.9789226
vn 0.9964381 0.046901055 -0.07008259
vn 0.9650213 0.26216373 -0.0019863546
vn 0.9756391 0.0034131408 -0.21935531
vn 0.9964381 0.046901055 -0.07008259
vn 0.9756391 0.0034131408 -0.21935531
vn 0.8068669 -0.32480645 -0.49342346
vn 0.9964381 0.046901055 -0.07008259
vn 0.8068669 -0.32480645 -0.49342346
vn 0.8358189 -0.2907765 -0.46567783
vn -0.37092954 0.25821155 0.89204156
vn 0.07453906 -0.023178875 0.9969487
vn -0.41813737 0.012563705 0.90829694
vn -0.37092954 0.25821155 0.89204156
vn -0.41813737 0.012563705 0.90829694
vn 0.55162436 0.3492518 0.757452
vn 0.55162436 0.3492518 0.757452
vn -0.41813737 0.012563705 0.90829694
vn 0.6349879 0.043848276 0.77127653
vn -1.0559442E-06 0.34661597 0.938007
vn 0.6702521 -0.013211668 0.74201584
vn 0.6367743 0.2647575 0.7241699
vn -1.0559442E-06 0.34661597 0.938007
vn -0.6702528 -0.013211668 0.74201524
vn -1.1709972E-06 -0.014308274 0.99989766
vn -1.0559442E-06 0.34661597 0.938007
vn -1.1709972E-06 -0.014308274 0.99989766
vn 0.6702521 -0.013211668 0.74201584
vn 0.6367743 0.2647575 0.7241699
vn 0.6702521 -0.013211668 0.74201584
vn 0.07453906 -0.023178875 0.9969487
vn 0.98699176 0.08789678 0.13461559
vn 0.9195182 -0.1674028 0.35561568
vn 0.9846524 -0.14471544 0.09755546
vn 0.98699176 0.08789678 0.13461559
vn 0.99530774 0.062938824 -0.07349317
vn 0.9650213 0.26216373 -0.0019863546
vn 0.98699176 0.08789678 0.13461559
vn 0.9846524 -0.14471544 0.09755546
vn 0.99530774 0.062938824 -0.07349317
vn -0.648875 -0.26387215 0.7136755
vn -0.087122746 -0.18471593 0.9789226
vn -0.5694255 -0.7028948 0.42625505
vn -0.648875 -0.26387215 0.7136755
vn -1.1151803E-06 -0.35281473 0.93569314
vn -0.6702528 -0.013211668 0.74201524
vn -0.648875 -0.26387215 0.7136755
vn -0.5694255 -0.7028948 0.42625505
vn -6.441568E-07 -0.859196 0.5116464
vn -0.648875 -0.26387215 0.7136755
vn -6.441568E-07 -0.859196 0.5116464
vn -1.1151803E-06 -0.35281473 0.93569314
vn -1.1709972E-06 -0.014308274 0.99989766
vn -1.1151803E-06 -0.35281473 0.93569314
vn 0.6702521 -0.013211668 0.74201584
vn -1.1709972E-06 -0.014308274 0.99989766
vn -0.6702528 -0.013211668 0.74201524
vn -1.1151803E-06 -0.35281473 0.93569314
vn 0.21559493 -0.7339763 0.64404786
vn -0.1434157 -0.9183313 0.3689164
vn -0.087122746 -0.18471593 0.9789226
vn -0.087122746 -0.18471593 0.9789226
vn -0.1434157 -0.9183313 0.3689164
vn -0.5694255 -0.7028948 0.42625505
vn 0.9756391 0.0034131408 -0.21935531
vn 0.7430168 -0.34218174 -0.575185
vn 0.8068669 -0.32480645 -0.49342346
vn 0.9756391 0.0034131408 -0.21935531
vn 0.9650213 0.26216373 -0.0019863546
vn 0.9291306 -0.07599291 -0.36185825
vn 0.9756391 0.0034131408 -0.21935531
vn 0.9291306 -0.07599291 -0.36185825
vn 0.7430168 -0.34218174 -0.575185
vn 0.9650213 0.26216373 -0.0019863546
vn 0.99530774 0.062938824 -0.07349317
vn 0.9291306 -0.07599291 -0.36185825
vn -0.41813737 0.012563705 0.90829694
vn -0.41744316 -0.2828341 0.86356574
vn 0.6349879 0.043848276 0.77127653
vn -0.41813737 0.012563705 0.90829694
vn 0.07453906 -0.023178875 0.9969487
vn -0.41744316 -0.2828341 0.86356574
vn 0.9195182 -0.1674028 0.35561568
vn 0.64040333 -0.7655137 0.062227726
vn 0.9846524 -0.14471544 0.09755546
vn 0.9195182 -0.1674028 0.35561568
vn 0.6349879 0.043848276 0.77127653
vn 0.6071262 -0.30765 0.73263174
vn 0.9195182 -0.1674028 0.35561568
vn 0.600174 -0.74990356 0.27827287
vn 0.64040333 -0.7655137 0.062227726
vn 0.9195182 -0.1674028 0.35561568
vn 0.6071262 -0.30765 0.73263174
vn 0.40104493 -0.807854 0.4318967
vn 0.9195182 -0.1674028 0.35561568
vn 0.40104493 -0.807854 0.4318967
vn 0.600174 -0.74990356 0.27827287
vn 0.6349879 0.043848276 0.77127653
vn -0.41744316 -0.2828341 0.86356574
vn 0.6071262 -0.30765 0.73263174
vn -6.441568E-07 -0.859196 0.5116464
vn 0.6488743 -0.26387247 0.713676
vn -1.1151803E-06 -0.35281473 0.93569314
vn -6.441568E-07 -0.859196 0.5116464
vn 0.5694252 -0.7028948 0.42625558
vn 0.6488743 -0.26387247 0.713676
vn 0.6702521 -0.013211668 0.74201584
vn 0.6488743 -0.26387247 0.713676
vn 0.07453906 -0.023178875 0.9969487
vn 0.6702521 -0.013211668 0.74201584
vn -1.1151803E-06 -0.35281473 0.93569314
vn 0.6488743 -0.26387247 0.713676
vn 0.7430168 -0.34218174 -0.575185
vn 0.9291306 -0.07599291 -0.36185825
vn 0.9665022 -0.20406042 -0.15566893
vn 0.7430168 -0.34218174 -0.575185
vn 0.9665022 -0.20406042 -0.15566893
vn 0.51739407 -0.7560065 -0.40094587
vn 0.9846524 -0.14471544 0.09755546
vn 0.9665022 -0.20406042 -0.15566893
vn 0.99530774 0.062938824 -0.07349317
vn 0.9846524 -0.14471544 0.09755546
vn 0.64040333 -0.7655137 0.062227726
vn 0.9665022 -0.20406042 -0.15566893
vn 0.99530774 0.062938824 -0.07349317
vn 0.9665022 -0.20406042 -0.15566893
vn 0.9291306 -0.07599291 -0.36185825
vn 0.40104493 -0.807854 0.4318967
vn 0.6071262 -0.30765 0.73263174
vn -0.21559459 -0.73397636 0.64404774
vn 0.6071262 -0.30765 0.73263174
vn -0.41744316 -0.2828341 0.86356574
vn -0.21559459 -0.73397636 0.64404774
vn 0.5694252 -0.7028948 0.42625558
vn 0.08712323 -0.18471605 0.97892267
vn 0.6488743 -0.26387247 0.713676
vn 0.5694252 -0.7028948 0.42625558
vn 0.14341599 -0.91833127 0.36891675
vn 0.08712323 -0.18471605 0.97892267
vn 0.08712323 -0.18471605 0.97892267
vn -0.41744316 -0.2828341 0.86356574
vn 0.07453906 -0.023178875 0.9969487
vn 0.08712323 -0.18471605 0.97892267
vn 0.14341599 -0.91833127 0.36891675
vn -0.21559459 -0.73397636 0.64404774
vn 0.08712323 -0.18471605 0.97892267
vn 0.07453906 -0.023178875 0.9969487
vn 0.6488743 -0.26387247 0.713676
vn 0.08712323 -0.18471605 0.97892267
vn -0.21559459 -0.73397636 0.64404774
vn -0.41744316 -0.2828341 0.86356574
vn 0.51739407 -0.7560065 -0.40094587
vn 0.9665022 -0.20406042 -0.15566893
vn 0.6069692 -0.7845872 -0.1265353
vn 0.6069692 -0.7845872 -0.1265353
vn 0.9665022 -0.20406042 -0.15566893
vn 0.64040333 -0.7655137 0.062227726
vn -0.21559688 -0.7339734 0.6440505
vn 0.14342004 -0.9183284 0.36892205
vn 0.40104192 -0.80785215 0.43190312
vn 0.14342004 -0.9183284 0.36892205
vn 0.6001677 -0.74990976 0.27827
vn 0.40104192 -0.80785215 0.43190312
vn 0.14342004 -0.9183284 0.36892205
vn 7.807696E-05 -0.9999999 -0.00023013353
vn 0.6001677 -0.74990976 0.27827
vn 0.14342004 -0.9183284 0.36892205
vn 0 -0.99999994 -5.9604645E-08
vn 7.807696E-05 -0.9999999 -0.00023013353
vn 0.14342004 -0.9183284 0.36892205
vn 0 -0.99999994 -5.9604645E-08
vn 0 -0.99999994 -5.9604645E-08
vn 0.14342004 -0.9183284 0.36892205
vn 0.56942725 -0.7028938 0.4262544
vn 0 -0.99999994 -5.9604645E-08
vn 0.6001677 -0.74990976 0.27827
vn 7.807696E-05 -0.9999999 -0.00023013353
vn 0.6404016 -0.76551557 0.062223434
vn 0 -0.99999994 -5.9604645E-08
vn 0 -0.99999994 -5.9604645E-08
vn -0.14341979 -0.91832757 0.36892426
vn 0 -0.99999994 -5.9604645E-08
vn 4.3448467E-09 -0.9999966 0.002576828
vn 7.807696E-05 -0.9999999 -0.00023013353
vn 0 -0.99999994 -5.9604645E-08
vn -0.14341979 -0.91832757 0.36892426
vn -7.8076606E-05 -0.9999999 -0.00023013353
vn 0 -0.99999994 -5.9604645E-08
vn -7.8076606E-05 -0.9999999 -0.00023013353
vn 4.3448467E-09 -0.9999966 0.002576828
vn 0.56942725 -0.7028938 0.4262544
vn 6.1506586E-07 -0.859196 0.5116464
vn 0 -0.99999994 -5.9604645E-08
vn 0.6404016 -0.76551557 0.062223434
vn 7.807696E-05 -0.9999999 -0.00023013353
vn 0.0006381788 -0.9999971 0.0023092031
vn 0.6404016 -0.76551557 0.062223434
vn 0.0006381788 -0.9999971 0.0023092031
vn 0.6069695 -0.7845867 -0.12653726
vn 7.807696E-05 -0.9999999 -0.00023013353
vn 4.3448467E-09 -0.9999966 0.002576828
vn 0.0006381788 -0.9999971 0.0023092031
vn -0.14341979 -0.91832757 0.36892426
vn -0.60017496 -0.7499032 0.2782718
vn -7.8076606E-05 -0.9999999 -0.00023013353
vn -0.14341979 -0.91832757 0.36892426
vn 0 -0.99999994 -5.9604645E-08
vn -0.5694252 -0.7028947 0.42625558
vn -0.14341979 -0.91832757 0.36892426
vn -0.4010453 -0.8078507 0.43190247
vn -0.60017496 -0.7499032 0.2782718
vn -0.14341979 -0.91832757 0.36892426
vn 0.21559651 -0.7339735 0.64405054
vn -0.4010453 -0.8078507 0.43190247
vn -0.5694252 -0.7028947 0.42625558
vn 0 -0.99999994 -5.9604645E-08
vn 6.1506586E-07 -0.859196 0.5116464
vn 0.6069695 -0.7845867 -0.12653726
vn 0.0006381788 -0.9999971 0.0023092031
vn 0.51739305 -0.7560066 -0.4009467
vn 4.3448467E-09 -0.9999966 0.002576828
vn -7.8076606E-05 -0.9999999 -0.00023013353
vn -0.0006381745 -0.9999971 0.0023092031
vn 4.3448467E-09 -0.9999966 0.002576828
vn 0.20878658 -0.86317563 -0.45971295
vn 0.0006381788 -0.9999971 0.0023092031
vn 4.3448467E-09 -0.9999966 0.002576828
vn -0.0006381745 -0.9999971 0.0023092031
vn -0.20878617 -0.86317533 -0.4597135
vn 4.3448467E-09 -0.9999966 0.002576828
vn 6.311535E-07 -0.89259446 -0.4508605
vn 0.20878658 -0.86317563 -0.45971295
vn 4.3448467E-09 -0.9999966 0.002576828
vn -0.20878617 -0.86317533 -0.4597135
vn 6.311535E-07 -0.89259446 -0.4508605
vn 0.20878658 -0.86317563 -0.45971295
vn 0.51739305 -0.7560066 -0.4009467
vn 0.0006381788 -0.9999971 0.0023092031
vn -0.60017496 -0.7499032 0.2782718
vn -0.6404018 -0.76551515 0.062226355
vn -7.8076606E-05 -0.9999999 -0.00023013353
vn -7.8076606E-05 -0.9999999 -0.00023013353
vn -0.6404018 -0.76551515 0.062226355
vn -0.0006381745 -0.9999971 0.0023092031
vn -0.20878617 -0.86317533 -0.4597135
vn -0.0006381745 -0.9999971 0.0023092031
vn -0.517393 -0.7560067 -0.40094677
vn -0.6404018 -0.76551515 0.062226355
vn -0.6069694 -0.78458667 -0.12653673
vn -0.0006381745 -0.9999971 0.0023092031
vn -0.0006381745 -0.9999971 0.0023092031
vn -0.6069694 -0.78458667 -0.12653673
vn -0.517393 -0.7560067 -0.40094677
vn 0.9951486 0.066204 -0.072776176
vn 0.83927095 -0.28055525 -0.46573922
vn 0.99998283 -0.005618168 -0.0016664821
vn 0.83927095 -0.28055525 -0.46573922
vn 0.85337806 -0.25470707 -0.45482984
vn 0.99998283 -0.005618168 -0.0016664821
vn 0.83927095 -0.28055525 -0.46573922
vn 0.45000905 -0.47176278 -0.7582426
vn 0.85337806 -0.25470707 -0.45482984
vn 0.83927095 -0.28055525 -0.46573922
vn 0.42836696 -0.53643876 -0.7271417
vn 0.45000905 -0.47176278 -0.7582426
vn 0.83927095 -0.28055525 -0.46573922
vn 0.8068702 -0.3248061 -0.49341825
vn 0.42836696 -0.53643876 -0.7271417
vn 0.99998283 -0.005618168 -0.0016664821
vn 0.85337806 -0.25470707 -0.45482984
vn 0.9982766 -0.057804998 0.010118742
vn 0.45000905 -0.47176278 -0.7582426
vn 0.42836696 -0.53643876 -0.7271417
vn 1.9345032E-07 -0.60558873 -0.7957778
vn 0.45000905 -0.47176278 -0.7582426
vn 0.47191092 -0.40793163 -0.7815958
vn 0.85337806 -0.25470707 -0.45482984
vn 0.45000905 -0.47176278 -0.7582426
vn 1.9345032E-07 -0.60558873 -0.7957778
vn 0.0009804982 -0.5252854 -0.85092545
vn 0.45000905 -0.47176278 -0.7582426
vn 0.0009804982 -0.5252854 -0.85092545
vn 0.47191092 -0.40793163 -0.7815958
vn 0.8068702 -0.3248061 -0.49341825
vn 0.3836793 -0.5688119 -0.72749084
vn 0.42836696 -0.53643876 -0.7271417
vn 0.8068702 -0.3248061 -0.49341825
vn 0.7430162 -0.34218067 -0.5751863
vn 0.3836793 -0.5688119 -0.72749084
vn 0.9982766 -0.057804998 0.010118742
vn 0.85337806 -0.25470707 -0.45482984
vn 0.8731907 -0.18835586 -0.44951093
vn 0.9982766 -0.057804998 0.010118742
vn 0.8731907 -0.18835586 -0.44951093
vn 0.9924121 -0.11030747 -0.05431828
vn 0.85337806 -0.25470707 -0.45482984
vn 0.47191092 -0.40793163 -0.7815958
vn 0.8731907 -0.18835586 -0.44951093
vn 1.9345032E-07 -0.60558873 -0.7957778
vn -0.44890544 -0.47516656 -0.7567698
vn 0.0009804982 -0.5252854 -0.85092545
vn 1.9345032E-07 -0.60558873 -0.7957778
vn 0.42836696 -0.53643876 -0.7271417
vn 1.2013238E-06 -0.6511685 -0.75893325
vn 1.9345032E-07 -0.60558873 -0.7957778
vn -0.4283633 -0.5364409 -0.72714233
vn -0.44890544 -0.47516656 -0.7567698
vn 1.9345032E-07 -0.60558873 -0.7957778
vn 1.2013238E-06 -0.6511685 -0.75893325
vn -0.4283633 -0.5364409 -0.72714233
vn 0.42836696 -0.53643876 -0.7271417
vn 0.3836793 -0.5688119 -0.72749084
vn 1.2013238E-06 -0.6511685 -0.75893325
vn 0.7430162 -0.34218067 -0.5751863
vn 0.20878658 -0.86317563 -0.45971295
vn 0.3836793 -0.5688119 -0.72749084
vn 0.7430162 -0.34218067 -0.5751863
vn 0.51739305 -0.7560066 -0.4009467
vn 0.20878658 -0.86317563 -0.45971295
vn 0.9924121 -0.11030747 -0.05431828
vn 0.8731907 -0.18835586 -0.44951093
vn 0.8816584 -0.07207525 -0.4663515
vn 0.9924121 -0.11030747 -0.05431828
vn 0.8816584 -0.07207525 -0.4663515
vn 0.9162723 -0.118486255 -0.3826304
vn 0.9924121 -0.11030747 -0.05431828
vn 0.9162723 -0.118486255 -0.3826304
vn 0.98149115 -0.19134389 -0.007917136
vn 0.47191092 -0.40793163 -0.7815958
vn 0.0009804982 -0.5252854 -0.85092545
vn -0.003617085 -0.45302635 -0.8914896
vn 0.47191092 -0.40793163 -0.7815958
vn 0.51211196 -0.3593071 -0.78015375
vn 0.8731907 -0.18835586 -0.44951093
vn 0.47191092 -0.40793163 -0.7815958
vn -0.003617085 -0.45302635 -0.8914896
vn 0.51211196 -0.3593071 -0.78015375
vn 0.8731907 -0.18835586 -0.44951093
vn 0.51211196 -0.3593071 -0.78015375
vn 0.8816584 -0.07207525 -0.4663515
vn -0.44890544 -0.47516656 -0.7567698
vn -0.4283633 -0.5364409 -0.72714233
vn -0.83581907 -0.290778 -0.46567655
vn -0.44890544 -0.47516656 -0.7567698
vn -0.46980602 -0.40678906 -0.78345704
vn 0.0009804982 -0.5252854 -0.85092545
vn -0.44890544 -0.47516656 -0.7567698
vn -0.83581907 -0.290778 -0.46567655
vn -0.84461784 -0.26985645 -0.46238324
vn -0.44890544 -0.47516656 -0.7567698
vn -0.84461784 -0.26985645 -0.46238324
vn -0.46980602 -0.40678906 -0.78345704
vn 0.0009804982 -0.5252854 -0.85092545
vn -0.46980602 -0.40678906 -0.78345704
vn -0.003617085 -0.45302635 -0.8914896
vn 1.2013238E-06 -0.6511685 -0.75893325
vn 0.3836793 -0.5688119 -0.72749084
vn 6.311535E-07 -0.89259446 -0.4508605
vn 1.2013238E-06 -0.6511685 -0.75893325
vn -0.3836776 -0.56881076 -0.7274927
vn -0.4283633 -0.5364409 -0.72714233
vn 1.2013238E-06 -0.6511685 -0.75893325
vn 6.311535E-07 -0.89259446 -0.4508605
vn -0.3836776 -0.56881076 -0.7274927
vn 0.3836793 -0.5688119 -0.72749084
vn 0.20878658 -0.86317563 -0.45971295
vn 6.311535E-07 -0.89259446 -0.4508605
vn 0.9162723 -0.118486255 -0.3826304
vn 0.88898766 -0.19019705 -0.41656455
vn 0.98149115 -0.19134389 -0.007917136
vn 0.9162723 -0.118486255 -0.3826304
vn 0.8816584 -0.07207525 -0.4663515
vn 0.60729146 0.10239166 -0.7878535
vn 0.9162723 -0.118486255 -0.3826304
vn 0.60729146 0.10239166 -0.7878535
vn 0.88898766 -0.19019705 -0.41656455
vn 0.51211196 -0.3593071 -0.78015375
vn -0.003617085 -0.45302635 -0.8914896
vn -0.022302475 -0.4204014 -0.90706414
vn 0.51211196 -0.3593071 -0.78015375
vn 0.5712857 -0.07784891 -0.81705076
vn 0.8816584 -0.07207525 -0.4663515
vn 0.51211196 -0.3593071 -0.78015375
vn -0.022302475 -0.4204014 -0.90706414
vn 0.5712857 -0.07784891 -0.81705076
vn 0.8816584 -0.07207525 -0.4663515
vn 0.5712857 -0.07784891 -0.81705076
vn 0.60729146 0.10239166 -0.7878535
vn -0.83581907 -0.290778 -0.46567655
vn -0.9987358 -0.049781688 -0.00697463
vn -0.84461784 -0.26985645 -0.46238324
vn -0.83581907 -0.290778 -0.46567655
vn -0.4283633 -0.5364409 -0.72714233
vn -0.8068684 -0.32480687 -0.4934207
vn -0.83581907 -0.290778 -0.46567655
vn -0.996438 0.046901736 -0.07008195
vn -0.9987358 -0.049781688 -0.00697463
vn -0.4283633 -0.5364409 -0.72714233
vn -0.3836776 -0.56881076 -0.7274927
vn -0.8068684 -0.32480687 -0.4934207
vn -0.46980602 -0.40678906 -0.78345704
vn -0.5145812 -0.35948384 -0.77844554
vn -0.003617085 -0.45302635 -0.8914896
vn -0.46980602 -0.40678906 -0.78345704
vn -0.84461784 -0.26985645 -0.46238324
vn -0.85527694 -0.19995195 -0.4780382
vn -0.46980602 -0.40678906 -0.78345704
vn -0.85527694 -0.19995195 -0.4780382
vn -0.5145812 -0.35948384 -0.77844554
vn -0.003617085 -0.45302635 -0.8914896
vn -0.5145812 -0.35948384 -0.77844554
vn -0.022302475 -0.4204014 -0.90706414
vn 6.311535E-07 -0.89259446 -0.4508605
vn -0.20878617 -0.86317533 -0.4597135
vn -0.3836776 -0.56881076 -0.7274927
vn 0.98149115 -0.19134389 -0.007917136
vn 0.88898766 -0.19019705 -0.41656455
vn 0.96653426 -0.25628006 -0.011487111
vn 0.5712857 -0.07784891 -0.81705076
vn -0.023052715 0.25056422 -0.96782535
vn 0.60729146 0.10239166 -0.7878535
vn 0.5712857 -0.07784891 -0.81705076
vn -0.022302475 -0.4204014 -0.90706414
vn -0.014928571 -0.031024158 -0.99940705
vn 0.5712857 -0.07784891 -0.81705076
vn -0.014928571 -0.031024158 -0.99940705
vn -0.023052715 0.25056422 -0.96782535
vn -0.996438 0.046901736 -0.07008195
vn -0.90861607 0.11318165 0.40200335
vn -0.9987358 -0.049781688 -0.00697463
vn -0.996438 0.046901736 -0.07008195
vn -0.86431146 0.39853707 0.3068123
vn -0.90861607 0.11318165 0.40200335
vn -0.8068684 -0.32480687 -0.4934207
vn -0.3836776 -0.56881076 -0.7274927
vn -0.743016 -0.3421803 -0.5751867
vn -0.3836776 -0.56881076 -0.7274927
vn -0.20878617 -0.86317533 -0.4597135
vn -0.743016 -0.3421803 -0.5751867
vn -0.84461784 -0.26985645 -0.46238324
vn -0.9969483 -0.07673879 -0.014324874
vn -0.85527694 -0.19995195 -0.4780382
vn -0.84461784 -0.26985645 -0.46238324
vn -0.9987358 -0.049781688 -0.00697463
vn -0.9969483 -0.07673879 -0.014324874
vn -0.5145812 -0.35948384 -0.77844554
vn -0.5651114 -0.06325501 -0.822586
vn -0.022302475 -0.4204014 -0.90706414
vn -0.5145812 -0.35948384 -0.77844554
vn -0.85527694 -0.19995195 -0.4780382
vn -0.8563062 -0.058430612 -0.51315254
vn -0.5145812 -0.35948384 -0.77844554
vn -0.8563062 -0.058430612 -0.51315254
vn -0.5651114 -0.06325501 -0.822586
vn -0.014928571 -0.031024158 -0.99940705
vn -0.5651114 -0.06325501 -0.822586
vn -0.023052715 0.25056422 -0.96782535
vn -0.014928571 -0.031024158 -0.99940705
vn -0.022302475 -0.4204014 -0.90706414
vn -0.5651114 -0.06325501 -0.822586
vn 0.88898766 -0.19019705 -0.41656455
vn 0.9600322 -0.2777172 0.03480223
vn 0.96653426 -0.25628006 -0.011487111
vn 0.88898766 -0.19019705 -0.41656455
vn 0.60729146 0.10239166 -0.7878535
vn 0.5246985 0.049796402 -0.8498303
vn 0.88898766 -0.19019705 -0.41656455
vn 0.8773263 -0.17485756 -0.44690418
vn 0.9600322 -0.2777172 0.03480223
vn 0.88898766 -0.19019705 -0.41656455
vn 0.5246985 0.049796402 -0.8498303
vn 0.8773263 -0.17485756 -0.44690418
vn 0.60729146 0.10239166 -0.7878535
vn -0.023052715 0.25056422 -0.96782535
vn 0.5246985 0.049796402 -0.8498303
vn -0.86431146 0.39853707 0.3068123
vn -0.5482117 0.25505108 0.79650056
vn -0.90861607 0.11318165 0.40200335
vn -0.86431146 0.39853707 0.3068123
vn -0.46709022 0.68704796 0.5565895
vn -0.5482117 0.25505108 0.79650056
vn -0.20878617 -0.86317533 -0.4597135
vn -0.517393 -0.7560067 -0.40094677
vn -0.743016 -0.3421803 -0.5751867
vn -0.9987358 -0.049781688 -0.00697463
vn -0.9206565 0.028015226 0.38936698
vn -0.9969483 -0.07673879 -0.014324874
vn -0.9987358 -0.049781688 -0.00697463
vn -0.90861607 0.11318165 0.40200335
vn -0.9206565 0.028015226 0.38936698
vn -0.85527694 -0.19995195 -0.4780382
vn -0.9951335 -0.07009357 -0.06925419
vn -0.8563062 -0.058430612 -0.51315254
vn -0.85527694 -0.19995195 -0.4780382
vn -0.9969483 -0.07673879 -0.014324874
vn -0.9951335 -0.07009357 -0.06925419
vn -0.5651114 -0.06325501 -0.822586
vn -0.5896132 0.19494271 -0.78380704
vn -0.023052715 0.25056422 -0.96782535
vn -0.5651114 -0.06325501 -0.822586
vn -0.8563062 -0.058430612 -0.51315254
vn -0.5896132 0.19494271 -0.78380704
vn 0.9600322 -0.2777172 0.03480223
vn 0.8773263 -0.17485756 -0.44690418
vn 0.7343381 -0.6750678 -0.07092893
vn 0.5246985 0.049796402 -0.8498303
vn -0.023052715 0.25056422 -0.96782535
vn -0.056802306 0.1979295 -0.9785691
vn 0.5246985 0.049796402 -0.8498303
vn 0.45459288 -0.0027900338 -0.890695
vn 0.8773263 -0.17485756 -0.44690418
vn 0.5246985 0.049796402 -0.8498303
vn -0.056802306 0.1979295 -0.9785691
vn 0.45459288 -0.0027900338 -0.890695
vn -0.023052715 0.25056422 -0.96782535
vn -0.5896132 0.19494271 -0.78380704
vn -0.056802306 0.1979295 -0.9785691
vn -0.46709022 0.68704796 0.5565895
vn 0.0023523928 0.33869088 0.94089466
vn -0.5482117 0.25505108 0.79650056
vn -0.46709022 0.68704796 0.5565895
vn 0.0040098815 0.84292614 0.53801435
vn 0.0023523928 0.33869088 0.94089466
vn -0.90861607 0.11318165 0.40200335
vn -0.5707782 0.12533933 0.8114815
vn -0.9206565 0.028015226 0.38936698
vn -0.90861607 0.11318165 0.40200335
vn -0.5482117 0.25505108 0.79650056
vn -0.5707782 0.12533933 0.8114815
vn -0.9969483 -0.07673879 -0.014324874
vn -0.9474786 -0.08180486 0.3091799
vn -0.9951335 -0.07009357 -0.06925419
vn -0.9969483 -0.07673879 -0.014324874
vn -0.9206565 0.028015226 0.38936698
vn -0.9474786 -0.08180486 0.3091799
vn -0.8563062 -0.058430612 -0.51315254
vn -0.91879606 0.05050984 -0.39148757
vn -0.5896132 0.19494271 -0.78380704
vn -0.8563062 -0.058430612 -0.51315254
vn -0.9951335 -0.07009357 -0.06925419
vn -0.91879606 0.05050984 -0.39148757
vn 0.7343381 -0.6750678 -0.07092893
vn 0.8773263 -0.17485756 -0.44690418
vn 0.6210907 -0.51710534 -0.5889385
vn 0.8773263 -0.17485756 -0.44690418
vn 0.45459288 -0.0027900338 -0.890695
vn 0.6210907 -0.51710534 -0.5889385
vn -0.056802306 0.1979295 -0.9785691
vn -0.5896132 0.19494271 -0.78380704
vn -0.5847919 0.1559127 -0.7960589
vn -0.056802306 0.1979295 -0.9785691
vn -0.10028859 0.09106058 -0.9907827
vn 0.45459288 -0.0027900338 -0.890695
vn -0.056802306 0.1979295 -0.9785691
vn -0.5847919 0.1559127 -0.7960589
vn -0.10028859 0.09106058 -0.9907827
vn -0.5896132 0.19494271 -0.78380704
vn -0.91879606 0.05050984 -0.39148757
vn -0.5847919 0.1559127 -0.7960589
vn 0.0040098815 0.84292614 0.53801435
vn 0.46190387 0.6976596 0.54764575
vn 0.0023523928 0.33869088 0.94089466
vn -0.5482117 0.25505108 0.79650056
vn -0.0021759493 0.20942855 0.97782147
vn -0.5707782 0.12533933 0.8114815
vn -0.5482117 0.25505108 0.79650056
vn 0.0023523928 0.33869088 0.94089466
vn -0.0021759493 0.20942855 0.97782147
vn -0.9206565 0.028015226 0.38936698
vn -0.66279453 -0.2187818 0.71612704
vn -0.9474786 -0.08180486 0.3091799
vn -0.9206565 0.028015226 0.38936698
vn -0.5707782 0.12533933 0.8114815
vn -0.66279453 -0.2187818 0.71612704
vn -0.9951335 -0.07009357 -0.06925419
vn -0.99381477 -0.09843881 -0.05140111
vn -0.91879606 0.05050984 -0.39148757
vn -0.9951335 -0.07009357 -0.06925419
vn -0.9474786 -0.08180486 0.3091799
vn -0.99381477 -0.09843881 -0.05140111
vn 0.6210907 -0.51710534 -0.5889385
vn 0.45459288 -0.0027900338 -0.890695
vn 0.16552144 -0.19592261 -0.96654904
vn 0.6210907 -0.51710534 -0.5889385
vn 0.16552144 -0.19592261 -0.96654904
vn 0.103606634 -0.47800094 -0.8722273
vn 0.45459288 -0.0027900338 -0.890695
vn -0.10028859 0.09106058 -0.9907827
vn 0.16552144 -0.19592261 -0.96654904
vn -0.5847919 0.1559127 -0.7960589
vn -0.91879606 0.05050984 -0.39148757
vn -0.8974612 0.03788969 -0.439463
vn -0.5847919 0.1559127 -0.7960589
vn -0.57943326 0.099132955 -0.8089682
vn -0.10028859 0.09106058 -0.9907827
vn -0.5847919 0.1559127 -0.7960589
vn -0.8974612 0.03788969 -0.439463
vn -0.57943326 0.099132955 -0.8089682
vn -0.91879606 0.05050984 -0.39148757
vn -0.99381477 -0.09843881 -0.05140111
vn -0.8974612 0.03788969 -0.439463
vn 0.46190387 0.6976596 0.54764575
vn 0.540339 0.29627484 0.7875625
vn 0.0023523928 0.33869088 0.94089466
vn 0.46190387 0.6976596 0.54764575
vn 0.8563193 0.4188823 0.30208394
vn 0.540339 0.29627484 0.7875625
vn 0.0023523928 0.33869088 0.94089466
vn 0.540339 0.29627484 0.7875625
vn -0.0021759493 0.20942855 0.97782147
vn -0.5707782 0.12533933 0.8114815
vn -0.005616071 -0.30628508 0.9519233
vn -0.66279453 -0.2187818 0.71612704
vn -0.5707782 0.12533933 0.8114815
vn -0.0021759493 0.20942855 0.97782147
vn -0.005616071 -0.30628508 0.9519233
vn -0.9474786 -0.08180486 0.3091799
vn -0.93063635 -0.2588739 0.2586508
vn -0.99381477 -0.09843881 -0.05140111
vn -0.9474786 -0.08180486 0.3091799
vn -0.66279453 -0.2187818 0.71612704
vn -0.93063635 -0.2588739 0.2586508
vn 0.103606634 -0.47800094 -0.8722273
vn 0.16552144 -0.19592261 -0.96654904
vn -0.072896615 -0.12354779 -0.98965746
vn -0.10028859 0.09106058 -0.9907827
vn -0.57943326 0.099132955 -0.8089682
vn -0.18112668 0.016522825 -0.98332095
vn -0.10028859 0.09106058 -0.9907827
vn -0.18112668 0.016522825 -0.98332095
vn 0.16552144 -0.19592261 -0.96654904
vn -0.8974612 0.03788969 -0.439463
vn -0.99381477 -0.09843881 -0.05140111
vn -0.98127437 -0.12717882 -0.14465913
vn -0.8974612 0.03788969 -0.439463
vn -0.86556697 0.013817042 -0.50060254
vn -0.57943326 0.099132955 -0.8089682
vn -0.8974612 0.03788969 -0.439463
vn -0.98127437 -0.12717882 -0.14465913
vn -0.86556697 0.013817042 -0.50060254
vn 0.8563193 0.4188823 0.30208394
vn 0.89853543 0.16995332 0.40466022
vn 0.540339 0.29627484 0.7875625
vn 0.8563193 0.4188823 0.30208394
vn 0.9951486 0.066204 -0.072776176
vn 0.89853543 0.16995332 0.40466022
vn -0.0021759493 0.20942855 0.97782147
vn 0.55087024 0.16050714 0.8190112
vn -0.005616071 -0.30628508 0.9519233
vn -0.0021759493 0.20942855 0.97782147
vn 0.540339 0.29627484 0.7875625
vn 0.55087024 0.16050714 0.8190112
vn 0.540339 0.29627484 0.7875625
vn 0.89853543 0.16995332 0.40466022
vn 0.55087024 0.16050714 0.8190112
vn -0.66279453 -0.2187818 0.71612704
vn -0.65159297 -0.49474773 0.5750228
vn -0.93063635 -0.2588739 0.2586508
vn -0.66279453 -0.2187818 0.71612704
vn -0.005616071 -0.30628508 0.9519233
vn 0.003352486 -0.64130586 0.76727796
vn -0.66279453 -0.2187818 0.71612704
vn 0.003352486 -0.64130586 0.76727796
vn -0.65159297 -0.49474773 0.5750228
vn -0.072896615 -0.12354779 -0.98965746
vn 0.16552144 -0.19592261 -0.96654904
vn -0.08434874 -0.077914834 -0.99338543
vn -0.072896615 -0.12354779 -0.98965746
vn -0.08434874 -0.077914834 -0.99338543
vn -0.11610918 0.09999353 -0.9881902
vn 0.16552144 -0.19592261 -0.96654904
vn -0.18112668 0.016522825 -0.98332095
vn -0.08434874 -0.077914834 -0.99338543
vn -0.99381477 -0.09843881 -0.05140111
vn -0.94773066 -0.2528525 0.19460773
vn -0.98127437 -0.12717882 -0.14465913
vn -0.99381477 -0.09843881 -0.05140111
vn -0.93063635 -0.2588739 0.2586508
vn -0.94773066 -0.2528525 0.19460773
vn -0.57943326 0.099132955 -0.8089682
vn -0.86556697 0.013817042 -0.50060254
vn -0.59132135 0.05489987 -0.80456513
vn -0.57943326 0.099132955 -0.8089682
vn -0.59132135 0.05489987 -0.80456513
vn -0.18112668 0.016522825 -0.98332095
vn 0.9951486 0.066204 -0.072776176
vn 0.99998283 -0.005618168 -0.0016664821
vn 0.89853543 0.16995332 0.40466022
vn 0.55087024 0.16050714 0.8190112
vn 0.58444315 -0.15473014 0.7965455
vn -0.005616071 -0.30628508 0.9519233
vn 0.55087024 0.16050714 0.8190112
vn 0.89853543 0.16995332 0.40466022
vn 0.90945977 0.062236875 0.41110772
vn 0.55087024 0.16050714 0.8190112
vn 0.90945977 0.062236875 0.41110772
vn 0.58444315 -0.15473014 0.7965455
vn 0.89853543 0.16995332 0.40466022
vn 0.99998283 -0.005618168 -0.0016664821
vn 0.90945977 0.062236875 0.41110772
vn 0.003352486 -0.64130586 0.76727796
vn -0.08730115 -0.549734 0.83076537
vn -0.65159297 -0.49474773 0.5750228
vn 0.003352486 -0.64130586 0.76727796
vn -0.005616071 -0.30628508 0.9519233
vn 0.5265827 -0.4379142 0.7286575
vn 0.003352486 -0.64130586 0.76727796
vn 0.49664658 -0.4574614 0.73761183
vn -0.08730115 -0.549734 0.83076537
vn 0.003352486 -0.64130586 0.76727796
vn 0.5265827 -0.4379142 0.7286575
vn 0.49664658 -0.4574614 0.73761183
vn -0.005616071 -0.30628508 0.9519233
vn 0.58444315 -0.15473014 0.7965455
vn 0.5265827 -0.4379142 0.7286575
vn -0.11610918 0.09999353 -0.9881902
vn -0.08434874 -0.077914834 -0.99338543
vn -0.18625659 0.10269481 -0.9771194
vn -0.98127437 -0.12717882 -0.14465913
vn -0.94773066 -0.2528525 0.19460773
vn -0.9698139 -0.17116004 0.17368141
vn -0.98127437 -0.12717882 -0.14465913
vn -0.97962075 -0.06774451 -0.189087
vn -0.86556697 0.013817042 -0.50060254
vn -0.98127437 -0.12717882 -0.14465913
vn -0.9698139 -0.17116004 0.17368141
vn -0.97962075 -0.06774451 -0.189087
vn -0.93063635 -0.2588739 0.2586508
vn -0.65159297 -0.49474773 0.5750228
vn -0.7406745 -0.40184313 0.53844523
vn -0.93063635 -0.2588739 0.2586508
vn -0.7406745 -0.40184313 0.53844523
vn -0.94773066 -0.2528525 0.19460773
vn -0.65159297 -0.49474773 0.5750228
vn -0.08730115 -0.549734 0.83076537
vn -0.7406745 -0.40184313 0.53844523
vn -0.59132135 0.05489987 -0.80456513
vn -0.28248638 -0.012145579 -0.9591944
vn -0.18112668 0.016522825 -0.98332095
vn -0.59132135 0.05489987 -0.80456513
vn -0.86556697 0.013817042 -0.50060254
vn -0.8532219 0.026112556 -0.52089393
vn -0.59132135 0.05489987 -0.80456513
vn -0.6083743 0.051864326 -0.79195374
vn -0.28248638 -0.012145579 -0.9591944
vn -0.59132135 0.05489987 -0.80456513
vn -0.8532219 0.026112556 -0.52089393
vn -0.6083743 0.051864326 -0.79195374
vn -0.08434874 -0.077914834 -0.99338543
vn -0.28248638 -0.012145579 -0.9591944
vn -0.18625659 0.10269481 -0.9771194
vn -0.08434874 -0.077914834 -0.99338543
vn -0.18112668 0.016522825 -0.98332095
vn -0.28248638 -0.012145579 -0.9591944
vn -0.86556697 0.013817042 -0.50060254
vn -0.97962075 -0.06774451 -0.189087
vn -0.8532219 0.026112556 -0.52089393
vn 0.99998283 -0.005618168 -0.0016664821
vn 0.9982766 -0.057804998 0.010118742
vn 0.90945977 0.062236875 0.41110772
vn 0.49664658 -0.4574614 0.73761183
vn 0.5265827 -0.4379142 0.7286575
vn 0.85618985 -0.34622565 0.38349274
vn 0.49664658 -0.4574614 0.73761183
vn 0.44591862 -0.35840166 0.8201858
vn -0.08730115 -0.549734 0.83076537
vn 0.49664658 -0.4574614 0.73761183
vn 0.85618985 -0.34622565 0.38349274
vn 0.8000369 -0.32461926 0.5045426
vn 0.49664658 -0.4574614 0.73761183
vn 0.8000369 -0.32461926 0.5045426
vn 0.44591862 -0.35840166 0.8201858
vn 0.58444315 -0.15473014 0.7965455
vn 0.90945977 0.062236875 0.41110772
vn 0.9385551 -0.13658726 0.31695145
vn 0.58444315 -0.15473014 0.7965455
vn 0.8803459 -0.33981344 0.33093488
vn 0.5265827 -0.4379142 0.7286575
vn 0.58444315 -0.15473014 0.7965455
vn 0.9385551 -0.13658726 0.31695145
vn 0.8803459 -0.33981344 0.33093488
vn 0.5265827 -0.4379142 0.7286575
vn 0.8803459 -0.33981344 0.33093488
vn 0.85618985 -0.34622565 0.38349274
vn 0.90945977 0.062236875 0.41110772
vn 0.9982766 -0.057804998 0.010118742
vn 0.9385551 -0.13658726 0.31695145
vn -0.9698139 -0.17116004 0.17368141
vn -0.94773066 -0.2528525 0.19460773
vn -0.801162 -0.2927988 0.52192736
vn -0.9698139 -0.17116004 0.17368141
vn -0.9873002 -0.048664905 0.15122825
vn -0.97962075 -0.06774451 -0.189087
vn -0.9698139 -0.17116004 0.17368141
vn -0.801162 -0.2927988 0.52192736
vn -0.86110765 -0.14116263 0.488433
vn -0.9698139 -0.17116004 0.17368141
vn -0.86110765 -0.14116263 0.488433
vn -0.9873002 -0.048664905 0.15122825
vn -0.94773066 -0.2528525 0.19460773
vn -0.7406745 -0.40184313 0.53844523
vn -0.801162 -0.2927988 0.52192736
vn -0.6083743 0.051864326 -0.79195374
vn -0.3541415 0.109422445 -0.9287683
vn -0.28248638 -0.012145579 -0.9591944
vn -0.6083743 0.051864326 -0.79195374
vn -0.8532219 0.026112556 -0.52089393
vn -0.8426549 0.113731414 -0.5263059
vn -0.6083743 0.051864326 -0.79195374
vn -0.5836004 0.21626157 -0.7827142
vn -0.3541415 0.109422445 -0.9287683
vn -0.6083743 0.051864326 -0.79195374
vn -0.8426549 0.113731414 -0.5263059
vn -0.5836004 0.21626157 -0.7827142
vn -0.28248638 -0.012145579 -0.9591944
vn -0.3541415 0.109422445 -0.9287683
vn -0.18625659 0.10269481 -0.9771194
vn -0.08730115 -0.549734 0.83076537
vn 0.44591862 -0.35840166 0.8201858
vn -0.19339795 -0.4097694 0.89145184
vn -0.08730115 -0.549734 0.83076537
vn -0.19339795 -0.4097694 0.89145184
vn -0.7406745 -0.40184313 0.53844523
vn -0.7406745 -0.40184313 0.53844523
vn -0.19339795 -0.4097694 0.89145184
vn -0.801162 -0.2927988 0.52192736
vn 0.8000369 -0.32461926 0.5045426
vn 0.85618985 -0.34622565 0.38349274
vn 0.9600322 -0.2777172 0.03480223
vn 0.8000369 -0.32461926 0.5045426
vn 0.3498 -0.8600882 0.37133288
vn 0.44591862 -0.35840166 0.8201858
vn 0.8000369 -0.32461926 0.5045426
vn 0.9600322 -0.2777172 0.03480223
vn 0.7343381 -0.6750678 -0.07092893
vn 0.8000369 -0.32461926 0.5045426
vn 0.7343381 -0.6750678 -0.07092893
vn 0.3498 -0.8600882 0.37133288
vn 0.8803459 -0.33981344 0.33093488
vn 0.9385551 -0.13658726 0.31695145
vn 0.98149115 -0.19134389 -0.007917136
vn 0.8803459 -0.33981344 0.33093488
vn 0.96653426 -0.25628006 -0.011487111
vn 0.85618985 -0.34622565 0.38349274
vn 0.8803459 -0.33981344 0.33093488
vn 0.98149115 -0.19134389 -0.007917136
vn 0.96653426 -0.25628006 -0.011487111
vn 0.96653426 -0.25628006 -0.011487111
vn 0.9600322 -0.2777172 0.03480223
vn 0.85618985 -0.34622565 0.38349274
vn 0.9982766 -0.057804998 0.010118742
vn 0.9924121 -0.11030747 -0.05431828
vn 0.9385551 -0.13658726 0.31695145
vn 0.9385551 -0.13658726 0.31695145
vn 0.9924121 -0.11030747 -0.05431828
vn 0.98149115 -0.19134389 -0.007917136
vn -0.97962075 -0.06774451 -0.189087
vn -0.9873002 -0.048664905 0.15122825
vn -0.97848755 0.009640947 -0.20608087
vn -0.97962075 -0.06774451 -0.189087
vn -0.97848755 0.009640947 -0.20608087
vn -0.8532219 0.026112556 -0.52089393
vn -0.8532219 0.026112556 -0.52089393
vn -0.97848755 0.009640947 -0.20608087
vn -0.8426549 0.113731414 -0.5263059
vn -0.86110765 -0.14116263 0.488433
vn -0.801162 -0.2927988 0.52192736
vn -0.28397745 -0.18919462 0.9399798
vn -0.86110765 -0.14116263 0.488433
vn -0.9282752 0.035694063 0.3701769
vn -0.9873002 -0.048664905 0.15122825
vn -0.86110765 -0.14116263 0.488433
vn -0.28397745 -0.18919462 0.9399798
vn -0.8963294 -0.19588263 0.39777336
vn -0.86110765 -0.14116263 0.488433
vn -0.8963294 -0.19588263 0.39777336
vn -0.9282752 0.035694063 0.3701769
vn -0.801162 -0.2927988 0.52192736
vn -0.19339795 -0.4097694 0.89145184
vn -0.28397745 -0.18919462 0.9399798
vn -0.5836004 0.21626157 -0.7827142
vn -0.3844414 0.37523717 -0.8434464
vn -0.3541415 0.109422445 -0.9287683
vn -0.5836004 0.21626157 -0.7827142
vn -0.8426549 0.113731414 -0.5263059
vn -0.7720882 0.3246331 -0.54634523
vn -0.5836004 0.21626157 -0.7827142
vn -0.57632804 0.5519994 -0.6026133
vn -0.3844414 0.37523717 -0.8434464
vn -0.5836004 0.21626157 -0.7827142
vn -0.7720882 0.3246331 -0.54634523
vn -0.57632804 0.5519994 -0.6026133
vn -0.3844414 0.37523717 -0.8434464
vn -0.18625659 0.10269481 -0.9771194
vn -0.3541415 0.109422445 -0.9287683
vn 0.44591862 -0.35840166 0.8201858
vn 0.3498 -0.8600882 0.37133288
vn -0.22471493 -0.6989054 0.67899513
vn 0.44591862 -0.35840166 0.8201858
vn -0.22471493 -0.6989054 0.67899513
vn -0.19339795 -0.4097694 0.89145184
vn -0.22471493 -0.6989054 0.67899513
vn -0.8963294 -0.19588263 0.39777336
vn -0.28397745 -0.18919462 0.9399798
vn -0.22471493 -0.6989054 0.67899513
vn -0.28397745 -0.18919462 0.9399798
vn -0.19339795 -0.4097694 0.89145184
vn -0.97848755 0.009640947 -0.20608087
vn -0.9873002 -0.048664905 0.15122825
vn -0.9868815 0.14381297 0.073367186
vn -0.97848755 0.009640947 -0.20608087
vn -0.9621777 0.15116186 -0.22663699
vn -0.8426549 0.113731414 -0.5263059
vn -0.97848755 0.009640947 -0.20608087
vn -0.9868815 0.14381297 0.073367186
vn -0.9621777 0.15116186 -0.22663699
vn -0.9873002 -0.048664905 0.15122825
vn -0.9282752 0.035694063 0.3701769
vn -0.9868815 0.14381297 0.073367186
vn -0.7720882 0.3246331 -0.54634523
vn -0.69192106 0.65842617 -0.29617566
vn -0.57632804 0.5519994 -0.6026133
vn -0.7720882 0.3246331 -0.54634523
vn -0.8426549 0.113731414 -0.5263059
vn -0.8819948 0.39835593 -0.25178912
vn -0.7720882 0.3246331 -0.54634523
vn -0.8819948 0.39835593 -0.25178912
vn -0.69192106 0.65842617 -0.29617566
vn -0.8426549 0.113731414 -0.5263059
vn -0.9621777 0.15116186 -0.22663699
vn -0.8819948 0.39835593 -0.25178912
vn -0.8963294 -0.19588263 0.39777336
vn -0.9328503 0.22465003 0.28164285
vn -0.9282752 0.035694063 0.3701769
vn -0.9868815 0.14381297 0.073367186
vn -0.9097647 0.41510296 0.0041947663
vn -0.9621777 0.15116186 -0.22663699
vn -0.9868815 0.14381297 0.073367186
vn -0.9282752 0.035694063 0.3701769
vn -0.9108719 0.3569405 0.20713694
vn -0.9868815 0.14381297 0.073367186
vn -0.9108719 0.3569405 0.20713694
vn -0.9097647 0.41510296 0.0041947663
vn -0.9282752 0.035694063 0.3701769
vn -0.9328503 0.22465003 0.28164285
vn -0.9108719 0.3569405 0.20713694
vn -0.9621777 0.15116186 -0.22663699
vn -0.9097647 0.41510296 0.0041947663
vn -0.8819948 0.39835593 -0.25178912
vn -0.69192106 0.65842617 -0.29617566
vn -0.8819948 0.39835593 -0.25178912
vn -0.7290328 0.6821183 -0.05679524
vn -0.8819948 0.39835593 -0.25178912
vn -0.9097647 0.41510296 0.0041947663
vn -0.7290328 0.6821183 -0.05679524
vn -0.9328503 0.22465003 0.28164285
vn -0.7898948 0.5868693 0.17790651
vn -0.9108719 0.3569405 0.20713694
vn -0.9097647 0.41510296 0.0041947663
vn -0.75350416 0.6480855 0.110529065
vn -0.7290328 0.6821183 -0.05679524
vn -0.9097647 0.41510296 0.0041947663
vn -0.9108719 0.3569405 0.20713694
vn -0.75350416 0.6480855 0.110529065
vn -0.75350416 0.6480855 0.110529065
vn -0.9108719 0.3569405 0.20713694
vn -0.7898948 0.5868693 0.17790651
vn 0.83927095 -0.28055525 -0.46573922
vn 0.9951486 0.066204 -0.072776176
vn 0.8068702 -0.3248061 -0.49341825
vn 0.9951486 0.066204 -0.072776176
vn 0.97563916 0.003412664 -0.21935496
vn 0.8068702 -0.3248061 -0.49341825
vn 0.9951486 0.066204 -0.072776176
vn 0.9650227 0.26215914 -0.0019875765
vn 0.97563916 0.003412664 -0.21935496
vn 0.9951486 0.066204 -0.072776176
vn 0.8563193 0.4188823 0.30208394
vn 0.9650227 0.26215914 -0.0019875765
vn 0.8068702 -0.3248061 -0.49341825
vn 0.97563916 0.003412664 -0.21935496
vn 0.7430162 -0.34218067 -0.5751863
vn 0.8563193 0.4188823 0.30208394
vn 0.80542076 0.5395801 0.24525636
vn 0.9650227 0.26215914 -0.0019875765
vn 0.8563193 0.4188823 0.30208394
vn 0.46190387 0.6976596 0.54764575
vn 0.80542076 0.5395801 0.24525636
vn 0.97563916 0.003412664 -0.21935496
vn 0.9291302 -0.075992495 -0.36185947
vn 0.7430162 -0.34218067 -0.5751863
vn 0.97563916 0.003412664 -0.21935496
vn 0.9650227 0.26215914 -0.0019875765
vn 0.9291302 -0.075992495 -0.36185947
vn 0.46190387 0.6976596 0.54764575
vn 0.30798098 0.88392705 0.35188156
vn 0.80542076 0.5395801 0.24525636
vn 0.46190387 0.6976596 0.54764575
vn 0.0040098815 0.84292614 0.53801435
vn 0.30798098 0.88392705 0.35188156
vn 0.7430162 -0.34218067 -0.5751863
vn 0.9291302 -0.075992495 -0.36185947
vn 0.96650183 -0.20406072 -0.15567091
vn 0.7430162 -0.34218067 -0.5751863
vn 0.96650183 -0.20406072 -0.15567091
vn 0.51739305 -0.7560066 -0.4009467
vn 0.9650227 0.26215914 -0.0019875765
vn 0.80542076 0.5395801 0.24525636
vn 0.98699194 0.08789769 0.13461417
vn 0.9650227 0.26215914 -0.0019875765
vn 0.9953076 0.062938906 -0.07349395
vn 0.9291302 -0.075992495 -0.36185947
vn 0.9650227 0.26215914 -0.0019875765
vn 0.98699194 0.08789769 0.13461417
vn 0.9953076 0.062938906 -0.07349395
vn 0.9291302 -0.075992495 -0.36185947
vn 0.9953076 0.062938906 -0.07349395
vn 0.96650183 -0.20406072 -0.15567091
vn 0.0040098815 0.84292614 0.53801435
vn 7.461165E-07 0.9424218 0.33442646
vn 0.30798098 0.88392705 0.35188156
vn 0.0040098815 0.84292614 0.53801435
vn -0.30738539 0.8836591 0.3530736
vn 7.461165E-07 0.9424218 0.33442646
vn 0.0040098815 0.84292614 0.53801435
vn -0.46709022 0.68704796 0.5565895
vn -0.30738539 0.8836591 0.3530736
vn 0.51739305 -0.7560066 -0.4009467
vn 0.96650183 -0.20406072 -0.15567091
vn 0.6069695 -0.7845867 -0.12653726
vn 0.80542076 0.5395801 0.24525636
vn 0.7318917 0.46795723 0.49532866
vn 0.98699194 0.08789769 0.13461417
vn 0.80542076 0.5395801 0.24525636
vn 0.30798098 0.88392705 0.35188156
vn 0.7318917 0.46795723 0.49532866
vn 0.9953076 0.062938906 -0.07349395
vn 0.9846528 -0.14471582 0.09755023
vn 0.96650183 -0.20406072 -0.15567091
vn 0.9953076 0.062938906 -0.07349395
vn 0.98699194 0.08789769 0.13461417
vn 0.9846528 -0.14471582 0.09755023
vn 7.461165E-07 0.9424218 0.33442646
vn -0.30738539 0.8836591 0.3530736
vn -0.29167417 0.68317974 0.66947097
vn 7.461165E-07 0.9424218 0.33442646
vn 0.2916753 0.68317944 0.66947097
vn 0.30798098 0.88392705 0.35188156
vn 7.461165E-07 0.9424218 0.33442646
vn -0.29167417 0.68317974 0.66947097
vn 1.4380647E-06 0.72584987 0.68785316
vn 7.461165E-07 0.9424218 0.33442646
vn 1.4380647E-06 0.72584987 0.68785316
vn 0.2916753 0.68317944 0.66947097
vn 0.30798098 0.88392705 0.35188156
vn 0.2916753 0.68317944 0.66947097
vn 0.7318917 0.46795723 0.49532866
vn -0.46709022 0.68704796 0.5565895
vn -0.80598307 0.538618 0.24552387
vn -0.30738539 0.8836591 0.3530736
vn -0.46709022 0.68704796 0.5565895
vn -0.86431146 0.39853707 0.3068123
vn -0.80598307 0.538618 0.24552387
vn 0.6069695 -0.7845867 -0.12653726
vn 0.96650183 -0.20406072 -0.15567091
vn 0.6404016 -0.76551557 0.062223434
vn 0.96650183 -0.20406072 -0.15567091
vn 0.9846528 -0.14471582 0.09755023
vn 0.6404016 -0.76551557 0.062223434
vn 0.98699194 0.08789769 0.13461417
vn 0.7318917 0.46795723 0.49532866
vn 0.92001957 0.07132596 0.38532668
vn 0.98699194 0.08789769 0.13461417
vn 0.91951776 -0.167404 0.35561627
vn 0.9846528 -0.14471582 0.09755023
vn 0.98699194 0.08789769 0.13461417
vn 0.92001957 0.07132596 0.38532668
vn 0.91951776 -0.167404 0.35561627
vn 0.9846528 -0.14471582 0.09755023
vn 0.91951776 -0.167404 0.35561627
vn 0.6404016 -0.76551557 0.062223434
vn -0.29167417 0.68317974 0.66947097
vn -0.6367697 0.26475662 0.72417414
vn 1.4380647E-06 0.72584987 0.68785316
vn -0.29167417 0.68317974 0.66947097
vn -0.30738539 0.8836591 0.3530736
vn -0.73189145 0.4679574 0.49532887
vn -0.29167417 0.68317974 0.66947097
vn -0.07453907 -0.023183584 0.99694854
vn -0.6367697 0.26475662 0.72417414
vn -0.29167417 0.68317974 0.66947097
vn -0.73189145 0.4679574 0.49532887
vn -0.55162376 0.34925282 0.75745213
vn -0.29167417 0.68317974 0.66947097
vn 0.37092936 0.2582118 0.8920415
vn -0.07453907 -0.023183584 0.99694854
vn -0.29167417 0.68317974 0.66947097
vn -0.55162376 0.34925282 0.75745213
vn 0.37092936 0.2582118 0.8920415
vn -0.30738539 0.8836591 0.3530736
vn -0.80598307 0.538618 0.24552387
vn -0.73189145 0.4679574 0.49532887
vn 0.2916753 0.68317944 0.66947097
vn 0.5516243 0.34925222 0.75745183
vn 0.7318917 0.46795723 0.49532866
vn 0.2916753 0.68317944 0.66947097
vn 1.4380647E-06 0.72584987 0.68785316
vn 0.6367704 0.2647562 0.7241738
vn 0.2916753 0.68317944 0.66947097
vn -0.37092993 0.25821185 0.8920413
vn 0.5516243 0.34925222 0.75745183
vn 0.2916753 0.68317944 0.66947097
vn 0.6367704 0.2647562 0.7241738
vn 0.074538484 -0.023183584 0.99694854
vn 0.2916753 0.68317944 0.66947097
vn 0.074538484 -0.023183584 0.99694854
vn -0.37092993 0.25821185 0.8920413
vn 0.7318917 0.46795723 0.49532866
vn 0.5516243 0.34925222 0.75745183
vn 0.92001957 0.07132596 0.38532668
vn -0.86431146 0.39853707 0.3068123
vn -0.9650227 0.26215914 -0.0019872785
vn -0.80598307 0.538618 0.24552387
vn -0.86431146 0.39853707 0.3068123
vn -0.996438 0.046901736 -0.07008195
vn -0.9650227 0.26215914 -0.0019872785
vn 0.91951776 -0.167404 0.35561627
vn 0.6001677 -0.74990976 0.27827
vn 0.6404016 -0.76551557 0.062223434
vn 0.91951776 -0.167404 0.35561627
vn 0.92001957 0.07132596 0.38532668
vn 0.6349859 0.043845594 0.7712784
vn 0.91951776 -0.167404 0.35561627
vn 0.40104192 -0.80785215 0.43190312
vn 0.6001677 -0.74990976 0.27827
vn 0.91951776 -0.167404 0.35561627
vn 0.6349859 0.043845594 0.7712784
vn 0.60712445 -0.30765358 0.7326318
vn 0.91951776 -0.167404 0.35561627
vn 0.60712445 -0.30765358 0.7326318
vn 0.40104192 -0.80785215 0.43190312
vn 0.92001957 0.07132596 0.38532668
vn 0.5516243 0.34925222 0.75745183
vn 0.6349859 0.043845594 0.7712784
vn -0.6367697 0.26475662 0.72417414
vn -0.07453907 -0.023183584 0.99694854
vn -0.67025036 -0.013208747 0.74201745
vn -0.6367697 0.26475662 0.72417414
vn 9.982485E-07 0.34661853 0.93800616
vn 1.4380647E-06 0.72584987 0.68785316
vn -0.6367697 0.26475662 0.72417414
vn -0.67025036 -0.013208747 0.74201745
vn 9.982485E-07 0.34661853 0.93800616
vn 1.4380647E-06 0.72584987 0.68785316
vn 9.982485E-07 0.34661853 0.93800616
vn 0.6367704 0.2647562 0.7241738
vn -0.55162376 0.34925282 0.75745213
vn 0.41813725 0.0125640035 0.90829694
vn 0.37092936 0.2582118 0.8920415
vn -0.55162376 0.34925282 0.75745213
vn -0.73189145 0.4679574 0.49532887
vn -0.9200207 0.0713183 0.38532537
vn -0.55162376 0.34925282 0.75745213
vn -0.6349879 0.04384458 0.7712768
vn 0.41813725 0.0125640035 0.90829694
vn -0.55162376 0.34925282 0.75745213
vn -0.9200207 0.0713183 0.38532537
vn -0.6349879 0.04384458 0.7712768
vn 0.37092936 0.2582118 0.8920415
vn 0.41813725 0.0125640035 0.90829694
vn -0.07453907 -0.023183584 0.99694854
vn 0.074538484 -0.023183584 0.99694854
vn -0.41813755 0.012563825 0.90829676
vn -0.37092993 0.25821185 0.8920413
vn 0.074538484 -0.023183584 0.99694854
vn 0.6367704 0.2647562 0.7241738
vn 0.67025113 -0.013208747 0.74201685
vn 0.074538484 -0.023183584 0.99694854
vn -0.41744253 -0.28283775 0.86356497
vn -0.41813755 0.012563825 0.90829676
vn 0.074538484 -0.023183584 0.99694854
vn 0.67025113 -0.013208747 0.74201685
vn 0.6488758 -0.2638724 0.71367466
vn 0.074538484 -0.023183584 0.99694854
vn 0.08711953 -0.1847158 0.978923
vn -0.41744253 -0.28283775 0.86356497
vn 0.074538484 -0.023183584 0.99694854
vn 0.6488758 -0.2638724 0.71367466
vn 0.08711953 -0.1847158 0.978923
vn -0.41813755 0.012563825 0.90829676
vn 0.5516243 0.34925222 0.75745183
vn -0.37092993 0.25821185 0.8920413
vn -0.41813755 0.012563825 0.90829676
vn -0.41744253 -0.28283775 0.86356497
vn 0.6349859 0.043845594 0.7712784
vn -0.41813755 0.012563825 0.90829676
vn 0.6349859 0.043845594 0.7712784
vn 0.5516243 0.34925222 0.75745183
vn 0.6349859 0.043845594 0.7712784
vn -0.41744253 -0.28283775 0.86356497
vn 0.60712445 -0.30765358 0.7326318
vn 0.6367704 0.2647562 0.7241738
vn 9.982485E-07 0.34661853 0.93800616
vn 0.67025113 -0.013208747 0.74201685
vn -0.80598307 0.538618 0.24552387
vn -0.9650227 0.26215914 -0.0019872785
vn -0.9869918 0.08789623 0.13461554
vn -0.80598307 0.538618 0.24552387
vn -0.9869918 0.08789623 0.13461554
vn -0.73189145 0.4679574 0.49532887
vn -0.73189145 0.4679574 0.49532887
vn -0.9869918 0.08789623 0.13461554
vn -0.9200207 0.0713183 0.38532537
vn -0.996438 0.046901736 -0.07008195
vn -0.97563905 0.0034128428 -0.21935537
vn -0.9650227 0.26215914 -0.0019872785
vn -0.996438 0.046901736 -0.07008195
vn -0.8068684 -0.32480687 -0.4934207
vn -0.97563905 0.0034128428 -0.21935537
vn -0.996438 0.046901736 -0.07008195
vn -0.83581907 -0.290778 -0.46567655
vn -0.8068684 -0.32480687 -0.4934207
vn 0.40104192 -0.80785215 0.43190312
vn 0.60712445 -0.30765358 0.7326318
vn -0.21559688 -0.7339734 0.6440505
vn -0.41744253 -0.28283775 0.86356497
vn 0.08711953 -0.1847158 0.978923
vn -0.21559688 -0.7339734 0.6440505
vn -0.41744253 -0.28283775 0.86356497
vn -0.21559688 -0.7339734 0.6440505
vn 0.60712445 -0.30765358 0.7326318
vn -0.67025036 -0.013208747 0.74201745
vn -0.07453907 -0.023183584 0.99694854
vn -0.6488753 -0.263873 0.7136748
vn -0.67025036 -0.013208747 0.74201745
vn 1.1636354E-06 -0.014297605 0.99989766
vn 9.982485E-07 0.34661853 0.93800616
vn -0.67025036 -0.013208747 0.74201745
vn -0.6488753 -0.263873 0.7136748
vn 1.1114423E-06 -0.35281473 0.93569314
vn -0.67025036 -0.013208747 0.74201745
vn 1.1114423E-06 -0.35281473 0.93569314
vn 1.1636354E-06 -0.014297605 0.99989766
vn 0.67025113 -0.013208747 0.74201685
vn 1.1114423E-06 -0.35281473 0.93569314
vn 0.6488758 -0.2638724 0.71367466
vn 0.67025113 -0.013208747 0.74201685
vn 9.982485E-07 0.34661853 0.93800616
vn 1.1636354E-06 -0.014297605 0.99989766
vn 0.67025113 -0.013208747 0.74201685
vn 1.1636354E-06 -0.014297605 0.99989766
vn 1.1114423E-06 -0.35281473 0.93569314
vn -0.6349879 0.04384458 0.7712768
vn 0.41744226 -0.2828378 0.8635651
vn 0.41813725 0.0125640035 0.90829694
vn -0.6349879 0.04384458 0.7712768
vn -0.9200207 0.0713183 0.38532537
vn -0.919518 -0.16740336 0.35561633
vn -0.6349879 0.04384458 0.7712768
vn -0.6071288 -0.30765298 0.7326282
vn 0.41744226 -0.2828378 0.8635651
vn -0.6349879 0.04384458 0.7712768
vn -0.919518 -0.16740336 0.35561633
vn -0.6071288 -0.30765298 0.7326282
vn -0.9200207 0.0713183 0.38532537
vn -0.9869918 0.08789623 0.13461554
vn -0.919518 -0.16740336 0.35561633
vn 0.41813725 0.0125640035 0.90829694
vn 0.41744226 -0.2828378 0.8635651
vn -0.07453907 -0.023183584 0.99694854
vn -0.9650227 0.26215914 -0.0019872785
vn -0.97563905 0.0034128428 -0.21935537
vn -0.92913026 -0.075992435 -0.36185944
vn -0.9650227 0.26215914 -0.0019872785
vn -0.9953076 0.06293894 -0.073493876
vn -0.9869918 0.08789623 0.13461554
vn -0.9650227 0.26215914 -0.0019872785
vn -0.92913026 -0.075992435 -0.36185944
vn -0.9953076 0.06293894 -0.073493876
vn -0.8068684 -0.32480687 -0.4934207
vn -0.743016 -0.3421803 -0.5751867
vn -0.97563905 0.0034128428 -0.21935537
vn -0.97563905 0.0034128428 -0.21935537
vn -0.743016 -0.3421803 -0.5751867
vn -0.92913026 -0.075992435 -0.36185944
vn 0.08711953 -0.1847158 0.978923
vn 0.14342004 -0.9183284 0.36892205
vn -0.21559688 -0.7339734 0.6440505
vn 0.08711953 -0.1847158 0.978923
vn 0.6488758 -0.2638724 0.71367466
vn 0.56942725 -0.7028938 0.4262544
vn 0.08711953 -0.1847158 0.978923
vn 0.56942725 -0.7028938 0.4262544
vn 0.14342004 -0.9183284 0.36892205
vn -0.6488753 -0.263873 0.7136748
vn 6.1506586E-07 -0.859196 0.5116464
vn 1.1114423E-06 -0.35281473 0.93569314
vn -0.6488753 -0.263873 0.7136748
vn -0.07453907 -0.023183584 0.99694854
vn -0.08711957 -0.18471724 0.9789226
vn -0.6488753 -0.263873 0.7136748
vn -0.5694252 -0.7028947 0.42625558
vn 6.1506586E-07 -0.859196 0.5116464
vn -0.6488753 -0.263873 0.7136748
vn -0.08711957 -0.18471724 0.9789226
vn -0.5694252 -0.7028947 0.42625558
vn 6.1506586E-07 -0.859196 0.5116464
vn 0.56942725 -0.7028938 0.4262544
vn 0.6488758 -0.2638724 0.71367466
vn 6.1506586E-07 -0.859196 0.5116464
vn 0.6488758 -0.2638724 0.71367466
vn 1.1114423E-06 -0.35281473 0.93569314
vn -0.07453907 -0.023183584 0.99694854
vn 0.41744226 -0.2828378 0.8635651
vn -0.08711957 -0.18471724 0.9789226
vn -0.6071288 -0.30765298 0.7326282
vn -0.919518 -0.16740336 0.35561633
vn -0.4010453 -0.8078507 0.43190247
vn -0.6071288 -0.30765298 0.7326282
vn 0.21559651 -0.7339735 0.64405054
vn 0.41744226 -0.2828378 0.8635651
vn -0.6071288 -0.30765298 0.7326282
vn -0.4010453 -0.8078507 0.43190247
vn 0.21559651 -0.7339735 0.64405054
vn 0.41744226 -0.2828378 0.8635651
vn 0.21559651 -0.7339735 0.64405054
vn -0.08711957 -0.18471724 0.9789226
vn -0.9869918 0.08789623 0.13461554
vn -0.9953076 0.06293894 -0.073493876
vn -0.9846521 -0.14471707 0.09755616
vn -0.9869918 0.08789623 0.13461554
vn -0.9846521 -0.14471707 0.09755616
vn -0.919518 -0.16740336 0.35561633
vn -0.743016 -0.3421803 -0.5751867
vn -0.9665019 -0.20406088 -0.1556705
vn -0.92913026 -0.075992435 -0.36185944
vn -0.743016 -0.3421803 -0.5751867
vn -0.517393 -0.7560067 -0.40094677
vn -0.9665019 -0.20406088 -0.1556705
vn -0.9953076 0.06293894 -0.073493876
vn -0.9665019 -0.20406088 -0.1556705
vn -0.9846521 -0.14471707 0.09755616
vn -0.9953076 0.06293894 -0.073493876
vn -0.92913026 -0.075992435 -0.36185944
vn -0.9665019 -0.20406088 -0.1556705
vn -0.5694252 -0.7028947 0.42625558
vn -0.08711957 -0.18471724 0.9789226
vn -0.14341979 -0.91832757 0.36892426
vn -0.14341979 -0.91832757 0.36892426
vn -0.08711957 -0.18471724 0.9789226
vn 0.21559651 -0.7339735 0.64405054
vn -0.4010453 -0.8078507 0.43190247
vn -0.919518 -0.16740336 0.35561633
vn -0.60017496 -0.7499032 0.2782718
vn -0.517393 -0.7560067 -0.40094677
vn -0.6069694 -0.78458667 -0.12653673
vn -0.9665019 -0.20406088 -0.1556705
vn -0.9846521 -0.14471707 0.09755616
vn -0.6404018 -0.76551515 0.062226355
vn -0.919518 -0.16740336 0.35561633
vn -0.9846521 -0.14471707 0.09755616
vn -0.9665019 -0.20406088 -0.1556705
vn -0.6404018 -0.76551515 0.062226355
vn -0.6404018 -0.76551515 0.062226355
vn -0.60017496 -0.7499032 0.2782718
vn -0.919518 -0.16740336 0.35561633
vn -0.6404018 -0.76551515 0.062226355
vn -0.9665019 -0.20406088 -0.1556705
vn -0.6069694 -0.78458667 -0.12653673
vn 0.39688444 0.2095102 0.8936375
vn 0.4926486 0.14882469 0.857408
vn 0.4709434 0.17400116 0.86483276
vn 0.39688444 0.2095102 0.8936375
vn 0.4318668 0.16886395 0.8859888
vn 0.4926486 0.14882469 0.857408
vn 0.39688444 0.2095102 0.8936375
vn 0.4709434 0.17400116 0.86483276
vn 0.35212967 0.34488648 0.8700907
vn 0.39688444 0.2095102 0.8936375
vn 0.26076463 0.19581777 0.9453345
vn 0.4318668 0.16886395 0.8859888
vn 0.39688444 0.2095102 0.8936375
vn 0.35212967 0.34488648 0.8700907
vn 0.22909203 0.37580562 0.8979349
vn 0.39688444 0.2095102 0.8936375
vn 0.25032532 0.2519328 0.9348087
vn 0.26076463 0.19581777 0.9453345
vn 0.39688444 0.2095102 0.8936375
vn 0.22909203 0.37580562 0.8979349
vn 0.25032532 0.2519328 0.9348087
vn 0.4926486 0.14882469 0.857408
vn 0.53501743 0.14308643 0.832636
vn 0.4709434 0.17400116 0.86483276
vn 0.4926486 0.14882469 0.857408
vn 0.4318668 0.16886395 0.8859888
vn 0.47618836 0.36625308 0.7994392
vn 0.4926486 0.14882469 0.857408
vn 0.5032025 0.40365905 0.7640984
vn 0.53501743 0.14308643 0.832636
vn 0.4926486 0.14882469 0.857408
vn 0.47618836 0.36625308 0.7994392
vn 0.5032025 0.40365905 0.7640984
vn 0.35212967 0.34488648 0.8700907
vn 0.4709434 0.17400116 0.86483276
vn 0.44456625 0.3239314 0.8351222
vn 0.26076463 0.19581777 0.9453345
vn 0.34596738 0.43291467 0.8324009
vn 0.4318668 0.16886395 0.8859888
vn 0.4318668 0.16886395 0.8859888
vn 0.34596738 0.43291467 0.8324009
vn 0.47618836 0.36625308 0.7994392
vn 0.53501743 0.14308643 0.832636
vn 0.5032025 0.40365905 0.7640984
vn 0.5227018 0.3319415 0.7852372
vn 0.53501743 0.14308643 0.832636
vn 0.54761124 0.15858251 0.8215677
vn 0.4709434 0.17400116 0.86483276
vn 0.53501743 0.14308643 0.832636
vn 0.5227018 0.3319415 0.7852372
vn 0.70800954 0.13343054 0.693483
vn 0.53501743 0.14308643 0.832636
vn 0.70682526 0.13546175 0.69429696
vn 0.54761124 0.15858251 0.8215677
vn 0.53501743 0.14308643 0.832636
vn 0.70800954 0.13343054 0.693483
vn 0.70682526 0.13546175 0.69429696
vn 0.4709434 0.17400116 0.86483276
vn 0.54761124 0.15858251 0.8215677
vn 0.44456625 0.3239314 0.8351222
vn 0.34596738 0.43291467 0.8324009
vn 0.4541546 0.46616113 0.7592347
vn 0.47618836 0.36625308 0.7994392
vn 0.5032025 0.40365905 0.7640984
vn 0.5181054 0.49015558 0.7009381
vn 0.5227018 0.3319415 0.7852372
vn 0.5032025 0.40365905 0.7640984
vn 0.47618836 0.36625308 0.7994392
vn 0.48316154 0.4790178 0.73286897
vn 0.5032025 0.40365905 0.7640984
vn 0.48316154 0.4790178 0.73286897
vn 0.5181054 0.49015558 0.7009381
vn 0.48316154 0.4790178 0.73286897
vn 0.47618836 0.36625308 0.7994392
vn 0.4541546 0.46616113 0.7592347
vn 0.70800954 0.13343054 0.693483
vn 0.9092462 0.09014827 0.40637982
vn 0.70682526 0.13546175 0.69429696
vn 0.70800954 0.13343054 0.693483
vn 0.5227018 0.3319415 0.7852372
vn 0.5735177 0.35673213 0.7374411
vn 0.70800954 0.13343054 0.693483
vn 0.9148921 0.006446153 0.40364707
vn 0.9092462 0.09014827 0.40637982
vn 0.70800954 0.13343054 0.693483
vn 0.5735177 0.35673213 0.7374411
vn 0.76666296 0.08235127 0.6367466
vn 0.70800954 0.13343054 0.693483
vn 0.76666296 0.08235127 0.6367466
vn 0.9148921 0.006446153 0.40364707
vn 0.5735177 0.35673213 0.7374411
vn 0.5227018 0.3319415 0.7852372
vn 0.5181054 0.49015558 0.7009381
vn 0.54761124 0.15858251 0.8215677
vn 0.54654086 0.31863403 0.7744453
vn 0.44456625 0.3239314 0.8351222
vn 0.54761124 0.15858251 0.8215677
vn 0.70682526 0.13546175 0.69429696
vn 0.7224312 0.15247273 0.67442214
vn 0.54761124 0.15858251 0.8215677
vn 0.7224312 0.15247273 0.67442214
vn 0.54654086 0.31863403 0.7744453
vn 0.9092462 0.09014827 0.40637982
vn 0.90761924 0.09975916 0.4077688
vn 0.70682526 0.13546175 0.69429696
vn 0.70682526 0.13546175 0.69429696
vn 0.90761924 0.09975916 0.4077688
vn 0.7224312 0.15247273 0.67442214
vn 0.54654086 0.31863403 0.7744453
vn 0.7224312 0.15247273 0.67442214
vn 0.71711063 0.30383116 0.62724704
vn 0.90761924 0.09975916 0.4077688
vn 0.90842897 0.11242834 0.402637
vn 0.7224312 0.15247273 0.67442214
vn 0.7224312 0.15247273 0.67442214
vn 0.90842897 0.11242834 0.402637
vn 0.71711063 0.30383116 0.62724704
vn 0.90842897 0.11242834 0.402637
vn 0.8944455 0.2475456 0.37240887
vn 0.71711063 0.30383116 0.62724704
vn -0.39688444 0.20951033 0.8936375
vn -0.47094342 0.17400116 0.86483276
vn -0.4926485 0.14882469 0.857408
vn -0.39688444 0.20951033 0.8936375
vn -0.35212964 0.34488648 0.8700907
vn -0.47094342 0.17400116 0.86483276
vn -0.39688444 0.20951033 0.8936375
vn -0.4926485 0.14882469 0.857408
vn -0.4318668 0.16886395 0.8859888
vn -0.39688444 0.20951033 0.8936375
vn -0.229092 0.37580562 0.8979348
vn -0.35212964 0.34488648 0.8700907
vn -0.39688444 0.20951033 0.8936375
vn -0.4318668 0.16886395 0.8859888
vn -0.26076463 0.19581777 0.9453345
vn -0.39688444 0.20951033 0.8936375
vn -0.2503253 0.2519328 0.9348087
vn -0.229092 0.37580562 0.8979348
vn -0.39688444 0.20951033 0.8936375
vn -0.26076463 0.19581777 0.9453345
vn -0.2503253 0.2519328 0.9348087
vn -0.47094342 0.17400116 0.86483276
vn -0.5350175 0.14308643 0.83263594
vn -0.4926485 0.14882469 0.857408
vn -0.47094342 0.17400116 0.86483276
vn -0.35212964 0.34488648 0.8700907
vn -0.44456628 0.3239314 0.8351222
vn -0.47094342 0.17400116 0.86483276
vn -0.54761124 0.15858251 0.8215677
vn -0.5350175 0.14308643 0.83263594
vn -0.47094342 0.17400116 0.86483276
vn -0.44456628 0.3239314 0.8351222
vn -0.54761124 0.15858251 0.8215677
vn -0.4318668 0.16886395 0.8859888
vn -0.34596738 0.43291467 0.8324009
vn -0.26076463 0.19581777 0.9453345
vn -0.4318668 0.16886395 0.8859888
vn -0.4926485 0.14882469 0.857408
vn -0.4761884 0.36625308 0.7994392
vn -0.4318668 0.16886395 0.8859888
vn -0.4761884 0.36625308 0.7994392
vn -0.34596738 0.43291467 0.8324009
vn -0.5350175 0.14308643 0.83263594
vn -0.54761124 0.15858251 0.8215677
vn -0.70682526 0.13546175 0.6942969
vn -0.5350175 0.14308643 0.83263594
vn -0.5032025 0.40365905 0.7640984
vn -0.4926485 0.14882469 0.857408
vn -0.5350175 0.14308643 0.83263594
vn -0.70682526 0.13546175 0.6942969
vn -0.70800954 0.13343054 0.693483
vn -0.5350175 0.14308643 0.83263594
vn -0.5227018 0.3319415 0.7852373
vn -0.5032025 0.40365905 0.7640984
vn -0.5350175 0.14308643 0.83263594
vn -0.70800954 0.13343054 0.693483
vn -0.5227018 0.3319415 0.7852373
vn -0.4926485 0.14882469 0.857408
vn -0.5032025 0.40365905 0.7640984
vn -0.4761884 0.36625308 0.7994392
vn -0.44456628 0.3239314 0.8351222
vn -0.54654086 0.3186341 0.77444524
vn -0.54761124 0.15858251 0.8215677
vn -0.34596738 0.43291467 0.8324009
vn -0.4761884 0.36625308 0.7994392
vn -0.4541546 0.46616113 0.7592347
vn -0.70682526 0.13546175 0.6942969
vn -0.9092462 0.09014827 0.40637982
vn -0.70800954 0.13343054 0.693483
vn -0.70682526 0.13546175 0.6942969
vn -0.54761124 0.15858251 0.8215677
vn -0.7224312 0.15247273 0.67442214
vn -0.70682526 0.13546175 0.6942969
vn -0.90761924 0.09975916 0.4077688
vn -0.9092462 0.09014827 0.40637982
vn -0.70682526 0.13546175 0.6942969
vn -0.7224312 0.15247273 0.67442214
vn -0.90761924 0.09975916 0.4077688
vn -0.54761124 0.15858251 0.8215677
vn -0.54654086 0.3186341 0.77444524
vn -0.7224312 0.15247273 0.67442214
vn -0.5227018 0.3319415 0.7852373
vn -0.5181054 0.49015558 0.7009381
vn -0.5032025 0.40365905 0.7640984
vn -0.5227018 0.3319415 0.7852373
vn -0.70800954 0.13343054 0.693483
vn -0.5735177 0.35673225 0.7374413
vn -0.5227018 0.3319415 0.7852373
vn -0.5735177 0.35673225 0.7374413
vn -0.5181054 0.49015558 0.7009381
vn -0.4761884 0.36625308 0.7994392
vn -0.48316154 0.4790178 0.73286897
vn -0.4541546 0.46616113 0.7592347
vn -0.4761884 0.36625308 0.7994392
vn -0.5032025 0.40365905 0.7640984
vn -0.48316154 0.4790178 0.73286897
vn -0.48316154 0.4790178 0.73286897
vn -0.5032025 0.40365905 0.7640984
vn -0.5181054 0.49015558 0.7009381
vn -0.9092462 0.09014827 0.40637982
vn -0.9148921 0.006446153 0.40364707
vn -0.70800954 0.13343054 0.693483
vn -0.90761924 0.09975916 0.4077688
vn -0.7224312 0.15247273 0.67442214
vn -0.90842897 0.11242834 0.402637
vn -0.54654086 0.3186341 0.77444524
vn -0.71711063 0.30383116 0.62724704
vn -0.7224312 0.15247273 0.67442214
vn -0.7224312 0.15247273 0.67442214
vn -0.71711063 0.30383116 0.62724704
vn -0.90842897 0.11242834 0.402637
vn -0.5735177 0.35673225 0.7374413
vn -0.70800954 0.13343054 0.693483
vn -0.76666296 0.08235121 0.6367466
vn -0.76666296 0.08235121 0.6367466
vn -0.70800954 0.13343054 0.693483
vn -0.9148921 0.006446153 0.40364707
vn -0.71711063 0.30383116 0.62724704
vn -0.8944455 0.2475456 0.37240887
vn -0.90842897 0.11242834 0.402637
vn 0.3408215 0.11673671 0.9328522
vn 0 -0.2221812 0.9750054
vn 0.24139847 -0.21474963 0.9463665
vn 0.3408215 0.11673671 0.9328522
vn 0 -0.093520224 0.99561733
vn 0 -0.2221812 0.9750054
vn 0.3408215 0.11673671 0.9328522
vn 0.24139847 -0.21474963 0.9463665
vn 0.48529914 0.16394877 0.85883963
vn 0.3408215 0.11673671 0.9328522
vn 0.24325155 0.16054058 0.95658517
vn 0 -0.093520224 0.99561733
vn 0.3408215 0.11673671 0.9328522
vn 0.48529914 0.16394877 0.85883963
vn 0.48316154 0.4790178 0.73286897
vn 0.3408215 0.11673671 0.9328522
vn 0.4541546 0.46616113 0.7592347
vn 0.24325155 0.16054058 0.95658517
vn 0.3408215 0.11673671 0.9328522
vn 0.48316154 0.4790178 0.73286897
vn 0.4541546 0.46616113 0.7592347
vn 0 -0.2221812 0.9750054
vn -2.4529752E-09 -0.49797216 0.867193
vn 0.24139847 -0.21474963 0.9463665
vn 0 -0.2221812 0.9750054
vn 0 -0.093520224 0.99561733
vn -0.34082147 0.11673671 0.9328522
vn 0 -0.2221812 0.9750054
vn -0.24139847 -0.21474963 0.9463665
vn -2.4529752E-09 -0.49797216 0.867193
vn 0 -0.2221812 0.9750054
vn -0.34082147 0.11673671 0.9328522
vn -0.24139847 -0.21474963 0.9463665
vn 0.48529914 0.16394877 0.85883963
vn 0.24139847 -0.21474963 0.9463665
vn 0.4247265 -0.1846894 0.88628286
vn 0.24325155 0.16054058 0.95658517
vn 0.4541546 0.46616113 0.7592347
vn 0.35190672 0.40339196 0.8446517
vn 0.24325155 0.16054058 0.95658517
vn 1.2063472E-09 0.050002515 0.998749
vn 0 -0.093520224 0.99561733
vn -2.4529752E-09 -0.49797216 0.867193
vn -0.24139847 -0.21474963 0.9463665
vn -0.20302187 -0.5030036 0.8401008
vn -2.4529752E-09 -0.49797216 0.867193
vn 0.20302188 -0.50300354 0.8401008
vn 0.24139847 -0.21474963 0.9463665
vn -2.4529752E-09 -0.49797216 0.867193
vn -0.20302187 -0.5030036 0.8401008
vn -3.7041676E-09 -0.79240847 0.60999084
vn -2.4529752E-09 -0.49797216 0.867193
vn -3.7041676E-09 -0.79240847 0.60999084
vn 0.20302188 -0.50300354 0.8401008
vn 0.24139847 -0.21474963 0.9463665
vn 0.20302188 -0.50300354 0.8401008
vn 0.4247265 -0.1846894 0.88628286
vn -0.34082147 0.11673671 0.9328522
vn 0 -0.093520224 0.99561733
vn -0.24325159 0.16054064 0.95658517
vn -0.34082147 0.11673671 0.9328522
vn -0.48529908 0.16394877 0.85883963
vn -0.24139847 -0.21474963 0.9463665
vn -0.34082147 0.11673671 0.9328522
vn -0.24325159 0.16054064 0.95658517
vn -0.4541546 0.46616113 0.7592347
vn -0.34082147 0.11673671 0.9328522
vn -0.48316154 0.4790178 0.73286897
vn -0.48529908 0.16394877 0.85883963
vn -0.34082147 0.11673671 0.9328522
vn -0.4541546 0.46616113 0.7592347
vn -0.48316154 0.4790178 0.73286897
vn 0 -0.093520224 0.99561733
vn 1.2063472E-09 0.050002515 0.998749
vn -0.24325159 0.16054064 0.95658517
vn -0.20302187 -0.5030036 0.8401008
vn -0.15531293 -0.79464626 0.586869
vn -3.7041676E-09 -0.79240847 0.60999084
vn -0.20302187 -0.5030036 0.8401008
vn -0.24139847 -0.21474963 0.9463665
vn -0.42472646 -0.1846894 0.8862828
vn -0.20302187 -0.5030036 0.8401008
vn -0.33345127 -0.49268812 0.803784
vn -0.15531293 -0.79464626 0.586869
vn -0.20302187 -0.5030036 0.8401008
vn -0.42472646 -0.1846894 0.8862828
vn -0.33345127 -0.49268812 0.803784
vn -0.42472646 -0.1846894 0.8862828
vn -0.24139847 -0.21474963 0.9463665
vn -0.48529908 0.16394877 0.85883963
vn 0.20302188 -0.50300354 0.8401008
vn 0.33345124 -0.49268812 0.803784
vn 0.4247265 -0.1846894 0.88628286
vn 0.20302188 -0.50300354 0.8401008
vn -3.7041676E-09 -0.79240847 0.60999084
vn 0.15531294 -0.79464626 0.586869
vn 0.20302188 -0.50300354 0.8401008
vn 0.15531294 -0.79464626 0.586869
vn 0.33345124 -0.49268812 0.803784
vn -0.4541546 0.46616113 0.7592347
vn -0.24325159 0.16054064 0.95658517
vn -0.35190672 0.40339184 0.84465164
vn -0.15531293 -0.79464626 0.586869
vn -0.33345127 -0.49268812 0.803784
vn -0.24983853 -0.7899242 0.5600004
vn 0.15531294 -0.79464626 0.586869
vn 0.24983849 -0.7899242 0.5600004
vn 0.33345124 -0.49268812 0.803784
vn 0.19177262 0.9109027 0.36534864
vn -0.013655471 0.63167334 0.7751144
vn 0.3760574 0.048266172 0.92533845
vn 0.19177262 0.9109027 0.36534864
vn 0.2376337 0.029622793 0.97090304
vn -0.013655471 0.63167334 0.7751144
vn 0.19177262 0.9109027 0.36534864
vn 0.3760574 0.048266172 0.92533845
vn 0.4024522 0.7987391 0.44726738
vn 0.19177262 0.9109027 0.36534864
vn 0.6979089 0.7123814 0.073728144
vn 0.2376337 0.029622793 0.97090304
vn 0.19177262 0.9109027 0.36534864
vn 0.4024522 0.7987391 0.44726738
vn 0.60807306 0.77123356 -0.18827093
vn 0.19177262 0.9109027 0.36534864
vn 0.00437337 0.99799937 0.06307018
vn 0.6979089 0.7123814 0.073728144
vn 0.19177262 0.9109027 0.36534864
vn 0.60807306 0.77123356 -0.18827093
vn 0.60883677 0.736647 0.2943958
vn 0.19177262 0.9109027 0.36534864
vn 0.14368749 0.7224043 0.67637694
vn 0.00437337 0.99799937 0.06307018
vn 0.19177262 0.9109027 0.36534864
vn 0.60883677 0.736647 0.2943958
vn 0.14368749 0.7224043 0.67637694
vn 0.2376337 0.029622793 0.97090304
vn 0.6979089 0.7123814 0.073728144
vn 0.68304795 0.15446937 0.71385205
vn 0.4024522 0.7987391 0.44726738
vn 0.9165759 0.3998596 0.0009328723
vn 0.60807306 0.77123356 -0.18827093
vn 0.4024522 0.7987391 0.44726738
vn 0.7268108 0.023310006 0.686442
vn 0.9165759 0.3998596 0.0009328723
vn 0.00437337 0.99799937 0.06307018
vn 0.14368749 0.7224043 0.67637694
vn -0.5931831 0.6898997 0.41493657
vn 0.00437337 0.99799937 0.06307018
vn 0.2540864 0.8893781 -0.3800612
vn 0.6979089 0.7123814 0.073728144
vn 0.00437337 0.99799937 0.06307018
vn -0.5931831 0.6898997 0.41493657
vn -0.6162677 0.6974393 -0.36577666
vn 0.00437337 0.99799937 0.06307018
vn -0.054043356 0.9717606 -0.22969663
vn 0.2540864 0.8893781 -0.3800612
vn 0.00437337 0.99799937 0.06307018
vn -0.6162677 0.6974393 -0.36577666
vn -0.1894352 0.9499577 -0.24838388
vn 0.00437337 0.99799937 0.06307018
vn -0.1894352 0.9499577 -0.24838388
vn -0.054043356 0.9717606 -0.22969663
vn 0.60883677 0.736647 0.2943958
vn 0.60807306 0.77123356 -0.18827093
vn 0.7740076 0.6121738 -0.16172636
vn 0.60883677 0.736647 0.2943958
vn 0.0032630407 0.9298785 -0.36785233
vn 0.14368749 0.7224043 0.67637694
vn 0.60883677 0.736647 0.2943958
vn 0.7740076 0.6121738 -0.16172636
vn 0.6827854 0.58616424 -0.43613714
vn 0.60883677 0.736647 0.2943958
vn 0.6827854 0.58616424 -0.43613714
vn 0.0032630407 0.9298785 -0.36785233
vn -0.5931831 0.6898997 0.41493657
vn 0.0032630407 0.9298785 -0.36785233
vn -0.6162677 0.6974393 -0.36577666
vn -0.5931831 0.6898997 0.41493657
vn 0.14368749 0.7224043 0.67637694
vn 0.0032630407 0.9298785 -0.36785233
vn 0.60807306 0.77123356 -0.18827093
vn 0.9165759 0.3998596 0.0009328723
vn 0.7740076 0.6121738 -0.16172636
vn 0.68304795 0.15446937 0.71385205
vn 0.6979089 0.7123814 0.073728144
vn -0.22702856 0.83943623 0.49376592
vn 0.6979089 0.7123814 0.073728144
vn 0.2540864 0.8893781 -0.3800612
vn -0.22702856 0.83943623 0.49376592
vn 0.7268108 0.023310006 0.686442
vn 0.42600158 0.509895 0.7473485
vn 0.9165759 0.3998596 0.0009328723
vn -0.1894352 0.9499577 -0.24838388
vn 0.4029584 0.907684 -0.117192805
vn -0.054043356 0.9717606 -0.22969663
vn -0.1894352 0.9499577 -0.24838388
vn -0.6162677 0.6974393 -0.36577666
vn 0.27125758 0.8581375 -0.43591213
vn -0.1894352 0.9499577 -0.24838388
vn 0.22912252 0.8981035 -0.3753839
vn 0.4029584 0.907684 -0.117192805
vn -0.1894352 0.9499577 -0.24838388
vn 0.27125758 0.8581375 -0.43591213
vn 0.22912252 0.8981035 -0.3753839
vn 0.6827854 0.58616424 -0.43613714
vn 0.1970579 0.5337677 -0.8223503
vn 0.0032630407 0.9298785 -0.36785233
vn 0.6827854 0.58616424 -0.43613714
vn 0.7740076 0.6121738 -0.16172636
vn 0.56551903 0.781572 -0.26331192
vn 0.6827854 0.58616424 -0.43613714
vn 0.41993502 0.7310397 -0.5378062
vn 0.1970579 0.5337677 -0.8223503
vn 0.6827854 0.58616424 -0.43613714
vn 0.56551903 0.781572 -0.26331192
vn 0.41993502 0.7310397 -0.5378062
vn 0.1970579 0.5337677 -0.8223503
vn 0.27125758 0.8581375 -0.43591213
vn -0.6162677 0.6974393 -0.36577666
vn 0.1970579 0.5337677 -0.8223503
vn -0.6162677 0.6974393 -0.36577666
vn 0.0032630407 0.9298785 -0.36785233
vn 0.1970579 0.5337677 -0.8223503
vn 0.41993502 0.7310397 -0.5378062
vn 0.27125758 0.8581375 -0.43591213
vn 0.2540864 0.8893781 -0.3800612
vn -0.598228 0.72520715 -0.3408782
vn -0.22702856 0.83943623 0.49376592
vn 0.2540864 0.8893781 -0.3800612
vn -0.054043356 0.9717606 -0.22969663
vn -0.598228 0.72520715 -0.3408782
vn 0.42600158 0.509895 0.7473485
vn 0.6849831 0.71928465 -0.11587769
vn 0.9165759 0.3998596 0.0009328723
vn 0.42600158 0.509895 0.7473485
vn 0.33109677 0.4075762 0.8510326
vn 0.6849831 0.71928465 -0.11587769
vn 0.7740076 0.6121738 -0.16172636
vn 0.6849831 0.71928465 -0.11587769
vn 0.56551903 0.781572 -0.26331192
vn 0.7740076 0.6121738 -0.16172636
vn 0.9165759 0.3998596 0.0009328723
vn 0.6849831 0.71928465 -0.11587769
vn 0.4029584 0.907684 -0.117192805
vn 0.22912252 0.8981035 -0.3753839
vn 0.40461627 0.7085132 -0.57818234
vn 0.4029584 0.907684 -0.117192805
vn 0.1017592 0.98875654 -0.10956949
vn -0.054043356 0.9717606 -0.22969663
vn 0.4029584 0.907684 -0.117192805
vn 0.40461627 0.7085132 -0.57818234
vn 0.8148966 0.5655358 -0.12693644
vn 0.4029584 0.907684 -0.117192805
vn 0.7324328 0.65869796 0.17221886
vn 0.1017592 0.98875654 -0.10956949
vn 0.4029584 0.907684 -0.117192805
vn 0.8148966 0.5655358 -0.12693644
vn 0.7324328 0.65869796 0.17221886
vn -0.054043356 0.9717606 -0.22969663
vn 0.1017592 0.98875654 -0.10956949
vn -0.598228 0.72520715 -0.3408782
vn -0.22702856 0.83943623 0.49376592
vn -0.598228 0.72520715 -0.3408782
vn -0.8877671 0.1639649 0.430099
vn -0.598228 0.72520715 -0.3408782
vn 0.1017592 0.98875654 -0.10956949
vn -0.8877671 0.1639649 0.430099
vn 0.33109677 0.4075762 0.8510326
vn 0.65786636 0.74465674 -0.112686455
vn 0.6849831 0.71928465 -0.11587769
vn 0.33109677 0.4075762 0.8510326
vn 0.79510456 0.5625895 0.22649902
vn 0.65786636 0.74465674 -0.112686455
vn 0.6849831 0.71928465 -0.11587769
vn 0.65786636 0.74465674 -0.112686455
vn 0.56551903 0.781572 -0.26331192
vn 0.22912252 0.8981035 -0.3753839
vn -0.0011483127 0.842457 -0.5387621
vn 0.40461627 0.7085132 -0.57818234
vn 0.8148966 0.5655358 -0.12693644
vn 0.668086 0.4916485 0.5585184
vn 0.7324328 0.65869796 0.17221886
vn 0.8148966 0.5655358 -0.12693644
vn 0.40461627 0.7085132 -0.57818234
vn -0.033394806 0.99000514 0.137021
vn 0.8148966 0.5655358 -0.12693644
vn -0.033394806 0.99000514 0.137021
vn 0.668086 0.4916485 0.5585184
vn 0.1017592 0.98875654 -0.10956949
vn -0.03338943 0.8905553 0.45364764
vn -0.8877671 0.1639649 0.430099
vn 0.1017592 0.98875654 -0.10956949
vn 0.7324328 0.65869796 0.17221886
vn 0.7338407 0.67809016 0.04088217
vn 0.1017592 0.98875654 -0.10956949
vn 0.6953835 0.6271317 0.35092396
vn -0.03338943 0.8905553 0.45364764
vn 0.1017592 0.98875654 -0.10956949
vn 0.7338407 0.67809016 0.04088217
vn 0.6953835 0.6271317 0.35092396
vn 0.79510456 0.5625895 0.22649902
vn 0.63863516 0.769406 0.012624204
vn 0.65786636 0.74465674 -0.112686455
vn -0.0011483127 0.842457 -0.5387621
vn -0.020485766 0.7011701 -0.71269965
vn 0.40461627 0.7085132 -0.57818234
vn 0.40461627 0.7085132 -0.57818234
vn -0.020485766 0.7011701 -0.71269965
vn -0.033394806 0.99000514 0.137021
vn 0.668086 0.4916485 0.5585184
vn 0.113029435 0.9892655 -0.092618406
vn 0.7324328 0.65869796 0.17221886
vn 0.668086 0.4916485 0.5585184
vn -0.033394806 0.99000514 0.137021
vn -0.061871685 0.7569999 0.65047896
vn 0.668086 0.4916485 0.5585184
vn -0.061871685 0.7569999 0.65047896
vn 0.113029435 0.9892655 -0.092618406
vn 0.7324328 0.65869796 0.17221886
vn 0.113029435 0.9892655 -0.092618406
vn 0.7338407 0.67809016 0.04088217
vn 0.6953835 0.6271317 0.35092396
vn 0.7338407 0.67809016 0.04088217
vn 0.6284931 0.72433376 0.28343788
vn 0.113029435 0.9892655 -0.092618406
vn 0.5571607 0.80040985 -0.22116947
vn 0.7338407 0.67809016 0.04088217
vn 0.6284931 0.72433376 0.28343788
vn 0.7338407 0.67809016 0.04088217
vn -0.35348973 0.9228184 0.15313739
vn -0.35348973 0.9228184 0.15313739
vn 0.7338407 0.67809016 0.04088217
vn 0.5571607 0.80040985 -0.22116947
vn 0.5931187 0.12899315 -0.79471445
vn 0.1772845 0.7714658 -0.6110735
vn -0.28564778 -0.15191597 -0.94621706
vn 0.1772845 0.7714658 -0.6110735
vn -0.6504354 0.42338908 -0.6306151
vn -0.28564778 -0.15191597 -0.94621706
vn 0.1772845 0.7714658 -0.6110735
vn 0.57302606 0.78555596 0.23354453
vn -0.6797798 0.48772848 0.54774106
vn 0.1772845 0.7714658 -0.6110735
vn -0.6797798 0.48772848 0.54774106
vn -0.6504354 0.42338908 -0.6306151
vn -0.6504354 0.42338908 -0.6306151
vn -0.5597725 0.46744946 -0.68421173
vn -0.28564778 -0.15191597 -0.94621706
vn -0.6504354 0.42338908 -0.6306151
vn -0.57880014 0.6041305 0.54773784
vn -0.5597725 0.46744946 -0.68421173
vn -0.6504354 0.42338908 -0.6306151
vn -0.6797798 0.48772848 0.54774106
vn -0.57880014 0.6041305 0.54773784
vn -0.28564778 -0.15191597 -0.94621706
vn -0.5597725 0.46744946 -0.68421173
vn -0.19621956 -0.12499422 -0.9725607
vn -0.28564778 -0.15191597 -0.94621706
vn -0.19621956 -0.12499422 -0.9725607
vn 0.12139197 -0.6406564 -0.75817096
vn -0.28564778 -0.15191597 -0.94621706
vn 0.12139197 -0.6406564 -0.75817096
vn 0.08662425 -0.68098384 -0.727157
vn -0.28564778 -0.15191597 -0.94621706
vn 0.08662425 -0.68098384 -0.727157
vn 0.5931187 0.12899315 -0.79471445
vn -0.57880014 0.6041305 0.54773784
vn -0.5194859 0.6759777 0.52267444
vn -0.5597725 0.46744946 -0.68421173
vn -0.19621956 -0.12499422 -0.9725607
vn 0.15671992 -0.6079892 -0.7783239
vn 0.12139197 -0.6406564 -0.75817096
vn -0.19621956 -0.12499422 -0.9725607
vn -0.5597725 0.46744946 -0.68421173
vn -0.52344286 0.47412908 -0.7079612
vn -0.19621956 -0.12499422 -0.9725607
vn -0.16788915 -0.09884012 -0.98083824
vn 0.15671992 -0.6079892 -0.7783239
vn -0.19621956 -0.12499422 -0.9725607
vn -0.52344286 0.47412908 -0.7079612
vn -0.16788915 -0.09884012 -0.98083824
vn -0.5597725 0.46744946 -0.68421173
vn -0.5194859 0.6759777 0.52267444
vn -0.52344286 0.47412908 -0.7079612
vn 0.08662425 -0.68098384 -0.727157
vn 0.8220425 -0.37873423 -0.42521352
vn 0.5931187 0.12899315 -0.79471445
vn 0.08662425 -0.68098384 -0.727157
vn 0.12139197 -0.6406564 -0.75817096
vn 0.33739075 -0.8328031 0.43886948
vn 0.08662425 -0.68098384 -0.727157
vn 0.2948147 -0.8266768 0.47925967
vn 0.8220425 -0.37873423 -0.42521352
vn 0.08662425 -0.68098384 -0.727157
vn 0.33739075 -0.8328031 0.43886948
vn 0.2948147 -0.8266768 0.47925967
vn 0.15671992 -0.6079892 -0.7783239
vn -0.16788915 -0.09884012 -0.98083824
vn 0.21700233 -0.5597742 -0.7997267
vn 0.15671992 -0.6079892 -0.7783239
vn 0.44874898 -0.8004471 0.39737713
vn 0.12139197 -0.6406564 -0.75817096
vn 0.15671992 -0.6079892 -0.7783239
vn 0.21700233 -0.5597742 -0.7997267
vn 0.5820546 -0.7310821 0.3559935
vn 0.15671992 -0.6079892 -0.7783239
vn 0.5820546 -0.7310821 0.3559935
vn 0.44874898 -0.8004471 0.39737713
vn 0.44874898 -0.8004471 0.39737713
vn 0.33739075 -0.8328031 0.43886948
vn 0.12139197 -0.6406564 -0.75817096
vn -0.5194859 0.6759777 0.52267444
vn -0.43723607 0.7753283 0.4557309
vn -0.52344286 0.47412908 -0.7079612
vn 0.8220425 -0.37873423 -0.42521352
vn 0.2948147 -0.8266768 0.47925967
vn 0.9536923 -0.2086153 0.21668111
vn -0.16788915 -0.09884012 -0.98083824
vn -0.11372711 -0.059794784 -0.99171096
vn 0.21700233 -0.5597742 -0.7997267
vn -0.16788915 -0.09884012 -0.98083824
vn -0.52344286 0.47412908 -0.7079612
vn -0.46849006 0.4911524 -0.7343611
vn -0.16788915 -0.09884012 -0.98083824
vn -0.46849006 0.4911524 -0.7343611
vn -0.11372711 -0.059794784 -0.99171096
vn -0.52344286 0.47412908 -0.7079612
vn -0.43723607 0.7753283 0.4557309
vn -0.46849006 0.4911524 -0.7343611
vn 0.5820546 -0.7310821 0.3559935
vn 0.21700233 -0.5597742 -0.7997267
vn 0.7103122 -0.60944605 0.3521819
vn -0.11372711 -0.059794784 -0.99171096
vn -0.46849006 0.4911524 -0.7343611
vn -0.097110346 -0.04192567 -0.99439013
vn -0.11372711 -0.059794784 -0.99171096
vn 0.27726862 -0.51159763 -0.8132589
vn 0.21700233 -0.5597742 -0.7997267
vn -0.11372711 -0.059794784 -0.99171096
vn -0.097110346 -0.04192567 -0.99439013
vn 0.27726862 -0.51159763 -0.8132589
vn 0.21700233 -0.5597742 -0.7997267
vn 0.27726862 -0.51159763 -0.8132589
vn 0.7103122 -0.60944605 0.3521819
vn -0.43723607 0.7753283 0.4557309
vn -0.3253151 0.82390463 0.46405956
vn -0.46849006 0.4911524 -0.7343611
vn -0.097110346 -0.04192567 -0.99439013
vn 0.3120643 -0.46841288 -0.8265622
vn 0.27726862 -0.51159763 -0.8132589
vn -0.097110346 -0.04192567 -0.99439013
vn -0.46849006 0.4911524 -0.7343611
vn -0.4381235 0.49585178 -0.7497858
vn -0.097110346 -0.04192567 -0.99439013
vn -0.08766818 -0.045603454 -0.99510527
vn 0.3120643 -0.46841288 -0.8265622
vn -0.097110346 -0.04192567 -0.99439013
vn -0.4381235 0.49585178 -0.7497858
vn -0.08766818 -0.045603454 -0.99510527
vn -0.46849006 0.4911524 -0.7343611
vn -0.3253151 0.82390463 0.46405956
vn -0.4381235 0.49585178 -0.7497858
vn 0.7103122 -0.60944605 0.3521819
vn 0.27726862 -0.51159763 -0.8132589
vn 0.77083737 -0.541533 0.33548748
vn 0.27726862 -0.51159763 -0.8132589
vn 0.3120643 -0.46841288 -0.8265622
vn 0.77083737 -0.541533 0.33548748
vn -0.08766818 -0.045603454 -0.99510527
vn -0.4381235 0.49585178 -0.7497858
vn -0.41869855 0.49706745 -0.76001024
vn -0.08766818 -0.045603454 -0.99510527
vn 0.29846823 -0.45501864 -0.83897245
vn 0.3120643 -0.46841288 -0.8265622
vn -0.08766818 -0.045603454 -0.99510527
vn -0.41869855 0.49706745 -0.76001024
vn -0.084915765 -0.06621748 -0.9941854
vn -0.08766818 -0.045603454 -0.99510527
vn -0.084915765 -0.06621748 -0.9941854
vn 0.29846823 -0.45501864 -0.83897245
vn -0.3253151 0.82390463 0.46405956
vn -0.24251755 0.8717338 0.42575255
vn -0.4381235 0.49585178 -0.7497858
vn -0.4381235 0.49585178 -0.7497858
vn -0.24251755 0.8717338 0.42575255
vn -0.41869855 0.49706745 -0.76001024
vn 0.77083737 -0.541533 0.33548748
vn 0.3120643 -0.46841288 -0.8265622
vn 0.8159647 -0.4765153 0.3273145
vn 0.3120643 -0.46841288 -0.8265622
vn 0.29846823 -0.45501864 -0.83897245
vn 0.8159647 -0.4765153 0.3273145
vn -0.084915765 -0.06621748 -0.9941854
vn -0.41869855 0.49706745 -0.76001024
vn -0.41044787 0.5062868 -0.75842345
vn -0.084915765 -0.06621748 -0.9941854
vn 0.25441968 -0.45098543 -0.85550153
vn 0.29846823 -0.45501864 -0.83897245
vn -0.084915765 -0.06621748 -0.9941854
vn -0.41044787 0.5062868 -0.75842345
vn -0.087971635 -0.065921426 -0.9939392
vn -0.084915765 -0.06621748 -0.9941854
vn -0.087971635 -0.065921426 -0.9939392
vn 0.25441968 -0.45098543 -0.85550153
vn -0.24251755 0.8717338 0.42575255
vn -0.17303242 0.89129007 0.4191201
vn -0.41869855 0.49706745 -0.76001024
vn -0.41869855 0.49706745 -0.76001024
vn -0.17303242 0.89129007 0.4191201
vn -0.41044787 0.5062868 -0.75842345
vn 0.8159647 -0.4765153 0.3273145
vn 0.29846823 -0.45501864 -0.83897245
vn 0.83348966 -0.5058255 0.22234106
vn 0.29846823 -0.45501864 -0.83897245
vn 0.25441968 -0.45098543 -0.85550153
vn 0.83348966 -0.5058255 0.22234106
vn -0.087971635 -0.065921426 -0.9939392
vn -0.41044787 0.5062868 -0.75842345
vn -0.39041412 0.50839156 -0.76753813
vn -0.087971635 -0.065921426 -0.9939392
vn 0.2028796 -0.4154606 -0.8866974
vn 0.25441968 -0.45098543 -0.85550153
vn -0.087971635 -0.065921426 -0.9939392
vn -0.39041412 0.50839156 -0.76753813
vn -0.124298714 -0.015447438 -0.99212456
vn -0.087971635 -0.065921426 -0.9939392
vn -0.124298714 -0.015447438 -0.99212456
vn 0.2028796 -0.4154606 -0.8866974
vn -0.17303242 0.89129007 0.4191201
vn -0.10051559 0.9061934 0.41074356
vn -0.41044787 0.5062868 -0.75842345
vn -0.41044787 0.5062868 -0.75842345
vn -0.10051559 0.9061934 0.41074356
vn -0.39041412 0.50839156 -0.76753813
vn 0.83348966 -0.5058255 0.22234106
vn 0.25441968 -0.45098543 -0.85550153
vn 0.8460457 -0.52666867 0.08262378
vn 0.25441968 -0.45098543 -0.85550153
vn 0.2028796 -0.4154606 -0.8866974
vn 0.8460457 -0.52666867 0.08262378
vn -0.124298714 -0.015447438 -0.99212456
vn -0.39041412 0.50839156 -0.76753813
vn -0.3860898 0.5025083 -0.7735761
vn -0.124298714 -0.015447438 -0.99212456
vn 0.3113218 -0.4336456 -0.84559447
vn 0.2028796 -0.4154606 -0.8866974
vn -0.124298714 -0.015447438 -0.99212456
vn -0.3860898 0.5025083 -0.7735761
vn -0.114386916 0.12520087 -0.98551524
vn -0.124298714 -0.015447438 -0.99212456
vn -0.114386916 0.12520087 -0.98551524
vn 0.3113218 -0.4336456 -0.84559447
vn -0.10051559 0.9061934 0.41074356
vn -0.057354428 0.9408088 0.33404988
vn -0.39041412 0.50839156 -0.76753813
vn -0.39041412 0.50839156 -0.76753813
vn -0.057354428 0.9408088 0.33404988
vn -0.3860898 0.5025083 -0.7735761
vn 0.8460457 -0.52666867 0.08262378
vn 0.2028796 -0.4154606 -0.8866974
vn 0.891008 -0.4301145 0.14528003
vn 0.2028796 -0.4154606 -0.8866974
vn 0.3113218 -0.4336456 -0.84559447
vn 0.891008 -0.4301145 0.14528003
vn -0.114386916 0.12520087 -0.98551524
vn -0.3860898 0.5025083 -0.7735761
vn -0.3872085 0.6133268 -0.68840384
vn -0.114386916 0.12520087 -0.98551524
vn 0.76853126 0.5747885 -0.28103
vn 0.3113218 -0.4336456 -0.84559447
vn -0.114386916 0.12520087 -0.98551524
vn -0.3872085 0.6133268 -0.68840384
vn 0.76853126 0.5747885 -0.28103
vn 0.3113218 -0.4336456 -0.84559447
vn 0.76853126 0.5747885 -0.28103
vn 0.891008 -0.4301145 0.14528003
vn -0.3860898 0.5025083 -0.7735761
vn -0.057354428 0.9408088 0.33404988
vn -0.3872085 0.6133268 -0.68840384
vn 0.76853126 0.5747885 -0.28103
vn -0.3872085 0.6133268 -0.68840384
vn 0.020799467 0.9578085 0.28665376
vn 0.020799467 0.9578085 0.28665376
vn -0.3872085 0.6133268 -0.68840384
vn -0.057354428 0.9408088 0.33404988
vn 0.9536923 -0.2086153 0.21668111
vn 0.2948147 -0.8266768 0.47925967
vn 0.87595046 0.115264714 0.46842796
vn 0.2948147 -0.8266768 0.47925967
vn -0.0015999433 0.3508373 0.93643504
vn 0.87595046 0.115264714 0.46842796
vn 0.2948147 -0.8266768 0.47925967
vn 0.044271212 0.27051598 0.961697
vn -0.0015999433 0.3508373 0.93643504
vn 0.2948147 -0.8266768 0.47925967
vn 0.33739075 -0.8328031 0.43886948
vn 0.044271212 0.27051598 0.961697
vn 0.87595046 0.115264714 0.46842796
vn -0.0015999433 0.3508373 0.93643504
vn 0.40554833 0.67692006 0.61425555
vn 0.87595046 0.115264714 0.46842796
vn 0.40554833 0.67692006 0.61425555
vn 0.9285006 0.1956421 -0.31561166
vn 0.33739075 -0.8328031 0.43886948
vn 0.07602012 0.23379725 0.9693089
vn 0.044271212 0.27051598 0.961697
vn 0.33739075 -0.8328031 0.43886948
vn 0.44874898 -0.8004471 0.39737713
vn 0.07602012 0.23379725 0.9693089
vn -0.0015999433 0.3508373 0.93643504
vn -0.05626469 0.4278155 0.9021131
vn 0.40554833 0.67692006 0.61425555
vn -0.0015999433 0.3508373 0.93643504
vn 0.044271212 0.27051598 0.961697
vn -0.05626469 0.4278155 0.9021131
vn 0.9285006 0.1956421 -0.31561166
vn 0.40554833 0.67692006 0.61425555
vn 0.6557134 0.25101835 0.7120603
vn 0.9285006 0.1956421 -0.31561166
vn 0.6557134 0.25101835 0.7120603
vn 0.96406335 0.25245228 0.08276221
vn 0.40554833 0.67692006 0.61425555
vn -0.05626469 0.4278155 0.9021131
vn 0.6557134 0.25101835 0.7120603
vn 0.44874898 -0.8004471 0.39737713
vn 0.09210669 0.2071262 0.9739686
vn 0.07602012 0.23379725 0.9693089
vn 0.44874898 -0.8004471 0.39737713
vn 0.5820546 -0.7310821 0.3559935
vn 0.09210669 0.2071262 0.9739686
vn 0.044271212 0.27051598 0.961697
vn -0.017885748 0.39222246 0.91969657
vn -0.05626469 0.4278155 0.9021131
vn 0.044271212 0.27051598 0.961697
vn 0.07602012 0.23379725 0.9693089
vn -0.017885748 0.39222246 0.91969657
vn 0.96406335 0.25245228 0.08276221
vn 0.6557134 0.25101835 0.7120603
vn 0.85185003 0.29300147 -0.43416777
vn 0.5820546 -0.7310821 0.3559935
vn 0.7103122 -0.60944605 0.3521819
vn 0.09210669 0.2071262 0.9739686
vn -0.05626469 0.4278155 0.9021131
vn -0.017885748 0.39222246 0.91969657
vn 0.13295409 0.06803352 0.9887844
vn -0.05626469 0.4278155 0.9021131
vn 0.13295409 0.06803352 0.9887844
vn 0.6557134 0.25101835 0.7120603
vn 0.07602012 0.23379725 0.9693089
vn 0.09210669 0.2071262 0.9739686
vn -0.0024812953 0.33760697 0.9412838
vn 0.07602012 0.23379725 0.9693089
vn -0.0024812953 0.33760697 0.9412838
vn -0.017885748 0.39222246 0.91969657
vn 0.85185003 0.29300147 -0.43416777
vn 0.6557134 0.25101835 0.7120603
vn 0.7938264 -0.048346758 0.60621965
vn 0.85185003 0.29300147 -0.43416777
vn 0.7938264 -0.048346758 0.60621965
vn 0.77137756 0.45327136 0.4466785
vn 0.6557134 0.25101835 0.7120603
vn 0.13295409 0.06803352 0.9887844
vn 0.7938264 -0.048346758 0.60621965
vn 0.7103122 -0.60944605 0.3521819
vn 0.10084628 0.20645952 0.97324437
vn 0.09210669 0.2071262 0.9739686
vn 0.7103122 -0.60944605 0.3521819
vn 0.77083737 -0.541533 0.33548748
vn 0.10084628 0.20645952 0.97324437
vn -0.0024812953 0.33760697 0.9412838
vn 0.16478288 0.05688733 0.9846879
vn -0.017885748 0.39222246 0.91969657
vn -0.0024812953 0.33760697 0.9412838
vn 0.09210669 0.2071262 0.9739686
vn 0.0074480353 0.30085182 0.9536419
vn -0.0024812953 0.33760697 0.9412838
vn 0.1795089 0.05156952 0.98240364
vn 0.16478288 0.05688733 0.9846879
vn -0.0024812953 0.33760697 0.9412838
vn 0.0074480353 0.30085182 0.9536419
vn 0.1795089 0.05156952 0.98240364
vn 0.09210669 0.2071262 0.9739686
vn 0.10084628 0.20645952 0.97324437
vn 0.0074480353 0.30085182 0.9536419
vn -0.017885748 0.39222246 0.91969657
vn 0.16478288 0.05688733 0.9846879
vn 0.13295409 0.06803352 0.9887844
vn 0.77137756 0.45327136 0.4466785
vn 0.7938264 -0.048346758 0.60621965
vn 0.29524085 -0.26984233 0.916525
vn 0.77137756 0.45327136 0.4466785
vn 0.29524085 -0.26984233 0.916525
vn 0.57302606 0.78555596 0.23354453
vn 0.77083737 -0.541533 0.33548748
vn 0.11256329 0.19463104 0.97439635
vn 0.10084628 0.20645952 0.97324437
vn 0.77083737 -0.541533 0.33548748
vn 0.8159647 -0.4765153 0.3273145
vn 0.11256329 0.19463104 0.97439635
vn 0.1795089 0.05156952 0.98240364
vn 0.0074480353 0.30085182 0.9536419
vn 0.18569238 0.056304693 0.98099333
vn 0.1795089 0.05156952 0.98240364
vn 0.41509965 -0.32095325 0.8512821
vn 0.16478288 0.05688733 0.9846879
vn 0.1795089 0.05156952 0.98240364
vn 0.18569238 0.056304693 0.98099333
vn 0.4077532 -0.3094191 0.85906756
vn 0.1795089 0.05156952 0.98240364
vn 0.4077532 -0.3094191 0.85906756
vn 0.41509965 -0.32095325 0.8512821
vn 0.13295409 0.06803352 0.9887844
vn 0.39324772 -0.36817855 0.8424967
vn 0.7938264 -0.048346758 0.60621965
vn 0.13295409 0.06803352 0.9887844
vn 0.16478288 0.05688733 0.9846879
vn 0.39324772 -0.36817855 0.8424967
vn 0.39324772 -0.36817855 0.8424967
vn 0.29524085 -0.26984233 0.916525
vn 0.7938264 -0.048346758 0.60621965
vn 0.39324772 -0.36817855 0.8424967
vn 0.41509965 -0.32095325 0.8512821
vn 0.29524085 -0.26984233 0.916525
vn 0.39324772 -0.36817855 0.8424967
vn 0.16478288 0.05688733 0.9846879
vn 0.41509965 -0.32095325 0.8512821
vn 0.57302606 0.78555596 0.23354453
vn 0.29524085 -0.26984233 0.916525
vn -0.6797798 0.48772848 0.54774106
vn 0.10084628 0.20645952 0.97324437
vn 0.11256329 0.19463104 0.97439635
vn 0.007680654 0.2851103 0.9584639
vn 0.10084628 0.20645952 0.97324437
vn 0.007680654 0.2851103 0.9584639
vn 0.0074480353 0.30085182 0.9536419
vn 0.0074480353 0.30085182 0.9536419
vn 0.007680654 0.2851103 0.9584639
vn 0.18569238 0.056304693 0.98099333
vn 0.8159647 -0.4765153 0.3273145
vn 0.13363306 0.21505857 0.9674151
vn 0.11256329 0.19463104 0.97439635
vn 0.8159647 -0.4765153 0.3273145
vn 0.83348966 -0.5058255 0.22234106
vn 0.13363306 0.21505857 0.9674151
vn 0.4077532 -0.3094191 0.85906756
vn 0.30142173 -0.20125628 0.9320091
vn 0.41509965 -0.32095325 0.8512821
vn 0.4077532 -0.3094191 0.85906756
vn 0.18569238 0.056304693 0.98099333
vn 0.39639318 -0.30411875 0.86624706
vn 0.4077532 -0.3094191 0.85906756
vn 0.30505008 -0.17843366 0.93547094
vn 0.30142173 -0.20125628 0.9320091
vn 0.4077532 -0.3094191 0.85906756
vn 0.39639318 -0.30411875 0.86624706
vn 0.30505008 -0.17843366 0.93547094
vn 0.41509965 -0.32095325 0.8512821
vn 0.30142173 -0.20125628 0.9320091
vn 0.29524085 -0.26984233 0.916525
vn -0.6797798 0.48772848 0.54774106
vn 0.29524085 -0.26984233 0.916525
vn -0.57880014 0.6041305 0.54773784
vn 0.29524085 -0.26984233 0.916525
vn 0.30142173 -0.20125628 0.9320091
vn -0.57880014 0.6041305 0.54773784
vn 0.007680654 0.2851103 0.9584639
vn 0.11256329 0.19463104 0.97439635
vn 0.0010281092 0.29200083 0.95641744
vn 0.007680654 0.2851103 0.9584639
vn 0.18869644 0.046696186 0.98092455
vn 0.18569238 0.056304693 0.98099333
vn 0.007680654 0.2851103 0.9584639
vn 0.0010281092 0.29200083 0.95641744
vn 0.18869644 0.046696186 0.98092455
vn 0.18569238 0.056304693 0.98099333
vn 0.18869644 0.046696186 0.98092455
vn 0.39639318 -0.30411875 0.86624706
vn 0.11256329 0.19463104 0.97439635
vn 0.13363306 0.21505857 0.9674151
vn 0.0010281092 0.29200083 0.95641744
vn 0.83348966 -0.5058255 0.22234106
vn 0.21405871 0.16124535 0.9634204
vn 0.13363306 0.21505857 0.9674151
vn 0.83348966 -0.5058255 0.22234106
vn 0.8460457 -0.52666867 0.08262378
vn 0.21405871 0.16124535 0.9634204
vn 0.30505008 -0.17843366 0.93547094
vn -0.5194859 0.6759777 0.52267444
vn 0.30142173 -0.20125628 0.9320091
vn 0.30505008 -0.17843366 0.93547094
vn 0.39639318 -0.30411875 0.86624706
vn 0.2908231 -0.12663281 0.94835955
vn 0.30505008 -0.17843366 0.93547094
vn 0.2908231 -0.12663281 0.94835955
vn -0.5194859 0.6759777 0.52267444
vn 0.30142173 -0.20125628 0.9320091
vn -0.5194859 0.6759777 0.52267444
vn -0.57880014 0.6041305 0.54773784
vn 0.18869644 0.046696186 0.98092455
vn 0.0010281092 0.29200083 0.95641744
vn 0.19094527 0.071255326 0.979011
vn 0.18869644 0.046696186 0.98092455
vn 0.3913529 -0.31416506 0.8649527
vn 0.39639318 -0.30411875 0.86624706
vn 0.18869644 0.046696186 0.98092455
vn 0.19094527 0.071255326 0.979011
vn 0.3913529 -0.31416506 0.8649527
vn 0.13363306 0.21505857 0.9674151
vn 0.21405871 0.16124535 0.9634204
vn 0.06858872 0.15760428 0.98511755
vn 0.13363306 0.21505857 0.9674151
vn -0.009654883 0.32495308 0.94568086
vn 0.0010281092 0.29200083 0.95641744
vn 0.13363306 0.21505857 0.9674151
vn 0.06858872 0.15760428 0.98511755
vn -0.009654883 0.32495308 0.94568086
vn 0.0010281092 0.29200083 0.95641744
vn -0.009654883 0.32495308 0.94568086
vn 0.19094527 0.071255326 0.979011
vn 0.8460457 -0.52666867 0.08262378
vn 0.37761295 0.06987399 0.9233234
vn 0.21405871 0.16124535 0.9634204
vn 0.8460457 -0.52666867 0.08262378
vn 0.42112476 0.12726676 0.89802957
vn 0.37761295 0.06987399 0.9233234
vn 0.8460457 -0.52666867 0.08262378
vn 0.891008 -0.4301145 0.14528003
vn 0.42112476 0.12726676 0.89802957
vn 0.2908231 -0.12663281 0.94835955
vn -0.43723607 0.7753283 0.4557309
vn -0.5194859 0.6759777 0.52267444
vn 0.2908231 -0.12663281 0.94835955
vn 0.39639318 -0.30411875 0.86624706
vn 0.30807474 -0.13513434 0.9417158
vn 0.2908231 -0.12663281 0.94835955
vn 0.30807474 -0.13513434 0.9417158
vn -0.43723607 0.7753283 0.4557309
vn 0.39639318 -0.30411875 0.86624706
vn 0.3913529 -0.31416506 0.8649527
vn 0.30807474 -0.13513434 0.9417158
vn 0.06858872 0.15760428 0.98511755
vn 0.14848949 -0.010493755 0.9888583
vn -0.009654883 0.32495308 0.94568086
vn 0.06858872 0.15760428 0.98511755
vn 0.21405871 0.16124535 0.9634204
vn 0.2852322 -0.037397563 0.95772845
vn 0.06858872 0.15760428 0.98511755
vn 0.31130195 -0.25644183 0.9150567
vn 0.14848949 -0.010493755 0.9888583
vn 0.06858872 0.15760428 0.98511755
vn 0.2852322 -0.037397563 0.95772845
vn 0.31130195 -0.25644183 0.9150567
vn 0.21405871 0.16124535 0.9634204
vn 0.37761295 0.06987399 0.9233234
vn 0.2852322 -0.037397563 0.95772845
vn 0.19094527 0.071255326 0.979011
vn 0.4153688 -0.32718986 0.84877294
vn 0.3913529 -0.31416506 0.8649527
vn 0.19094527 0.071255326 0.979011
vn -0.009654883 0.32495308 0.94568086
vn 0.20709115 0.06977892 0.9758299
vn 0.19094527 0.071255326 0.979011
vn 0.20709115 0.06977892 0.9758299
vn 0.4153688 -0.32718986 0.84877294
vn -0.009654883 0.32495308 0.94568086
vn 0.14848949 -0.010493755 0.9888583
vn 0.20709115 0.06977892 0.9758299
vn 0.891008 -0.4301145 0.14528003
vn 0.76853126 0.5747885 -0.28103
vn 0.42112476 0.12726676 0.89802957
vn -0.43723607 0.7753283 0.4557309
vn 0.30807474 -0.13513434 0.9417158
vn -0.3253151 0.82390463 0.46405956
vn 0.31130195 -0.25644183 0.9150567
vn 0.2852322 -0.037397563 0.95772845
vn 0.379712 -0.08511037 0.9211813
vn 0.31130195 -0.25644183 0.9150567
vn 0.41621512 -0.37066573 0.8302843
vn 0.14848949 -0.010493755 0.9888583
vn 0.31130195 -0.25644183 0.9150567
vn 0.379712 -0.08511037 0.9211813
vn 0.36047533 -0.12534446 0.9243086
vn 0.31130195 -0.25644183 0.9150567
vn 0.36047533 -0.12534446 0.9243086
vn 0.41621512 -0.37066573 0.8302843
vn 0.41621512 -0.37066573 0.8302843
vn 0.36047533 -0.12534446 0.9243086
vn 0.4153688 -0.32718986 0.84877294
vn 0.41621512 -0.37066573 0.8302843
vn 0.20709115 0.06977892 0.9758299
vn 0.14848949 -0.010493755 0.9888583
vn 0.41621512 -0.37066573 0.8302843
vn 0.4153688 -0.32718986 0.84877294
vn 0.20709115 0.06977892 0.9758299
vn 0.2852322 -0.037397563 0.95772845
vn 0.37761295 0.06987399 0.9233234
vn 0.379712 -0.08511037 0.9211813
vn 0.3913529 -0.31416506 0.8649527
vn 0.3433282 -0.13441807 0.929547
vn 0.30807474 -0.13513434 0.9417158
vn 0.3913529 -0.31416506 0.8649527
vn 0.4153688 -0.32718986 0.84877294
vn 0.3433282 -0.13441807 0.929547
vn 0.4153688 -0.32718986 0.84877294
vn 0.36047533 -0.12534446 0.9243086
vn 0.3433282 -0.13441807 0.929547
vn 0.30807474 -0.13513434 0.9417158
vn 0.3433282 -0.13441807 0.929547
vn -0.3253151 0.82390463 0.46405956
vn 0.76853126 0.5747885 -0.28103
vn 0.020799467 0.9578085 0.28665376
vn 0.42112476 0.12726676 0.89802957
vn 0.37761295 0.06987399 0.9233234
vn -0.10051559 0.9061934 0.41074356
vn 0.379712 -0.08511037 0.9211813
vn 0.37761295 0.06987399 0.9233234
vn 0.42112476 0.12726676 0.89802957
vn -0.057354428 0.9408088 0.33404988
vn 0.37761295 0.06987399 0.9233234
vn -0.057354428 0.9408088 0.33404988
vn -0.10051559 0.9061934 0.41074356
vn -0.057354428 0.9408088 0.33404988
vn 0.42112476 0.12726676 0.89802957
vn 0.020799467 0.9578085 0.28665376
vn 0.36047533 -0.12534446 0.9243086
vn -0.24251755 0.8717338 0.42575255
vn 0.3433282 -0.13441807 0.929547
vn 0.36047533 -0.12534446 0.9243086
vn 0.379712 -0.08511037 0.9211813
vn -0.17303242 0.89129007 0.4191201
vn 0.36047533 -0.12534446 0.9243086
vn -0.17303242 0.89129007 0.4191201
vn -0.24251755 0.8717338 0.42575255
vn -0.24251755 0.8717338 0.42575255
vn -0.3253151 0.82390463 0.46405956
vn 0.3433282 -0.13441807 0.929547
vn -0.17303242 0.89129007 0.4191201
vn 0.379712 -0.08511037 0.9211813
vn -0.10051559 0.9061934 0.41074356
vn 0.77137756 0.45327136 0.4466785
vn -0.09029092 0.99590474 0.0045968294
vn 0.85185003 0.29300147 -0.43416777
vn -0.09029092 0.99590474 0.0045968294
vn 0.2475863 0.089046896 -0.96476495
vn 0.85185003 0.29300147 -0.43416777
vn 0.2475863 0.089046896 -0.96476495
vn -0.09029092 0.99590474 0.0045968294
vn 0.8999687 0.435639 -0.016583592
vn -0.09029092 0.99590474 0.0045968294
vn 0.29214752 0.15078402 0.944412
vn 0.8999687 0.435639 -0.016583592
vn -0.09029092 0.99590474 0.0045968294
vn 0.77137756 0.45327136 0.4466785
vn 0.29214752 0.15078402 0.944412
vn 0.8999687 0.435639 -0.016583592
vn 0.29214752 0.15078402 0.944412
vn 0.69144803 -0.7148403 0.104417264
vn 0.8999687 0.435639 -0.016583592
vn 0.69144803 -0.7148403 0.104417264
vn 0.2475863 0.089046896 -0.96476495
vn 0.77137756 0.45327136 0.4466785
vn 0.84468305 0.24006164 0.47841495
vn 0.29214752 0.15078402 0.944412
vn 0.69144803 -0.7148403 0.104417264
vn 0.85185003 0.29300147 -0.43416777
vn 0.2475863 0.089046896 -0.96476495
vn 0.69144803 -0.7148403 0.104417264
vn 0.29214752 0.15078402 0.944412
vn 0.96406335 0.25245228 0.08276221
vn 0.69144803 -0.7148403 0.104417264
vn 0.96406335 0.25245228 0.08276221
vn 0.85185003 0.29300147 -0.43416777
vn 0.96406335 0.25245228 0.08276221
vn 0.29214752 0.15078402 0.944412
vn 0.84468305 0.24006164 0.47841495
vn 0.3302356 0.13160568 -0.9346787
vn 0.9285006 0.1956421 -0.31561166
vn 0.08125393 0.99605775 0.035589933
vn 0.9285006 0.1956421 -0.31561166
vn 0.96406335 0.25245228 0.08276221
vn 0.08125393 0.99605775 0.035589933
vn 0.87595046 0.115264714 0.46842796
vn 0.6588259 -0.75228953 0.0030071735
vn 0.89006454 0.19573814 0.41166943
vn 0.6588259 -0.75228953 0.0030071735
vn 0.4595677 0.08565533 0.88400257
vn 0.89006454 0.19573814 0.41166943
vn 0.6588259 -0.75228953 0.0030071735
vn 0.9473638 0.3187823 -0.02965957
vn 0.4595677 0.08565533 0.88400257
vn 0.6588259 -0.75228953 0.0030071735
vn 0.3302356 0.13160568 -0.9346787
vn 0.9473638 0.3187823 -0.02965957
vn 0.6588259 -0.75228953 0.0030071735
vn 0.9285006 0.1956421 -0.31561166
vn 0.3302356 0.13160568 -0.9346787
vn 0.6588259 -0.75228953 0.0030071735
vn 0.87595046 0.115264714 0.46842796
vn 0.9285006 0.1956421 -0.31561166
vn 0.89006454 0.19573814 0.41166943
vn 0.4595677 0.08565533 0.88400257
vn 0.96406335 0.25245228 0.08276221
vn 0.9473638 0.3187823 -0.02965957
vn 0.08125393 0.99605775 0.035589933
vn 0.4595677 0.08565533 0.88400257
vn 0.9473638 0.3187823 -0.02965957
vn 0.3302356 0.13160568 -0.9346787
vn 0.08125393 0.99605775 0.035589933
vn 0.08125393 0.99605775 0.035589933
vn 0.96406335 0.25245228 0.08276221
vn 0.4595677 0.08565533 0.88400257
vn 0.96406335 0.25245228 0.08276221
vn 0.84468305 0.24006164 0.47841495
vn 0.89006454 0.19573814 0.41166943
vn 0.84468305 0.24006164 0.47841495
vn 0.96444285 0.22909817 0.13177285
vn 0.89006454 0.19573814 0.41166943
vn 0.84468305 0.24006164 0.47841495
vn 0.8824506 0.460917 0.094002366
vn 0.96444285 0.22909817 0.13177285
vn 0.84468305 0.24006164 0.47841495
vn 0.77137756 0.45327136 0.4466785
vn 0.8824506 0.460917 0.094002366
vn 0.89006454 0.19573814 0.41166943
vn 0.96444285 0.22909817 0.13177285
vn 0.87595046 0.115264714 0.46842796
vn 0.77137756 0.45327136 0.4466785
vn 0.57302606 0.78555596 0.23354453
vn 0.8824506 0.460917 0.094002366
vn 0.96444285 0.22909817 0.13177285
vn 0.9536923 -0.2086153 0.21668111
vn 0.87595046 0.115264714 0.46842796
vn 0.96444285 0.22909817 0.13177285
vn 0.8824506 0.460917 0.094002366
vn 0.83107144 0.4689013 0.2990849
vn 0.96444285 0.22909817 0.13177285
vn 0.98424345 0.087704495 0.15353453
vn 0.9536923 -0.2086153 0.21668111
vn 0.96444285 0.22909817 0.13177285
vn 0.83107144 0.4689013 0.2990849
vn 0.8944455 0.2475456 0.37240887
vn 0.96444285 0.22909817 0.13177285
vn 0.8944455 0.2475456 0.37240887
vn 0.98424345 0.087704495 0.15353453
vn 0.57302606 0.78555596 0.23354453
vn 0.8310975 0.5557143 -0.02141416
vn 0.8824506 0.460917 0.094002366
vn 0.9536923 -0.2086153 0.21668111
vn 0.98424345 0.087704495 0.15353453
vn 0.9967837 0.071810216 0.035575844
vn 0.83107144 0.4689013 0.2990849
vn 0.6633892 0.5121735 0.54552096
vn 0.8944455 0.2475456 0.37240887
vn 0.83107144 0.4689013 0.2990849
vn 0.8824506 0.460917 0.094002366
vn 0.73206 0.6796873 0.04596865
vn 0.83107144 0.4689013 0.2990849
vn 0.63807046 0.6382128 0.43075588
vn 0.6633892 0.5121735 0.54552096
vn 0.83107144 0.4689013 0.2990849
vn 0.73206 0.6796873 0.04596865
vn 0.7154298 0.6666038 0.20928338
vn 0.83107144 0.4689013 0.2990849
vn 0.7154298 0.6666038 0.20928338
vn 0.63807046 0.6382128 0.43075588
vn 0.8824506 0.460917 0.094002366
vn 0.8310975 0.5557143 -0.02141416
vn 0.73206 0.6796873 0.04596865
vn 0.98424345 0.087704495 0.15353453
vn 0.9955669 0.07052758 0.062230233
vn 0.9967837 0.071810216 0.035575844
vn 0.98424345 0.087704495 0.15353453
vn 0.8944455 0.2475456 0.37240887
vn 0.90842897 0.11242834 0.402637
vn 0.98424345 0.087704495 0.15353453
vn 0.9800791 0.07213265 0.18504527
vn 0.9955669 0.07052758 0.062230233
vn 0.98424345 0.087704495 0.15353453
vn 0.90842897 0.11242834 0.402637
vn 0.9800791 0.07213265 0.18504527
vn 0.6633892 0.5121735 0.54552096
vn 0.63807046 0.6382128 0.43075588
vn 0.5120546 0.63987684 0.573025
vn 0.6633892 0.5121735 0.54552096
vn 0.71711063 0.30383116 0.62724704
vn 0.8944455 0.2475456 0.37240887
vn 0.6633892 0.5121735 0.54552096
vn 0.5120546 0.63987684 0.573025
vn 0.5276726 0.53858364 0.6568784
vn 0.6633892 0.5121735 0.54552096
vn 0.5276726 0.53858364 0.6568784
vn 0.71711063 0.30383116 0.62724704
vn 0.7154298 0.6666038 0.20928338
vn 0.73206 0.6796873 0.04596865
vn 0.63863516 0.769406 0.012624204
vn 0.7154298 0.6666038 0.20928338
vn 0.79510456 0.5625895 0.22649902
vn 0.63807046 0.6382128 0.43075588
vn 0.7154298 0.6666038 0.20928338
vn 0.63863516 0.769406 0.012624204
vn 0.79510456 0.5625895 0.22649902
vn 0.63807046 0.6382128 0.43075588
vn 0.79510456 0.5625895 0.22649902
vn 0.5120546 0.63987684 0.573025
vn 0.8310975 0.5557143 -0.02141416
vn 0.71515965 0.69615734 -0.06254178
vn 0.73206 0.6796873 0.04596865
vn 0.73206 0.6796873 0.04596865
vn 0.71515965 0.69615734 -0.06254178
vn 0.63863516 0.769406 0.012624204
vn 0.9955669 0.07052758 0.062230233
vn 0.9800791 0.07213265 0.18504527
vn 0.9973857 0.025291398 0.06769215
vn 0.90842897 0.11242834 0.402637
vn 0.90761924 0.09975916 0.4077688
vn 0.9800791 0.07213265 0.18504527
vn 0.5276726 0.53858364 0.6568784
vn 0.54654086 0.31863403 0.7744453
vn 0.71711063 0.30383116 0.62724704
vn 0.5276726 0.53858364 0.6568784
vn 0.5120546 0.63987684 0.573025
vn 0.37316033 0.67189896 0.63976806
vn 0.5276726 0.53858364 0.6568784
vn 0.42845094 0.5581748 0.71054256
vn 0.54654086 0.31863403 0.7744453
vn 0.5276726 0.53858364 0.6568784
vn 0.37316033 0.67189896 0.63976806
vn 0.42845094 0.5581748 0.71054256
vn 0.79510456 0.5625895 0.22649902
vn 0.42600158 0.509895 0.7473485
vn 0.5120546 0.63987684 0.573025
vn 0.5120546 0.63987684 0.573025
vn 0.42600158 0.509895 0.7473485
vn 0.37316033 0.67189896 0.63976806
vn 0.71515965 0.69615734 -0.06254178
vn 0.63371694 0.7707448 -0.0659951
vn 0.63863516 0.769406 0.012624204
vn 0.9973857 0.025291398 0.06769215
vn 0.9800791 0.07213265 0.18504527
vn 0.9809642 0.04496132 0.1889121
vn 0.9973857 0.025291398 0.06769215
vn 0.9809642 0.04496132 0.1889121
vn 0.9959793 -0.065165505 0.061472192
vn 0.9800791 0.07213265 0.18504527
vn 0.90761924 0.09975916 0.4077688
vn 0.9809642 0.04496132 0.1889121
vn 0.54654086 0.31863403 0.7744453
vn 0.42845094 0.5581748 0.71054256
vn 0.44456625 0.3239314 0.8351222
vn 0.42600158 0.509895 0.7473485
vn 0.37215528 0.30907583 0.8751986
vn 0.37316033 0.67189896 0.63976806
vn 0.63371694 0.7707448 -0.0659951
vn 0.65786636 0.74465674 -0.112686455
vn 0.63863516 0.769406 0.012624204
vn 0.9959793 -0.065165505 0.061472192
vn 0.9809642 0.04496132 0.1889121
vn 0.9848905 -0.02950406 0.1706462
vn 0.90761924 0.09975916 0.4077688
vn 0.9092462 0.09014827 0.40637982
vn 0.9809642 0.04496132 0.1889121
vn 0.9809642 0.04496132 0.1889121
vn 0.9092462 0.09014827 0.40637982
vn 0.9848905 -0.02950406 0.1706462
vn 0.42845094 0.5581748 0.71054256
vn 0.3260937 0.5726967 0.7521178
vn 0.44456625 0.3239314 0.8351222
vn 0.42845094 0.5581748 0.71054256
vn 0.37316033 0.67189896 0.63976806
vn 0.29305154 0.6914096 0.66035867
vn 0.42845094 0.5581748 0.71054256
vn 0.29305154 0.6914096 0.66035867
vn 0.3260937 0.5726967 0.7521178
vn 0.37316033 0.67189896 0.63976806
vn 0.37215528 0.30907583 0.8751986
vn 0.29305154 0.6914096 0.66035867
vn 0.9092462 0.09014827 0.40637982
vn 0.9148921 0.006446153 0.40364707
vn 0.9848905 -0.02950406 0.1706462
vn 0.44456625 0.3239314 0.8351222
vn 0.3260937 0.5726967 0.7521178
vn 0.35212967 0.34488648 0.8700907
vn 0.37215528 0.30907583 0.8751986
vn 0.3523818 0.21606332 0.91057336
vn 0.29305154 0.6914096 0.66035867
vn 0.3260937 0.5726967 0.7521178
vn 0.19928548 0.5848929 0.78624773
vn 0.35212967 0.34488648 0.8700907
vn 0.3260937 0.5726967 0.7521178
vn 0.29305154 0.6914096 0.66035867
vn 0.18745758 0.7225651 0.6654016
vn 0.3260937 0.5726967 0.7521178
vn 0.18745758 0.7225651 0.6654016
vn 0.19928548 0.5848929 0.78624773
vn 0.3523818 0.21606332 0.91057336
vn 0.14126275 0.50390124 0.85213155
vn 0.29305154 0.6914096 0.66035867
vn 0.29305154 0.6914096 0.66035867
vn 0.14126275 0.50390124 0.85213155
vn 0.18745758 0.7225651 0.6654016
vn 0.35212967 0.34488648 0.8700907
vn 0.19928548 0.5848929 0.78624773
vn 0.22909203 0.37580562 0.8979349
vn 0.14126275 0.50390124 0.85213155
vn -0.0010170527 0.7328788 0.6803585
vn 0.18745758 0.7225651 0.6654016
vn 0.14126275 0.50390124 0.85213155
vn 0.023924448 0.49904984 0.8662429
vn -0.0010170527 0.7328788 0.6803585
vn 0.18745758 0.7225651 0.6654016
vn -0.0010170527 0.7328788 0.6803585
vn 0.19928548 0.5848929 0.78624773
vn 0.22909203 0.37580562 0.8979349
vn 0.19928548 0.5848929 0.78624773
vn 4.880064E-09 0.59584403 0.8031001
vn 0.22909203 0.37580562 0.8979349
vn 4.880064E-09 0.59584403 0.8031001
vn -2.441642E-09 0.39234632 0.91981745
vn 0.22909203 0.37580562 0.8979349
vn -2.441642E-09 0.39234632 0.91981745
vn 0.25032532 0.2519328 0.9348087
vn 0.19928548 0.5848929 0.78624773
vn -0.0010170527 0.7328788 0.6803585
vn 4.880064E-09 0.59584403 0.8031001
vn 0.023924448 0.49904984 0.8662429
vn -0.18406495 0.7196472 0.6694982
vn -0.0010170527 0.7328788 0.6803585
vn 0.023924448 0.49904984 0.8662429
vn -0.20760128 0.45350683 0.8667371
vn -0.18406495 0.7196472 0.6694982
vn -2.441642E-09 0.39234632 0.91981745
vn 2.4020739E-09 0.2661842 0.96392214
vn 0.25032532 0.2519328 0.9348087
vn -2.441642E-09 0.39234632 0.91981745
vn 4.880064E-09 0.59584403 0.8031001
vn -0.229092 0.37580562 0.8979348
vn -2.441642E-09 0.39234632 0.91981745
vn -0.2503253 0.2519328 0.9348087
vn 2.4020739E-09 0.2661842 0.96392214
vn -2.441642E-09 0.39234632 0.91981745
vn -0.229092 0.37580562 0.8979348
vn -0.2503253 0.2519328 0.9348087
vn -0.0010170527 0.7328788 0.6803585
vn -0.18406495 0.7196472 0.6694982
vn -0.19928545 0.5848927 0.7862478
vn -0.0010170527 0.7328788 0.6803585
vn -0.19928545 0.5848927 0.7862478
vn 4.880064E-09 0.59584403 0.8031001
vn 4.880064E-09 0.59584403 0.8031001
vn -0.19928545 0.5848927 0.7862478
vn -0.229092 0.37580562 0.8979348
vn -0.20760128 0.45350683 0.8667371
vn -0.28689763 0.6643038 0.69021016
vn -0.18406495 0.7196472 0.6694982
vn -0.20760128 0.45350683 0.8667371
vn -0.19065765 0.14140922 0.9714181
vn -0.28689763 0.6643038 0.69021016
vn 0.25032532 0.2519328 0.9348087
vn 2.4020739E-09 0.2661842 0.96392214
vn 0 0.20272386 0.9792359
vn 0.25032532 0.2519328 0.9348087
vn 0 0.20272386 0.9792359
vn 0.26076463 0.19581777 0.9453345
vn 2.4020739E-09 0.2661842 0.96392214
vn -0.2503253 0.2519328 0.9348087
vn 0 0.20272386 0.9792359
vn -0.19928545 0.5848927 0.7862478
vn -0.35212964 0.34488648 0.8700907
vn -0.229092 0.37580562 0.8979348
vn -0.19928545 0.5848927 0.7862478
vn -0.18406495 0.7196472 0.6694982
vn -0.3260937 0.5726967 0.7521178
vn -0.19928545 0.5848927 0.7862478
vn -0.3260937 0.5726967 0.7521178
vn -0.35212964 0.34488648 0.8700907
vn -0.18406495 0.7196472 0.6694982
vn -0.28689763 0.6643038 0.69021016
vn -0.3260937 0.5726967 0.7521178
vn -0.19065765 0.14140922 0.9714181
vn -0.39576522 0.61152095 0.68513644
vn -0.28689763 0.6643038 0.69021016
vn -0.19065765 0.14140922 0.9714181
vn -0.39418083 0.08689654 0.9149155
vn -0.39576522 0.61152095 0.68513644
vn 0.26076463 0.19581777 0.9453345
vn 0 0.20272386 0.9792359
vn 2.5101978E-09 0.5400265 0.8416481
vn 0.26076463 0.19581777 0.9453345
vn 2.5101978E-09 0.5400265 0.8416481
vn 0.34596738 0.43291467 0.8324009
vn -0.2503253 0.2519328 0.9348087
vn -0.26076463 0.19581777 0.9453345
vn 0 0.20272386 0.9792359
vn 0 0.20272386 0.9792359
vn -0.26076463 0.19581777 0.9453345
vn 2.5101978E-09 0.5400265 0.8416481
vn -0.35212964 0.34488648 0.8700907
vn -0.3260937 0.5726967 0.7521178
vn -0.44456628 0.3239314 0.8351222
vn -0.28689763 0.6643038 0.69021016
vn -0.39576522 0.61152095 0.68513644
vn -0.42845094 0.5581748 0.71054256
vn -0.28689763 0.6643038 0.69021016
vn -0.42845094 0.5581748 0.71054256
vn -0.3260937 0.5726967 0.7521178
vn -0.3260937 0.5726967 0.7521178
vn -0.42845094 0.5581748 0.71054256
vn -0.44456628 0.3239314 0.8351222
vn -0.39418083 0.08689654 0.9149155
vn -0.60833967 0.35383528 0.7104389
vn -0.39576522 0.61152095 0.68513644
vn 0.34596738 0.43291467 0.8324009
vn 2.5101978E-09 0.5400265 0.8416481
vn 0.31313393 0.65635455 0.6864006
vn 0.34596738 0.43291467 0.8324009
vn 0.31313393 0.65635455 0.6864006
vn 0.4541546 0.46616113 0.7592347
vn -0.26076463 0.19581777 0.9453345
vn -0.34596738 0.43291467 0.8324009
vn 2.5101978E-09 0.5400265 0.8416481
vn -0.42845094 0.5581748 0.71054256
vn -0.54654086 0.3186341 0.77444524
vn -0.44456628 0.3239314 0.8351222
vn -0.42845094 0.5581748 0.71054256
vn -0.39576522 0.61152095 0.68513644
vn -0.5276725 0.5385835 0.6568784
vn -0.42845094 0.5581748 0.71054256
vn -0.5276725 0.5385835 0.6568784
vn -0.54654086 0.3186341 0.77444524
vn -0.60833967 0.35383528 0.7104389
vn -0.5103441 0.6138111 0.6023162
vn -0.39576522 0.61152095 0.68513644
vn -0.60833967 0.35383528 0.7104389
vn -0.6566772 0.6089077 0.44497922
vn -0.5103441 0.6138111 0.6023162
vn -0.60833967 0.35383528 0.7104389
vn -0.87994826 0.4123084 0.2359936
vn -0.6566772 0.6089077 0.44497922
vn -0.39576522 0.61152095 0.68513644
vn -0.5103441 0.6138111 0.6023162
vn -0.5276725 0.5385835 0.6568784
vn 0.31313393 0.65635455 0.6864006
vn 0.35190672 0.40339196 0.8446517
vn 0.4541546 0.46616113 0.7592347
vn 0.31313393 0.65635455 0.6864006
vn 2.5101978E-09 0.5400265 0.8416481
vn 2.4034266E-09 0.8031082 0.5958331
vn 0.31313393 0.65635455 0.6864006
vn 0.30567333 0.61396134 0.72774684
vn 0.35190672 0.40339196 0.8446517
vn 0.31313393 0.65635455 0.6864006
vn 2.4034266E-09 0.8031082 0.5958331
vn 0.30567333 0.61396134 0.72774684
vn -0.34596738 0.43291467 0.8324009
vn -0.31313398 0.6563548 0.68640053
vn 2.5101978E-09 0.5400265 0.8416481
vn -0.34596738 0.43291467 0.8324009
vn -0.4541546 0.46616113 0.7592347
vn -0.31313398 0.6563548 0.68640053
vn 2.5101978E-09 0.5400265 0.8416481
vn -0.31313398 0.6563548 0.68640053
vn 2.4034266E-09 0.8031082 0.5958331
vn -0.54654086 0.3186341 0.77444524
vn -0.5276725 0.5385835 0.6568784
vn -0.71711063 0.30383116 0.62724704
vn -0.87994826 0.4123084 0.2359936
vn -0.72193485 0.6598705 0.20828104
vn -0.6566772 0.6089077 0.44497922
vn -0.87994826 0.4123084 0.2359936
vn -0.6429954 0.76584977 0.0055723786
vn -0.72193485 0.6598705 0.20828104
vn -0.5103441 0.6138111 0.6023162
vn -0.66338927 0.51217353 0.5455209
vn -0.5276725 0.5385835 0.6568784
vn -0.5103441 0.6138111 0.6023162
vn -0.6566772 0.6089077 0.44497922
vn -0.66338927 0.51217353 0.5455209
vn -0.5276725 0.5385835 0.6568784
vn -0.66338927 0.51217353 0.5455209
vn -0.71711063 0.30383116 0.62724704
vn 0.35190672 0.40339196 0.8446517
vn 0.30567333 0.61396134 0.72774684
vn 0.4842527 0.20243394 0.8511872
vn 0.35190672 0.40339196 0.8446517
vn 0.4842527 0.20243394 0.8511872
vn 0.32393196 0.03071326 0.9455816
vn 0.35190672 0.40339196 0.8446517
vn 0.32393196 0.03071326 0.9455816
vn 0.24325155 0.16054058 0.95658517
vn -0.4541546 0.46616113 0.7592347
vn -0.35190672 0.40339184 0.84465164
vn -0.31313398 0.6563548 0.68640053
vn 2.4034266E-09 0.8031082 0.5958331
vn 3.6374286E-09 0.906127 0.42300564
vn 0.30567333 0.61396134 0.72774684
vn 2.4034266E-09 0.8031082 0.5958331
vn -0.31313398 0.6563548 0.68640053
vn -0.3056733 0.6139611 0.7277469
vn 2.4034266E-09 0.8031082 0.5958331
vn -0.3056733 0.6139611 0.7277469
vn 3.6374286E-09 0.906127 0.42300564
vn -0.31313398 0.6563548 0.68640053
vn -0.35190672 0.40339184 0.84465164
vn -0.3056733 0.6139611 0.7277469
vn -0.6429954 0.76584977 0.0055723786
vn -0.73206 0.6796873 0.04596865
vn -0.72193485 0.6598705 0.20828104
vn -0.6429954 0.76584977 0.0055723786
vn -0.71515965 0.69615734 -0.06254178
vn -0.73206 0.6796873 0.04596865
vn -0.6429954 0.76584977 0.0055723786
vn -0.63371736 0.7707444 -0.065995336
vn -0.71515965 0.69615734 -0.06254178
vn -0.6429954 0.76584977 0.0055723786
vn -0.6882055 0.7111453 -0.1436854
vn -0.63371736 0.7707444 -0.065995336
vn -0.6566772 0.6089077 0.44497922
vn -0.83107144 0.4689014 0.29908487
vn -0.66338927 0.51217353 0.5455209
vn -0.6566772 0.6089077 0.44497922
vn -0.72193485 0.6598705 0.20828104
vn -0.83107144 0.4689014 0.29908487
vn -0.72193485 0.6598705 0.20828104
vn -0.73206 0.6796873 0.04596865
vn -0.83107144 0.4689014 0.29908487
vn -0.71711063 0.30383116 0.62724704
vn -0.66338927 0.51217353 0.5455209
vn -0.8944455 0.2475456 0.37240887
vn -0.66338927 0.51217353 0.5455209
vn -0.83107144 0.4689014 0.29908487
vn -0.8944455 0.2475456 0.37240887
vn 0.32393196 0.03071326 0.9455816
vn 1.2063472E-09 0.050002515 0.998749
vn 0.24325155 0.16054058 0.95658517
vn 0.32393196 0.03071326 0.9455816
vn -4.891902E-09 -0.103375494 0.9946424
vn 1.2063472E-09 0.050002515 0.998749
vn -0.35190672 0.40339184 0.84465164
vn -0.48425266 0.202434 0.8511873
vn -0.3056733 0.6139611 0.7277469
vn -0.35190672 0.40339184 0.84465164
vn -0.32393202 0.03071326 0.9455816
vn -0.48425266 0.202434 0.8511873
vn -0.35190672 0.40339184 0.84465164
vn -0.24325159 0.16054064 0.95658517
vn -0.32393202 0.03071326 0.9455816
vn -0.32393202 0.03071326 0.9455816
vn 1.2063472E-09 0.050002515 0.998749
vn -4.891902E-09 -0.103375494 0.9946424
vn -0.32393202 0.03071326 0.9455816
vn -0.24325159 0.16054064 0.95658517
vn 1.2063472E-09 0.050002515 0.998749
vn -0.71515965 0.69615734 -0.06254178
vn -0.831098 0.5557134 -0.02141428
vn -0.73206 0.6796873 0.04596865
vn -0.83107144 0.4689014 0.29908487
vn -0.96444285 0.22909833 0.13177274
vn -0.8944455 0.2475456 0.37240887
vn -0.83107144 0.4689014 0.29908487
vn -0.73206 0.6796873 0.04596865
vn -0.88245064 0.460917 0.09400201
vn -0.83107144 0.4689014 0.29908487
vn -0.88245064 0.460917 0.09400201
vn -0.96444285 0.22909833 0.13177274
vn -0.73206 0.6796873 0.04596865
vn -0.831098 0.5557134 -0.02141428
vn -0.88245064 0.460917 0.09400201
vn -0.8944455 0.2475456 0.37240887
vn -0.96444285 0.22909833 0.13177274
vn -0.98424345 0.087704495 0.15353456
vn -0.8944455 0.2475456 0.37240887
vn -0.98424345 0.087704495 0.15353456
vn -0.90842897 0.11242834 0.402637
vn -0.831098 0.5557134 -0.02141428
vn -0.5730278 0.7855547 0.23354453
vn -0.88245064 0.460917 0.09400201
vn -0.96444285 0.22909833 0.13177274
vn -0.95369226 -0.2086154 0.21668112
vn -0.98424345 0.087704495 0.15353456
vn -0.96444285 0.22909833 0.13177274
vn -0.88245064 0.460917 0.09400201
vn -0.8446839 0.24006099 0.47841397
vn -0.96444285 0.22909833 0.13177274
vn -0.87595105 0.11526504 0.46842676
vn -0.95369226 -0.2086154 0.21668112
vn -0.96444285 0.22909833 0.13177274
vn -0.8446839 0.24006099 0.47841397
vn -0.8900644 0.19573838 0.41166955
vn -0.96444285 0.22909833 0.13177274
vn -0.8900644 0.19573838 0.41166955
vn -0.87595105 0.11526504 0.46842676
vn -0.90842897 0.11242834 0.402637
vn -0.98424345 0.087704495 0.15353456
vn -0.9800791 0.07213263 0.18504527
vn -0.90842897 0.11242834 0.402637
vn -0.9800791 0.07213263 0.18504527
vn -0.90761924 0.09975916 0.4077688
vn -0.5730278 0.7855547 0.23354453
vn -0.77137715 0.45327067 0.4466798
vn -0.88245064 0.460917 0.09400201
vn -0.88245064 0.460917 0.09400201
vn -0.77137715 0.45327067 0.4466798
vn -0.8446839 0.24006099 0.47841397
vn -0.95369226 -0.2086154 0.21668112
vn -0.9967837 0.071810216 0.035575844
vn -0.98424345 0.087704495 0.15353456
vn -0.8900644 0.19573838 0.41166955
vn -0.8446839 0.24006099 0.47841397
vn -0.9640635 0.25245196 0.08276197
vn -0.9800791 0.07213263 0.18504527
vn -0.9809642 0.04496132 0.1889121
vn -0.90761924 0.09975916 0.4077688
vn -0.9800791 0.07213263 0.18504527
vn -0.98424345 0.087704495 0.15353456
vn -0.9955669 0.07052758 0.062230233
vn -0.9800791 0.07213263 0.18504527
vn -0.9973857 0.02529139 0.06769216
vn -0.9809642 0.04496132 0.1889121
vn -0.9800791 0.07213263 0.18504527
vn -0.9955669 0.07052758 0.062230233
vn -0.9973857 0.02529139 0.06769216
vn -0.9955669 0.07052758 0.062230233
vn -0.98424345 0.087704495 0.15353456
vn -0.9967837 0.071810216 0.035575844
vn -0.90761924 0.09975916 0.4077688
vn -0.9809642 0.04496132 0.1889121
vn -0.9092462 0.09014827 0.40637982
vn -0.9973857 0.02529139 0.06769216
vn -0.9959793 -0.06516551 0.061472185
vn -0.9809642 0.04496132 0.1889121
vn -0.9092462 0.09014827 0.40637982
vn -0.9809642 0.04496132 0.1889121
vn -0.9848905 -0.02950406 0.1706462
vn -0.9092462 0.09014827 0.40637982
vn -0.9848905 -0.02950406 0.1706462
vn -0.9148921 0.006446153 0.40364707
vn -0.9848905 -0.02950406 0.1706462
vn -0.9809642 0.04496132 0.1889121
vn -0.9959793 -0.06516551 0.061472185
vn -3.7041676E-09 -0.79240847 0.60999084
vn -1.2086722E-09 -0.9524932 0.3045594
vn 0.15531294 -0.79464626 0.586869
vn -1.2086722E-09 -0.9524932 0.3045594
vn 0.13158515 -0.9491445 0.28602433
vn 0.15531294 -0.79464626 0.586869
vn -1.2086722E-09 -0.9524932 0.3045594
vn -2.3914373E-09 -0.99216133 0.124962926
vn 0.13158515 -0.9491445 0.28602433
vn 0.15531294 -0.79464626 0.586869
vn 0.13158515 -0.9491445 0.28602433
vn 0.24983849 -0.7899242 0.5600004
vn -2.3914373E-09 -0.99216133 0.124962926
vn 0.12742329 -0.9849669 0.11663413
vn 0.13158515 -0.9491445 0.28602433
vn -2.3914373E-09 -0.99216133 0.124962926
vn -1.1945329E-09 -0.9999804 0.006256819
vn 0.12742329 -0.9849669 0.11663413
vn 0.24983849 -0.7899242 0.5600004
vn 0.13158515 -0.9491445 0.28602433
vn 0.21937597 -0.93724835 0.27099735
vn 0.24983849 -0.7899242 0.5600004
vn 0.21937597 -0.93724835 0.27099735
vn 0.36244246 -0.7706374 0.52416927
vn 0.24983849 -0.7899242 0.5600004
vn 0.36244246 -0.7706374 0.52416927
vn 0.4511967 -0.48286408 0.7505091
vn 0.24983849 -0.7899242 0.5600004
vn 0.4511967 -0.48286408 0.7505091
vn 0.33345124 -0.49268812 0.803784
vn 0.13158515 -0.9491445 0.28602433
vn 0.12742329 -0.9849669 0.11663413
vn 0.21937597 -0.93724835 0.27099735
vn -1.1945329E-09 -0.9999804 0.006256819
vn 0.120613754 -0.99269474 0.0030694008
vn 0.12742329 -0.9849669 0.11663413
vn -1.1945329E-09 -0.9999804 0.006256819
vn 1.1963666E-09 -0.9907944 -0.13537514
vn 0.120613754 -0.99269474 0.0030694008
vn 0.36244246 -0.7706374 0.52416927
vn 0.6126287 -0.5207635 0.59455144
vn 0.4511967 -0.48286408 0.7505091
vn 0.36244246 -0.7706374 0.52416927
vn 0.21937597 -0.93724835 0.27099735
vn 0.32544953 -0.91199625 0.24969047
vn 0.36244246 -0.7706374 0.52416927
vn 0.49907765 -0.7477642 0.43791568
vn 0.6126287 -0.5207635 0.59455144
vn 0.36244246 -0.7706374 0.52416927
vn 0.32544953 -0.91199625 0.24969047
vn 0.49907765 -0.7477642 0.43791568
vn 0.33345124 -0.49268812 0.803784
vn 0.4511967 -0.48286408 0.7505091
vn 0.5262293 -0.17335767 0.8324841
vn 0.33345124 -0.49268812 0.803784
vn 0.5262293 -0.17335767 0.8324841
vn 0.4247265 -0.1846894 0.88628286
vn 0.12742329 -0.9849669 0.11663413
vn 0.120613754 -0.99269474 0.0030694008
vn 0.22212194 -0.9680612 0.116271734
vn 0.12742329 -0.9849669 0.11663413
vn 0.22212194 -0.9680612 0.116271734
vn 0.21937597 -0.93724835 0.27099735
vn 0.21937597 -0.93724835 0.27099735
vn 0.22212194 -0.9680612 0.116271734
vn 0.32544953 -0.91199625 0.24969047
vn 1.1963666E-09 -0.9907944 -0.13537514
vn 0.12144075 -0.9831947 -0.13630861
vn 0.120613754 -0.99269474 0.0030694008
vn 0.6126287 -0.5207635 0.59455144
vn 0.49907765 -0.7477642 0.43791568
vn 0.6955781 -0.6235295 0.35690635
vn 0.6126287 -0.5207635 0.59455144
vn 0.6684598 -0.23205346 0.70662063
vn 0.4511967 -0.48286408 0.7505091
vn 0.6126287 -0.5207635 0.59455144
vn 0.6955781 -0.6235295 0.35690635
vn 0.7982205 -0.36989 0.47542134
vn 0.6126287 -0.5207635 0.59455144
vn 0.7982205 -0.36989 0.47542134
vn 0.6684598 -0.23205346 0.70662063
vn 0.4511967 -0.48286408 0.7505091
vn 0.6684598 -0.23205346 0.70662063
vn 0.5262293 -0.17335767 0.8324841
vn 0.4247265 -0.1846894 0.88628286
vn 0.5262293 -0.17335767 0.8324841
vn 0.5613587 0.17462492 0.8089392
vn 0.4247265 -0.1846894 0.88628286
vn 0.5613587 0.17462492 0.8089392
vn 0.48529914 0.16394877 0.85883963
vn 0.22212194 -0.9680612 0.116271734
vn 0.33600575 -0.9343227 0.11891699
vn 0.32544953 -0.91199625 0.24969047
vn 0.22212194 -0.9680612 0.116271734
vn 0.120613754 -0.99269474 0.0030694008
vn 0.22877051 -0.9734783 0.001997888
vn 0.22212194 -0.9680612 0.116271734
vn 0.22877051 -0.9734783 0.001997888
vn 0.33600575 -0.9343227 0.11891699
vn 0.120613754 -0.99269474 0.0030694008
vn 0.12144075 -0.9831947 -0.13630861
vn 0.22877051 -0.9734783 0.001997888
vn 0.49907765 -0.7477642 0.43791568
vn 0.50417715 -0.8248031 0.25593984
vn 0.6955781 -0.6235295 0.35690635
vn 0.49907765 -0.7477642 0.43791568
vn 0.32544953 -0.91199625 0.24969047
vn 0.50417715 -0.8248031 0.25593984
vn 0.32544953 -0.91199625 0.24969047
vn 0.33600575 -0.9343227 0.11891699
vn 0.50417715 -0.8248031 0.25593984
vn 0.7982205 -0.36989 0.47542134
vn 0.8236374 -0.060011923 0.5639326
vn 0.6684598 -0.23205346 0.70662063
vn 0.7982205 -0.36989 0.47542134
vn 0.6955781 -0.6235295 0.35690635
vn 0.86319256 -0.43237543 0.26067245
vn 0.7982205 -0.36989 0.47542134
vn 0.92301434 -0.17856392 0.34082144
vn 0.8236374 -0.060011923 0.5639326
vn 0.7982205 -0.36989 0.47542134
vn 0.86319256 -0.43237543 0.26067245
vn 0.92301434 -0.17856392 0.34082144
vn 0.5262293 -0.17335767 0.8324841
vn 0.65937454 0.108076155 0.7440059
vn 0.5613587 0.17462492 0.8089392
vn 0.5262293 -0.17335767 0.8324841
vn 0.6684598 -0.23205346 0.70662063
vn 0.65937454 0.108076155 0.7440059
vn 0.6684598 -0.23205346 0.70662063
vn 0.8236374 -0.060011923 0.5639326
vn 0.65937454 0.108076155 0.7440059
vn 0.48529914 0.16394877 0.85883963
vn 0.5613587 0.17462492 0.8089392
vn 0.5181054 0.49015558 0.7009381
vn 0.48529914 0.16394877 0.85883963
vn 0.5181054 0.49015558 0.7009381
vn 0.48316154 0.4790178 0.73286897
vn 0.12144075 -0.9831947 -0.13630861
vn 0.25545567 -0.9578006 -0.13175845
vn 0.22877051 -0.9734783 0.001997888
vn 0.33600575 -0.9343227 0.11891699
vn 0.5022116 -0.85277 0.14341146
vn 0.50417715 -0.8248031 0.25593984
vn 0.33600575 -0.9343227 0.11891699
vn 0.22877051 -0.9734783 0.001997888
vn 0.3525551 -0.9357626 0.0073040724
vn 0.33600575 -0.9343227 0.11891699
vn 0.3525551 -0.9357626 0.0073040724
vn 0.5022116 -0.85277 0.14341146
vn 0.6955781 -0.6235295 0.35690635
vn 0.71686816 -0.6655384 0.2077465
vn 0.86319256 -0.43237543 0.26067245
vn 0.6955781 -0.6235295 0.35690635
vn 0.50417715 -0.8248031 0.25593984
vn 0.71686816 -0.6655384 0.2077465
vn 0.50417715 -0.8248031 0.25593984
vn 0.5022116 -0.85277 0.14341146
vn 0.71686816 -0.6655384 0.2077465
vn 0.92301434 -0.17856392 0.34082144
vn 0.76666296 0.08235127 0.6367466
vn 0.8236374 -0.060011923 0.5639326
vn 0.92301434 -0.17856392 0.34082144
vn 0.86319256 -0.43237543 0.26067245
vn 0.9046099 -0.40578264 0.13046578
vn 0.92301434 -0.17856392 0.34082144
vn 0.9148921 0.006446153 0.40364707
vn 0.76666296 0.08235127 0.6367466
vn 0.92301434 -0.17856392 0.34082144
vn 0.9046099 -0.40578264 0.13046578
vn 0.9704741 -0.19047372 0.1479859
vn 0.92301434 -0.17856392 0.34082144
vn 0.9704741 -0.19047372 0.1479859
vn 0.9148921 0.006446153 0.40364707
vn 0.86319256 -0.43237543 0.26067245
vn 0.71686816 -0.6655384 0.2077465
vn 0.9046099 -0.40578264 0.13046578
vn 0.8236374 -0.060011923 0.5639326
vn 0.76666296 0.08235127 0.6367466
vn 0.65937454 0.108076155 0.7440059
vn 0.5613587 0.17462492 0.8089392
vn 0.5735177 0.35673213 0.7374411
vn 0.5181054 0.49015558 0.7009381
vn 0.5613587 0.17462492 0.8089392
vn 0.65937454 0.108076155 0.7440059
vn 0.5735177 0.35673213 0.7374411
vn 0.5735177 0.35673213 0.7374411
vn 0.65937454 0.108076155 0.7440059
vn 0.76666296 0.08235127 0.6367466
vn 0.25545567 -0.9578006 -0.13175845
vn 0.39254335 -0.9104508 -0.13034159
vn 0.22877051 -0.9734783 0.001997888
vn 0.22877051 -0.9734783 0.001997888
vn 0.39254335 -0.9104508 -0.13034159
vn 0.3525551 -0.9357626 0.0073040724
vn 0.5022116 -0.85277 0.14341146
vn 0.53155756 -0.8465792 0.027390778
vn 0.71686816 -0.6655384 0.2077465
vn 0.5022116 -0.85277 0.14341146
vn 0.3525551 -0.9357626 0.0073040724
vn 0.53155756 -0.8465792 0.027390778
vn 0.9704741 -0.19047372 0.1479859
vn 0.9848905 -0.02950406 0.1706462
vn 0.9148921 0.006446153 0.40364707
vn 0.9704741 -0.19047372 0.1479859
vn 0.9046099 -0.40578264 0.13046578
vn 0.91684115 -0.39697614 0.042569667
vn 0.9704741 -0.19047372 0.1479859
vn 0.97959006 -0.19369726 0.053708956
vn 0.9848905 -0.02950406 0.1706462
vn 0.9704741 -0.19047372 0.1479859
vn 0.91684115 -0.39697614 0.042569667
vn 0.97959006 -0.19369726 0.053708956
vn 0.39254335 -0.9104508 -0.13034159
vn 0.5849335 -0.8047363 -0.10125333
vn 0.3525551 -0.9357626 0.0073040724
vn 0.3525551 -0.9357626 0.0073040724
vn 0.5849335 -0.8047363 -0.10125333
vn 0.53155756 -0.8465792 0.027390778
vn 0.71686816 -0.6655384 0.2077465
vn 0.7595315 -0.645016 0.08406025
vn 0.9046099 -0.40578264 0.13046578
vn 0.71686816 -0.6655384 0.2077465
vn 0.53155756 -0.8465792 0.027390778
vn 0.7595315 -0.645016 0.08406025
vn 0.9046099 -0.40578264 0.13046578
vn 0.7595315 -0.645016 0.08406025
vn 0.91684115 -0.39697614 0.042569667
vn 0.9848905 -0.02950406 0.1706462
vn 0.97959006 -0.19369726 0.053708956
vn 0.9959793 -0.065165505 0.061472192
vn 0.5849335 -0.8047363 -0.10125333
vn 0.7774004 -0.627191 -0.0477494
vn 0.53155756 -0.8465792 0.027390778
vn 0.7774004 -0.627191 -0.0477494
vn 0.91684115 -0.39697614 0.042569667
vn 0.7595315 -0.645016 0.08406025
vn 0.7774004 -0.627191 -0.0477494
vn 0.7595315 -0.645016 0.08406025
vn 0.53155756 -0.8465792 0.027390778
vn -3.7041676E-09 -0.79240847 0.60999084
vn -0.15531293 -0.79464626 0.586869
vn -1.2086722E-09 -0.9524932 0.3045594
vn -0.15531293 -0.79464626 0.586869
vn -0.13158517 -0.94914454 0.28602433
vn -1.2086722E-09 -0.9524932 0.3045594
vn -0.15531293 -0.79464626 0.586869
vn -0.24983853 -0.7899242 0.5600004
vn -0.13158517 -0.94914454 0.28602433
vn -1.2086722E-09 -0.9524932 0.3045594
vn -0.13158517 -0.94914454 0.28602433
vn -2.3914373E-09 -0.99216133 0.124962926
vn -0.24983853 -0.7899242 0.5600004
vn -0.21937594 -0.93724835 0.27099735
vn -0.13158517 -0.94914454 0.28602433
vn -0.24983853 -0.7899242 0.5600004
vn -0.36244246 -0.7706374 0.52416927
vn -0.21937594 -0.93724835 0.27099735
vn -0.24983853 -0.7899242 0.5600004
vn -0.45119664 -0.48286408 0.7505091
vn -0.36244246 -0.7706374 0.52416927
vn -0.24983853 -0.7899242 0.5600004
vn -0.33345127 -0.49268812 0.803784
vn -0.45119664 -0.48286408 0.7505091
vn -2.3914373E-09 -0.99216133 0.124962926
vn -0.13158517 -0.94914454 0.28602433
vn -0.12742329 -0.9849669 0.11663413
vn -2.3914373E-09 -0.99216133 0.124962926
vn -0.12742329 -0.9849669 0.11663413
vn -1.1945329E-09 -0.9999804 0.006256819
vn -0.13158517 -0.94914454 0.28602433
vn -0.21937594 -0.93724835 0.27099735
vn -0.12742329 -0.9849669 0.11663413
vn -0.36244246 -0.7706374 0.52416927
vn -0.45119664 -0.48286408 0.7505091
vn -0.6126287 -0.5207635 0.59455144
vn -0.36244246 -0.7706374 0.52416927
vn -0.32544953 -0.91199625 0.24969059
vn -0.21937594 -0.93724835 0.27099735
vn -0.36244246 -0.7706374 0.52416927
vn -0.6126287 -0.5207635 0.59455144
vn -0.49907765 -0.7477642 0.43791562
vn -0.36244246 -0.7706374 0.52416927
vn -0.49907765 -0.7477642 0.43791562
vn -0.32544953 -0.91199625 0.24969059
vn -0.33345127 -0.49268812 0.803784
vn -0.5262293 -0.17335767 0.8324842
vn -0.45119664 -0.48286408 0.7505091
vn -0.33345127 -0.49268812 0.803784
vn -0.42472646 -0.1846894 0.8862828
vn -0.5262293 -0.17335767 0.8324842
vn -1.1945329E-09 -0.9999804 0.006256819
vn -0.12742329 -0.9849669 0.11663413
vn -0.120613754 -0.99269474 0.0030694008
vn -1.1945329E-09 -0.9999804 0.006256819
vn -0.120613754 -0.99269474 0.0030694008
vn 1.1963666E-09 -0.9907944 -0.13537514
vn -0.21937594 -0.93724835 0.27099735
vn -0.32544953 -0.91199625 0.24969059
vn -0.22212194 -0.96806127 0.116271734
vn -0.21937594 -0.93724835 0.27099735
vn -0.22212194 -0.96806127 0.116271734
vn -0.12742329 -0.9849669 0.11663413
vn -0.12742329 -0.9849669 0.11663413
vn -0.22212194 -0.96806127 0.116271734
vn -0.120613754 -0.99269474 0.0030694008
vn -0.6126287 -0.5207635 0.59455144
vn -0.69557804 -0.6235295 0.3569063
vn -0.49907765 -0.7477642 0.43791562
vn -0.6126287 -0.5207635 0.59455144
vn -0.45119664 -0.48286408 0.7505091
vn -0.6684597 -0.23205352 0.70662063
vn -0.6126287 -0.5207635 0.59455144
vn -0.7982205 -0.36989 0.47542134
vn -0.69557804 -0.6235295 0.3569063
vn -0.6126287 -0.5207635 0.59455144
vn -0.6684597 -0.23205352 0.70662063
vn -0.7982205 -0.36989 0.47542134
vn -0.45119664 -0.48286408 0.7505091
vn -0.5262293 -0.17335767 0.8324842
vn -0.6684597 -0.23205352 0.70662063
vn -0.42472646 -0.1846894 0.8862828
vn -0.5613587 0.1746248 0.8089391
vn -0.5262293 -0.17335767 0.8324842
vn -0.42472646 -0.1846894 0.8862828
vn -0.48529908 0.16394877 0.85883963
vn -0.5613587 0.1746248 0.8089391
vn 1.1963666E-09 -0.9907944 -0.13537514
vn -0.120613754 -0.99269474 0.0030694008
vn -0.12144075 -0.9831947 -0.13630861
vn -0.32544953 -0.91199625 0.24969059
vn -0.33600578 -0.9343227 0.11891699
vn -0.22212194 -0.96806127 0.116271734
vn -0.32544953 -0.91199625 0.24969059
vn -0.49907765 -0.7477642 0.43791562
vn -0.5041771 -0.8248031 0.25593984
vn -0.32544953 -0.91199625 0.24969059
vn -0.5041771 -0.8248031 0.25593984
vn -0.33600578 -0.9343227 0.11891699
vn -0.49907765 -0.7477642 0.43791562
vn -0.69557804 -0.6235295 0.3569063
vn -0.5041771 -0.8248031 0.25593984
vn -0.7982205 -0.36989 0.47542134
vn -0.6684597 -0.23205352 0.70662063
vn -0.8236374 -0.060011983 0.5639326
vn -0.7982205 -0.36989 0.47542134
vn -0.86319256 -0.43237543 0.26067245
vn -0.69557804 -0.6235295 0.3569063
vn -0.7982205 -0.36989 0.47542134
vn -0.8236374 -0.060011983 0.5639326
vn -0.9230144 -0.17856391 0.34082142
vn -0.7982205 -0.36989 0.47542134
vn -0.9230144 -0.17856391 0.34082142
vn -0.86319256 -0.43237543 0.26067245
vn -0.5262293 -0.17335767 0.8324842
vn -0.5613587 0.1746248 0.8089391
vn -0.65937454 0.108076096 0.7440059
vn -0.5262293 -0.17335767 0.8324842
vn -0.65937454 0.108076096 0.7440059
vn -0.6684597 -0.23205352 0.70662063
vn -0.6684597 -0.23205352 0.70662063
vn -0.65937454 0.108076096 0.7440059
vn -0.8236374 -0.060011983 0.5639326
vn -0.48529908 0.16394877 0.85883963
vn -0.5181054 0.49015558 0.7009381
vn -0.5613587 0.1746248 0.8089391
vn -0.48529908 0.16394877 0.85883963
vn -0.48316154 0.4790178 0.73286897
vn -0.5181054 0.49015558 0.7009381
vn -0.120613754 -0.99269474 0.0030694008
vn -0.22877052 -0.9734783 0.001997888
vn -0.12144075 -0.9831947 -0.13630861
vn -0.120613754 -0.99269474 0.0030694008
vn -0.22212194 -0.96806127 0.116271734
vn -0.22877052 -0.9734783 0.001997888
vn -0.22212194 -0.96806127 0.116271734
vn -0.33600578 -0.9343227 0.11891699
vn -0.22877052 -0.9734783 0.001997888
vn -0.5041771 -0.8248031 0.25593984
vn -0.69557804 -0.6235295 0.3569063
vn -0.7168681 -0.6655385 0.2077465
vn -0.5041771 -0.8248031 0.25593984
vn -0.5022116 -0.85277 0.14341146
vn -0.33600578 -0.9343227 0.11891699
vn -0.5041771 -0.8248031 0.25593984
vn -0.7168681 -0.6655385 0.2077465
vn -0.5022116 -0.85277 0.14341146
vn -0.69557804 -0.6235295 0.3569063
vn -0.86319256 -0.43237543 0.26067245
vn -0.7168681 -0.6655385 0.2077465
vn -0.9230144 -0.17856391 0.34082142
vn -0.8236374 -0.060011983 0.5639326
vn -0.76666296 0.08235121 0.6367466
vn -0.9230144 -0.17856391 0.34082142
vn -0.90460986 -0.40578264 0.13046578
vn -0.86319256 -0.43237543 0.26067245
vn -0.9230144 -0.17856391 0.34082142
vn -0.76666296 0.08235121 0.6367466
vn -0.9148921 0.006446153 0.40364707
vn -0.9230144 -0.17856391 0.34082142
vn -0.97047406 -0.19047366 0.14798588
vn -0.90460986 -0.40578264 0.13046578
vn -0.9230144 -0.17856391 0.34082142
vn -0.9148921 0.006446153 0.40364707
vn -0.97047406 -0.19047366 0.14798588
vn -0.86319256 -0.43237543 0.26067245
vn -0.90460986 -0.40578264 0.13046578
vn -0.7168681 -0.6655385 0.2077465
vn -0.8236374 -0.060011983 0.5639326
vn -0.65937454 0.108076096 0.7440059
vn -0.76666296 0.08235121 0.6367466
vn -0.5613587 0.1746248 0.8089391
vn -0.5181054 0.49015558 0.7009381
vn -0.5735177 0.35673225 0.7374413
vn -0.5613587 0.1746248 0.8089391
vn -0.5735177 0.35673225 0.7374413
vn -0.65937454 0.108076096 0.7440059
vn -0.65937454 0.108076096 0.7440059
vn -0.5735177 0.35673225 0.7374413
vn -0.76666296 0.08235121 0.6367466
vn -0.12144075 -0.9831947 -0.13630861
vn -0.22877052 -0.9734783 0.001997888
vn -0.2554557 -0.9578006 -0.13175845
vn -0.33600578 -0.9343227 0.11891699
vn -0.5022116 -0.85277 0.14341146
vn -0.3525551 -0.9357626 0.0073040724
vn -0.33600578 -0.9343227 0.11891699
vn -0.3525551 -0.9357626 0.0073040724
vn -0.22877052 -0.9734783 0.001997888
vn -0.9148921 0.006446153 0.40364707
vn -0.9848905 -0.02950406 0.1706462
vn -0.97047406 -0.19047366 0.14798588
vn -0.90460986 -0.40578264 0.13046578
vn -0.7595315 -0.645016 0.08406025
vn -0.7168681 -0.6655385 0.2077465
vn -0.90460986 -0.40578264 0.13046578
vn -0.97047406 -0.19047366 0.14798588
vn -0.9168411 -0.39697614 0.042569697
vn -0.90460986 -0.40578264 0.13046578
vn -0.9168411 -0.39697614 0.042569697
vn -0.7595315 -0.645016 0.08406025
vn -0.2554557 -0.9578006 -0.13175845
vn -0.22877052 -0.9734783 0.001997888
vn -0.39254338 -0.9104508 -0.13034159
vn -0.22877052 -0.9734783 0.001997888
vn -0.3525551 -0.9357626 0.0073040724
vn -0.39254338 -0.9104508 -0.13034159
vn -0.5022116 -0.85277 0.14341146
vn -0.7168681 -0.6655385 0.2077465
vn -0.5315575 -0.8465792 0.027390778
vn -0.5022116 -0.85277 0.14341146
vn -0.5315575 -0.8465792 0.027390778
vn -0.3525551 -0.9357626 0.0073040724
vn -0.7168681 -0.6655385 0.2077465
vn -0.7595315 -0.645016 0.08406025
vn -0.5315575 -0.8465792 0.027390778
vn -0.9848905 -0.02950406 0.1706462
vn -0.97959006 -0.19369726 0.053708956
vn -0.97047406 -0.19047366 0.14798588
vn -0.9848905 -0.02950406 0.1706462
vn -0.9959793 -0.06516551 0.061472185
vn -0.97959006 -0.19369726 0.053708956
vn -0.97959006 -0.19369726 0.053708956
vn -0.9168411 -0.39697614 0.042569697
vn -0.97047406 -0.19047366 0.14798588
vn -0.39254338 -0.9104508 -0.13034159
vn -0.3525551 -0.9357626 0.0073040724
vn -0.58493346 -0.8047363 -0.10125333
vn -0.3525551 -0.9357626 0.0073040724
vn -0.5315575 -0.8465792 0.027390778
vn -0.58493346 -0.8047363 -0.10125333
vn -0.7595315 -0.645016 0.08406025
vn -0.9168411 -0.39697614 0.042569697
vn -0.7774003 -0.627191 -0.0477494
vn -0.7595315 -0.645016 0.08406025
vn -0.7774003 -0.627191 -0.0477494
vn -0.5315575 -0.8465792 0.027390778
vn -0.5315575 -0.8465792 0.027390778
vn -0.7774003 -0.627191 -0.0477494
vn -0.58493346 -0.8047363 -0.10125333
vn -0.59311867 0.12899333 -0.79471433
vn 0.28564817 -0.15191537 -0.94621706
vn -0.1772844 0.7714665 -0.6110725
vn 0.28564817 -0.15191537 -0.94621706
vn 0.6504351 0.42338952 -0.63061523
vn -0.1772844 0.7714665 -0.6110725
vn 0.28564817 -0.15191537 -0.94621706
vn 0.55977297 0.4674494 -0.6842115
vn 0.6504351 0.42338952 -0.63061523
vn 0.28564817 -0.15191537 -0.94621706
vn 0.19622011 -0.12499368 -0.9725606
vn 0.55977297 0.4674494 -0.6842115
vn 0.28564817 -0.15191537 -0.94621706
vn -0.12139204 -0.64065605 -0.7581712
vn 0.19622011 -0.12499368 -0.9725606
vn 0.28564817 -0.15191537 -0.94621706
vn -0.08662353 -0.6809842 -0.7271567
vn -0.12139204 -0.64065605 -0.7581712
vn 0.28564817 -0.15191537 -0.94621706
vn -0.59311867 0.12899333 -0.79471433
vn -0.08662353 -0.6809842 -0.7271567
vn 0.6504351 0.42338952 -0.63061523
vn 0.55977297 0.4674494 -0.6842115
vn 0.5788001 0.60412997 0.5477384
vn 0.6504351 0.42338952 -0.63061523
vn 0.5788001 0.60412997 0.5477384
vn 0.6797799 0.4877295 0.5477402
vn 0.19622011 -0.12499368 -0.9725606
vn -0.12139204 -0.64065605 -0.7581712
vn -0.15672006 -0.6079894 -0.77832365
vn 0.19622011 -0.12499368 -0.9725606
vn 0.5234426 0.47412878 -0.70796174
vn 0.55977297 0.4674494 -0.6842115
vn 0.19622011 -0.12499368 -0.9725606
vn -0.15672006 -0.6079894 -0.77832365
vn 0.16788846 -0.09884101 -0.9808383
vn 0.19622011 -0.12499368 -0.9725606
vn 0.16788846 -0.09884101 -0.9808383
vn 0.5234426 0.47412878 -0.70796174
vn -0.59311867 0.12899333 -0.79471433
vn -0.8220425 -0.37873435 -0.42521346
vn -0.08662353 -0.6809842 -0.7271567
vn 0.6797799 0.4877295 0.5477402
vn -0.5730278 0.7855547 0.23354453
vn -0.1772844 0.7714665 -0.6110725
vn 0.6797799 0.4877295 0.5477402
vn -0.1772844 0.7714665 -0.6110725
vn 0.6504351 0.42338952 -0.63061523
vn -0.12139204 -0.64065605 -0.7581712
vn -0.44874927 -0.8004469 0.39737725
vn -0.15672006 -0.6079894 -0.77832365
vn -0.12139204 -0.64065605 -0.7581712
vn -0.08662353 -0.6809842 -0.7271567
vn -0.337391 -0.8328034 0.43886852
vn -0.12139204 -0.64065605 -0.7581712
vn -0.337391 -0.8328034 0.43886852
vn -0.44874927 -0.8004469 0.39737725
vn 0.55977297 0.4674494 -0.6842115
vn 0.5234426 0.47412878 -0.70796174
vn 0.51948667 0.67597795 0.52267337
vn 0.55977297 0.4674494 -0.6842115
vn 0.51948667 0.67597795 0.52267337
vn 0.5788001 0.60412997 0.5477384
vn 0.16788846 -0.09884101 -0.9808383
vn -0.15672006 -0.6079894 -0.77832365
vn -0.21700206 -0.5597738 -0.7997271
vn 0.16788846 -0.09884101 -0.9808383
vn 0.46848994 0.4911521 -0.7343616
vn 0.5234426 0.47412878 -0.70796174
vn 0.16788846 -0.09884101 -0.9808383
vn -0.21700206 -0.5597738 -0.7997271
vn 0.113727346 -0.05979407 -0.99171096
vn 0.16788846 -0.09884101 -0.9808383
vn 0.113727346 -0.05979407 -0.99171096
vn 0.46848994 0.4911521 -0.7343616
vn -0.08662353 -0.6809842 -0.7271567
vn -0.29481342 -0.8266766 0.4792608
vn -0.337391 -0.8328034 0.43886852
vn -0.08662353 -0.6809842 -0.7271567
vn -0.8220425 -0.37873435 -0.42521346
vn -0.29481342 -0.8266766 0.4792608
vn -0.44874927 -0.8004469 0.39737725
vn -0.5820547 -0.7310825 0.35599256
vn -0.15672006 -0.6079894 -0.77832365
vn -0.15672006 -0.6079894 -0.77832365
vn -0.5820547 -0.7310825 0.35599256
vn -0.21700206 -0.5597738 -0.7997271
vn 0.51948667 0.67597795 0.52267337
vn 0.5234426 0.47412878 -0.70796174
vn 0.43723562 0.77532846 0.45573094
vn 0.5234426 0.47412878 -0.70796174
vn 0.46848994 0.4911521 -0.7343616
vn 0.43723562 0.77532846 0.45573094
vn 0.113727346 -0.05979407 -0.99171096
vn -0.21700206 -0.5597738 -0.7997271
vn -0.27726853 -0.511598 -0.8132585
vn 0.113727346 -0.05979407 -0.99171096
vn 0.097110346 -0.041926265 -0.99439013
vn 0.46848994 0.4911521 -0.7343616
vn 0.113727346 -0.05979407 -0.99171096
vn -0.27726853 -0.511598 -0.8132585
vn 0.097110346 -0.041926265 -0.99439013
vn -0.8220425 -0.37873435 -0.42521346
vn -0.95369226 -0.2086154 0.21668112
vn -0.29481342 -0.8266766 0.4792608
vn -0.5820547 -0.7310825 0.35599256
vn -0.7103117 -0.60944635 0.3521821
vn -0.21700206 -0.5597738 -0.7997271
vn -0.21700206 -0.5597738 -0.7997271
vn -0.7103117 -0.60944635 0.3521821
vn -0.27726853 -0.511598 -0.8132585
vn 0.43723562 0.77532846 0.45573094
vn 0.46848994 0.4911521 -0.7343616
vn 0.32531527 0.8239039 0.46406087
vn 0.097110346 -0.041926265 -0.99439013
vn -0.27726853 -0.511598 -0.8132585
vn -0.31206474 -0.46841282 -0.82656205
vn 0.097110346 -0.041926265 -0.99439013
vn 0.43812424 0.4958518 -0.7497854
vn 0.46848994 0.4911521 -0.7343616
vn 0.097110346 -0.041926265 -0.99439013
vn -0.31206474 -0.46841282 -0.82656205
vn 0.087667994 -0.045603573 -0.99510527
vn 0.097110346 -0.041926265 -0.99439013
vn 0.087667994 -0.045603573 -0.99510527
vn 0.43812424 0.4958518 -0.7497854
vn 0.46848994 0.4911521 -0.7343616
vn 0.43812424 0.4958518 -0.7497854
vn 0.32531527 0.8239039 0.46406087
vn -0.7103117 -0.60944635 0.3521821
vn -0.7708373 -0.5415325 0.33548826
vn -0.27726853 -0.511598 -0.8132585
vn -0.27726853 -0.511598 -0.8132585
vn -0.7708373 -0.5415325 0.33548826
vn -0.31206474 -0.46841282 -0.82656205
vn 0.087667994 -0.045603573 -0.99510527
vn 0.4186981 0.49706757 -0.76001036
vn 0.43812424 0.4958518 -0.7497854
vn 0.087667994 -0.045603573 -0.99510527
vn -0.31206474 -0.46841282 -0.82656205
vn -0.29846853 -0.455019 -0.83897203
vn 0.087667994 -0.045603573 -0.99510527
vn 0.084914856 -0.066218555 -0.9941854
vn 0.4186981 0.49706757 -0.76001036
vn 0.087667994 -0.045603573 -0.99510527
vn -0.29846853 -0.455019 -0.83897203
vn 0.084914856 -0.066218555 -0.9941854
vn 0.32531527 0.8239039 0.46406087
vn 0.43812424 0.4958518 -0.7497854
vn 0.24251749 0.87173414 0.42575204
vn 0.43812424 0.4958518 -0.7497854
vn 0.4186981 0.49706757 -0.76001036
vn 0.24251749 0.87173414 0.42575204
vn -0.7708373 -0.5415325 0.33548826
vn -0.8159649 -0.4765144 0.32731512
vn -0.31206474 -0.46841282 -0.82656205
vn -0.31206474 -0.46841282 -0.82656205
vn -0.8159649 -0.4765144 0.32731512
vn -0.29846853 -0.455019 -0.83897203
vn 0.084914856 -0.066218555 -0.9941854
vn 0.4104474 0.5062872 -0.7584234
vn 0.4186981 0.49706757 -0.76001036
vn 0.084914856 -0.066218555 -0.9941854
vn -0.29846853 -0.455019 -0.83897203
vn -0.25442052 -0.45098585 -0.8555008
vn 0.084914856 -0.066218555 -0.9941854
vn 0.087971486 -0.06592125 -0.99393934
vn 0.4104474 0.5062872 -0.7584234
vn 0.084914856 -0.066218555 -0.9941854
vn -0.25442052 -0.45098585 -0.8555008
vn 0.087971486 -0.06592125 -0.99393934
vn 0.24251749 0.87173414 0.42575204
vn 0.4186981 0.49706757 -0.76001036
vn 0.17303173 0.8912903 0.41912016
vn 0.4186981 0.49706757 -0.76001036
vn 0.4104474 0.5062872 -0.7584234
vn 0.17303173 0.8912903 0.41912016
vn -0.8159649 -0.4765144 0.32731512
vn -0.833489 -0.50582623 0.22234213
vn -0.29846853 -0.455019 -0.83897203
vn -0.29846853 -0.455019 -0.83897203
vn -0.833489 -0.50582623 0.22234213
vn -0.25442052 -0.45098585 -0.8555008
vn 0.087971486 -0.06592125 -0.99393934
vn 0.39041427 0.50839186 -0.76753795
vn 0.4104474 0.5062872 -0.7584234
vn 0.087971486 -0.06592125 -0.99393934
vn -0.25442052 -0.45098585 -0.8555008
vn -0.20287994 -0.41546047 -0.8866974
vn 0.087971486 -0.06592125 -0.99393934
vn 0.12429838 -0.015448749 -0.99212456
vn 0.39041427 0.50839186 -0.76753795
vn 0.087971486 -0.06592125 -0.99393934
vn -0.20287994 -0.41546047 -0.8866974
vn 0.12429838 -0.015448749 -0.99212456
vn 0.17303173 0.8912903 0.41912016
vn 0.4104474 0.5062872 -0.7584234
vn 0.100515865 0.906193 0.41074443
vn 0.4104474 0.5062872 -0.7584234
vn 0.39041427 0.50839186 -0.76753795
vn 0.100515865 0.906193 0.41074443
vn -0.833489 -0.50582623 0.22234213
vn -0.8460463 -0.5266679 0.08262354
vn -0.25442052 -0.45098585 -0.8555008
vn -0.25442052 -0.45098585 -0.8555008
vn -0.8460463 -0.5266679 0.08262354
vn -0.20287994 -0.41546047 -0.8866974
vn 0.12429838 -0.015448749 -0.99212456
vn 0.3860893 0.50250745 -0.773577
vn 0.39041427 0.50839186 -0.76753795
vn 0.12429838 -0.015448749 -0.99212456
vn -0.20287994 -0.41546047 -0.8866974
vn -0.31132567 -0.43364894 -0.8455914
vn 0.12429838 -0.015448749 -0.99212456
vn 0.114386745 0.12520057 -0.9855153
vn 0.3860893 0.50250745 -0.773577
vn 0.12429838 -0.015448749 -0.99212456
vn -0.31132567 -0.43364894 -0.8455914
vn 0.114386745 0.12520057 -0.9855153
vn 0.100515865 0.906193 0.41074443
vn 0.39041427 0.50839186 -0.76753795
vn 0.05735353 0.9408086 0.33405042
vn 0.39041427 0.50839186 -0.76753795
vn 0.3860893 0.50250745 -0.773577
vn 0.05735353 0.9408086 0.33405042
vn -0.8460463 -0.5266679 0.08262354
vn -0.89100754 -0.43011302 0.14528733
vn -0.20287994 -0.41546047 -0.8866974
vn -0.20287994 -0.41546047 -0.8866974
vn -0.89100754 -0.43011302 0.14528733
vn -0.31132567 -0.43364894 -0.8455914
vn 0.114386745 0.12520057 -0.9855153
vn 0.38720784 0.61332697 -0.68840414
vn 0.3860893 0.50250745 -0.773577
vn 0.114386745 0.12520057 -0.9855153
vn -0.31132567 -0.43364894 -0.8455914
vn -0.76853126 0.5747883 -0.28103042
vn 0.114386745 0.12520057 -0.9855153
vn -0.76853126 0.5747883 -0.28103042
vn 0.38720784 0.61332697 -0.68840414
vn -0.31132567 -0.43364894 -0.8455914
vn -0.89100754 -0.43011302 0.14528733
vn -0.76853126 0.5747883 -0.28103042
vn 0.3860893 0.50250745 -0.773577
vn 0.38720784 0.61332697 -0.68840414
vn 0.05735353 0.9408086 0.33405042
vn -0.76853126 0.5747883 -0.28103042
vn -0.020800482 0.95780885 0.2866524
vn 0.38720784 0.61332697 -0.68840414
vn 0.38720784 0.61332697 -0.68840414
vn -0.020800482 0.95780885 0.2866524
vn 0.05735353 0.9408086 0.33405042
vn 0.6797799 0.4877295 0.5477402
vn 0.5788001 0.60412997 0.5477384
vn -0.2952401 -0.26984233 0.91652524
vn 0.5788001 0.60412997 0.5477384
vn -0.30142123 -0.20125574 0.93200934
vn -0.2952401 -0.26984233 0.91652524
vn 0.5788001 0.60412997 0.5477384
vn 0.51948667 0.67597795 0.52267337
vn -0.30142123 -0.20125574 0.93200934
vn -0.2952401 -0.26984233 0.91652524
vn -0.30142123 -0.20125574 0.93200934
vn -0.41509938 -0.3209532 0.85128236
vn -0.2952401 -0.26984233 0.91652524
vn -0.41509938 -0.3209532 0.85128236
vn -0.39324754 -0.36817938 0.8424965
vn -0.2952401 -0.26984233 0.91652524
vn -0.39324754 -0.36817938 0.8424965
vn -0.7938266 -0.048345625 0.60621953
vn -0.2952401 -0.26984233 0.91652524
vn -0.7938266 -0.048345625 0.60621953
vn -0.77137715 0.45327067 0.4466798
vn 0.51948667 0.67597795 0.52267337
vn -0.30504918 -0.17843282 0.9354714
vn -0.30142123 -0.20125574 0.93200934
vn 0.51948667 0.67597795 0.52267337
vn -0.2908234 -0.12663293 0.9483595
vn -0.30504918 -0.17843282 0.9354714
vn 0.51948667 0.67597795 0.52267337
vn 0.43723562 0.77532846 0.45573094
vn -0.2908234 -0.12663293 0.9483595
vn -0.41509938 -0.3209532 0.85128236
vn -0.16478263 0.056887686 0.9846879
vn -0.39324754 -0.36817938 0.8424965
vn -0.41509938 -0.3209532 0.85128236
vn -0.30142123 -0.20125574 0.93200934
vn -0.4077532 -0.3094191 0.85906756
vn -0.41509938 -0.3209532 0.85128236
vn -0.17950916 0.051569164 0.98240364
vn -0.16478263 0.056887686 0.9846879
vn -0.41509938 -0.3209532 0.85128236
vn -0.4077532 -0.3094191 0.85906756
vn -0.17950916 0.051569164 0.98240364
vn -0.30142123 -0.20125574 0.93200934
vn -0.30504918 -0.17843282 0.9354714
vn -0.4077532 -0.3094191 0.85906756
vn -0.7938266 -0.048345625 0.60621953
vn -0.85184926 0.2930014 -0.4341693
vn -0.77137715 0.45327067 0.4466798
vn -0.7938266 -0.048345625 0.60621953
vn -0.39324754 -0.36817938 0.8424965
vn -0.13295424 0.06803322 0.98878443
vn -0.7938266 -0.048345625 0.60621953
vn -0.655714 0.25101882 0.71205944
vn -0.85184926 0.2930014 -0.4341693
vn -0.7938266 -0.048345625 0.60621953
vn -0.13295424 0.06803322 0.98878443
vn -0.655714 0.25101882 0.71205944
vn -0.39324754 -0.36817938 0.8424965
vn -0.16478263 0.056887686 0.9846879
vn -0.13295424 0.06803322 0.98878443
vn 0.43723562 0.77532846 0.45573094
vn -0.30807477 -0.1351341 0.9417158
vn -0.2908234 -0.12663293 0.9483595
vn 0.43723562 0.77532846 0.45573094
vn 0.32531527 0.8239039 0.46406087
vn -0.30807477 -0.1351341 0.9417158
vn -0.17950916 0.051569164 0.98240364
vn -0.4077532 -0.3094191 0.85906756
vn -0.1856928 0.05630386 0.98099333
vn -0.17950916 0.051569164 0.98240364
vn 0.002481318 0.3376075 0.9412837
vn -0.16478263 0.056887686 0.9846879
vn -0.17950916 0.051569164 0.98240364
vn -0.1856928 0.05630386 0.98099333
vn -0.007448115 0.30085182 0.9536417
vn -0.17950916 0.051569164 0.98240364
vn -0.007448115 0.30085182 0.9536417
vn 0.002481318 0.3376075 0.9412837
vn -0.30504918 -0.17843282 0.9354714
vn -0.2908234 -0.12663293 0.9483595
vn -0.3963932 -0.3041184 0.8662473
vn -0.30504918 -0.17843282 0.9354714
vn -0.3963932 -0.3041184 0.8662473
vn -0.4077532 -0.3094191 0.85906756
vn -0.4077532 -0.3094191 0.85906756
vn -0.3963932 -0.3041184 0.8662473
vn -0.1856928 0.05630386 0.98099333
vn -0.2908234 -0.12663293 0.9483595
vn -0.30807477 -0.1351341 0.9417158
vn -0.3963932 -0.3041184 0.8662473
vn -0.77137715 0.45327067 0.4466798
vn -0.5730278 0.7855547 0.23354453
vn -0.2952401 -0.26984233 0.91652524
vn -0.85184926 0.2930014 -0.4341693
vn -0.655714 0.25101882 0.71205944
vn -0.9640635 0.25245196 0.08276197
vn -0.13295424 0.06803322 0.98878443
vn -0.16478263 0.056887686 0.9846879
vn 0.01788586 0.39222252 0.91969645
vn -0.13295424 0.06803322 0.98878443
vn 0.056264613 0.4278159 0.90211296
vn -0.655714 0.25101882 0.71205944
vn -0.13295424 0.06803322 0.98878443
vn 0.01788586 0.39222252 0.91969645
vn 0.056264613 0.4278159 0.90211296
vn -0.16478263 0.056887686 0.9846879
vn 0.002481318 0.3376075 0.9412837
vn 0.01788586 0.39222252 0.91969645
vn 0.32531527 0.8239039 0.46406087
vn -0.3433279 -0.1344176 0.92954713
vn -0.30807477 -0.1351341 0.9417158
vn 0.32531527 0.8239039 0.46406087
vn 0.24251749 0.87173414 0.42575204
vn -0.3433279 -0.1344176 0.92954713
vn -0.007448115 0.30085182 0.9536417
vn -0.1856928 0.05630386 0.98099333
vn -0.007680575 0.28511 0.95846397
vn -0.007448115 0.30085182 0.9536417
vn -0.09210669 0.20712638 0.97396857
vn 0.002481318 0.3376075 0.9412837
vn -0.007448115 0.30085182 0.9536417
vn -0.007680575 0.28511 0.95846397
vn -0.10084588 0.20645976 0.9732443
vn -0.007448115 0.30085182 0.9536417
vn -0.10084588 0.20645976 0.9732443
vn -0.09210669 0.20712638 0.97396857
vn -0.3963932 -0.3041184 0.8662473
vn -0.30807477 -0.1351341 0.9417158
vn -0.39135298 -0.31416404 0.86495304
vn -0.3963932 -0.3041184 0.8662473
vn -0.18869649 0.046696246 0.9809245
vn -0.1856928 0.05630386 0.98099333
vn -0.3963932 -0.3041184 0.8662473
vn -0.39135298 -0.31416404 0.86495304
vn -0.18869649 0.046696246 0.9809245
vn -0.1856928 0.05630386 0.98099333
vn -0.18869649 0.046696246 0.9809245
vn -0.007680575 0.28511 0.95846397
vn -0.30807477 -0.1351341 0.9417158
vn -0.3433279 -0.1344176 0.92954713
vn -0.39135298 -0.31416404 0.86495304
vn -0.5730278 0.7855547 0.23354453
vn 0.6797799 0.4877295 0.5477402
vn -0.2952401 -0.26984233 0.91652524
vn -0.9640635 0.25245196 0.08276197
vn -0.655714 0.25101882 0.71205944
vn -0.92850035 0.19564196 -0.3156125
vn 0.056264613 0.4278159 0.90211296
vn 0.01788586 0.39222252 0.91969645
vn -0.044271443 0.2705149 0.96169734
vn 0.056264613 0.4278159 0.90211296
vn -0.4055487 0.6769209 0.6142543
vn -0.655714 0.25101882 0.71205944
vn 0.056264613 0.4278159 0.90211296
vn -0.044271443 0.2705149 0.96169734
vn 0.0015999889 0.3508379 0.93643475
vn 0.056264613 0.4278159 0.90211296
vn 0.0015999889 0.3508379 0.93643475
vn -0.4055487 0.6769209 0.6142543
vn -0.655714 0.25101882 0.71205944
vn -0.4055487 0.6769209 0.6142543
vn -0.92850035 0.19564196 -0.3156125
vn 0.24251749 0.87173414 0.42575204
vn -0.3604754 -0.12534493 0.9243084
vn -0.3433279 -0.1344176 0.92954713
vn 0.24251749 0.87173414 0.42575204
vn 0.17303173 0.8912903 0.41912016
vn -0.3604754 -0.12534493 0.9243084
vn 0.002481318 0.3376075 0.9412837
vn -0.09210669 0.20712638 0.97396857
vn -0.076020546 0.23379707 0.969309
vn 0.002481318 0.3376075 0.9412837
vn -0.076020546 0.23379707 0.969309
vn 0.01788586 0.39222252 0.91969645
vn 0.01788586 0.39222252 0.91969645
vn -0.076020546 0.23379707 0.969309
vn -0.044271443 0.2705149 0.96169734
vn -0.10084588 0.20645976 0.9732443
vn -0.007680575 0.28511 0.95846397
vn -0.112563066 0.19463104 0.97439635
vn -0.10084588 0.20645976 0.9732443
vn -0.7103117 -0.60944635 0.3521821
vn -0.09210669 0.20712638 0.97396857
vn -0.10084588 0.20645976 0.9732443
vn -0.112563066 0.19463104 0.97439635
vn -0.7708373 -0.5415325 0.33548826
vn -0.10084588 0.20645976 0.9732443
vn -0.7708373 -0.5415325 0.33548826
vn -0.7103117 -0.60944635 0.3521821
vn -0.18869649 0.046696246 0.9809245
vn -0.39135298 -0.31416404 0.86495304
vn -0.19094506 0.07125616 0.97901094
vn -0.18869649 0.046696246 0.9809245
vn -0.001028396 0.29200077 0.95641744
vn -0.007680575 0.28511 0.95846397
vn -0.18869649 0.046696246 0.9809245
vn -0.19094506 0.07125616 0.97901094
vn -0.001028396 0.29200077 0.95641744
vn -0.007680575 0.28511 0.95846397
vn -0.001028396 0.29200077 0.95641744
vn -0.112563066 0.19463104 0.97439635
vn 0.0015999889 0.3508379 0.93643475
vn -0.87595105 0.11526504 0.46842676
vn -0.4055487 0.6769209 0.6142543
vn 0.0015999889 0.3508379 0.93643475
vn -0.044271443 0.2705149 0.96169734
vn -0.29481342 -0.8266766 0.4792608
vn 0.0015999889 0.3508379 0.93643475
vn -0.29481342 -0.8266766 0.4792608
vn -0.87595105 0.11526504 0.46842676
vn -0.4055487 0.6769209 0.6142543
vn -0.87595105 0.11526504 0.46842676
vn -0.92850035 0.19564196 -0.3156125
vn -0.3433279 -0.1344176 0.92954713
vn -0.3604754 -0.12534493 0.9243084
vn -0.4153685 -0.32718986 0.8487731
vn -0.3433279 -0.1344176 0.92954713
vn -0.4153685 -0.32718986 0.8487731
vn -0.39135298 -0.31416404 0.86495304
vn -0.39135298 -0.31416404 0.86495304
vn -0.4153685 -0.32718986 0.8487731
vn -0.19094506 0.07125616 0.97901094
vn 0.17303173 0.8912903 0.41912016
vn -0.37971133 -0.08510882 0.9211817
vn -0.3604754 -0.12534493 0.9243084
vn 0.17303173 0.8912903 0.41912016
vn 0.100515865 0.906193 0.41074443
vn -0.37971133 -0.08510882 0.9211817
vn -0.076020546 0.23379707 0.969309
vn -0.09210669 0.20712638 0.97396857
vn -0.44874927 -0.8004469 0.39737725
vn -0.076020546 0.23379707 0.969309
vn -0.337391 -0.8328034 0.43886852
vn -0.044271443 0.2705149 0.96169734
vn -0.076020546 0.23379707 0.969309
vn -0.44874927 -0.8004469 0.39737725
vn -0.337391 -0.8328034 0.43886852
vn -0.337391 -0.8328034 0.43886852
vn -0.29481342 -0.8266766 0.4792608
vn -0.044271443 0.2705149 0.96169734
vn -0.7708373 -0.5415325 0.33548826
vn -0.112563066 0.19463104 0.97439635
vn -0.8159649 -0.4765144 0.32731512
vn -0.7103117 -0.60944635 0.3521821
vn -0.5820547 -0.7310825 0.35599256
vn -0.09210669 0.20712638 0.97396857
vn -0.09210669 0.20712638 0.97396857
vn -0.5820547 -0.7310825 0.35599256
vn -0.44874927 -0.8004469 0.39737725
vn -0.001028396 0.29200077 0.95641744
vn -0.19094506 0.07125616 0.97901094
vn 0.00965446 0.32495332 0.9456807
vn -0.001028396 0.29200077 0.95641744
vn -0.13363284 0.21505916 0.967415
vn -0.112563066 0.19463104 0.97439635
vn -0.001028396 0.29200077 0.95641744
vn 0.00965446 0.32495332 0.9456807
vn -0.13363284 0.21505916 0.967415
vn -0.112563066 0.19463104 0.97439635
vn -0.13363284 0.21505916 0.967415
vn -0.8159649 -0.4765144 0.32731512
vn -0.87595105 0.11526504 0.46842676
vn -0.29481342 -0.8266766 0.4792608
vn -0.95369226 -0.2086154 0.21668112
vn -0.4153685 -0.32718986 0.8487731
vn -0.3604754 -0.12534493 0.9243084
vn -0.41621497 -0.37066624 0.83028406
vn -0.4153685 -0.32718986 0.8487731
vn -0.2070904 0.069779456 0.97583
vn -0.19094506 0.07125616 0.97901094
vn -0.4153685 -0.32718986 0.8487731
vn -0.41621497 -0.37066624 0.83028406
vn -0.2070904 0.069779456 0.97583
vn -0.19094506 0.07125616 0.97901094
vn -0.2070904 0.069779456 0.97583
vn 0.00965446 0.32495332 0.9456807
vn 0.100515865 0.906193 0.41074443
vn -0.37761292 0.06987351 0.9233234
vn -0.37971133 -0.08510882 0.9211817
vn 0.100515865 0.906193 0.41074443
vn 0.05735353 0.9408086 0.33405042
vn -0.37761292 0.06987351 0.9233234
vn -0.13363284 0.21505916 0.967415
vn -0.833489 -0.50582623 0.22234213
vn -0.8159649 -0.4765144 0.32731512
vn -0.13363284 0.21505916 0.967415
vn 0.00965446 0.32495332 0.9456807
vn -0.0685882 0.15760493 0.98511744
vn -0.13363284 0.21505916 0.967415
vn -0.21405774 0.1612457 0.96342045
vn -0.833489 -0.50582623 0.22234213
vn -0.13363284 0.21505916 0.967415
vn -0.0685882 0.15760493 0.98511744
vn -0.21405774 0.1612457 0.96342045
vn -0.3604754 -0.12534493 0.9243084
vn -0.31130257 -0.25644165 0.91505647
vn -0.41621497 -0.37066624 0.83028406
vn -0.3604754 -0.12534493 0.9243084
vn -0.37971133 -0.08510882 0.9211817
vn -0.31130257 -0.25644165 0.91505647
vn -0.2070904 0.069779456 0.97583
vn -0.14849058 -0.010493994 0.9888581
vn 0.00965446 0.32495332 0.9456807
vn -0.2070904 0.069779456 0.97583
vn -0.41621497 -0.37066624 0.83028406
vn -0.14849058 -0.010493994 0.9888581
vn -0.14849058 -0.010493994 0.9888581
vn -0.0685882 0.15760493 0.98511744
vn 0.00965446 0.32495332 0.9456807
vn -0.14849058 -0.010493994 0.9888581
vn -0.41621497 -0.37066624 0.83028406
vn -0.31130257 -0.25644165 0.91505647
vn -0.14849058 -0.010493994 0.9888581
vn -0.31130257 -0.25644165 0.91505647
vn -0.0685882 0.15760493 0.98511744
vn 0.05735353 0.9408086 0.33405042
vn -0.4211243 0.12726855 0.89802957
vn -0.37761292 0.06987351 0.9233234
vn 0.05735353 0.9408086 0.33405042
vn -0.020800482 0.95780885 0.2866524
vn -0.4211243 0.12726855 0.89802957
vn -0.833489 -0.50582623 0.22234213
vn -0.21405774 0.1612457 0.96342045
vn -0.8460463 -0.5266679 0.08262354
vn -0.37971133 -0.08510882 0.9211817
vn -0.28523058 -0.037396014 0.95772904
vn -0.31130257 -0.25644165 0.91505647
vn -0.37971133 -0.08510882 0.9211817
vn -0.37761292 0.06987351 0.9233234
vn -0.28523058 -0.037396014 0.95772904
vn -0.28523058 -0.037396014 0.95772904
vn -0.0685882 0.15760493 0.98511744
vn -0.31130257 -0.25644165 0.91505647
vn -0.28523058 -0.037396014 0.95772904
vn -0.21405774 0.1612457 0.96342045
vn -0.0685882 0.15760493 0.98511744
vn -0.28523058 -0.037396014 0.95772904
vn -0.37761292 0.06987351 0.9233234
vn -0.21405774 0.1612457 0.96342045
vn -0.37761292 0.06987351 0.9233234
vn -0.4211243 0.12726855 0.89802957
vn -0.8460463 -0.5266679 0.08262354
vn -0.37761292 0.06987351 0.9233234
vn -0.8460463 -0.5266679 0.08262354
vn -0.21405774 0.1612457 0.96342045
vn -0.020800482 0.95780885 0.2866524
vn -0.76853126 0.5747883 -0.28103042
vn -0.4211243 0.12726855 0.89802957
vn -0.8460463 -0.5266679 0.08262354
vn -0.4211243 0.12726855 0.89802957
vn -0.89100754 -0.43011302 0.14528733
vn -0.89100754 -0.43011302 0.14528733
vn -0.4211243 0.12726855 0.89802957
vn -0.76853126 0.5747883 -0.28103042
vn -0.24758533 0.08904898 -0.9647652
vn -0.85184926 0.2930014 -0.4341693
vn -0.69144803 -0.7148403 0.104417324
vn -0.85184926 0.2930014 -0.4341693
vn -0.9640635 0.25245196 0.08276197
vn -0.69144803 -0.7148403 0.104417324
vn -0.24758533 0.08904898 -0.9647652
vn 0.090293154 0.9959045 0.0045957565
vn -0.85184926 0.2930014 -0.4341693
vn 0.090293154 0.9959045 0.0045957565
vn -0.77137715 0.45327067 0.4466798
vn -0.85184926 0.2930014 -0.4341693
vn -0.24758533 0.08904898 -0.9647652
vn -0.8999678 0.4356408 -0.016583383
vn 0.090293154 0.9959045 0.0045957565
vn -0.8999678 0.4356408 -0.016583383
vn -0.29214734 0.15078646 0.94441164
vn 0.090293154 0.9959045 0.0045957565
vn -0.8999678 0.4356408 -0.016583383
vn -0.69144803 -0.7148403 0.104417324
vn -0.29214734 0.15078646 0.94441164
vn -0.8999678 0.4356408 -0.016583383
vn -0.24758533 0.08904898 -0.9647652
vn -0.69144803 -0.7148403 0.104417324
vn 0.090293154 0.9959045 0.0045957565
vn -0.29214734 0.15078646 0.94441164
vn -0.77137715 0.45327067 0.4466798
vn -0.69144803 -0.7148403 0.104417324
vn -0.9640635 0.25245196 0.08276197
vn -0.29214734 0.15078646 0.94441164
vn -0.77137715 0.45327067 0.4466798
vn -0.29214734 0.15078646 0.94441164
vn -0.8446839 0.24006099 0.47841397
vn -0.8446839 0.24006099 0.47841397
vn -0.29214734 0.15078646 0.94441164
vn -0.9640635 0.25245196 0.08276197
vn -0.33023563 0.13160563 -0.9346787
vn -0.08125393 0.99605775 0.035589933
vn -0.92850035 0.19564196 -0.3156125
vn -0.08125393 0.99605775 0.035589933
vn -0.9640635 0.25245196 0.08276197
vn -0.92850035 0.19564196 -0.3156125
vn -0.33023563 0.13160563 -0.9346787
vn -0.6588259 -0.7522895 0.0030071735
vn -0.9473638 0.31878233 -0.02965948
vn -0.6588259 -0.7522895 0.0030071735
vn -0.4595677 0.08565527 0.88400257
vn -0.9473638 0.31878233 -0.02965948
vn -0.6588259 -0.7522895 0.0030071735
vn -0.8900644 0.19573838 0.41166955
vn -0.4595677 0.08565527 0.88400257
vn -0.6588259 -0.7522895 0.0030071735
vn -0.87595105 0.11526504 0.46842676
vn -0.8900644 0.19573838 0.41166955
vn -0.9473638 0.31878233 -0.02965948
vn -0.4595677 0.08565527 0.88400257
vn -0.08125393 0.99605775 0.035589933
vn -0.9473638 0.31878233 -0.02965948
vn -0.08125393 0.99605775 0.035589933
vn -0.33023563 0.13160563 -0.9346787
vn -0.8900644 0.19573838 0.41166955
vn -0.9640635 0.25245196 0.08276197
vn -0.4595677 0.08565527 0.88400257
vn -0.4595677 0.08565527 0.88400257
vn -0.9640635 0.25245196 0.08276197
vn -0.08125393 0.99605775 0.035589933
vn -0.87595105 0.11526504 0.46842676
vn -0.6588259 -0.7522895 0.0030071735
vn -0.92850035 0.19564196 -0.3156125
vn -0.6588259 -0.7522895 0.0030071735
vn -0.33023563 0.13160563 -0.9346787
vn -0.92850035 0.19564196 -0.3156125
vn 0.42600158 0.509895 0.7473485
vn 0.79510456 0.5625895 0.22649902
vn 0.33109677 0.4075762 0.8510326
vn -0.0011483127 0.842457 -0.5387621
vn 0.22912252 0.8981035 -0.3753839
vn -5.9488707E-09 0.94559884 -0.3253351
vn 0.22912252 0.8981035 -0.3753839
vn 0.15747719 0.9359505 -0.31495643
vn -5.9488707E-09 0.94559884 -0.3253351
vn 0.22912252 0.8981035 -0.3753839
vn 0.3083895 0.91105974 -0.2736163
vn 0.15747719 0.9359505 -0.31495643
vn 0.22912252 0.8981035 -0.3753839
vn 0.27125758 0.8581375 -0.43591213
vn 0.3083895 0.91105974 -0.2736163
vn -5.9488707E-09 0.94559884 -0.3253351
vn 0.15747719 0.9359505 -0.31495643
vn 0.15670055 0.95961064 -0.23365039
vn -5.9488707E-09 0.94559884 -0.3253351
vn 0.15670055 0.95961064 -0.23365039
vn 1.1929482E-09 0.9702856 -0.24196255
vn 0.15747719 0.9359505 -0.31495643
vn 0.3083895 0.91105974 -0.2736163
vn 0.15670055 0.95961064 -0.23365039
vn 0.27125758 0.8581375 -0.43591213
vn 0.32929927 0.9124677 -0.24282593
vn 0.3083895 0.91105974 -0.2736163
vn 0.27125758 0.8581375 -0.43591213
vn 0.41993502 0.7310397 -0.5378062
vn 0.32929927 0.9124677 -0.24282593
vn 1.1929482E-09 0.9702856 -0.24196255
vn 0.15670055 0.95961064 -0.23365039
vn 0.17462951 0.9230147 -0.34285295
vn 1.1929482E-09 0.9702856 -0.24196255
vn 0.17462951 0.9230147 -0.34285295
vn 1.2033377E-09 0.9343879 -0.35625696
vn 0.3083895 0.91105974 -0.2736163
vn 0.32929927 0.9124677 -0.24282593
vn 0.26765153 0.93999803 -0.21158063
vn 0.3083895 0.91105974 -0.2736163
vn 0.26765153 0.93999803 -0.21158063
vn 0.15670055 0.95961064 -0.23365039
vn 0.41993502 0.7310397 -0.5378062
vn 0.56551903 0.781572 -0.26331192
vn 0.32929927 0.9124677 -0.24282593
vn 0.17462951 0.9230147 -0.34285295
vn 0.20911068 0.80484575 -0.5554243
vn 1.2033377E-09 0.9343879 -0.35625696
vn 0.17462951 0.9230147 -0.34285295
vn 0.15670055 0.95961064 -0.23365039
vn 0.3115536 0.902478 -0.29743522
vn 0.17462951 0.9230147 -0.34285295
vn 0.3115536 0.902478 -0.29743522
vn 0.20911068 0.80484575 -0.5554243
vn 0.15670055 0.95961064 -0.23365039
vn 0.26765153 0.93999803 -0.21158063
vn 0.3115536 0.902478 -0.29743522
vn 0.56551903 0.781572 -0.26331192
vn 0.365587 0.91065514 -0.19249249
vn 0.32929927 0.9124677 -0.24282593
vn 0.56551903 0.781572 -0.26331192
vn 0.5559893 0.81829786 -0.14582324
vn 0.365587 0.91065514 -0.19249249
vn 0.56551903 0.781572 -0.26331192
vn 0.65786636 0.74465674 -0.112686455
vn 0.5559893 0.81829786 -0.14582324
vn 0.32929927 0.9124677 -0.24282593
vn 0.365587 0.91065514 -0.19249249
vn 0.26765153 0.93999803 -0.21158063
vn 1.2033377E-09 0.9343879 -0.35625696
vn 0.20911068 0.80484575 -0.5554243
vn -6.127854E-09 0.8229957 -0.56804746
vn 0.3115536 0.902478 -0.29743522
vn 0.26765153 0.93999803 -0.21158063
vn 0.48296678 0.8357575 -0.2612518
vn 0.3115536 0.902478 -0.29743522
vn 0.39019844 0.75891864 -0.5213323
vn 0.20911068 0.80484575 -0.5554243
vn 0.3115536 0.902478 -0.29743522
vn 0.48296678 0.8357575 -0.2612518
vn 0.39019844 0.75891864 -0.5213323
vn 0.365587 0.91065514 -0.19249249
vn 0.5559893 0.81829786 -0.14582324
vn 0.48296678 0.8357575 -0.2612518
vn 0.365587 0.91065514 -0.19249249
vn 0.48296678 0.8357575 -0.2612518
vn 0.26765153 0.93999803 -0.21158063
vn 0.65786636 0.74465674 -0.112686455
vn 0.63371694 0.7707448 -0.0659951
vn 0.5559893 0.81829786 -0.14582324
vn -6.127854E-09 0.8229957 -0.56804746
vn 0.20911068 0.80484575 -0.5554243
vn 0.2579179 0.53033674 -0.8076023
vn -6.127854E-09 0.8229957 -0.56804746
vn 0.2579179 0.53033674 -0.8076023
vn 0 0.5484045 -0.8362131
vn 0.39019844 0.75891864 -0.5213323
vn 0.48296678 0.8357575 -0.2612518
vn 0.59970766 0.6750516 -0.42971617
vn 0.39019844 0.75891864 -0.5213323
vn 0.47191313 0.4828251 -0.73768413
vn 0.20911068 0.80484575 -0.5554243
vn 0.39019844 0.75891864 -0.5213323
vn 0.59970766 0.6750516 -0.42971617
vn 0.6816331 0.4117362 -0.6048551
vn 0.39019844 0.75891864 -0.5213323
vn 0.6816331 0.4117362 -0.6048551
vn 0.47191313 0.4828251 -0.73768413
vn 0.20911068 0.80484575 -0.5554243
vn 0.47191313 0.4828251 -0.73768413
vn 0.2579179 0.53033674 -0.8076023
vn 0.63371694 0.7707448 -0.0659951
vn 0.6697222 0.7257515 -0.15734315
vn 0.5559893 0.81829786 -0.14582324
vn 0.63371694 0.7707448 -0.0659951
vn 0.71515965 0.69615734 -0.06254178
vn 0.6697222 0.7257515 -0.15734315
vn 0.5559893 0.81829786 -0.14582324
vn 0.6697222 0.7257515 -0.15734315
vn 0.48296678 0.8357575 -0.2612518
vn 0 0.5484045 -0.8362131
vn 0.2579179 0.53033674 -0.8076023
vn 0 0.21170127 -0.97733444
vn 0.59970766 0.6750516 -0.42971617
vn 0.8320784 0.34544003 -0.43395475
vn 0.6816331 0.4117362 -0.6048551
vn 0.59970766 0.6750516 -0.42971617
vn 0.48296678 0.8357575 -0.2612518
vn 0.7527933 0.5838143 -0.30407733
vn 0.59970766 0.6750516 -0.42971617
vn 0.7527933 0.5838143 -0.30407733
vn 0.8320784 0.34544003 -0.43395475
vn 0.48296678 0.8357575 -0.2612518
vn 0.6697222 0.7257515 -0.15734315
vn 0.7527933 0.5838143 -0.30407733
vn 0.47191313 0.4828251 -0.73768413
vn 0.49512023 0.19124764 -0.8475142
vn 0.2579179 0.53033674 -0.8076023
vn 0.47191313 0.4828251 -0.73768413
vn 0.6816331 0.4117362 -0.6048551
vn 0.69842494 0.16999048 -0.695202
vn 0.47191313 0.4828251 -0.73768413
vn 0.69842494 0.16999048 -0.695202
vn 0.49512023 0.19124764 -0.8475142
vn 0.71515965 0.69615734 -0.06254178
vn 0.8207023 0.5632022 -0.096182525
vn 0.6697222 0.7257515 -0.15734315
vn 0.71515965 0.69615734 -0.06254178
vn 0.8310975 0.5557143 -0.02141416
vn 0.8207023 0.5632022 -0.096182525
vn 0 0.21170127 -0.97733444
vn 0.2579179 0.53033674 -0.8076023
vn 0.27495372 0.20175087 -0.9400516
vn 0 0.21170127 -0.97733444
vn 0.27495372 0.20175087 -0.9400516
vn 0 -0.062675595 -0.998034
vn 0.2579179 0.53033674 -0.8076023
vn 0.49512023 0.19124764 -0.8475142
vn 0.27495372 0.20175087 -0.9400516
vn 0.8320784 0.34544003 -0.43395475
vn 0.7527933 0.5838143 -0.30407733
vn 0.9036004 0.31413943 -0.2912436
vn 0.8320784 0.34544003 -0.43395475
vn 0.85465735 0.14630789 -0.4981513
vn 0.6816331 0.4117362 -0.6048551
vn 0.8320784 0.34544003 -0.43395475
vn 0.9036004 0.31413943 -0.2912436
vn 0.954919 0.11140463 -0.2751707
vn 0.8320784 0.34544003 -0.43395475
vn 0.954919 0.11140463 -0.2751707
vn 0.85465735 0.14630789 -0.4981513
vn 0.6816331 0.4117362 -0.6048551
vn 0.85465735 0.14630789 -0.4981513
vn 0.69842494 0.16999048 -0.695202
vn 0.6697222 0.7257515 -0.15734315
vn 0.8207023 0.5632022 -0.096182525
vn 0.8366542 0.52449906 -0.15783066
vn 0.6697222 0.7257515 -0.15734315
vn 0.8366542 0.52449906 -0.15783066
vn 0.7527933 0.5838143 -0.30407733
vn 0.7527933 0.5838143 -0.30407733
vn 0.8366542 0.52449906 -0.15783066
vn 0.9036004 0.31413943 -0.2912436
vn 0.8310975 0.5557143 -0.02141416
vn 0.57302606 0.78555596 0.23354453
vn 0.8207023 0.5632022 -0.096182525
vn 0 -0.062675595 -0.998034
vn 0.27495372 0.20175087 -0.9400516
vn 0.2625881 -0.058431208 -0.96313715
vn 0 -0.062675595 -0.998034
vn 0.2625881 -0.058431208 -0.96313715
vn -7.365437E-09 -0.33466876 -0.9423359
vn 0.27495372 0.20175087 -0.9400516
vn 0.49512023 0.19124764 -0.8475142
vn 0.2625881 -0.058431208 -0.96313715
vn 0.954919 0.11140463 -0.2751707
vn 0.87094754 -0.00783366 -0.4913136
vn 0.85465735 0.14630789 -0.4981513
vn 0.954919 0.11140463 -0.2751707
vn 0.9036004 0.31413943 -0.2912436
vn 0.94218737 0.29216194 -0.16408649
vn 0.954919 0.11140463 -0.2751707
vn 0.95976514 0.020207733 -0.28007597
vn 0.87094754 -0.00783366 -0.4913136
vn 0.954919 0.11140463 -0.2751707
vn 0.94218737 0.29216194 -0.16408649
vn 0.99403846 0.08202362 -0.07183062
vn 0.954919 0.11140463 -0.2751707
vn 0.99403846 0.08202362 -0.07183062
vn 0.95976514 0.020207733 -0.28007597
vn 0.8366542 0.52449906 -0.15783066
vn 0.8207023 0.5632022 -0.096182525
vn 0.94218737 0.29216194 -0.16408649
vn 0.8366542 0.52449906 -0.15783066
vn 0.94218737 0.29216194 -0.16408649
vn 0.9036004 0.31413943 -0.2912436
vn 0.69842494 0.16999048 -0.695202
vn 0.48984134 -0.039426148 -0.8709197
vn 0.49512023 0.19124764 -0.8475142
vn 0.69842494 0.16999048 -0.695202
vn 0.85465735 0.14630789 -0.4981513
vn 0.715875 -0.02636695 -0.6977304
vn 0.69842494 0.16999048 -0.695202
vn 0.715875 -0.02636695 -0.6977304
vn 0.48984134 -0.039426148 -0.8709197
vn 0.85465735 0.14630789 -0.4981513
vn 0.87094754 -0.00783366 -0.4913136
vn 0.715875 -0.02636695 -0.6977304
vn 0.49512023 0.19124764 -0.8475142
vn 0.48984134 -0.039426148 -0.8709197
vn 0.2625881 -0.058431208 -0.96313715
vn 0.57302606 0.78555596 0.23354453
vn 0.1772845 0.7714658 -0.6110735
vn 0.8207023 0.5632022 -0.096182525
vn -7.365437E-09 -0.33466876 -0.9423359
vn 0.2625881 -0.058431208 -0.96313715
vn 0.26622194 -0.32451665 -0.9076425
vn -7.365437E-09 -0.33466876 -0.9423359
vn 0.26622194 -0.32451665 -0.9076425
vn 0 -0.56640285 -0.82412845
vn 0.2625881 -0.058431208 -0.96313715
vn 0.48984134 -0.039426148 -0.8709197
vn 0.26622194 -0.32451665 -0.9076425
vn 0.99403846 0.08202362 -0.07183062
vn 0.99401844 0.065396875 -0.08746812
vn 0.95976514 0.020207733 -0.28007597
vn 0.99403846 0.08202362 -0.07183062
vn 0.94218737 0.29216194 -0.16408649
vn 0.8220425 -0.37873423 -0.42521352
vn 0.99403846 0.08202362 -0.07183062
vn 0.9967837 0.071810216 0.035575844
vn 0.99401844 0.065396875 -0.08746812
vn 0.99403846 0.08202362 -0.07183062
vn 0.8220425 -0.37873423 -0.42521352
vn 0.9536923 -0.2086153 0.21668111
vn 0.99403846 0.08202362 -0.07183062
vn 0.9536923 -0.2086153 0.21668111
vn 0.9967837 0.071810216 0.035575844
vn 0.87094754 -0.00783366 -0.4913136
vn 0.7138596 -0.22856396 -0.6619388
vn 0.715875 -0.02636695 -0.6977304
vn 0.87094754 -0.00783366 -0.4913136
vn 0.95976514 0.020207733 -0.28007597
vn 0.86155134 -0.14358667 -0.48694175
vn 0.87094754 -0.00783366 -0.4913136
vn 0.86155134 -0.14358667 -0.48694175
vn 0.7138596 -0.22856396 -0.6619388
vn 0.1772845 0.7714658 -0.6110735
vn 0.5931187 0.12899315 -0.79471445
vn 0.8207023 0.5632022 -0.096182525
vn 0.5931187 0.12899315 -0.79471445
vn 0.94218737 0.29216194 -0.16408649
vn 0.8207023 0.5632022 -0.096182525
vn 0.5931187 0.12899315 -0.79471445
vn 0.8220425 -0.37873423 -0.42521352
vn 0.94218737 0.29216194 -0.16408649
vn 0 -0.56640285 -0.82412845
vn 0.26622194 -0.32451665 -0.9076425
vn 0.25848022 -0.56646043 -0.78250265
vn 0 -0.56640285 -0.82412845
vn 0.25848022 -0.56646043 -0.78250265
vn 2.5166378E-09 -0.80906844 -0.5877144
vn 0.48984134 -0.039426148 -0.8709197
vn 0.715875 -0.02636695 -0.6977304
vn 0.49241742 -0.28771383 -0.82142925
vn 0.48984134 -0.039426148 -0.8709197
vn 0.49241742 -0.28771383 -0.82142925
vn 0.26622194 -0.32451665 -0.9076425
vn 0.26622194 -0.32451665 -0.9076425
vn 0.49241742 -0.28771383 -0.82142925
vn 0.25848022 -0.56646043 -0.78250265
vn 0.715875 -0.02636695 -0.6977304
vn 0.7138596 -0.22856396 -0.6619388
vn 0.49241742 -0.28771383 -0.82142925
vn 0.99401844 0.065396875 -0.08746812
vn 0.9967837 0.071810216 0.035575844
vn 0.9955669 0.07052758 0.062230233
vn 0.99401844 0.065396875 -0.08746812
vn 0.9520034 -0.06542951 -0.29901227
vn 0.95976514 0.020207733 -0.28007597
vn 0.99401844 0.065396875 -0.08746812
vn 0.9955669 0.07052758 0.062230233
vn 0.9951859 -0.006416075 -0.09779401
vn 0.99401844 0.065396875 -0.08746812
vn 0.9951859 -0.006416075 -0.09779401
vn 0.9520034 -0.06542951 -0.29901227
vn 0.95976514 0.020207733 -0.28007597
vn 0.9520034 -0.06542951 -0.29901227
vn 0.86155134 -0.14358667 -0.48694175
vn 2.5166378E-09 -0.80906844 -0.5877144
vn 0.25848022 -0.56646043 -0.78250265
vn 0.21951164 -0.79785126 -0.5614697
vn 2.5166378E-09 -0.80906844 -0.5877144
vn 0.21951164 -0.79785126 -0.5614697
vn 2.4087004E-09 -0.9469317 -0.32143474
vn 0.7138596 -0.22856396 -0.6619388
vn 0.46076393 -0.52552694 -0.71520483
vn 0.49241742 -0.28771383 -0.82142925
vn 0.7138596 -0.22856396 -0.6619388
vn 0.86155134 -0.14358667 -0.48694175
vn 0.6699327 -0.44498485 -0.5942881
vn 0.7138596 -0.22856396 -0.6619388
vn 0.6699327 -0.44498485 -0.5942881
vn 0.46076393 -0.52552694 -0.71520483
vn 0.25848022 -0.56646043 -0.78250265
vn 0.46076393 -0.52552694 -0.71520483
vn 0.21951164 -0.79785126 -0.5614697
vn 0.25848022 -0.56646043 -0.78250265
vn 0.49241742 -0.28771383 -0.82142925
vn 0.46076393 -0.52552694 -0.71520483
vn 0.9955669 0.07052758 0.062230233
vn 0.9973857 0.025291398 0.06769215
vn 0.9951859 -0.006416075 -0.09779401
vn 0.9520034 -0.06542951 -0.29901227
vn 0.82007086 -0.3183379 -0.4755468
vn 0.86155134 -0.14358667 -0.48694175
vn 0.9520034 -0.06542951 -0.29901227
vn 0.9951859 -0.006416075 -0.09779401
vn 0.9343806 -0.19394848 -0.2988594
vn 0.9520034 -0.06542951 -0.29901227
vn 0.9343806 -0.19394848 -0.2988594
vn 0.82007086 -0.3183379 -0.4755468
vn 0.86155134 -0.14358667 -0.48694175
vn 0.82007086 -0.3183379 -0.4755468
vn 0.6699327 -0.44498485 -0.5942881
vn 2.4087004E-09 -0.9469317 -0.32143474
vn 0.21951164 -0.79785126 -0.5614697
vn 0.11890856 -0.93722486 -0.32782674
vn 2.4087004E-09 -0.9469317 -0.32143474
vn 0.11890856 -0.93722486 -0.32782674
vn 1.1963666E-09 -0.9907944 -0.13537514
vn 0.46076393 -0.52552694 -0.71520483
vn 0.6699327 -0.44498485 -0.5942881
vn 0.39687446 -0.74071604 -0.5420612
vn 0.46076393 -0.52552694 -0.71520483
vn 0.39687446 -0.74071604 -0.5420612
vn 0.21951164 -0.79785126 -0.5614697
vn 0.9973857 0.025291398 0.06769215
vn 0.9896892 -0.10862784 -0.09335612
vn 0.9951859 -0.006416075 -0.09779401
vn 0.9973857 0.025291398 0.06769215
vn 0.9959793 -0.065165505 0.061472192
vn 0.9896892 -0.10862784 -0.09335612
vn 0.9951859 -0.006416075 -0.09779401
vn 0.9896892 -0.10862784 -0.09335612
vn 0.9343806 -0.19394848 -0.2988594
vn 0.82007086 -0.3183379 -0.4755468
vn 0.5776666 -0.6619054 -0.47768444
vn 0.6699327 -0.44498485 -0.5942881
vn 0.82007086 -0.3183379 -0.4755468
vn 0.9343806 -0.19394848 -0.2988594
vn 0.73941857 -0.52929986 -0.41605502
vn 0.82007086 -0.3183379 -0.4755468
vn 0.73941857 -0.52929986 -0.41605502
vn 0.5776666 -0.6619054 -0.47768444
vn 0.6699327 -0.44498485 -0.5942881
vn 0.5776666 -0.6619054 -0.47768444
vn 0.39687446 -0.74071604 -0.5420612
vn 0.11890856 -0.93722486 -0.32782674
vn 0.12144075 -0.9831947 -0.13630861
vn 1.1963666E-09 -0.9907944 -0.13537514
vn 0.11890856 -0.93722486 -0.32782674
vn 0.21951164 -0.79785126 -0.5614697
vn 0.2952569 -0.9012338 -0.3171764
vn 0.11890856 -0.93722486 -0.32782674
vn 0.2952569 -0.9012338 -0.3171764
vn 0.12144075 -0.9831947 -0.13630861
vn 0.39687446 -0.74071604 -0.5420612
vn 0.5776666 -0.6619054 -0.47768444
vn 0.2952569 -0.9012338 -0.3171764
vn 0.39687446 -0.74071604 -0.5420612
vn 0.2952569 -0.9012338 -0.3171764
vn 0.21951164 -0.79785126 -0.5614697
vn 0.9959793 -0.065165505 0.061472192
vn 0.96687126 -0.23852958 -0.09090474
vn 0.9896892 -0.10862784 -0.09335612
vn 0.9959793 -0.065165505 0.061472192
vn 0.97959006 -0.19369726 0.053708956
vn 0.96687126 -0.23852958 -0.09090474
vn 0.9343806 -0.19394848 -0.2988594
vn 0.89237463 -0.37446856 -0.2518746
vn 0.73941857 -0.52929986 -0.41605502
vn 0.9343806 -0.19394848 -0.2988594
vn 0.9896892 -0.10862784 -0.09335612
vn 0.89237463 -0.37446856 -0.2518746
vn 0.9896892 -0.10862784 -0.09335612
vn 0.96687126 -0.23852958 -0.09090474
vn 0.89237463 -0.37446856 -0.2518746
vn 0.12144075 -0.9831947 -0.13630861
vn 0.2952569 -0.9012338 -0.3171764
vn 0.25545567 -0.9578006 -0.13175845
vn 0.5776666 -0.6619054 -0.47768444
vn 0.73941857 -0.52929986 -0.41605502
vn 0.46838564 -0.8278649 -0.3086334
vn 0.5776666 -0.6619054 -0.47768444
vn 0.46838564 -0.8278649 -0.3086334
vn 0.2952569 -0.9012338 -0.3171764
vn 0.2952569 -0.9012338 -0.3171764
vn 0.46838564 -0.8278649 -0.3086334
vn 0.25545567 -0.9578006 -0.13175845
vn 0.97959006 -0.19369726 0.053708956
vn 0.91365176 -0.3947607 -0.09697595
vn 0.96687126 -0.23852958 -0.09090474
vn 0.97959006 -0.19369726 0.053708956
vn 0.91684115 -0.39697614 0.042569667
vn 0.91365176 -0.3947607 -0.09697595
vn 0.89237463 -0.37446856 -0.2518746
vn 0.6527458 -0.7133411 -0.25508296
vn 0.73941857 -0.52929986 -0.41605502
vn 0.89237463 -0.37446856 -0.2518746
vn 0.96687126 -0.23852958 -0.09090474
vn 0.8176963 -0.5502925 -0.16896993
vn 0.89237463 -0.37446856 -0.2518746
vn 0.8176963 -0.5502925 -0.16896993
vn 0.6527458 -0.7133411 -0.25508296
vn 0.96687126 -0.23852958 -0.09090474
vn 0.91365176 -0.3947607 -0.09697595
vn 0.8176963 -0.5502925 -0.16896993
vn 0.73941857 -0.52929986 -0.41605502
vn 0.6527458 -0.7133411 -0.25508296
vn 0.46838564 -0.8278649 -0.3086334
vn 0.25545567 -0.9578006 -0.13175845
vn 0.46838564 -0.8278649 -0.3086334
vn 0.39254335 -0.9104508 -0.13034159
vn 0.46838564 -0.8278649 -0.3086334
vn 0.6527458 -0.7133411 -0.25508296
vn 0.39254335 -0.9104508 -0.13034159
vn 0.91684115 -0.39697614 0.042569667
vn 0.7774004 -0.627191 -0.0477494
vn 0.91365176 -0.3947607 -0.09697595
vn 0.91365176 -0.3947607 -0.09697595
vn 0.7774004 -0.627191 -0.0477494
vn 0.8176963 -0.5502925 -0.16896993
vn 0.6527458 -0.7133411 -0.25508296
vn 0.5849335 -0.8047363 -0.10125333
vn 0.39254335 -0.9104508 -0.13034159
vn 0.6527458 -0.7133411 -0.25508296
vn 0.8176963 -0.5502925 -0.16896993
vn 0.5849335 -0.8047363 -0.10125333
vn 0.5849335 -0.8047363 -0.10125333
vn 0.8176963 -0.5502925 -0.16896993
vn 0.7774004 -0.627191 -0.0477494
vn -0.013655471 0.63167334 0.7751144
vn 0.2376337 0.029622793 0.97090304
vn 0.3760574 0.048266172 0.92533845
vn 0.2376337 0.029622793 0.97090304
vn 0.37215528 0.30907583 0.8751986
vn 0.3760574 0.048266172 0.92533845
vn 0.2376337 0.029622793 0.97090304
vn 0.3523818 0.21606332 0.91057336
vn 0.37215528 0.30907583 0.8751986
vn 0.2376337 0.029622793 0.97090304
vn 0.68304795 0.15446937 0.71385205
vn 0.3523818 0.21606332 0.91057336
vn 0.3760574 0.048266172 0.92533845
vn 0.37215528 0.30907583 0.8751986
vn 0.7268108 0.023310006 0.686442
vn 0.3760574 0.048266172 0.92533845
vn 0.7268108 0.023310006 0.686442
vn 0.4024522 0.7987391 0.44726738
vn 0.68304795 0.15446937 0.71385205
vn 0.06625023 -0.08324051 0.99432474
vn 0.3523818 0.21606332 0.91057336
vn 0.68304795 0.15446937 0.71385205
vn -0.22702856 0.83943623 0.49376592
vn 0.06625023 -0.08324051 0.99432474
vn 0.37215528 0.30907583 0.8751986
vn 0.42600158 0.509895 0.7473485
vn 0.7268108 0.023310006 0.686442
vn 0.3523818 0.21606332 0.91057336
vn 0.06625023 -0.08324051 0.99432474
vn 0.14126275 0.50390124 0.85213155
vn -0.22702856 0.83943623 0.49376592
vn -0.8877671 0.1639649 0.430099
vn 0.06625023 -0.08324051 0.99432474
vn 0.06625023 -0.08324051 0.99432474
vn -0.8877671 0.1639649 0.430099
vn 0.14126275 0.50390124 0.85213155
vn -0.8877671 0.1639649 0.430099
vn -0.03338943 0.8905553 0.45364764
vn 0.14126275 0.50390124 0.85213155
vn -0.03338943 0.8905553 0.45364764
vn 0.6953835 0.6271317 0.35092396
vn 0.14126275 0.50390124 0.85213155
vn 0.6953835 0.6271317 0.35092396
vn 0.4597817 0.46229464 0.75821126
vn 0.14126275 0.50390124 0.85213155
vn 0.6953835 0.6271317 0.35092396
vn 0.6284931 0.72433376 0.28343788
vn 0.4597817 0.46229464 0.75821126
vn 0.14126275 0.50390124 0.85213155
vn 0.4597817 0.46229464 0.75821126
vn 0.023924448 0.49904984 0.8662429
vn 0.6284931 0.72433376 0.28343788
vn -0.35348973 0.9228184 0.15313739
vn 0.4597817 0.46229464 0.75821126
vn 0.023924448 0.49904984 0.8662429
vn 0.4597817 0.46229464 0.75821126
vn -0.00013839907 0.2051385 0.9787328
vn -0.00013839907 0.2051385 0.9787328
vn 0.4597817 0.46229464 0.75821126
vn -0.35348973 0.9228184 0.15313739
vn -0.60833967 0.35383528 0.7104389
vn -0.6826576 0.44023758 0.58324045
vn -0.87994826 0.4123084 0.2359936
vn -0.6826576 0.44023758 0.58324045
vn -0.6882055 0.7111453 -0.1436854
vn -0.87994826 0.4123084 0.2359936
vn -0.6826576 0.44023758 0.58324045
vn -0.6485397 0.76082426 0.02329415
vn -0.6882055 0.7111453 -0.1436854
vn -0.6826576 0.44023758 0.58324045
vn -0.60833967 0.35383528 0.7104389
vn -0.6485397 0.76082426 0.02329415
vn -0.87994826 0.4123084 0.2359936
vn -0.6882055 0.7111453 -0.1436854
vn -0.6429954 0.76584977 0.0055723786
vn -0.60833967 0.35383528 0.7104389
vn -0.95857334 0.27749008 0.064315245
vn -0.6485397 0.76082426 0.02329415
vn -0.60833967 0.35383528 0.7104389
vn -0.5526532 -0.44887012 0.70220375
vn -0.95857334 0.27749008 0.064315245
vn -0.6882055 0.7111453 -0.1436854
vn -0.6485397 0.76082426 0.02329415
vn -0.93138796 0.3358991 -0.14031476
vn -0.6882055 0.7111453 -0.1436854
vn -0.93138796 0.3358991 -0.14031476
vn -0.5624364 0.75282884 -0.3419268
vn -0.5526532 -0.44887012 0.70220375
vn -0.3160236 0.46527803 0.8268285
vn -0.95857334 0.27749008 0.064315245
vn -0.6485397 0.76082426 0.02329415
vn -0.7402991 0.6702219 0.052533686
vn -0.93138796 0.3358991 -0.14031476
vn -0.6485397 0.76082426 0.02329415
vn -0.95857334 0.27749008 0.064315245
vn -0.7402991 0.6702219 0.052533686
vn -0.95857334 0.27749008 0.064315245
vn -0.3160236 0.46527803 0.8268285
vn -0.7402991 0.6702219 0.052533686
vn -0.5624364 0.75282884 -0.3419268
vn -0.93138796 0.3358991 -0.14031476
vn -0.76967627 0.033376098 -0.6375614
vn -0.5624364 0.75282884 -0.3419268
vn -0.76967627 0.033376098 -0.6375614
vn -0.32874477 0.5415262 -0.77374184
vn -0.5624364 0.75282884 -0.3419268
vn -0.32874477 0.5415262 -0.77374184
vn -0.40767172 0.76981455 -0.49111027
vn -0.3160236 0.46527803 0.8268285
vn -0.55724347 0.82960594 0.035124004
vn -0.7402991 0.6702219 0.052533686
vn -0.93138796 0.3358991 -0.14031476
vn -0.90822196 -0.3958775 0.13569781
vn -0.76967627 0.033376098 -0.6375614
vn -0.93138796 0.3358991 -0.14031476
vn -0.7402991 0.6702219 0.052533686
vn -0.84137434 0.049470246 0.53818387
vn -0.93138796 0.3358991 -0.14031476
vn -0.84137434 0.049470246 0.53818387
vn -0.90822196 -0.3958775 0.13569781
vn -0.32874477 0.5415262 -0.77374184
vn -0.09360304 0.8153939 -0.57128906
vn -0.40767172 0.76981455 -0.49111027
vn -0.32874477 0.5415262 -0.77374184
vn -0.8334339 0.52984715 -0.1570028
vn -0.09360304 0.8153939 -0.57128906
vn -0.90822196 -0.3958775 0.13569781
vn -0.84137434 0.049470246 0.53818387
vn -0.8334339 0.52984715 -0.1570028
vn -0.55724347 0.82960594 0.035124004
vn -0.45772824 0.7134828 0.5304972
vn -0.7402991 0.6702219 0.052533686
vn -0.55724347 0.82960594 0.035124004
vn -0.078426614 0.9773224 0.19669831
vn -0.45772824 0.7134828 0.5304972
vn -0.55724347 0.82960594 0.035124004
vn -0.26006228 0.9464513 -0.1913048
vn -0.078426614 0.9773224 0.19669831
vn -0.55724347 0.82960594 0.035124004
vn -0.31641313 0.7967531 -0.51484686
vn -0.26006228 0.9464513 -0.1913048
vn -0.55724347 0.82960594 0.035124004
vn -0.9374188 0.2950704 -0.18487677
vn -0.31641313 0.7967531 -0.51484686
vn -0.55724347 0.82960594 0.035124004
vn -0.3985811 -0.33001554 0.8557002
vn -0.9374188 0.2950704 -0.18487677
vn -0.55724347 0.82960594 0.035124004
vn -0.35713002 0.55019176 0.75481594
vn -0.3985811 -0.33001554 0.8557002
vn -0.55724347 0.82960594 0.035124004
vn -0.20420249 -0.26321983 0.9428767
vn -0.35713002 0.55019176 0.75481594
vn -0.45772824 0.7134828 0.5304972
vn -0.8334339 0.52984715 -0.1570028
vn -0.84137434 0.049470246 0.53818387
vn -0.45772824 0.7134828 0.5304972
vn -0.84137434 0.049470246 0.53818387
vn -0.7402991 0.6702219 0.052533686
vn -0.45772824 0.7134828 0.5304972
vn -0.078426614 0.9773224 0.19669831
vn -0.8334339 0.52984715 -0.1570028
vn -0.40767172 0.76981455 -0.49111027
vn -0.09360304 0.8153939 -0.57128906
vn -0.3083861 0.8753101 -0.37246495
vn -0.26006228 0.9464513 -0.1913048
vn -0.31641313 0.7967531 -0.51484686
vn 0.41387 0.8992186 -0.1418361
vn -0.26006228 0.9464513 -0.1913048
vn -0.052522503 0.9879607 -0.14551586
vn -0.078426614 0.9773224 0.19669831
vn -0.26006228 0.9464513 -0.1913048
vn 0.41387 0.8992186 -0.1418361
vn 0.01579192 0.9831848 -0.18192923
vn -0.26006228 0.9464513 -0.1913048
vn -0.21381737 0.9490783 -0.23137063
vn -0.052522503 0.9879607 -0.14551586
vn -0.26006228 0.9464513 -0.1913048
vn 0.01579192 0.9831848 -0.18192923
vn -0.21381737 0.9490783 -0.23137063
vn -0.9374188 0.2950704 -0.18487677
vn -0.3985811 -0.33001554 0.8557002
vn -0.8225557 -0.2449457 0.51322854
vn -0.9374188 0.2950704 -0.18487677
vn -0.26116213 0.7380057 0.6222074
vn -0.31641313 0.7967531 -0.51484686
vn -0.9374188 0.2950704 -0.18487677
vn -0.8225557 -0.2449457 0.51322854
vn -0.26116213 0.7380057 0.6222074
vn -0.31641313 0.7967531 -0.51484686
vn -0.26116213 0.7380057 0.6222074
vn 0.41387 0.8992186 -0.1418361
vn -0.8334339 0.52984715 -0.1570028
vn -0.04077384 0.95237243 -0.30219924
vn -0.09360304 0.8153939 -0.57128906
vn -0.8334339 0.52984715 -0.1570028
vn -0.078426614 0.9773224 0.19669831
vn -0.04077384 0.95237243 -0.30219924
vn -0.04077384 0.95237243 -0.30219924
vn -0.3083861 0.8753101 -0.37246495
vn -0.09360304 0.8153939 -0.57128906
vn -0.04077384 0.95237243 -0.30219924
vn -0.078426614 0.9773224 0.19669831
vn -0.052522503 0.9879607 -0.14551586
vn -0.04077384 0.95237243 -0.30219924
vn -0.052522503 0.9879607 -0.14551586
vn -0.3083861 0.8753101 -0.37246495
vn -0.052522503 0.9879607 -0.14551586
vn -0.21381737 0.9490783 -0.23137063
vn -0.3083861 0.8753101 -0.37246495
vn 0.01579192 0.9831848 -0.18192923
vn 0.41387 0.8992186 -0.1418361
vn -0.27446228 0.95629025 -0.100892544
vn 0.01579192 0.9831848 -0.18192923
vn -0.43931684 0.8600472 -0.25945985
vn -0.21381737 0.9490783 -0.23137063
vn 0.01579192 0.9831848 -0.18192923
vn -0.27446228 0.95629025 -0.100892544
vn -0.43931684 0.8600472 -0.25945985
vn -0.21381737 0.9490783 -0.23137063
vn -0.43931684 0.8600472 -0.25945985
vn -0.3083861 0.8753101 -0.37246495
vn -0.26116213 0.7380057 0.6222074
vn 0.6939574 0.31317407 0.64834034
vn 0.41387 0.8992186 -0.1418361
vn 0.41387 0.8992186 -0.1418361
vn 0.6939574 0.31317407 0.64834034
vn -0.27446228 0.95629025 -0.100892544
vn -0.43931684 0.8600472 -0.25945985
vn -0.2234473 0.87423205 -0.4310333
vn -0.3083861 0.8753101 -0.37246495
vn -0.43931684 0.8600472 -0.25945985
vn -0.27446228 0.95629025 -0.100892544
vn -0.50294954 0.8230865 -0.2637614
vn -0.43931684 0.8600472 -0.25945985
vn -0.3544992 0.7472619 -0.56207645
vn -0.2234473 0.87423205 -0.4310333
vn -0.43931684 0.8600472 -0.25945985
vn -0.50294954 0.8230865 -0.2637614
vn -0.6548987 0.7314703 -0.18989211
vn -0.43931684 0.8600472 -0.25945985
vn -0.6548987 0.7314703 -0.18989211
vn -0.3544992 0.7472619 -0.56207645
vn 0.6939574 0.31317407 0.64834034
vn -0.07522887 0.82975876 0.553029
vn -0.27446228 0.95629025 -0.100892544
vn -0.2234473 0.87423205 -0.4310333
vn -0.3544992 0.7472619 -0.56207645
vn -0.0011483127 0.842457 -0.5387621
vn -0.50294954 0.8230865 -0.2637614
vn -0.51878595 0.7807649 0.34823462
vn -0.6548987 0.7314703 -0.18989211
vn -0.50294954 0.8230865 -0.2637614
vn -0.27446228 0.95629025 -0.100892544
vn -0.6831349 0.47475407 -0.5549191
vn -0.50294954 0.8230865 -0.2637614
vn 0.113029435 0.9892655 -0.092618406
vn -0.51878595 0.7807649 0.34823462
vn -0.50294954 0.8230865 -0.2637614
vn -0.6831349 0.47475407 -0.5549191
vn 0.5571607 0.80040985 -0.22116947
vn -0.50294954 0.8230865 -0.2637614
vn 0.5571607 0.80040985 -0.22116947
vn 0.113029435 0.9892655 -0.092618406
vn -0.07522887 0.82975876 0.553029
vn -0.9845028 0.06812377 0.1615962
vn -0.27446228 0.95629025 -0.100892544
vn -0.27446228 0.95629025 -0.100892544
vn -0.9845028 0.06812377 0.1615962
vn -0.6831349 0.47475407 -0.5549191
vn -0.3544992 0.7472619 -0.56207645
vn -0.020485766 0.7011701 -0.71269965
vn -0.0011483127 0.842457 -0.5387621
vn -0.3544992 0.7472619 -0.56207645
vn -0.6548987 0.7314703 -0.18989211
vn -0.033394806 0.99000514 0.137021
vn -0.3544992 0.7472619 -0.56207645
vn -0.033394806 0.99000514 0.137021
vn -0.020485766 0.7011701 -0.71269965
vn -0.6548987 0.7314703 -0.18989211
vn -0.51878595 0.7807649 0.34823462
vn -0.033394806 0.99000514 0.137021
vn 0.5571607 0.80040985 -0.22116947
vn -0.6831349 0.47475407 -0.5549191
vn -0.35348973 0.9228184 0.15313739
vn 0.113029435 0.9892655 -0.092618406
vn -0.061871685 0.7569999 0.65047896
vn -0.51878595 0.7807649 0.34823462
vn -0.51878595 0.7807649 0.34823462
vn -0.061871685 0.7569999 0.65047896
vn -0.033394806 0.99000514 0.137021
vn -0.9845028 0.06812377 0.1615962
vn -0.9771421 0.06309292 0.20300868
vn -0.6831349 0.47475407 -0.5549191
vn -0.6831349 0.47475407 -0.5549191
vn -0.9771421 0.06309292 0.20300868
vn -0.35348973 0.9228184 0.15313739
vn -0.0011483127 0.842457 -0.5387621
vn -5.9488707E-09 0.94559884 -0.3253351
vn -0.2234473 0.87423205 -0.4310333
vn -5.9488707E-09 0.94559884 -0.3253351
vn -0.15747721 0.9359505 -0.31495643
vn -0.2234473 0.87423205 -0.4310333
vn -5.9488707E-09 0.94559884 -0.3253351
vn -0.15670055 0.95961064 -0.23365039
vn -0.15747721 0.9359505 -0.31495643
vn -5.9488707E-09 0.94559884 -0.3253351
vn 1.1929482E-09 0.9702856 -0.24196255
vn -0.15670055 0.95961064 -0.23365039
vn -0.2234473 0.87423205 -0.4310333
vn -0.15747721 0.9359505 -0.31495643
vn -0.3083895 0.9110597 -0.27361643
vn -0.2234473 0.87423205 -0.4310333
vn -0.3083895 0.9110597 -0.27361643
vn -0.3083861 0.8753101 -0.37246495
vn -0.15747721 0.9359505 -0.31495643
vn -0.15670055 0.95961064 -0.23365039
vn -0.3083895 0.9110597 -0.27361643
vn 1.1929482E-09 0.9702856 -0.24196255
vn -0.17462951 0.9230147 -0.34285295
vn -0.15670055 0.95961064 -0.23365039
vn 1.1929482E-09 0.9702856 -0.24196255
vn 1.2033377E-09 0.9343879 -0.35625696
vn -0.17462951 0.9230147 -0.34285295
vn -0.3083861 0.8753101 -0.37246495
vn -0.3083895 0.9110597 -0.27361643
vn -0.32929894 0.912468 -0.24282575
vn -0.3083861 0.8753101 -0.37246495
vn -0.32929894 0.912468 -0.24282575
vn -0.40767172 0.76981455 -0.49111027
vn -0.15670055 0.95961064 -0.23365039
vn -0.17462951 0.9230147 -0.34285295
vn -0.3115536 0.902478 -0.29743522
vn -0.15670055 0.95961064 -0.23365039
vn -0.2676515 0.93999803 -0.21158063
vn -0.3083895 0.9110597 -0.27361643
vn -0.15670055 0.95961064 -0.23365039
vn -0.3115536 0.902478 -0.29743522
vn -0.2676515 0.93999803 -0.21158063
vn -0.3083895 0.9110597 -0.27361643
vn -0.2676515 0.93999803 -0.21158063
vn -0.32929894 0.912468 -0.24282575
vn 1.2033377E-09 0.9343879 -0.35625696
vn -0.20911066 0.8048457 -0.5554241
vn -0.17462951 0.9230147 -0.34285295
vn 1.2033377E-09 0.9343879 -0.35625696
vn -6.127854E-09 0.8229957 -0.56804746
vn -0.20911066 0.8048457 -0.5554241
vn -0.17462951 0.9230147 -0.34285295
vn -0.20911066 0.8048457 -0.5554241
vn -0.3115536 0.902478 -0.29743522
vn -0.40767172 0.76981455 -0.49111027
vn -0.32929894 0.912468 -0.24282575
vn -0.5624364 0.75282884 -0.3419268
vn -0.2676515 0.93999803 -0.21158063
vn -0.3115536 0.902478 -0.29743522
vn -0.48296678 0.8357575 -0.2612518
vn -0.2676515 0.93999803 -0.21158063
vn -0.365587 0.91065514 -0.1924929
vn -0.32929894 0.912468 -0.24282575
vn -0.2676515 0.93999803 -0.21158063
vn -0.48296678 0.8357575 -0.2612518
vn -0.365587 0.91065514 -0.1924929
vn -0.32929894 0.912468 -0.24282575
vn -0.365587 0.91065514 -0.1924929
vn -0.5624364 0.75282884 -0.3419268
vn -6.127854E-09 0.8229957 -0.56804746
vn -0.25791794 0.53033686 -0.8076021
vn -0.20911066 0.8048457 -0.5554241
vn -6.127854E-09 0.8229957 -0.56804746
vn 0 0.5484045 -0.8362131
vn -0.25791794 0.53033686 -0.8076021
vn -0.3115536 0.902478 -0.29743522
vn -0.39019847 0.75891864 -0.5213323
vn -0.48296678 0.8357575 -0.2612518
vn -0.3115536 0.902478 -0.29743522
vn -0.20911066 0.8048457 -0.5554241
vn -0.39019847 0.75891864 -0.5213323
vn -0.365587 0.91065514 -0.1924929
vn -0.55598974 0.81829756 -0.14582378
vn -0.5624364 0.75282884 -0.3419268
vn -0.365587 0.91065514 -0.1924929
vn -0.48296678 0.8357575 -0.2612518
vn -0.55598974 0.81829756 -0.14582378
vn 0 0.5484045 -0.8362131
vn 0 0.21170127 -0.97733444
vn -0.25791794 0.53033686 -0.8076021
vn -0.20911066 0.8048457 -0.5554241
vn -0.47191313 0.48282513 -0.73768413
vn -0.39019847 0.75891864 -0.5213323
vn -0.20911066 0.8048457 -0.5554241
vn -0.25791794 0.53033686 -0.8076021
vn -0.47191313 0.48282513 -0.73768413
vn -0.5624364 0.75282884 -0.3419268
vn -0.55598974 0.81829756 -0.14582378
vn -0.6882055 0.7111453 -0.1436854
vn -0.48296678 0.8357575 -0.2612518
vn -0.39019847 0.75891864 -0.5213323
vn -0.5997076 0.6750517 -0.42971617
vn -0.48296678 0.8357575 -0.2612518
vn -0.6697222 0.7257515 -0.15734321
vn -0.55598974 0.81829756 -0.14582378
vn -0.48296678 0.8357575 -0.2612518
vn -0.5997076 0.6750517 -0.42971617
vn -0.7527933 0.5838143 -0.30407733
vn -0.48296678 0.8357575 -0.2612518
vn -0.7527933 0.5838143 -0.30407733
vn -0.6697222 0.7257515 -0.15734321
vn 0 0.21170127 -0.97733444
vn -0.2749537 0.20175087 -0.9400516
vn -0.25791794 0.53033686 -0.8076021
vn 0 0.21170127 -0.97733444
vn 0 -0.062675595 -0.998034
vn -0.2749537 0.20175087 -0.9400516
vn -0.47191313 0.48282513 -0.73768413
vn -0.6816331 0.4117362 -0.6048551
vn -0.39019847 0.75891864 -0.5213323
vn -0.47191313 0.48282513 -0.73768413
vn -0.25791794 0.53033686 -0.8076021
vn -0.49512023 0.19124764 -0.8475142
vn -0.47191313 0.48282513 -0.73768413
vn -0.69842494 0.16999048 -0.695202
vn -0.6816331 0.4117362 -0.6048551
vn -0.47191313 0.48282513 -0.73768413
vn -0.49512023 0.19124764 -0.8475142
vn -0.69842494 0.16999048 -0.695202
vn -0.25791794 0.53033686 -0.8076021
vn -0.2749537 0.20175087 -0.9400516
vn -0.49512023 0.19124764 -0.8475142
vn -0.39019847 0.75891864 -0.5213323
vn -0.6816331 0.4117362 -0.6048551
vn -0.5997076 0.6750517 -0.42971617
vn -0.6882055 0.7111453 -0.1436854
vn -0.55598974 0.81829756 -0.14582378
vn -0.63371736 0.7707444 -0.065995336
vn -0.55598974 0.81829756 -0.14582378
vn -0.6697222 0.7257515 -0.15734321
vn -0.63371736 0.7707444 -0.065995336
vn -0.7527933 0.5838143 -0.30407733
vn -0.5997076 0.6750517 -0.42971617
vn -0.8320784 0.34544003 -0.43395475
vn -0.7527933 0.5838143 -0.30407733
vn -0.8366542 0.52449906 -0.1578306
vn -0.6697222 0.7257515 -0.15734321
vn -0.7527933 0.5838143 -0.30407733
vn -0.8320784 0.34544003 -0.43395475
vn -0.90360034 0.31413937 -0.29124355
vn -0.7527933 0.5838143 -0.30407733
vn -0.90360034 0.31413937 -0.29124355
vn -0.8366542 0.52449906 -0.1578306
vn -0.5997076 0.6750517 -0.42971617
vn -0.6816331 0.4117362 -0.6048551
vn -0.8320784 0.34544003 -0.43395475
vn 0 -0.062675595 -0.998034
vn -0.2625881 -0.058431208 -0.96313715
vn -0.2749537 0.20175087 -0.9400516
vn 0 -0.062675595 -0.998034
vn -7.365437E-09 -0.33466876 -0.9423359
vn -0.2625881 -0.058431208 -0.96313715
vn -0.2749537 0.20175087 -0.9400516
vn -0.2625881 -0.058431208 -0.96313715
vn -0.49512023 0.19124764 -0.8475142
vn -0.69842494 0.16999048 -0.695202
vn -0.85465735 0.14630789 -0.49815142
vn -0.6816331 0.4117362 -0.6048551
vn -0.69842494 0.16999048 -0.695202
vn -0.49512023 0.19124764 -0.8475142
vn -0.48984134 -0.039426148 -0.8709197
vn -0.69842494 0.16999048 -0.695202
vn -0.71587497 -0.02636695 -0.6977303
vn -0.85465735 0.14630789 -0.49815142
vn -0.69842494 0.16999048 -0.695202
vn -0.48984134 -0.039426148 -0.8709197
vn -0.71587497 -0.02636695 -0.6977303
vn -0.49512023 0.19124764 -0.8475142
vn -0.2625881 -0.058431208 -0.96313715
vn -0.48984134 -0.039426148 -0.8709197
vn -0.6816331 0.4117362 -0.6048551
vn -0.85465735 0.14630789 -0.49815142
vn -0.8320784 0.34544003 -0.43395475
vn -0.63371736 0.7707444 -0.065995336
vn -0.6697222 0.7257515 -0.15734321
vn -0.71515965 0.69615734 -0.06254178
vn -0.90360034 0.31413937 -0.29124355
vn -0.9421874 0.2921619 -0.16408652
vn -0.8366542 0.52449906 -0.1578306
vn -0.90360034 0.31413937 -0.29124355
vn -0.8320784 0.34544003 -0.43395475
vn -0.954919 0.11140463 -0.2751707
vn -0.90360034 0.31413937 -0.29124355
vn -0.954919 0.11140463 -0.2751707
vn -0.9421874 0.2921619 -0.16408652
vn -0.8320784 0.34544003 -0.43395475
vn -0.85465735 0.14630789 -0.49815142
vn -0.954919 0.11140463 -0.2751707
vn -7.365437E-09 -0.33466876 -0.9423359
vn -0.26622197 -0.32451665 -0.9076425
vn -0.2625881 -0.058431208 -0.96313715
vn -7.365437E-09 -0.33466876 -0.9423359
vn 0 -0.56640285 -0.82412845
vn -0.26622197 -0.32451665 -0.9076425
vn -0.2625881 -0.058431208 -0.96313715
vn -0.26622197 -0.32451665 -0.9076425
vn -0.48984134 -0.039426148 -0.8709197
vn -0.71587497 -0.02636695 -0.6977303
vn -0.87094754 -0.00783366 -0.4913136
vn -0.85465735 0.14630789 -0.49815142
vn -0.71587497 -0.02636695 -0.6977303
vn -0.48984134 -0.039426148 -0.8709197
vn -0.4924174 -0.28771383 -0.82142925
vn -0.71587497 -0.02636695 -0.6977303
vn -0.7138596 -0.22856396 -0.6619388
vn -0.87094754 -0.00783366 -0.4913136
vn -0.71587497 -0.02636695 -0.6977303
vn -0.4924174 -0.28771383 -0.82142925
vn -0.7138596 -0.22856396 -0.6619388
vn -0.48984134 -0.039426148 -0.8709197
vn -0.26622197 -0.32451665 -0.9076425
vn -0.4924174 -0.28771383 -0.82142925
vn -0.85465735 0.14630789 -0.49815142
vn -0.87094754 -0.00783366 -0.4913136
vn -0.954919 0.11140463 -0.2751707
vn -0.6697222 0.7257515 -0.15734321
vn -0.8207023 0.5632022 -0.09618223
vn -0.71515965 0.69615734 -0.06254178
vn -0.6697222 0.7257515 -0.15734321
vn -0.8366542 0.52449906 -0.1578306
vn -0.8207023 0.5632022 -0.09618223
vn -0.8366542 0.52449906 -0.1578306
vn -0.9421874 0.2921619 -0.16408652
vn -0.8207023 0.5632022 -0.09618223
vn 0 -0.56640285 -0.82412845
vn -0.25848022 -0.56646043 -0.78250265
vn -0.26622197 -0.32451665 -0.9076425
vn 0 -0.56640285 -0.82412845
vn 2.5166378E-09 -0.80906844 -0.5877144
vn -0.25848022 -0.56646043 -0.78250265
vn -0.26622197 -0.32451665 -0.9076425
vn -0.25848022 -0.56646043 -0.78250265
vn -0.4924174 -0.28771383 -0.82142925
vn -0.7138596 -0.22856396 -0.6619388
vn -0.8615512 -0.14358667 -0.48694175
vn -0.87094754 -0.00783366 -0.4913136
vn -0.7138596 -0.22856396 -0.6619388
vn -0.4924174 -0.28771383 -0.82142925
vn -0.4607639 -0.52552694 -0.71520483
vn -0.7138596 -0.22856396 -0.6619388
vn -0.6699327 -0.44498485 -0.5942881
vn -0.8615512 -0.14358667 -0.48694175
vn -0.7138596 -0.22856396 -0.6619388
vn -0.4607639 -0.52552694 -0.71520483
vn -0.6699327 -0.44498485 -0.5942881
vn -0.4924174 -0.28771383 -0.82142925
vn -0.25848022 -0.56646043 -0.78250265
vn -0.4607639 -0.52552694 -0.71520483
vn -0.954919 0.11140463 -0.2751707
vn -0.99403846 0.082023636 -0.071830645
vn -0.9421874 0.2921619 -0.16408652
vn -0.954919 0.11140463 -0.2751707
vn -0.87094754 -0.00783366 -0.4913136
vn -0.95976514 0.020207703 -0.28007603
vn -0.954919 0.11140463 -0.2751707
vn -0.95976514 0.020207703 -0.28007603
vn -0.99403846 0.082023636 -0.071830645
vn -0.87094754 -0.00783366 -0.4913136
vn -0.8615512 -0.14358667 -0.48694175
vn -0.95976514 0.020207703 -0.28007603
vn -0.71515965 0.69615734 -0.06254178
vn -0.8207023 0.5632022 -0.09618223
vn -0.831098 0.5557134 -0.02141428
vn 2.5166378E-09 -0.80906844 -0.5877144
vn -0.21951164 -0.79785126 -0.5614697
vn -0.25848022 -0.56646043 -0.78250265
vn 2.5166378E-09 -0.80906844 -0.5877144
vn 2.4087004E-09 -0.9469317 -0.32143474
vn -0.21951164 -0.79785126 -0.5614697
vn -0.25848022 -0.56646043 -0.78250265
vn -0.21951164 -0.79785126 -0.5614697
vn -0.4607639 -0.52552694 -0.71520483
vn -0.6699327 -0.44498485 -0.5942881
vn -0.82007086 -0.3183379 -0.4755468
vn -0.8615512 -0.14358667 -0.48694175
vn -0.6699327 -0.44498485 -0.5942881
vn -0.4607639 -0.52552694 -0.71520483
vn -0.39687452 -0.74071604 -0.5420612
vn -0.6699327 -0.44498485 -0.5942881
vn -0.57766664 -0.6619054 -0.47768444
vn -0.82007086 -0.3183379 -0.4755468
vn -0.6699327 -0.44498485 -0.5942881
vn -0.39687452 -0.74071604 -0.5420612
vn -0.57766664 -0.6619054 -0.47768444
vn -0.4607639 -0.52552694 -0.71520483
vn -0.21951164 -0.79785126 -0.5614697
vn -0.39687452 -0.74071604 -0.5420612
vn -0.9421874 0.2921619 -0.16408652
vn -0.99403846 0.082023636 -0.071830645
vn -0.8220425 -0.37873435 -0.42521346
vn -0.9421874 0.2921619 -0.16408652
vn -0.59311867 0.12899333 -0.79471433
vn -0.8207023 0.5632022 -0.09618223
vn -0.9421874 0.2921619 -0.16408652
vn -0.8220425 -0.37873435 -0.42521346
vn -0.59311867 0.12899333 -0.79471433
vn -0.95976514 0.020207703 -0.28007603
vn -0.8615512 -0.14358667 -0.48694175
vn -0.9520035 -0.06542951 -0.29901227
vn -0.95976514 0.020207703 -0.28007603
vn -0.9940184 0.065396875 -0.08746812
vn -0.99403846 0.082023636 -0.071830645
vn -0.95976514 0.020207703 -0.28007603
vn -0.9520035 -0.06542951 -0.29901227
vn -0.9940184 0.065396875 -0.08746812
vn -0.8615512 -0.14358667 -0.48694175
vn -0.82007086 -0.3183379 -0.4755468
vn -0.9520035 -0.06542951 -0.29901227
vn -0.831098 0.5557134 -0.02141428
vn -0.8207023 0.5632022 -0.09618223
vn -0.5730278 0.7855547 0.23354453
vn 2.4087004E-09 -0.9469317 -0.32143474
vn -0.118908584 -0.93722486 -0.32782674
vn -0.21951164 -0.79785126 -0.5614697
vn 2.4087004E-09 -0.9469317 -0.32143474
vn 1.1963666E-09 -0.9907944 -0.13537514
vn -0.118908584 -0.93722486 -0.32782674
vn -0.57766664 -0.6619054 -0.47768444
vn -0.39687452 -0.74071604 -0.5420612
vn -0.29525694 -0.9012338 -0.31717652
vn -0.57766664 -0.6619054 -0.47768444
vn -0.7394185 -0.52929986 -0.41605505
vn -0.82007086 -0.3183379 -0.4755468
vn -0.57766664 -0.6619054 -0.47768444
vn -0.29525694 -0.9012338 -0.31717652
vn -0.46838564 -0.82786477 -0.30863345
vn -0.57766664 -0.6619054 -0.47768444
vn -0.46838564 -0.82786477 -0.30863345
vn -0.7394185 -0.52929986 -0.41605505
vn -0.21951164 -0.79785126 -0.5614697
vn -0.118908584 -0.93722486 -0.32782674
vn -0.29525694 -0.9012338 -0.31717652
vn -0.21951164 -0.79785126 -0.5614697
vn -0.29525694 -0.9012338 -0.31717652
vn -0.39687452 -0.74071604 -0.5420612
vn -0.8220425 -0.37873435 -0.42521346
vn -0.99403846 0.082023636 -0.071830645
vn -0.95369226 -0.2086154 0.21668112
vn -0.59311867 0.12899333 -0.79471433
vn -0.1772844 0.7714665 -0.6110725
vn -0.8207023 0.5632022 -0.09618223
vn -0.8207023 0.5632022 -0.09618223
vn -0.1772844 0.7714665 -0.6110725
vn -0.5730278 0.7855547 0.23354453
vn -0.9940184 0.065396875 -0.08746812
vn -0.9520035 -0.06542951 -0.29901227
vn -0.9951859 -0.006416075 -0.097794004
vn -0.9940184 0.065396875 -0.08746812
vn -0.9967837 0.071810216 0.035575844
vn -0.99403846 0.082023636 -0.071830645
vn -0.9940184 0.065396875 -0.08746812
vn -0.9951859 -0.006416075 -0.097794004
vn -0.9955669 0.07052758 0.062230233
vn -0.9940184 0.065396875 -0.08746812
vn -0.9955669 0.07052758 0.062230233
vn -0.9967837 0.071810216 0.035575844
vn -0.9967837 0.071810216 0.035575844
vn -0.95369226 -0.2086154 0.21668112
vn -0.99403846 0.082023636 -0.071830645
vn 1.1963666E-09 -0.9907944 -0.13537514
vn -0.12144075 -0.9831947 -0.13630861
vn -0.118908584 -0.93722486 -0.32782674
vn -0.118908584 -0.93722486 -0.32782674
vn -0.12144075 -0.9831947 -0.13630861
vn -0.29525694 -0.9012338 -0.31717652
vn -0.82007086 -0.3183379 -0.4755468
vn -0.7394185 -0.52929986 -0.41605505
vn -0.9343806 -0.19394848 -0.2988594
vn -0.82007086 -0.3183379 -0.4755468
vn -0.9343806 -0.19394848 -0.2988594
vn -0.9520035 -0.06542951 -0.29901227
vn -0.9520035 -0.06542951 -0.29901227
vn -0.9343806 -0.19394848 -0.2988594
vn -0.9951859 -0.006416075 -0.097794004
vn -0.46838564 -0.82786477 -0.30863345
vn -0.29525694 -0.9012338 -0.31717652
vn -0.2554557 -0.9578006 -0.13175845
vn -0.46838564 -0.82786477 -0.30863345
vn -0.6527458 -0.7133411 -0.25508296
vn -0.7394185 -0.52929986 -0.41605505
vn -0.46838564 -0.82786477 -0.30863345
vn -0.2554557 -0.9578006 -0.13175845
vn -0.39254338 -0.9104508 -0.13034159
vn -0.46838564 -0.82786477 -0.30863345
vn -0.39254338 -0.9104508 -0.13034159
vn -0.6527458 -0.7133411 -0.25508296
vn -0.2554557 -0.9578006 -0.13175845
vn -0.29525694 -0.9012338 -0.31717652
vn -0.12144075 -0.9831947 -0.13630861
vn -0.9955669 0.07052758 0.062230233
vn -0.9951859 -0.006416075 -0.097794004
vn -0.9973857 0.02529139 0.06769216
vn -0.9343806 -0.19394848 -0.2988594
vn -0.7394185 -0.52929986 -0.41605505
vn -0.8923747 -0.37446856 -0.25187457
vn -0.9343806 -0.19394848 -0.2988594
vn -0.9896892 -0.10862784 -0.09335611
vn -0.9951859 -0.006416075 -0.097794004
vn -0.9343806 -0.19394848 -0.2988594
vn -0.8923747 -0.37446856 -0.25187457
vn -0.9896892 -0.10862784 -0.09335611
vn -0.9951859 -0.006416075 -0.097794004
vn -0.9896892 -0.10862784 -0.09335611
vn -0.9973857 0.02529139 0.06769216
vn -0.7394185 -0.52929986 -0.41605505
vn -0.6527458 -0.7133411 -0.25508296
vn -0.8923747 -0.37446856 -0.25187457
vn -0.39254338 -0.9104508 -0.13034159
vn -0.58493346 -0.8047363 -0.10125333
vn -0.6527458 -0.7133411 -0.25508296
vn -0.9896892 -0.10862784 -0.09335611
vn -0.9959793 -0.06516551 0.061472185
vn -0.9973857 0.02529139 0.06769216
vn -0.9896892 -0.10862784 -0.09335611
vn -0.8923747 -0.37446856 -0.25187457
vn -0.96687126 -0.23852956 -0.0909047
vn -0.9896892 -0.10862784 -0.09335611
vn -0.96687126 -0.23852956 -0.0909047
vn -0.9959793 -0.06516551 0.061472185
vn -0.58493346 -0.8047363 -0.10125333
vn -0.81769633 -0.55029243 -0.1689699
vn -0.6527458 -0.7133411 -0.25508296
vn -0.58493346 -0.8047363 -0.10125333
vn -0.7774003 -0.627191 -0.0477494
vn -0.81769633 -0.55029243 -0.1689699
vn -0.8923747 -0.37446856 -0.25187457
vn -0.81769633 -0.55029243 -0.1689699
vn -0.96687126 -0.23852956 -0.0909047
vn -0.8923747 -0.37446856 -0.25187457
vn -0.6527458 -0.7133411 -0.25508296
vn -0.81769633 -0.55029243 -0.1689699
vn -0.9959793 -0.06516551 0.061472185
vn -0.96687126 -0.23852956 -0.0909047
vn -0.97959006 -0.19369726 0.053708956
vn -0.7774003 -0.627191 -0.0477494
vn -0.91365176 -0.3947607 -0.09697592
vn -0.81769633 -0.55029243 -0.1689699
vn -0.7774003 -0.627191 -0.0477494
vn -0.9168411 -0.39697614 0.042569697
vn -0.91365176 -0.3947607 -0.09697592
vn -0.91365176 -0.3947607 -0.09697592
vn -0.97959006 -0.19369726 0.053708956
vn -0.96687126 -0.23852956 -0.0909047
vn -0.91365176 -0.3947607 -0.09697592
vn -0.96687126 -0.23852956 -0.0909047
vn -0.81769633 -0.55029243 -0.1689699
vn -0.91365176 -0.3947607 -0.09697592
vn -0.9168411 -0.39697614 0.042569697
vn -0.97959006 -0.19369726 0.053708956
vn -0.35713002 0.55019176 0.75481594
vn -0.20420249 -0.26321983 0.9428767
vn -0.3985811 -0.33001554 0.8557002
vn -0.20420249 -0.26321983 0.9428767
vn -0.39418083 0.08689654 0.9149155
vn -0.3985811 -0.33001554 0.8557002
vn -0.39418083 0.08689654 0.9149155
vn -0.19065765 0.14140922 0.9714181
vn -0.3985811 -0.33001554 0.8557002
vn -0.39418083 0.08689654 0.9149155
vn -0.20420249 -0.26321983 0.9428767
vn -0.60833967 0.35383528 0.7104389
vn -0.19065765 0.14140922 0.9714181
vn 0.023118936 -0.32588935 0.9451251
vn -0.3985811 -0.33001554 0.8557002
vn -0.19065765 0.14140922 0.9714181
vn 0.6939574 0.31317407 0.64834034
vn 0.023118936 -0.32588935 0.9451251
vn -0.19065765 0.14140922 0.9714181
vn -0.20760128 0.45350683 0.8667371
vn 0.6939574 0.31317407 0.64834034
vn -0.20420249 -0.26321983 0.9428767
vn -0.5526532 -0.44887012 0.70220375
vn -0.60833967 0.35383528 0.7104389
vn -0.20420249 -0.26321983 0.9428767
vn -0.3160236 0.46527803 0.8268285
vn -0.5526532 -0.44887012 0.70220375
vn -0.3985811 -0.33001554 0.8557002
vn 0.023118936 -0.32588935 0.9451251
vn -0.8225557 -0.2449457 0.51322854
vn -0.20760128 0.45350683 0.8667371
vn -0.07522887 0.82975876 0.553029
vn 0.6939574 0.31317407 0.64834034
vn -0.20760128 0.45350683 0.8667371
vn -0.9845028 0.06812377 0.1615962
vn -0.07522887 0.82975876 0.553029
vn -0.20760128 0.45350683 0.8667371
vn -0.64360225 0.054191828 0.7634392
vn -0.9845028 0.06812377 0.1615962
vn -0.20760128 0.45350683 0.8667371
vn -0.00013839907 0.2051385 0.9787328
vn -0.64360225 0.054191828 0.7634392
vn -0.20760128 0.45350683 0.8667371
vn 0.023924448 0.49904984 0.8662429
vn -0.00013839907 0.2051385 0.9787328
vn 0.023118936 -0.32588935 0.9451251
vn -0.26116213 0.7380057 0.6222074
vn -0.8225557 -0.2449457 0.51322854
vn 0.023118936 -0.32588935 0.9451251
vn 0.6939574 0.31317407 0.64834034
vn -0.26116213 0.7380057 0.6222074
vn -0.9845028 0.06812377 0.1615962
vn -0.64360225 0.054191828 0.7634392
vn -0.9771421 0.06309292 0.20300868
vn -0.00013839907 0.2051385 0.9787328
vn -0.35348973 0.9228184 0.15313739
vn -0.64360225 0.054191828 0.7634392
vn -0.64360225 0.054191828 0.7634392
vn -0.35348973 0.9228184 0.15313739
vn -0.9771421 0.06309292 0.20300868
vn -0.32874477 0.5415262 -0.77374184
vn -0.76967627 0.033376098 -0.6375614
vn -0.8334339 0.52984715 -0.1570028
vn -0.76967627 0.033376098 -0.6375614
vn -0.90822196 -0.3958775 0.13569781
vn -0.8334339 0.52984715 -0.1570028
vn -0.20420249 -0.26321983 0.9428767
vn -0.55724347 0.82960594 0.035124004
vn -0.3160236 0.46527803 0.8268285
vn 0.30567333 0.61396134 0.72774684
vn 0.41121095 0.6831778 0.603468
vn 0.4842527 0.20243394 0.8511872
vn 0.30567333 0.61396134 0.72774684
vn 3.6374286E-09 0.906127 0.42300564
vn 0.41121095 0.6831778 0.603468
vn 0.4842527 0.20243394 0.8511872
vn 0.41121095 0.6831778 0.603468
vn 0.50421447 0.15939033 0.84874177
vn 0.4842527 0.20243394 0.8511872
vn 0.50421447 0.15939033 0.84874177
vn 0.32393196 0.03071326 0.9455816
vn 3.6374286E-09 0.906127 0.42300564
vn 6.0345426E-09 0.8326419 0.5538117
vn 0.41121095 0.6831778 0.603468
vn 3.6374286E-09 0.906127 0.42300564
vn -0.41121086 0.68317777 0.60346794
vn 6.0345426E-09 0.8326419 0.5538117
vn 3.6374286E-09 0.906127 0.42300564
vn -0.3056733 0.6139611 0.7277469
vn -0.41121086 0.68317777 0.60346794
vn 0.50421447 0.15939033 0.84874177
vn 0.3790158 -0.15490383 0.91233313
vn 0.32393196 0.03071326 0.9455816
vn 0.50421447 0.15939033 0.84874177
vn 0.41121095 0.6831778 0.603468
vn 5.197412E-09 0.266195 0.9639192
vn 0.50421447 0.15939033 0.84874177
vn 5.197412E-09 0.266195 0.9639192
vn 0.3790158 -0.15490383 0.91233313
vn 6.0345426E-09 0.8326419 0.5538117
vn -0.41121086 0.68317777 0.60346794
vn 5.197412E-09 0.266195 0.9639192
vn 6.0345426E-09 0.8326419 0.5538117
vn 5.197412E-09 0.266195 0.9639192
vn 0.41121095 0.6831778 0.603468
vn -0.3056733 0.6139611 0.7277469
vn -0.48425266 0.202434 0.8511873
vn -0.41121086 0.68317777 0.60346794
vn 0.32393196 0.03071326 0.9455816
vn 0.3790158 -0.15490383 0.91233313
vn -4.891902E-09 -0.103375494 0.9946424
vn 5.197412E-09 0.266195 0.9639192
vn -0.41121086 0.68317777 0.60346794
vn -0.50421447 0.15939033 0.84874177
vn 5.197412E-09 0.266195 0.9639192
vn 0 -0.15339881 0.98816437
vn 0.3790158 -0.15490383 0.91233313
vn 5.197412E-09 0.266195 0.9639192
vn -0.50421447 0.15939033 0.84874177
vn -0.37901583 -0.15490395 0.912333
vn 5.197412E-09 0.266195 0.9639192
vn -0.37901583 -0.15490395 0.912333
vn 0 -0.15339881 0.98816437
vn 0 -0.15339881 0.98816437
vn -4.891902E-09 -0.103375494 0.9946424
vn 0.3790158 -0.15490383 0.91233313
vn 0 -0.15339881 0.98816437
vn -0.37901583 -0.15490395 0.912333
vn -4.891902E-09 -0.103375494 0.9946424
vn -0.41121086 0.68317777 0.60346794
vn -0.48425266 0.202434 0.8511873
vn -0.50421447 0.15939033 0.84874177
vn -0.37901583 -0.15490395 0.912333
vn -0.32393202 0.03071326 0.9455816
vn -4.891902E-09 -0.103375494 0.9946424
vn -0.37901583 -0.15490395 0.912333
vn -0.50421447 0.15939033 0.84874177
vn -0.32393202 0.03071326 0.9455816
vn -0.32393202 0.03071326 0.9455816
vn -0.50421447 0.15939033 0.84874177
vn -0.48425266 0.202434 0.8511873
vn -0.052786455 -0.8084259 -0.5862263
vn 9.355925E-08 -0.63575226 -0.77189326
vn 0.33695891 0.21246594 -0.9172332
vn 9.355925E-08 -0.63575226 -0.77189326
vn -0.69951385 -0.23725796 -0.6740839
vn -0.73429334 -0.67010915 0.10847545
vn 0.33695891 0.21246594 -0.9172332
vn 9.355925E-08 -0.63575226 -0.77189326
vn 0.3871264 0.09295899 -0.9173286
vn -0.69951385 -0.23725796 -0.6740839
vn 9.355925E-08 -0.63575226 -0.77189326
vn -0.54304194 -0.45327014 -0.7068604
vn -0.73429334 -0.67010915 0.10847545
vn 0.47223476 -0.75205344 -0.4597933
vn 9.355925E-08 -0.63575226 -0.77189326
vn 0.3871264 0.09295899 -0.9173286
vn 9.355925E-08 -0.63575226 -0.77189326
vn 0.35401464 -0.10922778 -0.92883956
vn -0.69951385 -0.23725796 -0.6740839
vn -0.57593775 -0.68186563 -0.45094895
vn 0.34275028 -0.7550897 -0.55889326
vn -0.69951385 -0.23725796 -0.6740839
vn -0.54304194 -0.45327014 -0.7068604
vn -0.57593775 -0.68186563 -0.45094895
vn 0.47223476 -0.75205344 -0.4597933
vn 0.43067613 -0.7439189 -0.510982
vn 9.355925E-08 -0.63575226 -0.77189326
vn 0.35401464 -0.10922778 -0.92883956
vn 9.355925E-08 -0.63575226 -0.77189326
vn 0.18773456 -0.22694927 -0.9556409
vn 0.34275028 -0.7550897 -0.55889326
vn -0.62204653 -0.70635366 -0.3378205
vn -0.63660514 -0.7527476 0.16764504
vn 0.34275028 -0.7550897 -0.55889326
vn -0.57593775 -0.68186563 -0.45094895
vn -0.62204653 -0.70635366 -0.3378205
vn -0.54304194 -0.45327014 -0.7068604
vn 9.355925E-08 -0.63575226 -0.77189326
vn -8.965205E-09 -0.30792868 -0.95140946
vn 0.47223476 -0.75205344 -0.4597933
vn -0.428676 -0.85179484 0.30113548
vn 0.43067613 -0.7439189 -0.510982
vn 0.18773456 -0.22694927 -0.9556409
vn 9.355925E-08 -0.63575226 -0.77189326
vn 0.36590692 -0.64726466 -0.6687006
vn -0.57593775 -0.68186563 -0.45094895
vn -0.5295642 -0.8037291 -0.27125835
vn -0.62204653 -0.70635366 -0.3378205
vn -0.54304194 -0.45327014 -0.7068604
vn -0.52460736 -0.6432234 -0.5577191
vn -0.57593775 -0.68186563 -0.45094895
vn -0.57593775 -0.68186563 -0.45094895
vn -0.52460736 -0.6432234 -0.5577191
vn -0.5295642 -0.8037291 -0.27125835
vn -8.965205E-09 -0.30792868 -0.95140946
vn -0.4482339 -0.46971834 -0.7605597
vn -0.54304194 -0.45327014 -0.7068604
vn -0.54304194 -0.45327014 -0.7068604
vn -0.4482339 -0.46971834 -0.7605597
vn -0.52460736 -0.6432234 -0.5577191
vn 0.43067613 -0.7439189 -0.510982
vn 0.53611434 -0.8392319 0.09094542
vn 9.355925E-08 -0.63575226 -0.77189326
vn 0.36590692 -0.64726466 -0.6687006
vn 9.355925E-08 -0.63575226 -0.77189326
vn 0.49467248 -0.79724795 -0.34596938
vn -0.62204653 -0.70635366 -0.3378205
vn -0.5295642 -0.8037291 -0.27125835
vn -0.49278644 -0.8678149 0.06370723
vn -8.965205E-09 -0.30792868 -0.95140946
vn 1.0152645E-08 -0.49025786 -0.8715774
vn -0.4482339 -0.46971834 -0.7605597
vn -0.52460736 -0.6432234 -0.5577191
vn -0.48711434 -0.6156232 -0.6194575
vn -0.4421212 -0.87684965 -0.1888476
vn -0.52460736 -0.6432234 -0.5577191
vn -0.4421212 -0.87684965 -0.1888476
vn -0.5295642 -0.8037291 -0.27125835
vn -0.4482339 -0.46971834 -0.7605597
vn 1.0152645E-08 -0.49025786 -0.8715774
vn -0.48711434 -0.6156232 -0.6194575
vn -0.4482339 -0.46971834 -0.7605597
vn -0.48711434 -0.6156232 -0.6194575
vn -0.52460736 -0.6432234 -0.5577191
vn -0.5295642 -0.8037291 -0.27125835
vn -0.4421212 -0.87684965 -0.1888476
vn -0.49278644 -0.8678149 0.06370723
vn 0.43067613 -0.7439189 -0.510982
vn -0.5643627 -0.8198904 0.09630418
vn 0.53611434 -0.8392319 0.09094542
vn 0.36590692 -0.64726466 -0.6687006
vn 0.49467248 -0.79724795 -0.34596938
vn -0.13243629 -0.8326696 -0.53770053
vn 9.355925E-08 -0.63575226 -0.77189326
vn 0.53611434 -0.8392319 0.09094542
vn 0.7960866 -0.59595037 -0.10530546
vn 9.355925E-08 -0.63575226 -0.77189326
vn 0.7960866 -0.59595037 -0.10530546
vn 0.49467248 -0.79724795 -0.34596938
vn -0.62204653 -0.70635366 -0.3378205
vn -0.49278644 -0.8678149 0.06370723
vn -0.5188883 -0.7826334 0.34385997
vn 1.0152645E-08 -0.49025786 -0.8715774
vn -1.9268304E-08 -0.9435947 -0.3311025
vn -0.48711434 -0.6156232 -0.6194575
vn -0.48711434 -0.6156232 -0.6194575
vn -1.9268304E-08 -0.9435947 -0.3311025
vn -0.4421212 -0.87684965 -0.1888476
vn -0.5643627 -0.8198904 0.09630418
vn 0.3389687 -0.93549925 -0.09970617
vn 0.53611434 -0.8392319 0.09094542
vn 0.7960866 -0.59595037 -0.10530546
vn 0.53611434 -0.8392319 0.09094542
vn 0.3389687 -0.93549925 -0.09970617
vn 0.7960866 -0.59595037 -0.10530546
vn 0.3389687 -0.93549925 -0.09970617
vn 0.49467248 -0.79724795 -0.34596938
vn -0.13243629 -0.8326696 -0.53770053
vn 0.49467248 -0.79724795 -0.34596938
vn -0.3691361 -0.75715494 -0.5389387
vn -0.3691361 -0.75715494 -0.5389387
vn 0.49467248 -0.79724795 -0.34596938
vn 0.3389687 -0.93549925 -0.09970617
vn -0.49278644 -0.8678149 0.06370723
vn -0.4421212 -0.87684965 -0.1888476
vn 0 -0.88524723 -0.46512073
vn 0 -0.88524723 -0.46512073
vn -0.4421212 -0.87684965 -0.1888476
vn -1.9268304E-08 -0.9435947 -0.3311025
vn -0.69951385 -0.23725796 -0.6740839
vn 0.34275028 -0.7550897 -0.55889326
vn -0.15783279 0.062738776 -0.9854708
vn 0.34275028 -0.7550897 -0.55889326
vn 0.8277477 0.5317837 -0.1789965
vn -0.15783279 0.062738776 -0.9854708
vn 0.34275028 -0.7550897 -0.55889326
vn 0.40617228 -0.4543244 0.7928513
vn 0.8277477 0.5317837 -0.1789965
vn -0.15783279 0.062738776 -0.9854708
vn 0.8277477 0.5317837 -0.1789965
vn 0.6129199 -0.7314726 -0.2987925
vn 0.34275028 -0.7550897 -0.55889326
vn -0.63660514 -0.7527476 0.16764504
vn 0.40617228 -0.4543244 0.7928513
vn 0.8277477 0.5317837 -0.1789965
vn 0.40617228 -0.4543244 0.7928513
vn 0.6129199 -0.7314726 -0.2987925
vn -0.3687425 0.9029464 0.22071862
vn -0.41740838 0.8605436 0.29195005
vn 6.8661734E-08 0.94365674 0.33092558
vn -0.41740838 0.8605436 0.29195005
vn -0.52571356 0.79058194 0.31401512
vn 6.8661734E-08 0.94365674 0.33092558
vn -0.52571356 0.79058194 0.31401512
vn -0.5697599 0.7434242 0.35027742
vn 6.8661734E-08 0.94365674 0.33092558
vn -0.52571356 0.79058194 0.31401512
vn -0.6106267 0.38716292 0.69082546
vn -0.5697599 0.7434242 0.35027742
vn 6.8661734E-08 0.94365674 0.33092558
vn -0.521334 0.6868737 0.50637454
vn -0.41756764 0.5992586 0.6830273
vn -0.6106267 0.38716292 0.69082546
vn -0.74891126 0.56786376 0.34155926
vn -0.5697599 0.7434242 0.35027742
vn 6.8661734E-08 0.94365674 0.33092558
vn -0.21855266 0.44975632 0.86599886
vn -0.4732366 0.6367464 0.60877025
vn 6.8661734E-08 0.94365674 0.33092558
vn -0.5697599 0.7434242 0.35027742
vn -0.521334 0.6868737 0.50637454
vn 6.8661734E-08 0.94365674 0.33092558
vn -0.41756764 0.5992586 0.6830273
vn -0.21855266 0.44975632 0.86599886
vn -0.6106267 0.38716292 0.69082546
vn -0.7733682 0.23488629 0.5888379
vn -0.82721764 0.39215183 0.40240267
vn -0.6106267 0.38716292 0.69082546
vn -0.82721764 0.39215183 0.40240267
vn -0.74891126 0.56786376 0.34155926
vn -0.4732366 0.6367464 0.60877025
vn -0.21855266 0.44975632 0.86599886
vn -0.63081133 0.53697866 0.5601169
vn -0.5697599 0.7434242 0.35027742
vn -0.74891126 0.56786376 0.34155926
vn -0.6776386 0.5131007 0.5268146
vn -0.5697599 0.7434242 0.35027742
vn -0.6776386 0.5131007 0.5268146
vn -0.521334 0.6868737 0.50637454
vn -0.41756764 0.5992586 0.6830273
vn -0.521334 0.6868737 0.50637454
vn -0.555365 0.4475578 0.7009005
vn -0.521334 0.6868737 0.50637454
vn -0.6776386 0.5131007 0.5268146
vn -0.555365 0.4475578 0.7009005
vn -0.7733682 0.23488629 0.5888379
vn -0.9270898 0.17730707 0.33025265
vn -0.8953943 0.15483952 0.41748506
vn -0.82721764 0.39215183 0.40240267
vn -0.7733682 0.23488629 0.5888379
vn -0.8953943 0.15483952 0.41748506
vn -0.21855266 0.44975632 0.86599886
vn -0.31937551 0.34603554 0.88218963
vn -0.63081133 0.53697866 0.5601169
vn -0.41756764 0.5992586 0.6830273
vn -0.31937551 0.34603554 0.88218963
vn -0.21855266 0.44975632 0.86599886
vn -0.41756764 0.5992586 0.6830273
vn -0.555365 0.4475578 0.7009005
vn -0.31937551 0.34603554 0.88218963
vn -0.74891126 0.56786376 0.34155926
vn -0.82721764 0.39215183 0.40240267
vn -0.7769665 0.33731896 0.5315439
vn -0.74891126 0.56786376 0.34155926
vn -0.7769665 0.33731896 0.5315439
vn -0.6776386 0.5131007 0.5268146
vn -0.9270898 0.17730707 0.33025265
vn -0.7733682 0.23488629 0.5888379
vn -0.95399565 0.21061702 0.21338433
vn -0.8953943 0.15483952 0.41748506
vn -0.8459495 0.1129629 0.52116096
vn -0.82721764 0.39215183 0.40240267
vn -0.82721764 0.39215183 0.40240267
vn -0.8459495 0.1129629 0.52116096
vn -0.7769665 0.33731896 0.5315439
vn -0.63081133 0.53697866 0.5601169
vn -0.31937551 0.34603554 0.88218963
vn -0.756288 0.3714701 0.5385521
vn -0.555365 0.4475578 0.7009005
vn -0.6650559 0.29152358 0.68754244
vn -0.4279271 0.21621352 0.8775705
vn -0.555365 0.4475578 0.7009005
vn -0.6776386 0.5131007 0.5268146
vn -0.6650559 0.29152358 0.68754244
vn -0.31937551 0.34603554 0.88218963
vn -0.4279271 0.21621352 0.8775705
vn -0.756288 0.3714701 0.5385521
vn -0.31937551 0.34603554 0.88218963
vn -0.555365 0.4475578 0.7009005
vn -0.4279271 0.21621352 0.8775705
vn -0.6776386 0.5131007 0.5268146
vn -0.7769665 0.33731896 0.5315439
vn -0.6650559 0.29152358 0.68754244
vn -0.9270898 0.17730707 0.33025265
vn -0.95399565 0.21061702 0.21338433
vn -0.99165326 -0.051263094 0.1183038
vn -0.7733682 0.23488629 0.5888379
vn -0.5382386 -0.6660578 -0.5163973
vn -0.95399565 0.21061702 0.21338433
vn -0.8953943 0.15483952 0.41748506
vn -0.9270898 0.17730707 0.33025265
vn -0.92631394 -0.12579964 0.3551293
vn -0.8459495 0.1129629 0.52116096
vn -0.73222077 0.06887406 0.6775759
vn -0.7769665 0.33731896 0.5315439
vn -0.7769665 0.33731896 0.5315439
vn -0.73222077 0.06887406 0.6775759
vn -0.6650559 0.29152358 0.68754244
vn -0.756288 0.3714701 0.5385521
vn -0.4279271 0.21621352 0.8775705
vn -0.80827427 0.1175642 0.5769501
vn -0.99165326 -0.051263094 0.1183038
vn -0.9988442 -0.022264477 -0.04259805
vn -0.96067876 -0.2524544 -0.11559878
vn -0.5382386 -0.6660578 -0.5163973
vn -0.66842073 -0.7145564 -0.20645297
vn -0.9634593 0.2611802 0.059423655
vn -0.95399565 0.21061702 0.21338433
vn -0.5382386 -0.6660578 -0.5163973
vn -0.9634593 0.2611802 0.059423655
vn -0.95399565 0.21061702 0.21338433
vn -0.9988442 -0.022264477 -0.04259805
vn -0.99165326 -0.051263094 0.1183038
vn -0.95399565 0.21061702 0.21338433
vn -0.9634593 0.2611802 0.059423655
vn -0.9988442 -0.022264477 -0.04259805
vn -0.8953943 0.15483952 0.41748506
vn -0.92631394 -0.12579964 0.3551293
vn -0.84605175 -0.17065638 0.5050474
vn -0.8953943 0.15483952 0.41748506
vn -0.84605175 -0.17065638 0.5050474
vn -0.8459495 0.1129629 0.52116096
vn -0.9270898 0.17730707 0.33025265
vn -0.99165326 -0.051263094 0.1183038
vn -0.96510804 -0.09777354 0.24291328
vn -0.9270898 0.17730707 0.33025265
vn -0.96510804 -0.09777354 0.24291328
vn -0.92631394 -0.12579964 0.3551293
vn -0.73222077 0.06887406 0.6775759
vn -0.47407845 0.027712584 0.8800464
vn -0.6650559 0.29152358 0.68754244
vn -0.4279271 0.21621352 0.8775705
vn -0.47407845 0.027712584 0.8800464
vn -0.80827427 0.1175642 0.5769501
vn -0.4279271 0.21621352 0.8775705
vn -0.6650559 0.29152358 0.68754244
vn -0.47407845 0.027712584 0.8800464
vn -0.96067876 -0.2524544 -0.11559878
vn -0.8567208 -0.49058956 -0.15922078
vn -0.9327007 -0.3435491 0.10974249
vn -0.99165326 -0.051263094 0.1183038
vn -0.96067876 -0.2524544 -0.11559878
vn -0.9327007 -0.3435491 0.10974249
vn -0.99165326 -0.051263094 0.1183038
vn -0.9327007 -0.3435491 0.10974249
vn -0.96510804 -0.09777354 0.24291328
vn -0.66842073 -0.7145564 -0.20645297
vn -0.93159693 0.3385415 -0.1323506
vn -0.9634593 0.2611802 0.059423655
vn -0.9988442 -0.022264477 -0.04259805
vn -0.97417444 -0.012823671 -0.22543217
vn -0.90844786 -0.22498971 -0.3522814
vn -0.9988442 -0.022264477 -0.04259805
vn -0.90844786 -0.22498971 -0.3522814
vn -0.96067876 -0.2524544 -0.11559878
vn -0.9634593 0.2611802 0.059423655
vn -0.93159693 0.3385415 -0.1323506
vn -0.97417444 -0.012823671 -0.22543217
vn -0.9634593 0.2611802 0.059423655
vn -0.97417444 -0.012823671 -0.22543217
vn -0.9988442 -0.022264477 -0.04259805
vn -0.84605175 -0.17065638 0.5050474
vn -0.6560912 -0.51575124 0.5509492
vn -0.7341404 -0.22969568 0.6389662
vn -0.8459495 0.1129629 0.52116096
vn -0.7341404 -0.22969568 0.6389662
vn -0.73222077 0.06887406 0.6775759
vn -0.8459495 0.1129629 0.52116096
vn -0.84605175 -0.17065638 0.5050474
vn -0.7341404 -0.22969568 0.6389662
vn -0.92631394 -0.12579964 0.3551293
vn -0.89247185 -0.41463125 0.17769322
vn -0.8761476 -0.39228722 0.2801357
vn -0.96510804 -0.09777354 0.24291328
vn -0.9327007 -0.3435491 0.10974249
vn -0.89247185 -0.41463125 0.17769322
vn -0.96510804 -0.09777354 0.24291328
vn -0.89247185 -0.41463125 0.17769322
vn -0.92631394 -0.12579964 0.3551293
vn -0.80827427 0.1175642 0.5769501
vn -0.47407845 0.027712584 0.8800464
vn -0.8109596 -0.18625343 0.554666
vn -0.8567208 -0.49058956 -0.15922078
vn -0.63013715 -0.5774824 -0.5190771
vn -0.73543704 -0.6578399 -0.16241589
vn -0.66842073 -0.7145564 -0.20645297
vn -0.53296363 0.6420993 -0.55105186
vn -0.93159693 0.3385415 -0.1323506
vn -0.90844786 -0.22498971 -0.3522814
vn -0.7819077 -0.42744142 -0.4537776
vn -0.96067876 -0.2524544 -0.11559878
vn -0.96067876 -0.2524544 -0.11559878
vn -0.7819077 -0.42744142 -0.4537776
vn -0.8567208 -0.49058956 -0.15922078
vn -0.97417444 -0.012823671 -0.22543217
vn -0.8562932 -0.22132316 -0.466667
vn -0.90844786 -0.22498971 -0.3522814
vn -0.6560912 -0.51575124 0.5509492
vn -0.7578152 -0.4461775 0.47606894
vn -0.5793432 -0.6531919 0.48754668
vn -0.92631394 -0.12579964 0.3551293
vn -0.7578152 -0.4461775 0.47606894
vn -0.84605175 -0.17065638 0.5050474
vn -0.84605175 -0.17065638 0.5050474
vn -0.7578152 -0.4461775 0.47606894
vn -0.6560912 -0.51575124 0.5509492
vn -0.92631394 -0.12579964 0.3551293
vn -0.8761476 -0.39228722 0.2801357
vn -0.7578152 -0.4461775 0.47606894
vn -0.73222077 0.06887406 0.6775759
vn -0.7341404 -0.22969568 0.6389662
vn -0.5083925 -0.24441993 0.8257093
vn -0.47407845 0.027712584 0.8800464
vn -0.5083925 -0.24441993 0.8257093
vn -0.8109596 -0.18625343 0.554666
vn -0.47407845 0.027712584 0.8800464
vn -0.73222077 0.06887406 0.6775759
vn -0.5083925 -0.24441993 0.8257093
vn -0.9327007 -0.3435491 0.10974249
vn -0.8567208 -0.49058956 -0.15922078
vn -0.80700797 -0.56701934 0.1650067
vn -0.89247185 -0.41463125 0.17769322
vn -0.8054443 -0.57209194 0.15482366
vn -0.8761476 -0.39228722 0.2801357
vn -0.9327007 -0.3435491 0.10974249
vn -0.8054443 -0.57209194 0.15482366
vn -0.89247185 -0.41463125 0.17769322
vn -0.9327007 -0.3435491 0.10974249
vn -0.80700797 -0.56701934 0.1650067
vn -0.8054443 -0.57209194 0.15482366
vn -0.63013715 -0.5774824 -0.5190771
vn -0.8567208 -0.49058956 -0.15922078
vn -0.7819077 -0.42744142 -0.4537776
vn -0.73543704 -0.6578399 -0.16241589
vn -0.6540134 -0.7203066 0.23113811
vn -0.8567208 -0.49058956 -0.15922078
vn -0.8567208 -0.49058956 -0.15922078
vn -0.6540134 -0.7203066 0.23113811
vn -0.80700797 -0.56701934 0.1650067
vn -0.53296363 0.6420993 -0.55105186
vn -0.8585478 0.40288422 -0.3171434
vn -0.93159693 0.3385415 -0.1323506
vn -0.97417444 -0.012823671 -0.22543217
vn -0.9125893 0.029744387 -0.4077941
vn -0.8562932 -0.22132316 -0.466667
vn -0.93159693 0.3385415 -0.1323506
vn -0.8585478 0.40288422 -0.3171434
vn -0.9125893 0.029744387 -0.4077941
vn -0.93159693 0.3385415 -0.1323506
vn -0.9125893 0.029744387 -0.4077941
vn -0.97417444 -0.012823671 -0.22543217
vn -0.90844786 -0.22498971 -0.3522814
vn -0.76113373 -0.4175917 -0.49627882
vn -0.7819077 -0.42744142 -0.4537776
vn -0.90844786 -0.22498971 -0.3522814
vn -0.8562932 -0.22132316 -0.466667
vn -0.76113373 -0.4175917 -0.49627882
vn -0.5793432 -0.6531919 0.48754668
vn -0.7578152 -0.4461775 0.47606894
vn -0.6254581 -0.6353965 0.45285046
vn -0.7578152 -0.4461775 0.47606894
vn -0.8761476 -0.39228722 0.2801357
vn -0.6254581 -0.6353965 0.45285046
vn -0.6560912 -0.51575124 0.5509492
vn -0.5793432 -0.6531919 0.48754668
vn -0.487451 -0.5058198 0.71171486
vn -0.5083925 -0.24441993 0.8257093
vn -0.7341404 -0.22969568 0.6389662
vn -0.487451 -0.5058198 0.71171486
vn -0.7341404 -0.22969568 0.6389662
vn -0.6560912 -0.51575124 0.5509492
vn -0.487451 -0.5058198 0.71171486
vn -0.5083925 -0.24441993 0.8257093
vn -0.487451 -0.5058198 0.71171486
vn -0.8109596 -0.18625343 0.554666
vn -0.8054443 -0.57209194 0.15482366
vn -0.8013401 -0.5772095 0.15710896
vn -0.8761476 -0.39228722 0.2801357
vn -0.8761476 -0.39228722 0.2801357
vn -0.8013401 -0.5772095 0.15710896
vn -0.6254581 -0.6353965 0.45285046
vn -0.63013715 -0.5774824 -0.5190771
vn -0.3691361 -0.75715494 -0.5389387
vn 0.3389687 -0.93549925 -0.09970617
vn -0.3691361 -0.75715494 -0.5389387
vn -0.63013715 -0.5774824 -0.5190771
vn -0.7819077 -0.42744142 -0.4537776
vn -0.73543704 -0.6578399 -0.16241589
vn 0.3389687 -0.93549925 -0.09970617
vn -0.6540134 -0.7203066 0.23113811
vn -0.73543704 -0.6578399 -0.16241589
vn -0.63013715 -0.5774824 -0.5190771
vn 0.3389687 -0.93549925 -0.09970617
vn -0.7819077 -0.42744142 -0.4537776
vn -0.76113373 -0.4175917 -0.49627882
vn -0.3691361 -0.75715494 -0.5389387
vn -0.80700797 -0.56701934 0.1650067
vn -0.5643627 -0.8198904 0.09630418
vn -0.8054443 -0.57209194 0.15482366
vn -0.6540134 -0.7203066 0.23113811
vn -0.5643627 -0.8198904 0.09630418
vn -0.80700797 -0.56701934 0.1650067
vn -0.6540134 -0.7203066 0.23113811
vn 0.3389687 -0.93549925 -0.09970617
vn -0.5643627 -0.8198904 0.09630418
vn -0.8054443 -0.57209194 0.15482366
vn -0.5643627 -0.8198904 0.09630418
vn -0.8013401 -0.5772095 0.15710896
vn -0.53296363 0.6420993 -0.55105186
vn -0.6931811 0.6994155 -0.17412037
vn -0.8585478 0.40288422 -0.3171434
vn -0.9125893 0.029744387 -0.4077941
vn -0.832015 0.08151513 -0.54873145
vn -0.7970843 -0.18072021 -0.57619166
vn -0.9125893 0.029744387 -0.4077941
vn -0.7970843 -0.18072021 -0.57619166
vn -0.8562932 -0.22132316 -0.466667
vn -0.9125893 0.029744387 -0.4077941
vn -0.8585478 0.40288422 -0.3171434
vn -0.832015 0.08151513 -0.54873145
vn -0.5793432 -0.6531919 0.48754668
vn -0.6254581 -0.6353965 0.45285046
vn -0.428676 -0.85179484 0.30113548
vn -0.5793432 -0.6531919 0.48754668
vn -0.47349176 -0.668188 0.57387316
vn -0.487451 -0.5058198 0.71171486
vn -0.8109596 -0.18625343 0.554666
vn -0.487451 -0.5058198 0.71171486
vn -0.7922104 -0.44279325 0.41992477
vn -0.487451 -0.5058198 0.71171486
vn -0.47349176 -0.668188 0.57387316
vn -0.7922104 -0.44279325 0.41992477
vn -0.76113373 -0.4175917 -0.49627882
vn -0.8562932 -0.22132316 -0.466667
vn -0.7448439 -0.39898348 -0.53480804
vn -0.8562932 -0.22132316 -0.466667
vn -0.7970843 -0.18072021 -0.57619166
vn -0.7448439 -0.39898348 -0.53480804
vn -0.5643627 -0.8198904 0.09630418
vn 0.50404584 -0.76337326 -0.4039789
vn -0.6505357 -0.75947315 -0.0019347072
vn -0.5643627 -0.8198904 0.09630418
vn -0.6505357 -0.75947315 -0.0019347072
vn -0.8013401 -0.5772095 0.15710896
vn -0.53296363 0.6420993 -0.55105186
vn -0.4057809 0.79278934 -0.45478225
vn -0.6931811 0.6994155 -0.17412037
vn -0.8585478 0.40288422 -0.3171434
vn -0.6931811 0.6994155 -0.17412037
vn -0.78148943 0.44456574 -0.43776184
vn -0.8585478 0.40288422 -0.3171434
vn -0.78148943 0.44456574 -0.43776184
vn -0.832015 0.08151513 -0.54873145
vn -0.6254581 -0.6353965 0.45285046
vn -0.8013401 -0.5772095 0.15710896
vn -0.42001793 -0.8291241 0.3689692
vn -0.42001793 -0.8291241 0.3689692
vn -0.428676 -0.85179484 0.30113548
vn -0.6254581 -0.6353965 0.45285046
vn -0.42001793 -0.8291241 0.3689692
vn -0.6505357 -0.75947315 -0.0019347072
vn 0.50404584 -0.76337326 -0.4039789
vn -0.42001793 -0.8291241 0.3689692
vn -0.8013401 -0.5772095 0.15710896
vn -0.6505357 -0.75947315 -0.0019347072
vn -0.42001793 -0.8291241 0.3689692
vn 0.50404584 -0.76337326 -0.4039789
vn -0.428676 -0.85179484 0.30113548
vn -0.5793432 -0.6531919 0.48754668
vn -0.428676 -0.85179484 0.30113548
vn -0.47349176 -0.668188 0.57387316
vn -0.7922104 -0.44279325 0.41992477
vn -0.47349176 -0.668188 0.57387316
vn -0.73429334 -0.67010915 0.10847545
vn -0.76113373 -0.4175917 -0.49627882
vn -0.7448439 -0.39898348 -0.53480804
vn -0.3691361 -0.75715494 -0.5389387
vn -0.7970843 -0.18072021 -0.57619166
vn -0.69013566 -0.15487236 -0.7069138
vn -0.5594201 -0.3227721 -0.7634576
vn -0.7970843 -0.18072021 -0.57619166
vn -0.832015 0.08151513 -0.54873145
vn -0.69013566 -0.15487236 -0.7069138
vn -0.7970843 -0.18072021 -0.57619166
vn -0.5594201 -0.3227721 -0.7634576
vn -0.7448439 -0.39898348 -0.53480804
vn -0.4057809 0.79278934 -0.45478225
vn -0.41080865 0.9110829 -0.034117818
vn -0.61222917 0.7901916 -0.02779597
vn -0.4057809 0.79278934 -0.45478225
vn -0.61222917 0.7901916 -0.02779597
vn -0.6931811 0.6994155 -0.17412037
vn -0.78148943 0.44456574 -0.43776184
vn -0.6931811 0.6994155 -0.17412037
vn -0.6319545 0.71668994 -0.2949391
vn -0.6931811 0.6994155 -0.17412037
vn -0.61222917 0.7901916 -0.02779597
vn -0.6319545 0.71668994 -0.2949391
vn -0.428676 -0.85179484 0.30113548
vn 0.3768205 -0.72710645 -0.57386625
vn -0.41569853 -0.81278324 0.40813994
vn -0.428676 -0.85179484 0.30113548
vn -0.41569853 -0.81278324 0.40813994
vn -0.47349176 -0.668188 0.57387316
vn -0.73429334 -0.67010915 0.10847545
vn -0.47349176 -0.668188 0.57387316
vn 0.68069625 -0.49161386 0.54311
vn 0.68069625 -0.49161386 0.54311
vn -0.41569853 -0.81278324 0.40813994
vn 0.3768205 -0.72710645 -0.57386625
vn -0.41569853 -0.81278324 0.40813994
vn 0.68069625 -0.49161386 0.54311
vn -0.47349176 -0.668188 0.57387316
vn -0.3691361 -0.75715494 -0.5389387
vn -0.6811097 -0.6127647 -0.4007603
vn 0.5423895 -0.7991334 0.25922847
vn -0.3691361 -0.75715494 -0.5389387
vn -0.7448439 -0.39898348 -0.53480804
vn -0.6811097 -0.6127647 -0.4007603
vn -0.832015 0.08151513 -0.54873145
vn -0.7304178 0.1284017 -0.67082244
vn -0.69013566 -0.15487236 -0.7069138
vn -0.832015 0.08151513 -0.54873145
vn -0.78148943 0.44456574 -0.43776184
vn -0.7304178 0.1284017 -0.67082244
vn -0.5594201 -0.3227721 -0.7634576
vn -0.5132986 -0.30772644 -0.8011424
vn -0.13243629 -0.8326696 -0.53770053
vn -0.41080865 0.9110829 -0.034117818
vn -0.36382437 0.9276958 0.08373994
vn 6.8661734E-08 0.94365674 0.33092558
vn -0.61222917 0.7901916 -0.02779597
vn -0.40210134 0.9119283 -0.08186138
vn -0.5121521 0.83831877 -0.18687397
vn -0.61222917 0.7901916 -0.02779597
vn -0.5121521 0.83831877 -0.18687397
vn -0.6319545 0.71668994 -0.2949391
vn -0.41080865 0.9110829 -0.034117818
vn 6.8661734E-08 0.94365674 0.33092558
vn -0.40210134 0.9119283 -0.08186138
vn -0.41080865 0.9110829 -0.034117818
vn -0.40210134 0.9119283 -0.08186138
vn -0.61222917 0.7901916 -0.02779597
vn 0.5423895 -0.7991334 0.25922847
vn -0.37816027 -0.49755317 -0.7806637
vn -0.13243629 -0.8326696 -0.53770053
vn -0.37816027 -0.49755317 -0.7806637
vn -0.6811097 -0.6127647 -0.4007603
vn -0.7448439 -0.39898348 -0.53480804
vn -0.37816027 -0.49755317 -0.7806637
vn -0.5594201 -0.3227721 -0.7634576
vn -0.13243629 -0.8326696 -0.53770053
vn -0.5594201 -0.3227721 -0.7634576
vn -0.69013566 -0.15487236 -0.7069138
vn -0.5132986 -0.30772644 -0.8011424
vn -0.37816027 -0.49755317 -0.7806637
vn 0.5423895 -0.7991334 0.25922847
vn -0.6811097 -0.6127647 -0.4007603
vn -0.37816027 -0.49755317 -0.7806637
vn -0.7448439 -0.39898348 -0.53480804
vn -0.5594201 -0.3227721 -0.7634576
vn -0.78148943 0.44456574 -0.43776184
vn -0.6319545 0.71668994 -0.2949391
vn -0.65811604 0.4860673 -0.5749972
vn -0.78148943 0.44456574 -0.43776184
vn -0.65811604 0.4860673 -0.5749972
vn -0.7304178 0.1284017 -0.67082244
vn -0.36382437 0.9276958 0.08373994
vn -0.3687425 0.9029464 0.22071862
vn 6.8661734E-08 0.94365674 0.33092558
vn -0.5121521 0.83831877 -0.18687397
vn -0.3433018 0.92668754 -0.15295112
vn -0.42121297 0.8578492 -0.29440516
vn -0.40210134 0.9119283 -0.08186138
vn 6.8661734E-08 0.94365674 0.33092558
vn -0.3433018 0.92668754 -0.15295112
vn -0.40210134 0.9119283 -0.08186138
vn -0.3433018 0.92668754 -0.15295112
vn -0.5121521 0.83831877 -0.18687397
vn -0.69013566 -0.15487236 -0.7069138
vn -0.659519 -0.14559323 -0.7374533
vn -0.5132986 -0.30772644 -0.8011424
vn -0.69013566 -0.15487236 -0.7069138
vn -0.7304178 0.1284017 -0.67082244
vn -0.659519 -0.14559323 -0.7374533
vn -0.6319545 0.71668994 -0.2949391
vn -0.5121521 0.83831877 -0.18687397
vn -0.53890467 0.73181576 -0.41716588
vn -0.5121521 0.83831877 -0.18687397
vn -0.42121297 0.8578492 -0.29440516
vn -0.53890467 0.73181576 -0.41716588
vn -0.6319545 0.71668994 -0.2949391
vn -0.53890467 0.73181576 -0.41716588
vn -0.65811604 0.4860673 -0.5749972
vn 6.8661734E-08 0.94365674 0.33092558
vn 0.043674678 0.8632101 -0.50295216
vn -0.15253742 0.9218489 -0.35626805
vn -0.3433018 0.92668754 -0.15295112
vn 6.8661734E-08 0.94365674 0.33092558
vn -0.29534397 0.9329724 -0.2057532
vn -0.3433018 0.92668754 -0.15295112
vn -0.29534397 0.9329724 -0.2057532
vn -0.42121297 0.8578492 -0.29440516
vn -0.5132986 -0.30772644 -0.8011424
vn -0.659519 -0.14559323 -0.7374533
vn -0.2980626 -0.19131869 -0.93517685
vn -0.7304178 0.1284017 -0.67082244
vn -0.62456536 0.18999243 -0.7575096
vn -0.659519 -0.14559323 -0.7374533
vn -0.7304178 0.1284017 -0.67082244
vn -0.65811604 0.4860673 -0.5749972
vn -0.62456536 0.18999243 -0.7575096
vn -0.53890467 0.73181576 -0.41716588
vn -0.42121297 0.8578492 -0.29440516
vn -0.43013683 0.72720575 -0.5349335
vn 0.043674678 0.8632101 -0.50295216
vn 6.8661734E-08 0.94365674 0.33092558
vn -0.65462667 0.75566506 -0.020837307
vn -0.15253742 0.9218489 -0.35626805
vn -0.2538262 0.9327385 -0.25606865
vn 6.8661734E-08 0.94365674 0.33092558
vn -0.29534397 0.9329724 -0.2057532
vn 6.8661734E-08 0.94365674 0.33092558
vn -0.2538262 0.9327385 -0.25606865
vn -0.29534397 0.9329724 -0.2057532
vn -0.2538262 0.9327385 -0.25606865
vn -0.42121297 0.8578492 -0.29440516
vn -0.5132986 -0.30772644 -0.8011424
vn -0.32601178 -0.443115 -0.8350841
vn -0.13243629 -0.8326696 -0.53770053
vn -0.5132986 -0.30772644 -0.8011424
vn -0.2980626 -0.19131869 -0.93517685
vn -0.32601178 -0.443115 -0.8350841
vn -0.659519 -0.14559323 -0.7374533
vn 0.94679266 0.09943783 -0.3060977
vn -0.2980626 -0.19131869 -0.93517685
vn -0.65811604 0.4860673 -0.5749972
vn -0.53890467 0.73181576 -0.41716588
vn -0.5156737 0.5158215 -0.6841117
vn -0.5156737 0.5158215 -0.6841117
vn -0.62456536 0.18999243 -0.7575096
vn -0.65811604 0.4860673 -0.5749972
vn -0.5156737 0.5158215 -0.6841117
vn -0.53890467 0.73181576 -0.41716588
vn -0.43013683 0.72720575 -0.5349335
vn -0.2538262 0.9327385 -0.25606865
vn -0.33105546 0.8570982 -0.39469558
vn -0.42121297 0.8578492 -0.29440516
vn -0.42121297 0.8578492 -0.29440516
vn -0.33105546 0.8570982 -0.39469558
vn -0.43013683 0.72720575 -0.5349335
vn -0.13243629 -0.8326696 -0.53770053
vn -0.32601178 -0.443115 -0.8350841
vn 0.24671014 -0.90799415 0.33864528
vn 0.94679266 0.09943783 -0.3060977
vn 0.18773456 -0.22694927 -0.9556409
vn -0.2980626 -0.19131869 -0.93517685
vn -0.32601178 -0.443115 -0.8350841
vn -0.2980626 -0.19131869 -0.93517685
vn 0.36590692 -0.64726466 -0.6687006
vn 0.36590692 -0.64726466 -0.6687006
vn 0.24671014 -0.90799415 0.33864528
vn -0.32601178 -0.443115 -0.8350841
vn 0.36590692 -0.64726466 -0.6687006
vn -0.2980626 -0.19131869 -0.93517685
vn 0.18773456 -0.22694927 -0.9556409
vn 0.94679266 0.09943783 -0.3060977
vn 0.35401464 -0.10922778 -0.92883956
vn 0.18773456 -0.22694927 -0.9556409
vn -0.2538262 0.9327385 -0.25606865
vn -0.15253742 0.9218489 -0.35626805
vn -0.33105546 0.8570982 -0.39469558
vn -0.15253742 0.9218489 -0.35626805
vn 0.043674678 0.8632101 -0.50295216
vn -0.20037068 0.8341736 -0.5138149
vn -0.15253742 0.9218489 -0.35626805
vn -0.20037068 0.8341736 -0.5138149
vn -0.33105546 0.8570982 -0.39469558
vn 0.043674678 0.8632101 -0.50295216
vn 0.040894926 0.74002665 -0.67133313
vn -0.20037068 0.8341736 -0.5138149
vn -0.33105546 0.8570982 -0.39469558
vn -0.20037068 0.8341736 -0.5138149
vn -0.28697625 0.70254093 -0.6512147
vn 0.043674678 0.8632101 -0.50295216
vn -0.65462667 0.75566506 -0.020837307
vn 0.040894926 0.74002665 -0.67133313
vn -0.33105546 0.8570982 -0.39469558
vn -0.28697625 0.70254093 -0.6512147
vn -0.43013683 0.72720575 -0.5349335
vn -0.20037068 0.8341736 -0.5138149
vn 0.040894926 0.74002665 -0.67133313
vn 0.00943477 0.6157559 -0.7878803
vn -0.20037068 0.8341736 -0.5138149
vn 0.00943477 0.6157559 -0.7878803
vn -0.28697625 0.70254093 -0.6512147
vn -0.65462667 0.75566506 -0.020837307
vn -0.75580794 0.6418617 -0.12949073
vn 0.040894926 0.74002665 -0.67133313
vn -0.43013683 0.72720575 -0.5349335
vn -0.28697625 0.70254093 -0.6512147
vn -0.33742985 0.52188885 -0.78343666
vn 0.00943477 0.6157559 -0.7878803
vn 0.040894926 0.74002665 -0.67133313
vn -0.7176981 0.51267624 -0.4712457
vn 0.040894926 0.74002665 -0.67133313
vn -0.75580794 0.6418617 -0.12949073
vn -0.7176981 0.51267624 -0.4712457
vn -0.43013683 0.72720575 -0.5349335
vn -0.33742985 0.52188885 -0.78343666
vn -0.5156737 0.5158215 -0.6841117
vn -0.28697625 0.70254093 -0.6512147
vn 0.00943477 0.6157559 -0.7878803
vn -0.0366934 0.44612283 -0.8942192
vn -0.28697625 0.70254093 -0.6512147
vn -0.0366934 0.44612283 -0.8942192
vn -0.33742985 0.52188885 -0.78343666
vn -0.7176981 0.51267624 -0.4712457
vn 0.33695891 0.21246594 -0.9172332
vn 0.00943477 0.6157559 -0.7878803
vn 0.00943477 0.6157559 -0.7878803
vn 0.33695891 0.21246594 -0.9172332
vn -0.0366934 0.44612283 -0.8942192
vn -0.5156737 0.5158215 -0.6841117
vn -0.33742985 0.52188885 -0.78343666
vn -0.42544058 0.2627712 -0.8659975
vn -0.7176981 0.51267624 -0.4712457
vn -0.052786455 -0.8084259 -0.5862263
vn 0.33695891 0.21246594 -0.9172332
vn -0.0366934 0.44612283 -0.8942192
vn 0.3871264 0.09295899 -0.9173286
vn -0.053492654 0.2336024 -0.9708597
vn -0.0366934 0.44612283 -0.8942192
vn -0.053492654 0.2336024 -0.9708597
vn -0.33742985 0.52188885 -0.78343666
vn -0.33742985 0.52188885 -0.78343666
vn -0.053492654 0.2336024 -0.9708597
vn -0.42544058 0.2627712 -0.8659975
vn -0.0366934 0.44612283 -0.8942192
vn 0.33695891 0.21246594 -0.9172332
vn 0.3871264 0.09295899 -0.9173286
vn -0.5156737 0.5158215 -0.6841117
vn -0.42544058 0.2627712 -0.8659975
vn -0.62456536 0.18999243 -0.7575096
vn -0.053492654 0.2336024 -0.9708597
vn -0.020466328 -0.016720414 -0.99965066
vn -0.42544058 0.2627712 -0.8659975
vn 0.3871264 0.09295899 -0.9173286
vn 0.35401464 -0.10922778 -0.92883956
vn -0.053492654 0.2336024 -0.9708597
vn -0.053492654 0.2336024 -0.9708597
vn 0.35401464 -0.10922778 -0.92883956
vn -0.020466328 -0.016720414 -0.99965066
vn -0.62456536 0.18999243 -0.7575096
vn -0.42544058 0.2627712 -0.8659975
vn -0.47876468 -0.01650697 -0.87778795
vn -0.42544058 0.2627712 -0.8659975
vn -0.020466328 -0.016720414 -0.99965066
vn -0.47876468 -0.01650697 -0.87778795
vn 0.35401464 -0.10922778 -0.92883956
vn 0.93735486 -0.34706402 -0.030206531
vn -0.020466328 -0.016720414 -0.99965066
vn -0.62456536 0.18999243 -0.7575096
vn -0.47876468 -0.01650697 -0.87778795
vn -0.659519 -0.14559323 -0.7374533
vn 0.93735486 -0.34706402 -0.030206531
vn 0.07632685 -0.21071178 -0.97456384
vn -0.020466328 -0.016720414 -0.99965066
vn -0.020466328 -0.016720414 -0.99965066
vn 0.07632685 -0.21071178 -0.97456384
vn -0.47876468 -0.01650697 -0.87778795
vn -0.659519 -0.14559323 -0.7374533
vn -0.47876468 -0.01650697 -0.87778795
vn -0.73073757 -0.5825876 0.35582906
vn 0.93735486 -0.34706402 -0.030206531
vn 0.116262935 -0.9926606 0.033284307
vn 0.07632685 -0.21071178 -0.97456384
vn -0.47876468 -0.01650697 -0.87778795
vn 0.07632685 -0.21071178 -0.97456384
vn -0.51232 -0.23145837 -0.8270159
vn -0.51232 -0.23145837 -0.8270159
vn -0.73073757 -0.5825876 0.35582906
vn -0.47876468 -0.01650697 -0.87778795
vn -0.51232 -0.23145837 -0.8270159
vn 0.07632685 -0.21071178 -0.97456384
vn 0.116262935 -0.9926606 0.033284307
vn 0.116262935 -0.9926606 0.033284307
vn -0.73073757 -0.5825876 0.35582906
vn -0.51232 -0.23145837 -0.8270159
vn -0.7733682 0.23488629 0.5888379
vn 0.17278776 -0.87033105 0.4611597
vn -0.5382386 -0.6660578 -0.5163973
vn 0.17278776 -0.87033105 0.4611597
vn -0.44487765 -0.7501917 -0.4891791
vn -0.5382386 -0.6660578 -0.5163973
vn -0.44487765 -0.7501917 -0.4891791
vn -0.24139109 -0.53206736 -0.8115632
vn -0.5382386 -0.6660578 -0.5163973
vn -0.24139109 -0.53206736 -0.8115632
vn -0.81348854 -0.51445425 -0.2712436
vn -0.66842073 -0.7145564 -0.20645297
vn -0.24139109 -0.53206736 -0.8115632
vn -0.66842073 -0.7145564 -0.20645297
vn -0.5382386 -0.6660578 -0.5163973
vn -0.81348854 -0.51445425 -0.2712436
vn 0.31635696 -0.2890361 -0.90353537
vn -0.66842073 -0.7145564 -0.20645297
vn 0.31635696 -0.2890361 -0.90353537
vn -0.53296363 0.6420993 -0.55105186
vn -0.66842073 -0.7145564 -0.20645297
vn -0.41348103 -0.69243425 0.5912429
vn 0.82900953 -0.5173136 0.21243769
vn -0.5188883 -0.7826334 0.34385997
vn 0.82900953 -0.5173136 0.21243769
vn -0.4710119 -0.80348265 0.3640926
vn -0.5188883 -0.7826334 0.34385997
vn 0.82900953 -0.5173136 0.21243769
vn -0.65279424 0.1603663 -0.74036634
vn -0.4710119 -0.80348265 0.3640926
vn -0.5188883 -0.7826334 0.34385997
vn -0.4710119 -0.80348265 0.3640926
vn 0.55718935 -0.650782 -0.515774
vn -0.65279424 0.1603663 -0.74036634
vn -0.7173248 -0.69060445 -0.09225333
vn -0.6536024 -0.73251593 0.19032669
vn -0.6536024 -0.73251593 0.19032669
vn 0.55718935 -0.650782 -0.515774
vn -0.4710119 -0.80348265 0.3640926
vn -0.6536024 -0.73251593 0.19032669
vn -0.4710119 -0.80348265 0.3640926
vn -0.65279424 0.1603663 -0.74036634
vn -0.6536024 -0.73251593 0.19032669
vn -0.7173248 -0.69060445 -0.09225333
vn 0.55718935 -0.650782 -0.515774
vn -0.65279424 0.1603663 -0.74036634
vn 0.1572277 -0.41248965 -0.8972913
vn -0.7173248 -0.69060445 -0.09225333
vn 0.55718935 -0.650782 -0.515774
vn -0.7173248 -0.69060445 -0.09225333
vn -0.62204653 -0.70635366 -0.3378205
vn -0.7173248 -0.69060445 -0.09225333
vn 0.1572277 -0.41248965 -0.8972913
vn -0.62204653 -0.70635366 -0.3378205
vn 0.1572277 -0.41248965 -0.8972913
vn -0.63660514 -0.7527476 0.16764504
vn -0.62204653 -0.70635366 -0.3378205
vn -0.5188883 -0.7826334 0.34385997
vn -0.49278644 -0.8678149 0.06370723
vn 0.57291794 -0.50499064 -0.6455614
vn -0.49278644 -0.8678149 0.06370723
vn -0.31290075 -0.885493 0.34350437
vn 0.57291794 -0.50499064 -0.6455614
vn -0.49278644 -0.8678149 0.06370723
vn 1.8415959E-08 -0.7453565 -0.6666661
vn -0.31290075 -0.885493 0.34350437
vn 0.57291794 -0.50499064 -0.6455614
vn -0.31290075 -0.885493 0.34350437
vn 4.7615805E-09 -0.91367286 0.40645033
vn 1.8415959E-08 -0.7453565 -0.6666661
vn 0 -0.908097 0.4187597
vn -0.31290075 -0.885493 0.34350437
vn -0.31290075 -0.885493 0.34350437
vn 0 -0.908097 0.4187597
vn 4.7615805E-09 -0.91367286 0.40645033
vn 0.57291794 -0.50499064 -0.6455614
vn 4.7615805E-09 -0.91367286 0.40645033
vn 3.6157277E-09 -0.80570954 0.5923108
vn -0.62204653 -0.70635366 -0.3378205
vn -0.5188883 -0.7826334 0.34385997
vn 0.55718935 -0.650782 -0.515774
vn -0.41348103 -0.69243425 0.5912429
vn 0.83309585 -0.26530442 0.48535016
vn 0.82900953 -0.5173136 0.21243769
vn 0.83309585 -0.26530442 0.48535016
vn 0.86297995 -0.30056822 0.40610865
vn 0.82900953 -0.5173136 0.21243769
vn 0.86297995 -0.30056822 0.40610865
vn 0.51908755 -0.5969522 -0.6117158
vn 0.62582994 0.689554 -0.36448902
vn 0.86297995 -0.30056822 0.40610865
vn 0.62582994 0.689554 -0.36448902
vn 0.82900953 -0.5173136 0.21243769
vn 0.51908755 -0.5969522 -0.6117158
vn -0.2671881 0.07876909 -0.9604196
vn 0.62582994 0.689554 -0.36448902
vn 0.82900953 -0.5173136 0.21243769
vn 0.62582994 0.689554 -0.36448902
vn -0.65279424 0.1603663 -0.74036634
vn -0.2671881 0.07876909 -0.9604196
vn 0.1572277 -0.41248965 -0.8972913
vn 0.62582994 0.689554 -0.36448902
vn 0.62582994 0.689554 -0.36448902
vn 0.1572277 -0.41248965 -0.8972913
vn -0.65279424 0.1603663 -0.74036634
vn -0.2671881 0.07876909 -0.9604196
vn -0.2996052 0.100773156 -0.94872624
vn 0.1572277 -0.41248965 -0.8972913
vn -0.2996052 0.100773156 -0.94872624
vn -0.63660514 -0.7527476 0.16764504
vn 0.1572277 -0.41248965 -0.8972913
vn 3.6157277E-09 -0.80570954 0.5923108
vn 0.97436893 -0.21666184 0.06052053
vn 0.57291794 -0.50499064 -0.6455614
vn 0.97436893 -0.21666184 0.06052053
vn 0.9873766 -0.15830146 0.005303681
vn 0.57291794 -0.50499064 -0.6455614
vn 0.9873766 -0.15830146 0.005303681
vn 0.29662222 -0.5691629 -0.7668563
vn 0.57291794 -0.50499064 -0.6455614
vn 0.29662222 -0.5691629 -0.7668563
vn -0.5924078 0.13742787 -0.79383034
vn 0.57291794 -0.50499064 -0.6455614
vn -0.5924078 0.13742787 -0.79383034
vn -0.66261286 0.0845657 -0.74417263
vn 0.57291794 -0.50499064 -0.6455614
vn -0.66261286 0.0845657 -0.74417263
vn -0.5188883 -0.7826334 0.34385997
vn 0.57291794 -0.50499064 -0.6455614
vn 1.8415959E-08 -0.7453565 -0.6666661
vn -0.49278644 -0.8678149 0.06370723
vn 0 -0.88524723 -0.46512073
vn 0.4134811 -0.69243425 0.5912429
vn 0.5188883 -0.7826334 0.34385997
vn -0.8290097 -0.5173135 0.21243769
vn 0.5188883 -0.7826334 0.34385997
vn 0.4710119 -0.80348265 0.3640926
vn -0.8290097 -0.5173135 0.21243769
vn 0.5188883 -0.7826334 0.34385997
vn -0.55718964 -0.6507818 -0.5157739
vn 0.4710119 -0.80348265 0.3640926
vn -0.8290097 -0.5173135 0.21243769
vn 0.4710119 -0.80348265 0.3640926
vn 0.6527947 0.16036618 -0.74036586
vn -0.55718964 -0.6507818 -0.5157739
vn 0.7173248 -0.69060445 -0.09225333
vn 0.6536024 -0.73251593 0.19032669
vn 0.6536024 -0.73251593 0.19032669
vn 0.4710119 -0.80348265 0.3640926
vn -0.55718964 -0.6507818 -0.5157739
vn 0.6536024 -0.73251593 0.19032669
vn 0.7173248 -0.69060445 -0.09225333
vn 0.6527947 0.16036618 -0.74036586
vn 0.6536024 -0.73251593 0.19032669
vn 0.6527947 0.16036618 -0.74036586
vn 0.4710119 -0.80348265 0.3640926
vn -0.55718964 -0.6507818 -0.5157739
vn 0.6220466 -0.70635366 -0.3378204
vn 0.7173248 -0.69060445 -0.09225333
vn 0.6527947 0.16036618 -0.74036586
vn 0.7173248 -0.69060445 -0.09225333
vn -0.1572276 -0.41248935 -0.8972915
vn 0.7173248 -0.69060445 -0.09225333
vn 0.6220466 -0.70635366 -0.3378204
vn -0.1572276 -0.41248935 -0.8972915
vn 0.6220466 -0.70635366 -0.3378204
vn 0.63660526 -0.75274754 0.16764504
vn -0.1572276 -0.41248935 -0.8972915
vn 0.5188883 -0.7826334 0.34385997
vn 0.49278647 -0.8678149 0.06370723
vn 0.6220466 -0.70635366 -0.3378204
vn 0.49278647 -0.8678149 0.06370723
vn 0.5295642 -0.8037291 -0.27125835
vn 0.6220466 -0.70635366 -0.3378204
vn 0.49278647 -0.8678149 0.06370723
vn 0.44212118 -0.87684965 -0.1888476
vn 0.5295642 -0.8037291 -0.27125835
vn 0.6220466 -0.70635366 -0.3378204
vn -0.34275037 -0.7550898 -0.5588932
vn 0.63660526 -0.75274754 0.16764504
vn 0.49278647 -0.8678149 0.06370723
vn 0 -0.88524723 -0.46512073
vn 0.44212118 -0.87684965 -0.1888476
vn 0.5295642 -0.8037291 -0.27125835
vn 0.5759378 -0.68186563 -0.45094895
vn 0.6220466 -0.70635366 -0.3378204
vn 0.6220466 -0.70635366 -0.3378204
vn 0.5759378 -0.68186563 -0.45094895
vn -0.34275037 -0.7550898 -0.5588932
vn 0 -0.88524723 -0.46512073
vn -1.9268304E-08 -0.9435947 -0.3311025
vn 0.44212118 -0.87684965 -0.1888476
vn 0.5295642 -0.8037291 -0.27125835
vn 0.52460736 -0.6432234 -0.5577191
vn 0.5759378 -0.68186563 -0.45094895
vn 0.5295642 -0.8037291 -0.27125835
vn 0.44212118 -0.87684965 -0.1888476
vn 0.52460736 -0.6432234 -0.5577191
vn -0.34275037 -0.7550898 -0.5588932
vn 0.5759378 -0.68186563 -0.45094895
vn 0.69951385 -0.23725796 -0.6740839
vn -1.9268304E-08 -0.9435947 -0.3311025
vn 1.0152645E-08 -0.49025786 -0.8715774
vn 0.48711437 -0.6156232 -0.61945754
vn 0.44212118 -0.87684965 -0.1888476
vn 0.48711437 -0.6156232 -0.61945754
vn 0.52460736 -0.6432234 -0.5577191
vn 0.44212118 -0.87684965 -0.1888476
vn -1.9268304E-08 -0.9435947 -0.3311025
vn 0.48711437 -0.6156232 -0.61945754
vn 0.5759378 -0.68186563 -0.45094895
vn 0.52460736 -0.6432234 -0.5577191
vn 0.54304194 -0.45327014 -0.7068604
vn 0.5759378 -0.68186563 -0.45094895
vn 0.54304194 -0.45327014 -0.7068604
vn 0.69951385 -0.23725796 -0.6740839
vn 1.0152645E-08 -0.49025786 -0.8715774
vn 0.4482339 -0.46971834 -0.7605597
vn 0.48711437 -0.6156232 -0.61945754
vn 0.52460736 -0.6432234 -0.5577191
vn 0.48711437 -0.6156232 -0.61945754
vn 0.4482339 -0.46971834 -0.7605597
vn 0.52460736 -0.6432234 -0.5577191
vn 0.4482339 -0.46971834 -0.7605597
vn 0.54304194 -0.45327014 -0.7068604
vn 0.69951385 -0.23725796 -0.6740839
vn 9.355925E-08 -0.63575226 -0.77189326
vn 0.7342932 -0.6701093 0.108475745
vn 0.69951385 -0.23725796 -0.6740839
vn 0.54304194 -0.45327014 -0.7068604
vn 9.355925E-08 -0.63575226 -0.77189326
vn 1.0152645E-08 -0.49025786 -0.8715774
vn -8.965205E-09 -0.30792868 -0.95140946
vn 0.4482339 -0.46971834 -0.7605597
vn -8.965205E-09 -0.30792868 -0.95140946
vn 9.355925E-08 -0.63575226 -0.77189326
vn 0.54304194 -0.45327014 -0.7068604
vn 0.54304194 -0.45327014 -0.7068604
vn 0.4482339 -0.46971834 -0.7605597
vn -8.965205E-09 -0.30792868 -0.95140946
vn 0.7342932 -0.6701093 0.108475745
vn 9.355925E-08 -0.63575226 -0.77189326
vn -0.47223413 -0.7520536 -0.45979366
vn 9.355925E-08 -0.63575226 -0.77189326
vn -0.33695891 0.2124663 -0.9172332
vn -0.38712645 0.092959225 -0.9173286
vn -0.47223413 -0.7520536 -0.45979366
vn 9.355925E-08 -0.63575226 -0.77189326
vn -0.43067604 -0.74391896 -0.51098204
vn -0.33695891 0.2124663 -0.9172332
vn 9.355925E-08 -0.63575226 -0.77189326
vn 0.052786976 -0.80842614 -0.5862255
vn -0.38712645 0.092959225 -0.9173286
vn -0.3540147 -0.10922778 -0.92883956
vn 9.355925E-08 -0.63575226 -0.77189326
vn -0.47223413 -0.7520536 -0.45979366
vn -0.43067604 -0.74391896 -0.51098204
vn 0.42867616 -0.8517946 0.30113548
vn -0.3540147 -0.10922778 -0.92883956
vn -0.18773474 -0.22694904 -0.95564115
vn 9.355925E-08 -0.63575226 -0.77189326
vn -0.43067604 -0.74391896 -0.51098204
vn 9.355925E-08 -0.63575226 -0.77189326
vn -0.5361149 -0.8392316 0.09094554
vn -0.18773474 -0.22694904 -0.95564115
vn -0.36590713 -0.64726496 -0.6687002
vn 9.355925E-08 -0.63575226 -0.77189326
vn -0.43067604 -0.74391896 -0.51098204
vn -0.5361149 -0.8392316 0.09094554
vn 0.56436265 -0.8198904 0.09630418
vn -0.36590713 -0.64726496 -0.6687002
vn -0.4946727 -0.797248 -0.34596902
vn 9.355925E-08 -0.63575226 -0.77189326
vn -0.5361149 -0.8392316 0.09094554
vn 9.355925E-08 -0.63575226 -0.77189326
vn -0.79608667 -0.59595037 -0.10530543
vn 9.355925E-08 -0.63575226 -0.77189326
vn -0.4946727 -0.797248 -0.34596902
vn -0.79608667 -0.59595037 -0.10530543
vn 0.56436265 -0.8198904 0.09630418
vn -0.5361149 -0.8392316 0.09094554
vn -0.33896905 -0.9354992 -0.099705815
vn -0.79608667 -0.59595037 -0.10530543
vn -0.4946727 -0.797248 -0.34596902
vn -0.33896905 -0.9354992 -0.099705815
vn -0.79608667 -0.59595037 -0.10530543
vn -0.33896905 -0.9354992 -0.099705815
vn -0.5361149 -0.8392316 0.09094554
vn -0.36590713 -0.64726496 -0.6687002
vn 0.13243707 -0.83266985 -0.5377001
vn -0.4946727 -0.797248 -0.34596902
vn -0.33896905 -0.9354992 -0.099705815
vn -0.4946727 -0.797248 -0.34596902
vn 0.36913607 -0.7571545 -0.53893924
vn 0.36913607 -0.7571545 -0.53893924
vn -0.4946727 -0.797248 -0.34596902
vn 0.13243707 -0.83266985 -0.5377001
vn 0.5188883 -0.7826334 0.34385997
vn -0.57291794 -0.5049908 -0.6455612
vn 0.49278647 -0.8678149 0.06370723
vn -0.57291794 -0.5049908 -0.6455612
vn 4.7615805E-09 -0.91367286 0.40645033
vn 0.31290078 -0.8854931 0.34350425
vn 0.49278647 -0.8678149 0.06370723
vn -0.57291794 -0.5049908 -0.6455612
vn 0.31290078 -0.8854931 0.34350425
vn 4.7615805E-09 -0.91367286 0.40645033
vn 0 -0.908097 0.4187597
vn 0.31290078 -0.8854931 0.34350425
vn 0.49278647 -0.8678149 0.06370723
vn 0.31290078 -0.8854931 0.34350425
vn 1.8415959E-08 -0.7453565 -0.6666661
vn 1.8415959E-08 -0.7453565 -0.6666661
vn 0.31290078 -0.8854931 0.34350425
vn 0 -0.908097 0.4187597
vn -0.57291794 -0.5049908 -0.6455612
vn 3.6157277E-09 -0.80570954 0.5923108
vn 4.7615805E-09 -0.91367286 0.40645033
vn 0.6220466 -0.70635366 -0.3378204
vn -0.55718964 -0.6507818 -0.5157739
vn 0.5188883 -0.7826334 0.34385997
vn -0.6129198 -0.7314727 -0.29879266
vn -0.40617228 -0.45432445 0.79285145
vn -0.8277478 0.5317837 -0.1789965
vn -0.40617228 -0.45432445 0.79285145
vn -0.34275037 -0.7550898 -0.5588932
vn -0.8277478 0.5317837 -0.1789965
vn -0.40617228 -0.45432445 0.79285145
vn 0.63660526 -0.75274754 0.16764504
vn -0.34275037 -0.7550898 -0.5588932
vn -0.8277478 0.5317837 -0.1789965
vn -0.34275037 -0.7550898 -0.5588932
vn 0.15783273 0.06273872 -0.9854707
vn -0.34275037 -0.7550898 -0.5588932
vn 0.69951385 -0.23725796 -0.6740839
vn 0.15783273 0.06273872 -0.9854707
vn 0.4134811 -0.69243425 0.5912429
vn -0.8290097 -0.5173135 0.21243769
vn -0.83309585 -0.2653044 0.48535022
vn -0.8290097 -0.5173135 0.21243769
vn -0.86297995 -0.30056828 0.40610877
vn -0.83309585 -0.2653044 0.48535022
vn -0.8290097 -0.5173135 0.21243769
vn 0.6527947 0.16036618 -0.74036586
vn -0.62583 0.68955386 -0.36448908
vn -0.8290097 -0.5173135 0.21243769
vn -0.62583 0.68955386 -0.36448908
vn -0.86297995 -0.30056828 0.40610877
vn 0.6527947 0.16036618 -0.74036586
vn -0.1572276 -0.41248935 -0.8972915
vn -0.62583 0.68955386 -0.36448908
vn -0.86297995 -0.30056828 0.40610877
vn -0.62583 0.68955386 -0.36448908
vn -0.5190874 -0.5969523 -0.6117159
vn -0.1572276 -0.41248935 -0.8972915
vn 0.2671881 0.07876903 -0.96041983
vn -0.62583 0.68955386 -0.36448908
vn -0.62583 0.68955386 -0.36448908
vn 0.2671881 0.07876903 -0.96041983
vn -0.5190874 -0.5969523 -0.6117159
vn -0.1572276 -0.41248935 -0.8972915
vn 0.63660526 -0.75274754 0.16764504
vn 0.2996053 0.100773156 -0.94872624
vn 0.2996053 0.100773156 -0.94872624
vn 0.2671881 0.07876903 -0.96041983
vn -0.1572276 -0.41248935 -0.8972915
vn 3.6157277E-09 -0.80570954 0.5923108
vn -0.57291794 -0.5049908 -0.6455612
vn -0.97436893 -0.21666184 0.06052068
vn -0.57291794 -0.5049908 -0.6455612
vn -0.29662234 -0.56916285 -0.76685643
vn -0.9873766 -0.15830146 0.0053037256
vn -0.9873766 -0.15830146 0.0053037256
vn -0.97436893 -0.21666184 0.06052068
vn -0.57291794 -0.5049908 -0.6455612
vn -0.29662234 -0.56916285 -0.76685643
vn -0.57291794 -0.5049908 -0.6455612
vn 0.5924078 0.13742793 -0.79383016
vn -0.57291794 -0.5049908 -0.6455612
vn 0.5188883 -0.7826334 0.34385997
vn 0.66261286 0.0845657 -0.74417263
vn 0.66261286 0.0845657 -0.74417263
vn 0.5924078 0.13742793 -0.79383016
vn -0.57291794 -0.5049908 -0.6455612
vn 1.8415959E-08 -0.7453565 -0.6666661
vn 0 -0.88524723 -0.46512073
vn 0.49278647 -0.8678149 0.06370723
vn -0.73429334 -0.67010915 0.10847545
vn 0.68069625 -0.49161386 0.54311
vn 0.47223476 -0.75205344 -0.4597933
vn 0.47223476 -0.75205344 -0.4597933
vn 0.3768205 -0.72710645 -0.57386625
vn -0.428676 -0.85179484 0.30113548
vn 0.36874267 0.90294623 0.22071916
vn 6.8661734E-08 0.94365674 0.33092558
vn 0.41740867 0.86054343 0.29195005
vn 6.8661734E-08 0.94365674 0.33092558
vn 0.41756776 0.5992584 0.6830274
vn 0.5213338 0.6868738 0.5063747
vn 0.41740867 0.86054343 0.29195005
vn 6.8661734E-08 0.94365674 0.33092558
vn 0.5257136 0.7905812 0.3140165
vn 0.41756776 0.5992584 0.6830274
vn 0.5553649 0.44755757 0.7009009
vn 0.5213338 0.6868738 0.5063747
vn 6.8661734E-08 0.94365674 0.33092558
vn 0.56975985 0.7434242 0.35027725
vn 0.5257136 0.7905812 0.3140165
vn 0.41756776 0.5992584 0.6830274
vn 0.21855263 0.44975632 0.86599886
vn 0.3193759 0.34603542 0.8821896
vn 0.41756776 0.5992584 0.6830274
vn 0.3193759 0.34603542 0.8821896
vn 0.5553649 0.44755757 0.7009009
vn 0.41756776 0.5992584 0.6830274
vn 6.8661734E-08 0.94365674 0.33092558
vn 0.21855263 0.44975632 0.86599886
vn 0.5213338 0.6868738 0.5063747
vn 0.5553649 0.44755757 0.7009009
vn 0.67763853 0.5131005 0.5268148
vn 0.5213338 0.6868738 0.5063747
vn 0.67763853 0.5131005 0.5268148
vn 0.56975985 0.7434242 0.35027725
vn 0.5213338 0.6868738 0.5063747
vn 0.56975985 0.7434242 0.35027725
vn 6.8661734E-08 0.94365674 0.33092558
vn 0.5257136 0.7905812 0.3140165
vn 0.56975985 0.7434242 0.35027725
vn 0.61062694 0.38716286 0.6908253
vn 0.3193759 0.34603542 0.8821896
vn 0.21855263 0.44975632 0.86599886
vn 0.6308113 0.53697896 0.5601167
vn 0.5553649 0.44755757 0.7009009
vn 0.3193759 0.34603542 0.8821896
vn 0.42792755 0.21621364 0.8775703
vn 0.67763853 0.5131005 0.5268148
vn 0.74891156 0.5678636 0.3415589
vn 0.56975985 0.7434242 0.35027725
vn 0.56975985 0.7434242 0.35027725
vn 0.74891156 0.5678636 0.3415589
vn 0.61062694 0.38716286 0.6908253
vn 6.8661734E-08 0.94365674 0.33092558
vn 0.4732366 0.63674635 0.60877025
vn 0.21855263 0.44975632 0.86599886
vn 0.21855263 0.44975632 0.86599886
vn 0.4732366 0.63674635 0.60877025
vn 0.6308113 0.53697896 0.5601167
vn 0.5553649 0.44755757 0.7009009
vn 0.42792755 0.21621364 0.8775703
vn 0.66505575 0.29152364 0.68754244
vn 0.5553649 0.44755757 0.7009009
vn 0.66505575 0.29152364 0.68754244
vn 0.67763853 0.5131005 0.5268148
vn 0.3193759 0.34603542 0.8821896
vn 0.756288 0.37147003 0.5385523
vn 0.42792755 0.21621364 0.8775703
vn 0.3193759 0.34603542 0.8821896
vn 0.6308113 0.53697896 0.5601167
vn 0.756288 0.37147003 0.5385523
vn 0.74891156 0.5678636 0.3415589
vn 0.67763853 0.5131005 0.5268148
vn 0.7769665 0.33731896 0.53154397
vn 0.67763853 0.5131005 0.5268148
vn 0.66505575 0.29152364 0.68754244
vn 0.7769665 0.33731896 0.53154397
vn 0.61062694 0.38716286 0.6908253
vn 0.8272178 0.39215165 0.40240255
vn 0.7733685 0.23488617 0.5888375
vn 0.74891156 0.5678636 0.3415589
vn 0.7769665 0.33731896 0.53154397
vn 0.8272178 0.39215165 0.40240255
vn 0.74891156 0.5678636 0.3415589
vn 0.8272178 0.39215165 0.40240255
vn 0.61062694 0.38716286 0.6908253
vn 0.42792755 0.21621364 0.8775703
vn 0.756288 0.37147003 0.5385523
vn 0.8082743 0.11756438 0.57694995
vn 0.66505575 0.29152364 0.68754244
vn 0.73222107 0.06887436 0.6775756
vn 0.7769665 0.33731896 0.53154397
vn 0.7733685 0.23488617 0.5888375
vn 0.89539456 0.15483955 0.41748458
vn 0.9270898 0.1773065 0.3302529
vn 0.8272178 0.39215165 0.40240255
vn 0.89539456 0.15483955 0.41748458
vn 0.7733685 0.23488617 0.5888375
vn 0.42792755 0.21621364 0.8775703
vn 0.8082743 0.11756438 0.57694995
vn 0.47407836 0.027712882 0.8800464
vn 0.66505575 0.29152364 0.68754244
vn 0.42792755 0.21621364 0.8775703
vn 0.47407836 0.027712882 0.8800464
vn 0.66505575 0.29152364 0.68754244
vn 0.47407836 0.027712882 0.8800464
vn 0.73222107 0.06887436 0.6775756
vn 0.7769665 0.33731896 0.53154397
vn 0.73222107 0.06887436 0.6775756
vn 0.8459497 0.11296332 0.52116054
vn 0.8272178 0.39215165 0.40240255
vn 0.7769665 0.33731896 0.53154397
vn 0.8459497 0.11296332 0.52116054
vn 0.8272178 0.39215165 0.40240255
vn 0.8459497 0.11296332 0.52116054
vn 0.89539456 0.15483955 0.41748458
vn 0.9270898 0.1773065 0.3302529
vn 0.95399565 0.2106169 0.21338408
vn 0.7733685 0.23488617 0.5888375
vn 0.8082743 0.11756438 0.57694995
vn 0.8109596 -0.18625346 0.5546659
vn 0.47407836 0.027712882 0.8800464
vn 0.73222107 0.06887436 0.6775756
vn 0.73414034 -0.22969586 0.6389662
vn 0.8459497 0.11296332 0.52116054
vn 0.89539456 0.15483955 0.41748458
vn 0.92631423 -0.12579896 0.355129
vn 0.9270898 0.1773065 0.3302529
vn 0.95399565 0.2106169 0.21338408
vn 0.53823763 -0.66605806 -0.5163981
vn 0.7733685 0.23488617 0.5888375
vn 0.8109596 -0.18625346 0.5546659
vn 0.48745084 -0.5058197 0.7117148
vn 0.50839263 -0.24442017 0.82570916
vn 0.50839263 -0.24442017 0.82570916
vn 0.47407836 0.027712882 0.8800464
vn 0.8109596 -0.18625346 0.5546659
vn 0.50839263 -0.24442017 0.82570916
vn 0.73222107 0.06887436 0.6775756
vn 0.47407836 0.027712882 0.8800464
vn 0.50839263 -0.24442017 0.82570916
vn 0.48745084 -0.5058197 0.7117148
vn 0.73414034 -0.22969586 0.6389662
vn 0.50839263 -0.24442017 0.82570916
vn 0.73414034 -0.22969586 0.6389662
vn 0.73222107 0.06887436 0.6775756
vn 0.8459497 0.11296332 0.52116054
vn 0.84605217 -0.17065611 0.5050466
vn 0.89539456 0.15483955 0.41748458
vn 0.89539456 0.15483955 0.41748458
vn 0.84605217 -0.17065611 0.5050466
vn 0.92631423 -0.12579896 0.355129
vn 0.8459497 0.11296332 0.52116054
vn 0.73414034 -0.22969586 0.6389662
vn 0.84605217 -0.17065611 0.5050466
vn 0.9270898 0.1773065 0.3302529
vn 0.96510804 -0.097773746 0.24291322
vn 0.99165326 -0.051262997 0.11830364
vn 0.9270898 0.1773065 0.3302529
vn 0.99165326 -0.051262997 0.11830364
vn 0.95399565 0.2106169 0.21338408
vn 0.9270898 0.1773065 0.3302529
vn 0.92631423 -0.12579896 0.355129
vn 0.96510804 -0.097773746 0.24291322
vn 0.53823763 -0.66605806 -0.5163981
vn 0.95399565 0.2106169 0.21338408
vn 0.96345925 0.26118016 0.059423268
vn 0.8109596 -0.18625346 0.5546659
vn 0.7922104 -0.44279325 0.41992474
vn 0.48745084 -0.5058197 0.7117148
vn 0.73414034 -0.22969586 0.6389662
vn 0.65609103 -0.5157511 0.5509495
vn 0.84605217 -0.17065611 0.5050466
vn 0.73414034 -0.22969586 0.6389662
vn 0.48745084 -0.5058197 0.7117148
vn 0.65609103 -0.5157511 0.5509495
vn 0.99165326 -0.051262997 0.11830364
vn 0.9606789 -0.25245395 -0.11559875
vn 0.9988442 -0.022264834 -0.04259789
vn 0.95399565 0.2106169 0.21338408
vn 0.9988442 -0.022264834 -0.04259789
vn 0.96345925 0.26118016 0.059423268
vn 0.95399565 0.2106169 0.21338408
vn 0.99165326 -0.051262997 0.11830364
vn 0.9988442 -0.022264834 -0.04259789
vn 0.92631423 -0.12579896 0.355129
vn 0.89247215 -0.4146307 0.17769271
vn 0.96510804 -0.097773746 0.24291322
vn 0.53823763 -0.66605806 -0.5163981
vn 0.96345925 0.26118016 0.059423268
vn 0.6684204 -0.7145568 -0.20645261
vn 0.7922104 -0.44279325 0.41992474
vn 0.4734918 -0.6681877 0.5738734
vn 0.48745084 -0.5058197 0.7117148
vn 0.84605217 -0.17065611 0.5050466
vn 0.65609103 -0.5157511 0.5509495
vn 0.75781536 -0.4461777 0.47606853
vn 0.84605217 -0.17065611 0.5050466
vn 0.75781536 -0.4461777 0.47606853
vn 0.92631423 -0.12579896 0.355129
vn 0.9606789 -0.25245395 -0.11559875
vn 0.93270093 -0.34354854 0.109741956
vn 0.8567211 -0.4905892 -0.15922058
vn 0.96510804 -0.097773746 0.24291322
vn 0.93270093 -0.34354854 0.109741956
vn 0.99165326 -0.051262997 0.11830364
vn 0.99165326 -0.051262997 0.11830364
vn 0.93270093 -0.34354854 0.109741956
vn 0.9606789 -0.25245395 -0.11559875
vn 0.96510804 -0.097773746 0.24291322
vn 0.89247215 -0.4146307 0.17769271
vn 0.93270093 -0.34354854 0.109741956
vn 0.9988442 -0.022264834 -0.04259789
vn 0.9606789 -0.25245395 -0.11559875
vn 0.90844816 -0.2249898 -0.3522804
vn 0.96345925 0.26118016 0.059423268
vn 0.93159693 0.3385416 -0.13235083
vn 0.6684204 -0.7145568 -0.20645261
vn 0.7922104 -0.44279325 0.41992474
vn 0.7342932 -0.6701093 0.108475745
vn 0.4734918 -0.6681877 0.5738734
vn 0.48745084 -0.5058197 0.7117148
vn 0.57934344 -0.6531918 0.48754644
vn 0.65609103 -0.5157511 0.5509495
vn 0.48745084 -0.5058197 0.7117148
vn 0.4734918 -0.6681877 0.5738734
vn 0.57934344 -0.6531918 0.48754644
vn 0.75781536 -0.4461777 0.47606853
vn 0.6254583 -0.6353964 0.45285016
vn 0.8761479 -0.3922865 0.28013584
vn 0.92631423 -0.12579896 0.355129
vn 0.8761479 -0.3922865 0.28013584
vn 0.89247215 -0.4146307 0.17769271
vn 0.92631423 -0.12579896 0.355129
vn 0.75781536 -0.4461777 0.47606853
vn 0.8761479 -0.3922865 0.28013584
vn 0.8567211 -0.4905892 -0.15922058
vn 0.6301375 -0.5774825 -0.5190765
vn 0.78190833 -0.42744145 -0.45377657
vn 0.9606789 -0.25245395 -0.11559875
vn 0.8567211 -0.4905892 -0.15922058
vn 0.78190833 -0.42744145 -0.45377657
vn 0.9606789 -0.25245395 -0.11559875
vn 0.78190833 -0.42744145 -0.45377657
vn 0.90844816 -0.2249898 -0.3522804
vn 0.93270093 -0.34354854 0.109741956
vn 0.8070082 -0.56701916 0.16500622
vn 0.8567211 -0.4905892 -0.15922058
vn 0.9988442 -0.022264834 -0.04259789
vn 0.90844816 -0.2249898 -0.3522804
vn 0.9741746 -0.012823522 -0.22543156
vn 0.96345925 0.26118016 0.059423268
vn 0.9988442 -0.022264834 -0.04259789
vn 0.9741746 -0.012823522 -0.22543156
vn 0.96345925 0.26118016 0.059423268
vn 0.9741746 -0.012823522 -0.22543156
vn 0.93159693 0.3385416 -0.13235083
vn 0.6684204 -0.7145568 -0.20645261
vn 0.93159693 0.3385416 -0.13235083
vn 0.5329629 0.64209926 -0.55105275
vn 0.7342932 -0.6701093 0.108475745
vn -0.6806962 -0.4916139 0.54311013
vn 0.4734918 -0.6681877 0.5738734
vn 0.65609103 -0.5157511 0.5509495
vn 0.57934344 -0.6531918 0.48754644
vn 0.75781536 -0.4461777 0.47606853
vn 0.75781536 -0.4461777 0.47606853
vn 0.57934344 -0.6531918 0.48754644
vn 0.6254583 -0.6353964 0.45285016
vn 0.57934344 -0.6531918 0.48754644
vn 0.4734918 -0.6681877 0.5738734
vn 0.42867616 -0.8517946 0.30113548
vn 0.89247215 -0.4146307 0.17769271
vn 0.8761479 -0.3922865 0.28013584
vn 0.8054444 -0.57209176 0.15482306
vn 0.93270093 -0.34354854 0.109741956
vn 0.89247215 -0.4146307 0.17769271
vn 0.8054444 -0.57209176 0.15482306
vn 0.93270093 -0.34354854 0.109741956
vn 0.8054444 -0.57209176 0.15482306
vn 0.8070082 -0.56701916 0.16500622
vn 0.6301375 -0.5774825 -0.5190765
vn 0.8567211 -0.4905892 -0.15922058
vn 0.73543745 -0.6578398 -0.16241497
vn 0.78190833 -0.42744145 -0.45377657
vn 0.36913607 -0.7571545 -0.53893924
vn 0.76113397 -0.41759145 -0.49627867
vn 0.78190833 -0.42744145 -0.45377657
vn 0.76113397 -0.41759145 -0.49627867
vn 0.90844816 -0.2249898 -0.3522804
vn 0.78190833 -0.42744145 -0.45377657
vn 0.6301375 -0.5774825 -0.5190765
vn 0.36913607 -0.7571545 -0.53893924
vn 0.9741746 -0.012823522 -0.22543156
vn 0.8562934 -0.22132304 -0.46666667
vn 0.9125894 0.029744744 -0.40779403
vn 0.9741746 -0.012823522 -0.22543156
vn 0.9125894 0.029744744 -0.40779403
vn 0.93159693 0.3385416 -0.13235083
vn 0.90844816 -0.2249898 -0.3522804
vn 0.76113397 -0.41759145 -0.49627867
vn 0.8562934 -0.22132304 -0.46666667
vn 0.90844816 -0.2249898 -0.3522804
vn 0.8562934 -0.22132304 -0.46666667
vn 0.9741746 -0.012823522 -0.22543156
vn 0.5329629 0.64209926 -0.55105275
vn 0.85854805 0.40288386 -0.31714326
vn 0.69318116 0.6994153 -0.17412066
vn 0.93159693 0.3385416 -0.13235083
vn 0.9125894 0.029744744 -0.40779403
vn 0.85854805 0.40288386 -0.31714326
vn 0.93159693 0.3385416 -0.13235083
vn 0.85854805 0.40288386 -0.31714326
vn 0.5329629 0.64209926 -0.55105275
vn -0.6806962 -0.4916139 0.54311013
vn -0.37682062 -0.7271066 -0.5738659
vn 0.41569823 -0.81278336 0.40813994
vn 0.41569823 -0.81278336 0.40813994
vn 0.42867616 -0.8517946 0.30113548
vn 0.4734918 -0.6681877 0.5738734
vn 0.41569823 -0.81278336 0.40813994
vn 0.4734918 -0.6681877 0.5738734
vn -0.6806962 -0.4916139 0.54311013
vn 0.41569823 -0.81278336 0.40813994
vn -0.37682062 -0.7271066 -0.5738659
vn 0.42867616 -0.8517946 0.30113548
vn 0.57934344 -0.6531918 0.48754644
vn 0.42867616 -0.8517946 0.30113548
vn 0.6254583 -0.6353964 0.45285016
vn 0.8761479 -0.3922865 0.28013584
vn 0.6254583 -0.6353964 0.45285016
vn 0.80134016 -0.5772094 0.15710914
vn 0.8761479 -0.3922865 0.28013584
vn 0.80134016 -0.5772094 0.15710914
vn 0.8054444 -0.57209176 0.15482306
vn 0.8070082 -0.56701916 0.16500622
vn 0.6540138 -0.7203062 0.23113799
vn 0.8567211 -0.4905892 -0.15922058
vn 0.8567211 -0.4905892 -0.15922058
vn 0.6540138 -0.7203062 0.23113799
vn 0.73543745 -0.6578398 -0.16241497
vn 0.6301375 -0.5774825 -0.5190765
vn -0.33896905 -0.9354992 -0.099705815
vn 0.36913607 -0.7571545 -0.53893924
vn 0.73543745 -0.6578398 -0.16241497
vn 0.6540138 -0.7203062 0.23113799
vn -0.33896905 -0.9354992 -0.099705815
vn 0.73543745 -0.6578398 -0.16241497
vn -0.33896905 -0.9354992 -0.099705815
vn 0.6301375 -0.5774825 -0.5190765
vn 0.76113397 -0.41759145 -0.49627867
vn 0.74484384 -0.39898318 -0.5348084
vn 0.8562934 -0.22132304 -0.46666667
vn 0.69318116 0.6994153 -0.17412066
vn 0.63195455 0.71668977 -0.29493904
vn 0.6122297 0.7901912 -0.027795136
vn 0.9125894 0.029744744 -0.40779403
vn 0.8562934 -0.22132304 -0.46666667
vn 0.7970842 -0.18071985 -0.57619184
vn 0.8562934 -0.22132304 -0.46666667
vn 0.74484384 -0.39898318 -0.5348084
vn 0.7970842 -0.18071985 -0.57619184
vn 0.85854805 0.40288386 -0.31714326
vn 0.78149 0.44456547 -0.43776113
vn 0.69318116 0.6994153 -0.17412066
vn 0.5329629 0.64209926 -0.55105275
vn 0.69318116 0.6994153 -0.17412066
vn 0.40578198 0.792789 -0.45478177
vn 0.69318116 0.6994153 -0.17412066
vn 0.78149 0.44456547 -0.43776113
vn 0.63195455 0.71668977 -0.29493904
vn 0.69318116 0.6994153 -0.17412066
vn 0.6122297 0.7901912 -0.027795136
vn 0.40578198 0.792789 -0.45478177
vn 0.42867616 -0.8517946 0.30113548
vn 0.42001826 -0.829124 0.36896902
vn 0.6254583 -0.6353964 0.45285016
vn 0.6254583 -0.6353964 0.45285016
vn 0.42001826 -0.829124 0.36896902
vn 0.80134016 -0.5772094 0.15710914
vn 0.8054444 -0.57209176 0.15482306
vn 0.80134016 -0.5772094 0.15710914
vn 0.56436265 -0.8198904 0.09630418
vn 0.6540138 -0.7203062 0.23113799
vn 0.8070082 -0.56701916 0.16500622
vn 0.56436265 -0.8198904 0.09630418
vn 0.8070082 -0.56701916 0.16500622
vn 0.8054444 -0.57209176 0.15482306
vn 0.56436265 -0.8198904 0.09630418
vn 0.6540138 -0.7203062 0.23113799
vn 0.56436265 -0.8198904 0.09630418
vn -0.33896905 -0.9354992 -0.099705815
vn 0.76113397 -0.41759145 -0.49627867
vn 0.36913607 -0.7571545 -0.53893924
vn 0.74484384 -0.39898318 -0.5348084
vn 0.9125894 0.029744744 -0.40779403
vn 0.7970842 -0.18071985 -0.57619184
vn 0.83201516 0.081515074 -0.5487313
vn 0.85854805 0.40288386 -0.31714326
vn 0.9125894 0.029744744 -0.40779403
vn 0.83201516 0.081515074 -0.5487313
vn 0.85854805 0.40288386 -0.31714326
vn 0.83201516 0.081515074 -0.5487313
vn 0.78149 0.44456547 -0.43776113
vn 0.63195455 0.71668977 -0.29493904
vn 0.5389044 0.73181593 -0.4171661
vn 0.51215136 0.8383191 -0.18687445
vn 0.6122297 0.7901912 -0.027795136
vn 0.51215136 0.8383191 -0.18687445
vn 0.40210006 0.9119287 -0.081863105
vn 0.40578198 0.792789 -0.45478177
vn 0.6122297 0.7901912 -0.027795136
vn 0.41080776 0.91108334 -0.034119368
vn 0.6122297 0.7901912 -0.027795136
vn 0.63195455 0.71668977 -0.29493904
vn 0.51215136 0.8383191 -0.18687445
vn 0.6122297 0.7901912 -0.027795136
vn 0.40210006 0.9119287 -0.081863105
vn 0.41080776 0.91108334 -0.034119368
vn 0.42867616 -0.8517946 0.30113548
vn -0.50404614 -0.7633733 -0.4039785
vn 0.42001826 -0.829124 0.36896902
vn 0.80134016 -0.5772094 0.15710914
vn 0.42001826 -0.829124 0.36896902
vn 0.65053564 -0.75947315 -0.0019343495
vn 0.65053564 -0.75947315 -0.0019343495
vn -0.50404614 -0.7633733 -0.4039785
vn 0.56436265 -0.8198904 0.09630418
vn 0.65053564 -0.75947315 -0.0019343495
vn 0.56436265 -0.8198904 0.09630418
vn 0.80134016 -0.5772094 0.15710914
vn 0.65053564 -0.75947315 -0.0019343495
vn 0.42001826 -0.829124 0.36896902
vn -0.50404614 -0.7633733 -0.4039785
vn 0.36913607 -0.7571545 -0.53893924
vn -0.5423904 -0.7991328 0.25922847
vn 0.6811095 -0.61276436 -0.40076137
vn 0.36913607 -0.7571545 -0.53893924
vn 0.6811095 -0.61276436 -0.40076137
vn 0.74484384 -0.39898318 -0.5348084
vn 0.7970842 -0.18071985 -0.57619184
vn 0.55942 -0.32277173 -0.7634577
vn 0.6901356 -0.15487206 -0.70691407
vn 0.7970842 -0.18071985 -0.57619184
vn 0.6901356 -0.15487206 -0.70691407
vn 0.83201516 0.081515074 -0.5487313
vn 0.7970842 -0.18071985 -0.57619184
vn 0.74484384 -0.39898318 -0.5348084
vn 0.55942 -0.32277173 -0.7634577
vn 0.78149 0.44456547 -0.43776113
vn 0.658116 0.48606756 -0.57499707
vn 0.63195455 0.71668977 -0.29493904
vn 0.63195455 0.71668977 -0.29493904
vn 0.658116 0.48606756 -0.57499707
vn 0.5389044 0.73181593 -0.4171661
vn 0.51215136 0.8383191 -0.18687445
vn 0.4212133 0.857849 -0.29440504
vn 0.34330145 0.92668766 -0.15295106
vn 0.51215136 0.8383191 -0.18687445
vn 0.34330145 0.92668766 -0.15295106
vn 0.40210006 0.9119287 -0.081863105
vn 0.51215136 0.8383191 -0.18687445
vn 0.5389044 0.73181593 -0.4171661
vn 0.4212133 0.857849 -0.29440504
vn 0.41080776 0.91108334 -0.034119368
vn 6.8661734E-08 0.94365674 0.33092558
vn 0.36382484 0.92769545 0.08374184
vn 0.40210006 0.9119287 -0.081863105
vn 0.34330145 0.92668766 -0.15295106
vn 6.8661734E-08 0.94365674 0.33092558
vn 0.40210006 0.9119287 -0.081863105
vn 6.8661734E-08 0.94365674 0.33092558
vn 0.41080776 0.91108334 -0.034119368
vn -0.5423904 -0.7991328 0.25922847
vn 0.13243707 -0.83266985 -0.5377001
vn 0.37816128 -0.4975528 -0.7806634
vn 0.37816128 -0.4975528 -0.7806634
vn 0.74484384 -0.39898318 -0.5348084
vn 0.6811095 -0.61276436 -0.40076137
vn 0.37816128 -0.4975528 -0.7806634
vn 0.13243707 -0.83266985 -0.5377001
vn 0.55942 -0.32277173 -0.7634577
vn 0.37816128 -0.4975528 -0.7806634
vn 0.6811095 -0.61276436 -0.40076137
vn -0.5423904 -0.7991328 0.25922847
vn 0.37816128 -0.4975528 -0.7806634
vn 0.55942 -0.32277173 -0.7634577
vn 0.74484384 -0.39898318 -0.5348084
vn 0.6901356 -0.15487206 -0.70691407
vn 0.7304179 0.12840164 -0.6708224
vn 0.83201516 0.081515074 -0.5487313
vn 0.78149 0.44456547 -0.43776113
vn 0.83201516 0.081515074 -0.5487313
vn 0.7304179 0.12840164 -0.6708224
vn 0.78149 0.44456547 -0.43776113
vn 0.7304179 0.12840164 -0.6708224
vn 0.658116 0.48606756 -0.57499707
vn 0.5389044 0.73181593 -0.4171661
vn 0.43013695 0.7272056 -0.53493375
vn 0.4212133 0.857849 -0.29440504
vn 0.36382484 0.92769545 0.08374184
vn 6.8661734E-08 0.94365674 0.33092558
vn 0.36874267 0.90294623 0.22071916
vn 0.34330145 0.92668766 -0.15295106
vn 0.29534507 0.9329723 -0.20575184
vn 6.8661734E-08 0.94365674 0.33092558
vn 0.34330145 0.92668766 -0.15295106
vn 0.4212133 0.857849 -0.29440504
vn 0.29534507 0.9329723 -0.20575184
vn 0.13243707 -0.83266985 -0.5377001
vn 0.32601175 -0.44311512 -0.8350841
vn 0.51329845 -0.30772567 -0.80114263
vn 0.55942 -0.32277173 -0.7634577
vn 0.13243707 -0.83266985 -0.5377001
vn 0.51329845 -0.30772567 -0.80114263
vn 0.55942 -0.32277173 -0.7634577
vn 0.51329845 -0.30772567 -0.80114263
vn 0.6901356 -0.15487206 -0.70691407
vn 0.7304179 0.12840164 -0.6708224
vn 0.65951884 -0.14559281 -0.7374535
vn 0.6245652 0.18999249 -0.75750995
vn 0.7304179 0.12840164 -0.6708224
vn 0.6245652 0.18999249 -0.75750995
vn 0.658116 0.48606756 -0.57499707
vn 0.6901356 -0.15487206 -0.70691407
vn 0.51329845 -0.30772567 -0.80114263
vn 0.65951884 -0.14559281 -0.7374535
vn 0.6901356 -0.15487206 -0.70691407
vn 0.65951884 -0.14559281 -0.7374535
vn 0.7304179 0.12840164 -0.6708224
vn 0.5389044 0.73181593 -0.4171661
vn 0.51567316 0.5158215 -0.6841121
vn 0.43013695 0.7272056 -0.53493375
vn 0.51567316 0.5158215 -0.6841121
vn 0.658116 0.48606756 -0.57499707
vn 0.6245652 0.18999249 -0.75750995
vn 0.658116 0.48606756 -0.57499707
vn 0.51567316 0.5158215 -0.6841121
vn 0.5389044 0.73181593 -0.4171661
vn 6.8661734E-08 0.94365674 0.33092558
vn 0.15253602 0.9218488 -0.35626924
vn -0.043674663 0.8632101 -0.50295204
vn 0.4212133 0.857849 -0.29440504
vn 0.33105573 0.8570982 -0.39469558
vn 0.25382602 0.93273854 -0.2560684
vn 0.25382602 0.93273854 -0.2560684
vn 6.8661734E-08 0.94365674 0.33092558
vn 0.29534507 0.9329723 -0.20575184
vn 0.25382602 0.93273854 -0.2560684
vn 0.15253602 0.9218488 -0.35626924
vn 6.8661734E-08 0.94365674 0.33092558
vn 0.4212133 0.857849 -0.29440504
vn 0.43013695 0.7272056 -0.53493375
vn 0.33105573 0.8570982 -0.39469558
vn 0.4212133 0.857849 -0.29440504
vn 0.25382602 0.93273854 -0.2560684
vn 0.29534507 0.9329723 -0.20575184
vn 0.32601175 -0.44311512 -0.8350841
vn -0.36590713 -0.64726496 -0.6687002
vn 0.29806295 -0.19131893 -0.93517685
vn 0.51329845 -0.30772567 -0.80114263
vn 0.29806295 -0.19131893 -0.93517685
vn 0.65951884 -0.14559281 -0.7374535
vn 0.51329845 -0.30772567 -0.80114263
vn 0.32601175 -0.44311512 -0.8350841
vn 0.29806295 -0.19131893 -0.93517685
vn 0.13243707 -0.83266985 -0.5377001
vn -0.24670996 -0.90799403 0.3386457
vn 0.32601175 -0.44311512 -0.8350841
vn 0.32601175 -0.44311512 -0.8350841
vn -0.24670996 -0.90799403 0.3386457
vn -0.36590713 -0.64726496 -0.6687002
vn -0.043674663 0.8632101 -0.50295204
vn 0.6546266 0.7556652 -0.020837367
vn 6.8661734E-08 0.94365674 0.33092558
vn 0.65951884 -0.14559281 -0.7374535
vn 0.29806295 -0.19131893 -0.93517685
vn -0.94679326 0.09942983 -0.30609822
vn -0.36590713 -0.64726496 -0.6687002
vn -0.18773474 -0.22694904 -0.95564115
vn 0.29806295 -0.19131893 -0.93517685
vn 0.29806295 -0.19131893 -0.93517685
vn -0.18773474 -0.22694904 -0.95564115
vn -0.94679326 0.09942983 -0.30609822
vn -0.18773474 -0.22694904 -0.95564115
vn -0.3540147 -0.10922778 -0.92883956
vn -0.94679326 0.09942983 -0.30609822
vn 0.25382602 0.93273854 -0.2560684
vn 0.33105573 0.8570982 -0.39469558
vn 0.15253602 0.9218488 -0.35626924
vn 0.33105573 0.8570982 -0.39469558
vn 0.20036973 0.8341735 -0.5138155
vn 0.15253602 0.9218488 -0.35626924
vn 0.33105573 0.8570982 -0.39469558
vn 0.43013695 0.7272056 -0.53493375
vn 0.28697652 0.70254064 -0.651215
vn 0.33105573 0.8570982 -0.39469558
vn 0.28697652 0.70254064 -0.651215
vn 0.20036973 0.8341735 -0.5138155
vn 0.15253602 0.9218488 -0.35626924
vn 0.20036973 0.8341735 -0.5138155
vn -0.043674663 0.8632101 -0.50295204
vn 0.43013695 0.7272056 -0.53493375
vn 0.33742973 0.5218887 -0.78343683
vn 0.28697652 0.70254064 -0.651215
vn 0.20036973 0.8341735 -0.5138155
vn -0.040895123 0.7400268 -0.671333
vn -0.043674663 0.8632101 -0.50295204
vn 0.43013695 0.7272056 -0.53493375
vn 0.51567316 0.5158215 -0.6841121
vn 0.33742973 0.5218887 -0.78343683
vn 0.28697652 0.70254064 -0.651215
vn -0.009434656 0.6157561 -0.78788036
vn 0.20036973 0.8341735 -0.5138155
vn 0.20036973 0.8341735 -0.5138155
vn -0.009434656 0.6157561 -0.78788036
vn -0.040895123 0.7400268 -0.671333
vn -0.043674663 0.8632101 -0.50295204
vn -0.040895123 0.7400268 -0.671333
vn 0.6546266 0.7556652 -0.020837367
vn 0.51567316 0.5158215 -0.6841121
vn 0.6245652 0.18999249 -0.75750995
vn 0.42544067 0.262771 -0.86599755
vn 0.51567316 0.5158215 -0.6841121
vn 0.42544067 0.262771 -0.86599755
vn 0.33742973 0.5218887 -0.78343683
vn 0.28697652 0.70254064 -0.651215
vn 0.036693476 0.44612274 -0.89421916
vn -0.009434656 0.6157561 -0.78788036
vn 0.28697652 0.70254064 -0.651215
vn 0.33742973 0.5218887 -0.78343683
vn 0.036693476 0.44612274 -0.89421916
vn -0.040895123 0.7400268 -0.671333
vn -0.009434656 0.6157561 -0.78788036
vn 0.7176979 0.5126763 -0.47124588
vn 0.6546266 0.7556652 -0.020837367
vn -0.040895123 0.7400268 -0.671333
vn 0.75580794 0.6418618 -0.1294908
vn 0.75580794 0.6418618 -0.1294908
vn -0.040895123 0.7400268 -0.671333
vn 0.7176979 0.5126763 -0.47124588
vn 0.6245652 0.18999249 -0.75750995
vn 0.65951884 -0.14559281 -0.7374535
vn 0.47876474 -0.01650709 -0.877788
vn 0.6245652 0.18999249 -0.75750995
vn 0.47876474 -0.01650709 -0.877788
vn 0.42544067 0.262771 -0.86599755
vn 0.33742973 0.5218887 -0.78343683
vn 0.053493224 0.23360252 -0.9708596
vn 0.036693476 0.44612274 -0.89421916
vn 0.33742973 0.5218887 -0.78343683
vn 0.42544067 0.262771 -0.86599755
vn 0.053493224 0.23360252 -0.9708596
vn -0.009434656 0.6157561 -0.78788036
vn -0.33695891 0.2124663 -0.9172332
vn 0.7176979 0.5126763 -0.47124588
vn -0.009434656 0.6157561 -0.78788036
vn 0.036693476 0.44612274 -0.89421916
vn -0.33695891 0.2124663 -0.9172332
vn 0.65951884 -0.14559281 -0.7374535
vn 0.7307372 -0.5825869 0.35583103
vn 0.47876474 -0.01650709 -0.877788
vn 0.42544067 0.262771 -0.86599755
vn 0.020466296 -0.016720474 -0.9996507
vn 0.053493224 0.23360252 -0.9708596
vn 0.42544067 0.262771 -0.86599755
vn 0.47876474 -0.01650709 -0.877788
vn 0.020466296 -0.016720474 -0.9996507
vn 0.7176979 0.5126763 -0.47124588
vn -0.33695891 0.2124663 -0.9172332
vn 0.052786976 -0.80842614 -0.5862255
vn 0.036693476 0.44612274 -0.89421916
vn -0.38712645 0.092959225 -0.9173286
vn -0.33695891 0.2124663 -0.9172332
vn 0.036693476 0.44612274 -0.89421916
vn 0.053493224 0.23360252 -0.9708596
vn -0.38712645 0.092959225 -0.9173286
vn 0.7307372 -0.5825869 0.35583103
vn 0.5123201 -0.23145819 -0.8270158
vn 0.47876474 -0.01650709 -0.877788
vn 0.020466296 -0.016720474 -0.9996507
vn 0.47876474 -0.01650709 -0.877788
vn -0.07632685 -0.21071166 -0.97456384
vn 0.47876474 -0.01650709 -0.877788
vn 0.5123201 -0.23145819 -0.8270158
vn -0.07632685 -0.21071166 -0.97456384
vn 0.053493224 0.23360252 -0.9708596
vn -0.3540147 -0.10922778 -0.92883956
vn -0.38712645 0.092959225 -0.9173286
vn 0.053493224 0.23360252 -0.9708596
vn 0.020466296 -0.016720474 -0.9996507
vn -0.3540147 -0.10922778 -0.92883956
vn 0.7307372 -0.5825869 0.35583103
vn -0.11626322 -0.9926605 0.033284664
vn 0.5123201 -0.23145819 -0.8270158
vn 0.5123201 -0.23145819 -0.8270158
vn -0.11626322 -0.9926605 0.033284664
vn -0.07632685 -0.21071166 -0.97456384
vn 0.020466296 -0.016720474 -0.9996507
vn -0.9373548 -0.3470644 -0.030205816
vn -0.3540147 -0.10922778 -0.92883956
vn -0.9373548 -0.3470644 -0.030205816
vn -0.07632685 -0.21071166 -0.97456384
vn -0.11626322 -0.9926605 0.033284664
vn -0.07632685 -0.21071166 -0.97456384
vn -0.9373548 -0.3470644 -0.030205816
vn 0.020466296 -0.016720474 -0.9996507
vn -0.6129198 -0.7314727 -0.29879266
vn -0.8277478 0.5317837 -0.1789965
vn 0.15783273 0.06273872 -0.9854707
vn 0.53823763 -0.66605806 -0.5163981
vn 0.6684204 -0.7145568 -0.20645261
vn 0.24139073 -0.53206927 -0.8115619
vn 0.7733685 0.23488617 0.5888375
vn 0.53823763 -0.66605806 -0.5163981
vn -0.1727882 -0.8703313 0.46115893
vn 0.53823763 -0.66605806 -0.5163981
vn 0.24139073 -0.53206927 -0.8115619
vn 0.44487748 -0.7501925 -0.48917812
vn 0.44487748 -0.7501925 -0.48917812
vn -0.1727882 -0.8703313 0.46115893
vn 0.53823763 -0.66605806 -0.5163981
vn 0.24139073 -0.53206927 -0.8115619
vn 0.6684204 -0.7145568 -0.20645261
vn 0.81348914 -0.51445353 -0.27124348
vn 0.6684204 -0.7145568 -0.20645261
vn -0.31635794 -0.28903633 -0.903535
vn 0.81348914 -0.51445353 -0.27124348
vn 0.6684204 -0.7145568 -0.20645261
vn 0.5329629 0.64209926 -0.55105275
vn -0.31635794 -0.28903633 -0.903535
vn 0.7342932 -0.6701093 0.108475745
vn -0.47223413 -0.7520536 -0.45979366
vn -0.6806962 -0.4916139 0.54311013
vn -0.47223413 -0.7520536 -0.45979366
vn 0.42867616 -0.8517946 0.30113548
vn -0.37682062 -0.7271066 -0.5738659
vn 0.94679266 0.09943783 -0.3060977
vn -0.659519 -0.14559323 -0.7374533
vn 0.2960427 -0.08672255 0.9512296
vn -0.659519 -0.14559323 -0.7374533
vn -0.73073757 -0.5825876 0.35582906
vn 0.2960427 -0.08672255 0.9512296
vn -0.73073757 -0.5825876 0.35582906
vn 0.116262935 -0.9926606 0.033284307
vn 0.2960427 -0.08672255 0.9512296
vn 0.116262935 -0.9926606 0.033284307
vn 0.93735486 -0.34706402 -0.030206531
vn 0.2960427 -0.08672255 0.9512296
vn 0.93735486 -0.34706402 -0.030206531
vn 0.94679266 0.09943783 -0.3060977
vn 0.2960427 -0.08672255 0.9512296
vn 0.93735486 -0.34706402 -0.030206531
vn 0.35401464 -0.10922778 -0.92883956
vn 0.94679266 0.09943783 -0.3060977
vn -0.3691361 -0.75715494 -0.5389387
vn 0.5423895 -0.7991334 0.25922847
vn -0.13243629 -0.8326696 -0.53770053
vn -0.13243629 -0.8326696 -0.53770053
vn 0.24671014 -0.90799415 0.33864528
vn 0.36590692 -0.64726466 -0.6687006
vn -0.5643627 -0.8198904 0.09630418
vn 0.43067613 -0.7439189 -0.510982
vn 0.50404584 -0.76337326 -0.4039789
vn 0.43067613 -0.7439189 -0.510982
vn -0.428676 -0.85179484 0.30113548
vn 0.50404584 -0.76337326 -0.4039789
vn 0.3768205 -0.72710645 -0.57386625
vn 0.47223476 -0.75205344 -0.4597933
vn 0.68069625 -0.49161386 0.54311
vn 0.47363207 -0.01949972 -0.8805068
vn 0.32377052 -0.85919785 -0.3961716
vn -0.4004101 -0.7281078 -0.5563547
vn 0.32377052 -0.85919785 -0.3961716
vn 0.26819897 -0.9155102 -0.29985064
vn -0.4004101 -0.7281078 -0.5563547
vn 0.32377052 -0.85919785 -0.3961716
vn -3.6496577E-09 -0.93971515 -0.34195822
vn 0.26819897 -0.9155102 -0.29985064
vn 0.32377052 -0.85919785 -0.3961716
vn 0.1895292 -0.95219874 -0.23957509
vn -3.6496577E-09 -0.93971515 -0.34195822
vn 0.26819897 -0.9155102 -0.29985064
vn -0.46541405 -0.7984041 -0.38202158
vn 0.27559674 -0.09906167 -0.9561554
vn 0.32377052 -0.85919785 -0.3961716
vn -0.50199217 -0.44147962 -0.7437066
vn 0.1895292 -0.95219874 -0.23957509
vn -3.6496577E-09 -0.93971515 -0.34195822
vn 0.08352385 -0.960968 -0.26375043
vn 0.26819897 -0.9155102 -0.29985064
vn -0.46541405 -0.7984041 -0.38202158
vn 0.26819897 -0.9155102 -0.29985064
vn 0.42110074 -0.80304927 -0.42164668
vn 0.26819897 -0.9155102 -0.29985064
vn 0.08352385 -0.960968 -0.26375043
vn 0.42110074 -0.80304927 -0.42164668
vn -0.50199217 -0.44147962 -0.7437066
vn -0.5546988 -0.38132566 -0.7395268
vn 0.1895292 -0.95219874 -0.23957509
vn -3.6496577E-09 -0.93971515 -0.34195822
vn 1.1925461E-09 -0.90315396 -0.42931667
vn 0.08352385 -0.960968 -0.26375043
vn 0.42110074 -0.80304927 -0.42164668
vn 0.08352385 -0.960968 -0.26375043
vn -0.33808962 -0.9383739 0.071762145
vn -0.5546988 -0.38132566 -0.7395268
vn 0.11348416 -0.11944491 -0.9863336
vn 0.1351709 -0.9596024 -0.24676299
vn -0.5546988 -0.38132566 -0.7395268
vn 0.1351709 -0.9596024 -0.24676299
vn 0.1895292 -0.95219874 -0.23957509
vn -3.6496577E-09 -0.93971515 -0.34195822
vn 0.1895292 -0.95219874 -0.23957509
vn 2.1396222E-08 -0.9689867 -0.24711329
vn 0.1895292 -0.95219874 -0.23957509
vn 0.1351709 -0.9596024 -0.24676299
vn 2.1396222E-08 -0.9689867 -0.24711329
vn 1.1925461E-09 -0.90315396 -0.42931667
vn 0.022356099 -0.97708166 -0.21168745
vn 0.08352385 -0.960968 -0.26375043
vn 0.08352385 -0.960968 -0.26375043
vn 0.022356099 -0.97708166 -0.21168745
vn -0.33808962 -0.9383739 0.071762145
vn 0.42110074 -0.80304927 -0.42164668
vn -0.33808962 -0.9383739 0.071762145
vn -0.16731502 -0.9843102 -0.056025743
vn 0.11348416 -0.11944491 -0.9863336
vn -2.3683269E-08 -0.8936901 -0.4486847
vn 0.1351709 -0.9596024 -0.24676299
vn 0.1351709 -0.9596024 -0.24676299
vn -2.3683269E-08 -0.8936901 -0.4486847
vn 2.1396222E-08 -0.9689867 -0.24711329
vn 0.022356099 -0.97708166 -0.21168745
vn -0.052786455 -0.8084259 -0.5862263
vn -0.33808962 -0.9383739 0.071762145
vn 0.018186152 -0.30284625 -0.95286596
vn 0.021945627 0.7992928 -0.600541
vn 0.42110074 -0.80304927 -0.42164668
vn 0.021945627 0.7992928 -0.600541
vn -0.8778888 0.47563574 -0.055514604
vn 0.42110074 -0.80304927 -0.42164668
vn -0.16731502 -0.9843102 -0.056025743
vn 0.018186152 -0.30284625 -0.95286596
vn 0.42110074 -0.80304927 -0.42164668
vn 0.27559674 -0.09906167 -0.9561554
vn -0.6773935 0.46089897 -0.57333255
vn 0.26819897 -0.9155102 -0.29985064
vn -0.54498243 0.5629079 -0.62139267
vn 0.32377052 -0.85919785 -0.3961716
vn 0.47363207 -0.01949972 -0.8805068
vn 0.26819897 -0.9155102 -0.29985064
vn -0.6773935 0.46089897 -0.57333255
vn -0.4004101 -0.7281078 -0.5563547
vn -0.6773935 0.46089897 -0.57333255
vn -0.7803514 0.49812043 -0.37805772
vn -0.6607552 0.5153755 -0.54570186
vn -0.4004101 -0.7281078 -0.5563547
vn -0.7892665 0.1366682 -0.5986485
vn 0.47363207 -0.01949972 -0.8805068
vn -0.6773935 0.46089897 -0.57333255
vn -0.7892665 0.1366682 -0.5986485
vn -0.4004101 -0.7281078 -0.5563547
vn -0.6773935 0.46089897 -0.57333255
vn -0.6607552 0.5153755 -0.54570186
vn -0.7892665 0.1366682 -0.5986485
vn -0.7803514 0.49812043 -0.37805772
vn -0.71308887 0.5823585 -0.39033657
vn -0.6607552 0.5153755 -0.54570186
vn 0.47363207 -0.01949972 -0.8805068
vn -0.5141571 0.64739025 -0.56260866
vn -0.54498243 0.5629079 -0.62139267
vn -0.5141571 0.64739025 -0.56260866
vn 0.47363207 -0.01949972 -0.8805068
vn -0.7892665 0.1366682 -0.5986485
vn -0.5141571 0.64739025 -0.56260866
vn -0.6607552 0.5153755 -0.54570186
vn -0.54498243 0.5629079 -0.62139267
vn -0.5141571 0.64739025 -0.56260866
vn -0.7892665 0.1366682 -0.5986485
vn -0.6607552 0.5153755 -0.54570186
vn -0.7803514 0.49812043 -0.37805772
vn -0.78945315 0.60297793 -0.11480963
vn -0.71308887 0.5823585 -0.39033657
vn -0.54498243 0.5629079 -0.62139267
vn -0.6607552 0.5153755 -0.54570186
vn -0.6137115 0.5234927 -0.59102756
vn -0.6607552 0.5153755 -0.54570186
vn -0.71308887 0.5823585 -0.39033657
vn -0.6137115 0.5234927 -0.59102756
vn -0.7803514 0.49812043 -0.37805772
vn -0.6773935 0.46089897 -0.57333255
vn -0.8141821 0.4776748 -0.33005193
vn -0.78945315 0.60297793 -0.11480963
vn -0.72590715 0.6724317 -0.14454883
vn -0.71308887 0.5823585 -0.39033657
vn -0.6137115 0.5234927 -0.59102756
vn -0.71308887 0.5823585 -0.39033657
vn -0.6499407 0.63011146 -0.424896
vn -0.71308887 0.5823585 -0.39033657
vn -0.72590715 0.6724317 -0.14454883
vn -0.6499407 0.63011146 -0.424896
vn -0.7803514 0.49812043 -0.37805772
vn -0.8141821 0.4776748 -0.33005193
vn -0.8369694 0.5409922 -0.08252156
vn -0.7803514 0.49812043 -0.37805772
vn -0.8369694 0.5409922 -0.08252156
vn -0.78945315 0.60297793 -0.11480963
vn -0.6773935 0.46089897 -0.57333255
vn 0.27559674 -0.09906167 -0.9561554
vn -0.68288076 0.5606104 -0.4683907
vn -0.6773935 0.46089897 -0.57333255
vn -0.68288076 0.5606104 -0.4683907
vn -0.8141821 0.4776748 -0.33005193
vn -0.6137115 0.5234927 -0.59102756
vn -0.6499407 0.63011146 -0.424896
vn -0.5946701 0.69623065 -0.40203273
vn -0.72590715 0.6724317 -0.14454883
vn -0.6406257 0.7455697 -0.18364209
vn -0.6499407 0.63011146 -0.424896
vn -0.8369694 0.5409922 -0.08252156
vn -0.8141821 0.4776748 -0.33005193
vn -0.8778888 0.47563574 -0.055514604
vn -0.78945315 0.60297793 -0.11480963
vn -0.6891789 0.7223207 0.0573169
vn -0.72590715 0.6724317 -0.14454883
vn 0.27559674 -0.09906167 -0.9561554
vn -0.46541405 -0.7984041 -0.38202158
vn -0.8829992 0.008247465 -0.4693021
vn 0.27559674 -0.09906167 -0.9561554
vn -0.8829992 0.008247465 -0.4693021
vn -0.68288076 0.5606104 -0.4683907
vn -0.6137115 0.5234927 -0.59102756
vn -0.5946701 0.69623065 -0.40203273
vn -0.64142007 0.537968 -0.54696506
vn -0.6406257 0.7455697 -0.18364209
vn -0.5491523 0.8136182 -0.19093728
vn -0.6499407 0.63011146 -0.424896
vn -0.6499407 0.63011146 -0.424896
vn -0.5491523 0.8136182 -0.19093728
vn -0.5946701 0.69623065 -0.40203273
vn -0.8369694 0.5409922 -0.08252156
vn -0.8778888 0.47563574 -0.055514604
vn -0.8311512 0.5300923 0.16789836
vn -0.8141821 0.4776748 -0.33005193
vn -0.9795801 0.08941256 -0.18007845
vn -0.8778888 0.47563574 -0.055514604
vn -0.68288076 0.5606104 -0.4683907
vn -0.8829992 0.008247465 -0.4693021
vn -0.9795801 0.08941256 -0.18007845
vn -0.8829992 0.008247465 -0.4693021
vn -0.46541405 -0.7984041 -0.38202158
vn -0.9795801 0.08941256 -0.18007845
vn -0.68288076 0.5606104 -0.4683907
vn -0.9795801 0.08941256 -0.18007845
vn -0.8141821 0.4776748 -0.33005193
vn -0.78945315 0.60297793 -0.11480963
vn -0.74641055 0.6591167 0.09185046
vn -0.6891789 0.7223207 0.0573169
vn -0.78945315 0.60297793 -0.11480963
vn -0.8369694 0.5409922 -0.08252156
vn -0.74641055 0.6591167 0.09185046
vn -0.72590715 0.6724317 -0.14454883
vn -0.6891789 0.7223207 0.0573169
vn -0.6042523 0.79643446 0.023898542
vn -0.72590715 0.6724317 -0.14454883
vn -0.6042523 0.79643446 0.023898542
vn -0.6406257 0.7455697 -0.18364209
vn -0.6137115 0.5234927 -0.59102756
vn -0.64142007 0.537968 -0.54696506
vn -0.54498243 0.5629079 -0.62139267
vn -0.5491523 0.8136182 -0.19093728
vn -0.3621848 0.93174344 -0.026007593
vn -0.4021561 0.8943485 -0.19598752
vn -0.5946701 0.69623065 -0.40203273
vn -0.4021561 0.8943485 -0.19598752
vn -0.43221718 0.8049534 -0.40649515
vn -0.5946701 0.69623065 -0.40203273
vn -0.43221718 0.8049534 -0.40649515
vn -0.64142007 0.537968 -0.54696506
vn -0.5946701 0.69623065 -0.40203273
vn -0.5491523 0.8136182 -0.19093728
vn -0.4021561 0.8943485 -0.19598752
vn -0.8311512 0.5300923 0.16789836
vn -0.7916179 0.5971563 0.12940437
vn -0.8369694 0.5409922 -0.08252156
vn -0.8369694 0.5409922 -0.08252156
vn -0.7916179 0.5971563 0.12940437
vn -0.74641055 0.6591167 0.09185046
vn -0.8778888 0.47563574 -0.055514604
vn -0.9795801 0.08941256 -0.18007845
vn 0.42110074 -0.80304927 -0.42164668
vn 0.42110074 -0.80304927 -0.42164668
vn -0.9795801 0.08941256 -0.18007845
vn -0.46541405 -0.7984041 -0.38202158
vn -0.6891789 0.7223207 0.0573169
vn -0.6624206 0.73705566 0.13397032
vn -0.57720894 0.81094456 0.095909834
vn -0.6891789 0.7223207 0.0573169
vn -0.57720894 0.81094456 0.095909834
vn -0.6042523 0.79643446 0.023898542
vn -0.6891789 0.7223207 0.0573169
vn -0.74641055 0.6591167 0.09185046
vn -0.6624206 0.73705566 0.13397032
vn -0.6406257 0.7455697 -0.18364209
vn -0.6042523 0.79643446 0.023898542
vn -0.4964756 0.86797285 -0.011619449
vn -0.5491523 0.8136182 -0.19093728
vn -0.4964756 0.86797285 -0.011619449
vn -0.3621848 0.93174344 -0.026007593
vn -0.5491523 0.8136182 -0.19093728
vn -0.6406257 0.7455697 -0.18364209
vn -0.4964756 0.86797285 -0.011619449
vn -0.54498243 0.5629079 -0.62139267
vn -0.64142007 0.537968 -0.54696506
vn -0.6567483 0.3563043 -0.66462684
vn -0.43221718 0.8049534 -0.40649515
vn -0.44945872 0.6919136 -0.56501526
vn -0.64142007 0.537968 -0.54696506
vn -0.64142007 0.537968 -0.54696506
vn -0.44945872 0.6919136 -0.56501526
vn -0.6567483 0.3563043 -0.66462684
vn -0.4021561 0.8943485 -0.19598752
vn -0.21589884 0.9551028 -0.20289493
vn -0.43221718 0.8049534 -0.40649515
vn -0.8311512 0.5300923 0.16789836
vn -0.80978346 0.5179815 0.27558306
vn -0.7642479 0.6094835 0.21084356
vn -0.7916179 0.5971563 0.12940437
vn -0.7642479 0.6094835 0.21084356
vn -0.72313243 0.66841674 0.17406407
vn -0.7916179 0.5971563 0.12940437
vn -0.72313243 0.66841674 0.17406407
vn -0.74641055 0.6591167 0.09185046
vn -0.74641055 0.6591167 0.09185046
vn -0.72313243 0.66841674 0.17406407
vn -0.6624206 0.73705566 0.13397032
vn -0.7916179 0.5971563 0.12940437
vn -0.8311512 0.5300923 0.16789836
vn -0.7642479 0.6094835 0.21084356
vn -0.8778888 0.47563574 -0.055514604
vn -0.92718446 0.3705105 0.055236638
vn -0.8923117 0.3474424 0.28820774
vn -0.8311512 0.5300923 0.16789836
vn -0.8923117 0.3474424 0.28820774
vn -0.80978346 0.5179815 0.27558306
vn -0.8311512 0.5300923 0.16789836
vn -0.8778888 0.47563574 -0.055514604
vn -0.8923117 0.3474424 0.28820774
vn -0.57720894 0.81094456 0.095909834
vn -0.6624206 0.73705566 0.13397032
vn 6.8661734E-08 0.94365674 0.33092558
vn -0.7642479 0.6094835 0.21084356
vn 6.8661734E-08 0.94365674 0.33092558
vn -0.72313243 0.66841674 0.17406407
vn -0.72313243 0.66841674 0.17406407
vn 6.8661734E-08 0.94365674 0.33092558
vn -0.6624206 0.73705566 0.13397032
vn -0.7642479 0.6094835 0.21084356
vn -0.80978346 0.5179815 0.27558306
vn 6.8661734E-08 0.94365674 0.33092558
vn -0.6042523 0.79643446 0.023898542
vn -0.57720894 0.81094456 0.095909834
vn -0.47665688 0.87692004 0.06172073
vn -0.57720894 0.81094456 0.095909834
vn 6.8661734E-08 0.94365674 0.33092558
vn -0.47665688 0.87692004 0.06172073
vn -0.6042523 0.79643446 0.023898542
vn -0.47665688 0.87692004 0.06172073
vn -0.4964756 0.86797285 -0.011619449
vn -0.3621848 0.93174344 -0.026007593
vn -0.4964756 0.86797285 -0.011619449
vn -0.34719455 0.9372351 0.03234309
vn -0.47665688 0.87692004 0.06172073
vn 6.8661734E-08 0.94365674 0.33092558
vn -0.34719455 0.9372351 0.03234309
vn -0.47665688 0.87692004 0.06172073
vn -0.34719455 0.9372351 0.03234309
vn -0.4964756 0.86797285 -0.011619449
vn -0.54498243 0.5629079 -0.62139267
vn -0.6567483 0.3563043 -0.66462684
vn 0.32377052 -0.85919785 -0.3961716
vn -0.44945872 0.6919136 -0.56501526
vn -0.4571428 0.54743475 -0.7009534
vn -0.6567483 0.3563043 -0.66462684
vn -0.4021561 0.8943485 -0.19598752
vn -0.19487958 0.98018664 -0.035440087
vn -0.21589884 0.9551028 -0.20289493
vn -0.4021561 0.8943485 -0.19598752
vn -0.3621848 0.93174344 -0.026007593
vn -0.19487958 0.98018664 -0.035440087
vn -0.43221718 0.8049534 -0.40649515
vn -0.23912296 0.87980366 -0.41081107
vn -0.44945872 0.6919136 -0.56501526
vn -0.43221718 0.8049534 -0.40649515
vn -0.21589884 0.9551028 -0.20289493
vn -0.23912296 0.87980366 -0.41081107
vn -0.92718446 0.3705105 0.055236638
vn -0.8713143 0.10962114 0.47832492
vn -0.8923117 0.3474424 0.28820774
vn -0.8778888 0.47563574 -0.055514604
vn 0.021945627 0.7992928 -0.600541
vn -0.92718446 0.3705105 0.055236638
vn -0.80978346 0.5179815 0.27558306
vn -0.8568031 0.27538648 0.4359481
vn 6.8661734E-08 0.94365674 0.33092558
vn -0.8923117 0.3474424 0.28820774
vn -0.8713143 0.10962114 0.47832492
vn -0.8568031 0.27538648 0.4359481
vn -0.8923117 0.3474424 0.28820774
vn -0.8568031 0.27538648 0.4359481
vn -0.80978346 0.5179815 0.27558306
vn -0.34719455 0.9372351 0.03234309
vn 6.8661734E-08 0.94365674 0.33092558
vn -0.18620804 0.9824496 0.010922432
vn -0.3621848 0.93174344 -0.026007593
vn -0.34719455 0.9372351 0.03234309
vn -0.18620804 0.9824496 0.010922432
vn -0.3621848 0.93174344 -0.026007593
vn -0.18620804 0.9824496 0.010922432
vn -0.19487958 0.98018664 -0.035440087
vn 0.32377052 -0.85919785 -0.3961716
vn -0.6567483 0.3563043 -0.66462684
vn -0.50199217 -0.44147962 -0.7437066
vn -0.6567483 0.3563043 -0.66462684
vn -0.4571428 0.54743475 -0.7009534
vn -0.50199217 -0.44147962 -0.7437066
vn -0.44945872 0.6919136 -0.56501526
vn -0.25292197 0.76784897 -0.5885901
vn -0.4571428 0.54743475 -0.7009534
vn -0.44945872 0.6919136 -0.56501526
vn -0.23912296 0.87980366 -0.41081107
vn -0.25292197 0.76784897 -0.5885901
vn -0.21589884 0.9551028 -0.20289493
vn 0 0.97804356 -0.20840025
vn -0.23912296 0.87980366 -0.41081107
vn 0.021945627 0.7992928 -0.600541
vn 0.018186152 -0.30284625 -0.95286596
vn -0.8898062 0.36338913 -0.27603132
vn 0.021945627 0.7992928 -0.600541
vn -0.8898062 0.36338913 -0.27603132
vn -0.92718446 0.3705105 0.055236638
vn -0.8713143 0.10962114 0.47832492
vn -0.65462667 0.75566506 -0.020837307
vn -0.8568031 0.27538648 0.4359481
vn -0.8568031 0.27538648 0.4359481
vn -0.65462667 0.75566506 -0.020837307
vn 6.8661734E-08 0.94365674 0.33092558
vn -0.18620804 0.9824496 0.010922432
vn 6.8661734E-08 0.94365674 0.33092558
vn 1.1922056E-09 0.9999839 0.0056696534
vn -0.18620804 0.9824496 0.010922432
vn 1.1922056E-09 0.9999839 0.0056696534
vn -0.19487958 0.98018664 -0.035440087
vn -0.50199217 -0.44147962 -0.7437066
vn -0.4571428 0.54743475 -0.7009534
vn -0.5546988 -0.38132566 -0.7395268
vn -0.25292197 0.76784897 -0.5885901
vn -4.873341E-09 0.79844606 -0.60206634
vn -0.24251004 0.6709047 -0.70076793
vn -0.21589884 0.9551028 -0.20289493
vn 0 0.9992262 -0.039329946
vn 0 0.97804356 -0.20840025
vn 0 0.9992262 -0.039329946
vn -0.19487958 0.98018664 -0.035440087
vn 1.1922056E-09 0.9999839 0.0056696534
vn -0.19487958 0.98018664 -0.035440087
vn 0 0.9992262 -0.039329946
vn -0.21589884 0.9551028 -0.20289493
vn -0.23912296 0.87980366 -0.41081107
vn 0 0.97804356 -0.20840025
vn 3.6364056E-09 0.9091694 -0.4164263
vn -0.25292197 0.76784897 -0.5885901
vn -0.24251004 0.6709047 -0.70076793
vn -0.4571428 0.54743475 -0.7009534
vn -0.25292197 0.76784897 -0.5885901
vn 3.6364056E-09 0.9091694 -0.4164263
vn -4.873341E-09 0.79844606 -0.60206634
vn 3.6364056E-09 0.9091694 -0.4164263
vn -0.25292197 0.76784897 -0.5885901
vn -0.23912296 0.87980366 -0.41081107
vn 0.018186152 -0.30284625 -0.95286596
vn -0.83299345 -0.55277044 -0.0238055
vn -0.99129355 -0.0885664 -0.097432904
vn -0.8898062 0.36338913 -0.27603132
vn 0.018186152 -0.30284625 -0.95286596
vn -0.99129355 -0.0885664 -0.097432904
vn -0.92718446 0.3705105 0.055236638
vn -0.9770717 0.12013024 0.17578298
vn -0.8713143 0.10962114 0.47832492
vn -0.99129355 -0.0885664 -0.097432904
vn -0.83299345 -0.55277044 -0.0238055
vn -0.9770717 0.12013024 0.17578298
vn -0.8898062 0.36338913 -0.27603132
vn -0.9770717 0.12013024 0.17578298
vn -0.92718446 0.3705105 0.055236638
vn -0.8898062 0.36338913 -0.27603132
vn -0.99129355 -0.0885664 -0.097432904
vn -0.9770717 0.12013024 0.17578298
vn -0.65462667 0.75566506 -0.020837307
vn -0.8713143 0.10962114 0.47832492
vn -0.75580794 0.6418617 -0.12949073
vn -0.5546988 -0.38132566 -0.7395268
vn -0.3809977 0.65362877 -0.65391904
vn 0.11348416 -0.11944491 -0.9863336
vn -0.4571428 0.54743475 -0.7009534
vn -0.24251004 0.6709047 -0.70076793
vn -0.3809977 0.65362877 -0.65391904
vn -0.4571428 0.54743475 -0.7009534
vn -0.3809977 0.65362877 -0.65391904
vn -0.5546988 -0.38132566 -0.7395268
vn -4.873341E-09 0.79844606 -0.60206634
vn 0 0.69944316 -0.7146883
vn -0.24251004 0.6709047 -0.70076793
vn -0.24251004 0.6709047 -0.70076793
vn 0 0.69944316 -0.7146883
vn -0.3809977 0.65362877 -0.65391904
vn 0.018186152 -0.30284625 -0.95286596
vn -0.16731502 -0.9843102 -0.056025743
vn -0.83299345 -0.55277044 -0.0238055
vn -0.9770717 0.12013024 0.17578298
vn -0.898982 -0.34690002 0.26737946
vn -0.7176981 0.51267624 -0.4712457
vn -0.9770717 0.12013024 0.17578298
vn -0.7176981 0.51267624 -0.4712457
vn -0.8713143 0.10962114 0.47832492
vn -0.83299345 -0.55277044 -0.0238055
vn -0.16731502 -0.9843102 -0.056025743
vn -0.898982 -0.34690002 0.26737946
vn -0.83299345 -0.55277044 -0.0238055
vn -0.898982 -0.34690002 0.26737946
vn -0.9770717 0.12013024 0.17578298
vn -0.8713143 0.10962114 0.47832492
vn -0.7176981 0.51267624 -0.4712457
vn -0.75580794 0.6418617 -0.12949073
vn 0.11348416 -0.11944491 -0.9863336
vn -0.3809977 0.65362877 -0.65391904
vn 0 0.71229774 -0.7018774
vn -0.3809977 0.65362877 -0.65391904
vn 0 0.69944316 -0.7146883
vn 0 0.71229774 -0.7018774
vn -0.16731502 -0.9843102 -0.056025743
vn -0.33808962 -0.9383739 0.071762145
vn -0.898982 -0.34690002 0.26737946
vn -0.7176981 0.51267624 -0.4712457
vn -0.898982 -0.34690002 0.26737946
vn -0.052786455 -0.8084259 -0.5862263
vn -0.052786455 -0.8084259 -0.5862263
vn -0.898982 -0.34690002 0.26737946
vn -0.33808962 -0.9383739 0.071762145
vn 0.11348416 -0.11944491 -0.9863336
vn 0 0.71229774 -0.7018774
vn -2.3683269E-08 -0.8936901 -0.4486847
vn -0.47363207 -0.01949966 -0.88050693
vn 0.4004101 -0.72810787 -0.5563547
vn -0.32377052 -0.85919785 -0.3961716
vn 0.4004101 -0.72810787 -0.5563547
vn -0.2681989 -0.9155102 -0.29985064
vn -0.32377052 -0.85919785 -0.3961716
vn -0.2681989 -0.9155102 -0.29985064
vn -0.2755968 -0.09906179 -0.95615536
vn 0.46541405 -0.7984041 -0.38202158
vn -0.32377052 -0.85919785 -0.3961716
vn -0.2681989 -0.9155102 -0.29985064
vn -3.6496577E-09 -0.93971515 -0.34195822
vn 0.46541405 -0.7984041 -0.38202158
vn -0.42110074 -0.80304927 -0.42164668
vn -0.2681989 -0.9155102 -0.29985064
vn -0.32377052 -0.85919785 -0.3961716
vn -3.6496577E-09 -0.93971515 -0.34195822
vn -0.18952921 -0.95219886 -0.23957515
vn -0.42110074 -0.80304927 -0.42164668
vn 0.33808962 -0.93837386 0.071762145
vn -0.08352385 -0.960968 -0.26375043
vn -0.2681989 -0.9155102 -0.29985064
vn -0.08352385 -0.960968 -0.26375043
vn -3.6496577E-09 -0.93971515 -0.34195822
vn -0.2681989 -0.9155102 -0.29985064
vn -0.42110074 -0.80304927 -0.42164668
vn -0.08352385 -0.960968 -0.26375043
vn -0.32377052 -0.85919785 -0.3961716
vn -0.18952921 -0.95219886 -0.23957515
vn 0.50199217 -0.44147962 -0.7437066
vn 0.33808962 -0.93837386 0.071762145
vn -0.022356102 -0.97708154 -0.2116875
vn -0.08352385 -0.960968 -0.26375043
vn -3.6496577E-09 -0.93971515 -0.34195822
vn -0.08352385 -0.960968 -0.26375043
vn 1.1925461E-09 -0.90315396 -0.42931667
vn 1.1925461E-09 -0.90315396 -0.42931667
vn -0.08352385 -0.960968 -0.26375043
vn -0.022356102 -0.97708154 -0.2116875
vn -0.18952921 -0.95219886 -0.23957515
vn -3.6496577E-09 -0.93971515 -0.34195822
vn 2.1396222E-08 -0.9689867 -0.24711329
vn 0.50199217 -0.44147962 -0.7437066
vn -0.18952921 -0.95219886 -0.23957515
vn 0.5546988 -0.38132578 -0.7395268
vn 0.33808962 -0.93837386 0.071762145
vn 0.052786976 -0.80842614 -0.5862255
vn -0.022356102 -0.97708154 -0.2116875
vn 2.1396222E-08 -0.9689867 -0.24711329
vn -2.3683269E-08 -0.8936901 -0.4486847
vn -0.1351709 -0.9596024 -0.24676299
vn -0.18952921 -0.95219886 -0.23957515
vn -0.1351709 -0.9596024 -0.24676299
vn 0.5546988 -0.38132578 -0.7395268
vn -0.18952921 -0.95219886 -0.23957515
vn 2.1396222E-08 -0.9689867 -0.24711329
vn -0.1351709 -0.9596024 -0.24676299
vn -2.3683269E-08 -0.8936901 -0.4486847
vn -0.113484144 -0.11944491 -0.9863336
vn -0.1351709 -0.9596024 -0.24676299
vn -0.1351709 -0.9596024 -0.24676299
vn -0.113484144 -0.11944491 -0.9863336
vn 0.5546988 -0.38132578 -0.7395268
vn -0.018186154 -0.3028462 -0.9528658
vn -0.42110074 -0.80304927 -0.42164668
vn -0.021945661 0.79929274 -0.60054094
vn -0.42110074 -0.80304927 -0.42164668
vn 0.8778889 0.47563574 -0.055514604
vn -0.021945661 0.79929274 -0.60054094
vn -0.018186154 -0.3028462 -0.9528658
vn 0.16731504 -0.9843102 -0.056025743
vn -0.42110074 -0.80304927 -0.42164668
vn 0.16731504 -0.9843102 -0.056025743
vn 0.33808962 -0.93837386 0.071762145
vn -0.42110074 -0.80304927 -0.42164668
vn -0.2755968 -0.09906179 -0.95615536
vn -0.2681989 -0.9155102 -0.29985064
vn 0.6773935 0.46089897 -0.57333255
vn 0.5449825 0.5629079 -0.6213926
vn -0.47363207 -0.01949966 -0.88050693
vn -0.32377052 -0.85919785 -0.3961716
vn -0.2681989 -0.9155102 -0.29985064
vn 0.4004101 -0.72810787 -0.5563547
vn 0.6773935 0.46089897 -0.57333255
vn 0.4004101 -0.72810787 -0.5563547
vn -0.47363207 -0.01949966 -0.88050693
vn 0.7892665 0.13666826 -0.5986485
vn 0.4004101 -0.72810787 -0.5563547
vn 0.7892665 0.13666826 -0.5986485
vn 0.6773935 0.46089897 -0.57333255
vn -0.47363207 -0.01949966 -0.88050693
vn 0.5449825 0.5629079 -0.6213926
vn 0.5141571 0.6473902 -0.56260866
vn -0.47363207 -0.01949966 -0.88050693
vn 0.5141571 0.6473902 -0.56260866
vn 0.7892665 0.13666826 -0.5986485
vn 0.6773935 0.46089897 -0.57333255
vn 0.6607552 0.5153755 -0.545702
vn 0.7803514 0.4981205 -0.37805775
vn 0.7892665 0.13666826 -0.5986485
vn 0.5141571 0.6473902 -0.56260866
vn 0.6607552 0.5153755 -0.545702
vn 0.5141571 0.6473902 -0.56260866
vn 0.5449825 0.5629079 -0.6213926
vn 0.6607552 0.5153755 -0.545702
vn 0.7892665 0.13666826 -0.5986485
vn 0.6607552 0.5153755 -0.545702
vn 0.6773935 0.46089897 -0.57333255
vn 0.7803514 0.4981205 -0.37805775
vn 0.6607552 0.5153755 -0.545702
vn 0.71308887 0.5823586 -0.39033663
vn 0.5449825 0.5629079 -0.6213926
vn 0.6137114 0.5234927 -0.5910276
vn 0.6607552 0.5153755 -0.545702
vn 0.6607552 0.5153755 -0.545702
vn 0.6137114 0.5234927 -0.5910276
vn 0.71308887 0.5823586 -0.39033663
vn 0.7803514 0.4981205 -0.37805775
vn 0.71308887 0.5823586 -0.39033663
vn 0.7894532 0.60297793 -0.11480969
vn 0.6137114 0.5234927 -0.5910276
vn 0.6499407 0.63011146 -0.424896
vn 0.71308887 0.5823586 -0.39033663
vn 0.7803514 0.4981205 -0.37805775
vn 0.8141821 0.47767475 -0.330052
vn 0.6773935 0.46089897 -0.57333255
vn 0.7894532 0.60297793 -0.11480969
vn 0.71308887 0.5823586 -0.39033663
vn 0.7259071 0.67243177 -0.14454883
vn 0.71308887 0.5823586 -0.39033663
vn 0.6499407 0.63011146 -0.424896
vn 0.7259071 0.67243177 -0.14454883
vn 0.6137114 0.5234927 -0.5910276
vn 0.64142007 0.537968 -0.54696506
vn 0.5946701 0.69623053 -0.40203273
vn 0.7803514 0.4981205 -0.37805775
vn 0.7894532 0.60297793 -0.11480969
vn 0.83696926 0.54099226 -0.08252156
vn 0.7803514 0.4981205 -0.37805775
vn 0.83696926 0.54099226 -0.08252156
vn 0.8141821 0.47767475 -0.330052
vn 0.6773935 0.46089897 -0.57333255
vn 0.68288076 0.5606104 -0.4683907
vn -0.2755968 -0.09906179 -0.95615536
vn 0.6773935 0.46089897 -0.57333255
vn 0.8141821 0.47767475 -0.330052
vn 0.68288076 0.5606104 -0.4683907
vn 0.6499407 0.63011146 -0.424896
vn 0.64062566 0.7455697 -0.18364203
vn 0.7259071 0.67243177 -0.14454883
vn 0.6137114 0.5234927 -0.5910276
vn 0.5946701 0.69623053 -0.40203273
vn 0.6499407 0.63011146 -0.424896
vn 0.64142007 0.537968 -0.54696506
vn 0.6567483 0.3563043 -0.66462684
vn 0.44945872 0.6919136 -0.56501526
vn 0.7894532 0.60297793 -0.11480969
vn 0.7259071 0.67243177 -0.14454883
vn 0.6891789 0.7223207 0.0573169
vn 0.83696926 0.54099226 -0.08252156
vn 0.8778889 0.47563574 -0.055514604
vn 0.8141821 0.47767475 -0.330052
vn -0.2755968 -0.09906179 -0.95615536
vn 0.8829992 0.008247435 -0.46930212
vn 0.46541405 -0.7984041 -0.38202158
vn -0.2755968 -0.09906179 -0.95615536
vn 0.68288076 0.5606104 -0.4683907
vn 0.8829992 0.008247435 -0.46930212
vn 0.64062566 0.7455697 -0.18364203
vn 0.6499407 0.63011146 -0.424896
vn 0.5491523 0.81361824 -0.19093728
vn 0.6499407 0.63011146 -0.424896
vn 0.5946701 0.69623053 -0.40203273
vn 0.5491523 0.81361824 -0.19093728
vn 0.6137114 0.5234927 -0.5910276
vn 0.5449825 0.5629079 -0.6213926
vn 0.64142007 0.537968 -0.54696506
vn 0.6567483 0.3563043 -0.66462684
vn 0.4571428 0.54743475 -0.7009534
vn 0.44945872 0.6919136 -0.56501526
vn 0.7894532 0.60297793 -0.11480969
vn 0.6891789 0.7223207 0.0573169
vn 0.7464105 0.6591167 0.09185046
vn 0.7894532 0.60297793 -0.11480969
vn 0.7464105 0.6591167 0.09185046
vn 0.83696926 0.54099226 -0.08252156
vn 0.7259071 0.67243177 -0.14454883
vn 0.64062566 0.7455697 -0.18364203
vn 0.6042523 0.79643446 0.023898542
vn 0.7259071 0.67243177 -0.14454883
vn 0.6042523 0.79643446 0.023898542
vn 0.6891789 0.7223207 0.0573169
vn 0.8778889 0.47563574 -0.055514604
vn 0.9795801 0.08941255 -0.18007848
vn 0.8141821 0.47767475 -0.330052
vn 0.8829992 0.008247435 -0.46930212
vn 0.9795801 0.08941255 -0.18007848
vn 0.46541405 -0.7984041 -0.38202158
vn 0.68288076 0.5606104 -0.4683907
vn 0.9795801 0.08941255 -0.18007848
vn 0.8829992 0.008247435 -0.46930212
vn 0.68288076 0.5606104 -0.4683907
vn 0.8141821 0.47767475 -0.330052
vn 0.9795801 0.08941255 -0.18007848
vn 0.5946701 0.69623053 -0.40203273
vn 0.43221718 0.8049533 -0.40649515
vn 0.4021561 0.8943485 -0.19598752
vn 0.64142007 0.537968 -0.54696506
vn 0.5449825 0.5629079 -0.6213926
vn 0.6567483 0.3563043 -0.66462684
vn 0.64142007 0.537968 -0.54696506
vn 0.44945872 0.6919136 -0.56501526
vn 0.43221718 0.8049533 -0.40649515
vn 0.5946701 0.69623053 -0.40203273
vn 0.4021561 0.8943485 -0.19598752
vn 0.5491523 0.81361824 -0.19093728
vn 0.5946701 0.69623053 -0.40203273
vn 0.64142007 0.537968 -0.54696506
vn 0.43221718 0.8049533 -0.40649515
vn 0.4571428 0.54743475 -0.7009534
vn 0.50199217 -0.44147962 -0.7437066
vn 0.5546988 -0.38132578 -0.7395268
vn 0.7464105 0.6591167 0.09185046
vn 0.7916179 0.5971563 0.12940437
vn 0.83696926 0.54099226 -0.08252156
vn 0.64062566 0.7455697 -0.18364203
vn 0.5491523 0.81361824 -0.19093728
vn 0.4964756 0.86797285 -0.011619449
vn 0.64062566 0.7455697 -0.18364203
vn 0.4964756 0.86797285 -0.011619449
vn 0.6042523 0.79643446 0.023898542
vn 0.6891789 0.7223207 0.0573169
vn 0.6042523 0.79643446 0.023898542
vn 0.57720894 0.81094456 0.095909834
vn 0.8778889 0.47563574 -0.055514604
vn -0.42110074 -0.80304927 -0.42164668
vn 0.9795801 0.08941255 -0.18007848
vn 0.9795801 0.08941255 -0.18007848
vn -0.42110074 -0.80304927 -0.42164668
vn 0.46541405 -0.7984041 -0.38202158
vn 0.5449825 0.5629079 -0.6213926
vn -0.32377052 -0.85919785 -0.3961716
vn 0.6567483 0.3563043 -0.66462684
vn 0.6567483 0.3563043 -0.66462684
vn 0.50199217 -0.44147962 -0.7437066
vn 0.4571428 0.54743475 -0.7009534
vn 0.50199217 -0.44147962 -0.7437066
vn 0.6567483 0.3563043 -0.66462684
vn -0.32377052 -0.85919785 -0.3961716
vn 0.44945872 0.6919136 -0.56501526
vn 0.4571428 0.54743475 -0.7009534
vn 0.252922 0.76784897 -0.5885901
vn 0.4021561 0.8943485 -0.19598752
vn 0.3621848 0.9317434 -0.026007652
vn 0.5491523 0.81361824 -0.19093728
vn 0.5491523 0.81361824 -0.19093728
vn 0.3621848 0.9317434 -0.026007652
vn 0.4964756 0.86797285 -0.011619449
vn 0.43221718 0.8049533 -0.40649515
vn 0.44945872 0.6919136 -0.56501526
vn 0.23912294 0.87980366 -0.41081107
vn 0.44945872 0.6919136 -0.56501526
vn 0.252922 0.76784897 -0.5885901
vn 0.23912294 0.87980366 -0.41081107
vn 0.5546988 -0.38132578 -0.7395268
vn -0.113484144 -0.11944491 -0.9863336
vn 0.38099772 0.65362877 -0.65391904
vn 0.5546988 -0.38132578 -0.7395268
vn 0.38099772 0.65362877 -0.65391904
vn 0.4571428 0.54743475 -0.7009534
vn 0.7464105 0.6591167 0.09185046
vn 0.6891789 0.7223207 0.0573169
vn 0.66242045 0.7370557 0.13397032
vn 0.6891789 0.7223207 0.0573169
vn 0.57720894 0.81094456 0.095909834
vn 0.66242045 0.7370557 0.13397032
vn 0.7916179 0.5971563 0.12940437
vn 0.8311512 0.5300923 0.16789836
vn 0.83696926 0.54099226 -0.08252156
vn 0.83696926 0.54099226 -0.08252156
vn 0.8311512 0.5300923 0.16789836
vn 0.8778889 0.47563574 -0.055514604
vn 0.6042523 0.79643446 0.023898542
vn 0.4964756 0.86797285 -0.011619449
vn 0.476657 0.87692 0.06172073
vn 0.6042523 0.79643446 0.023898542
vn 0.476657 0.87692 0.06172073
vn 0.57720894 0.81094456 0.095909834
vn 0.4021561 0.8943485 -0.19598752
vn 0.43221718 0.8049533 -0.40649515
vn 0.21589889 0.9551028 -0.20289493
vn 0.43221718 0.8049533 -0.40649515
vn 0.23912294 0.87980366 -0.41081107
vn 0.21589889 0.9551028 -0.20289493
vn 0.3621848 0.9317434 -0.026007652
vn 0.34719458 0.9372351 0.03234309
vn 0.4964756 0.86797285 -0.011619449
vn 0.4964756 0.86797285 -0.011619449
vn 0.34719458 0.9372351 0.03234309
vn 0.476657 0.87692 0.06172073
vn 0.252922 0.76784897 -0.5885901
vn 0.24251004 0.6709047 -0.70076793
vn -4.873341E-09 0.79844606 -0.60206634
vn 0.4571428 0.54743475 -0.7009534
vn 0.38099772 0.65362877 -0.65391904
vn 0.24251004 0.6709047 -0.70076793
vn 0.4571428 0.54743475 -0.7009534
vn 0.24251004 0.6709047 -0.70076793
vn 0.252922 0.76784897 -0.5885901
vn -0.113484144 -0.11944491 -0.9863336
vn 0 0.71229774 -0.7018774
vn 0.38099772 0.65362877 -0.65391904
vn 0.7464105 0.6591167 0.09185046
vn 0.66242045 0.7370557 0.13397032
vn 0.72313243 0.668417 0.17406401
vn 0.7464105 0.6591167 0.09185046
vn 0.72313243 0.668417 0.17406401
vn 0.7916179 0.5971563 0.12940437
vn 0.8311512 0.5300923 0.16789836
vn 0.7916179 0.5971563 0.12940437
vn 0.7642479 0.6094835 0.21084356
vn 0.7916179 0.5971563 0.12940437
vn 0.72313243 0.668417 0.17406401
vn 0.7642479 0.6094835 0.21084356
vn 0.8778889 0.47563574 -0.055514604
vn 0.8311512 0.5300923 0.16789836
vn 0.89231163 0.34744236 0.2882078
vn 0.57720894 0.81094456 0.095909834
vn 6.8661734E-08 0.94365674 0.33092558
vn 0.66242045 0.7370557 0.13397032
vn 0.72313243 0.668417 0.17406401
vn 0.66242045 0.7370557 0.13397032
vn 6.8661734E-08 0.94365674 0.33092558
vn 0.476657 0.87692 0.06172073
vn 0.34719458 0.9372351 0.03234309
vn 6.8661734E-08 0.94365674 0.33092558
vn 0.476657 0.87692 0.06172073
vn 6.8661734E-08 0.94365674 0.33092558
vn 0.57720894 0.81094456 0.095909834
vn 0.72313243 0.668417 0.17406401
vn 6.8661734E-08 0.94365674 0.33092558
vn 0.7642479 0.6094835 0.21084356
vn 0.4021561 0.8943485 -0.19598752
vn 0.21589889 0.9551028 -0.20289493
vn 0.19487958 0.98018664 -0.035440087
vn 0.4021561 0.8943485 -0.19598752
vn 0.19487958 0.98018664 -0.035440087
vn 0.3621848 0.9317434 -0.026007652
vn 0.23912294 0.87980366 -0.41081107
vn 0 0.97804356 -0.20840025
vn 0.21589889 0.9551028 -0.20289493
vn -4.873341E-09 0.79844606 -0.60206634
vn 0.24251004 0.6709047 -0.70076793
vn 0 0.69944316 -0.7146883
vn 0 0.69944316 -0.7146883
vn 0.38099772 0.65362877 -0.65391904
vn 0 0.71229774 -0.7018774
vn 0.38099772 0.65362877 -0.65391904
vn 0 0.69944316 -0.7146883
vn 0.24251004 0.6709047 -0.70076793
vn 0.252922 0.76784897 -0.5885901
vn 3.6364056E-09 0.9091694 -0.4164263
vn 0.23912294 0.87980366 -0.41081107
vn 3.6364056E-09 0.9091694 -0.4164263
vn 0 0.97804356 -0.20840025
vn 0.23912294 0.87980366 -0.41081107
vn 3.6364056E-09 0.9091694 -0.4164263
vn 0.252922 0.76784897 -0.5885901
vn -4.873341E-09 0.79844606 -0.60206634
vn -0.113484144 -0.11944491 -0.9863336
vn -2.3683269E-08 -0.8936901 -0.4486847
vn 0 0.71229774 -0.7018774
vn 0.8778889 0.47563574 -0.055514604
vn 0.89231163 0.34744236 0.2882078
vn 0.92718446 0.37051046 0.055236638
vn 0.8311512 0.5300923 0.16789836
vn 0.7642479 0.6094835 0.21084356
vn 0.8097834 0.5179814 0.27558312
vn 0.7642479 0.6094835 0.21084356
vn 6.8661734E-08 0.94365674 0.33092558
vn 0.8097834 0.5179814 0.27558312
vn 0.8311512 0.5300923 0.16789836
vn 0.8097834 0.5179814 0.27558312
vn 0.89231163 0.34744236 0.2882078
vn 0.34719458 0.9372351 0.03234309
vn 0.18620804 0.9824496 0.010922432
vn 6.8661734E-08 0.94365674 0.33092558
vn 0.3621848 0.9317434 -0.026007652
vn 0.19487958 0.98018664 -0.035440087
vn 0.18620804 0.9824496 0.010922432
vn 0.3621848 0.9317434 -0.026007652
vn 0.18620804 0.9824496 0.010922432
vn 0.34719458 0.9372351 0.03234309
vn 0.21589889 0.9551028 -0.20289493
vn 0 0.9992262 -0.039329946
vn 0.19487958 0.98018664 -0.035440087
vn 0.21589889 0.9551028 -0.20289493
vn 0 0.97804356 -0.20840025
vn 0 0.9992262 -0.039329946
vn 0.8778889 0.47563574 -0.055514604
vn 0.92718446 0.37051046 0.055236638
vn -0.021945661 0.79929274 -0.60054094
vn 0.8097834 0.5179814 0.27558312
vn 6.8661734E-08 0.94365674 0.33092558
vn 0.8568031 0.27538663 0.4359481
vn 0.8097834 0.5179814 0.27558312
vn 0.8568031 0.27538663 0.4359481
vn 0.89231163 0.34744236 0.2882078
vn 0.18620804 0.9824496 0.010922432
vn 1.1922056E-09 0.9999839 0.0056696534
vn 6.8661734E-08 0.94365674 0.33092558
vn 1.1922056E-09 0.9999839 0.0056696534
vn 0.18620804 0.9824496 0.010922432
vn 0.19487958 0.98018664 -0.035440087
vn 0.19487958 0.98018664 -0.035440087
vn 0 0.9992262 -0.039329946
vn 1.1922056E-09 0.9999839 0.0056696534
vn 0.92718446 0.37051046 0.055236638
vn 0.8713143 0.10962117 0.47832483
vn 0.9770717 0.12013024 0.17578298
vn 0.89231163 0.34744236 0.2882078
vn 0.8568031 0.27538663 0.4359481
vn 0.8713143 0.10962117 0.47832483
vn 0.89231163 0.34744236 0.2882078
vn 0.8713143 0.10962117 0.47832483
vn 0.92718446 0.37051046 0.055236638
vn -0.021945661 0.79929274 -0.60054094
vn 0.88980615 0.36338916 -0.2760314
vn -0.018186154 -0.3028462 -0.9528658
vn 0.92718446 0.37051046 0.055236638
vn 0.9770717 0.12013024 0.17578298
vn 0.88980615 0.36338916 -0.2760314
vn 0.92718446 0.37051046 0.055236638
vn 0.88980615 0.36338916 -0.2760314
vn -0.021945661 0.79929274 -0.60054094
vn 6.8661734E-08 0.94365674 0.33092558
vn 0.6546266 0.7556652 -0.020837367
vn 0.8568031 0.27538663 0.4359481
vn 0.8568031 0.27538663 0.4359481
vn 0.6546266 0.7556652 -0.020837367
vn 0.8713143 0.10962117 0.47832483
vn -0.018186154 -0.3028462 -0.9528658
vn 0.99129355 -0.0885664 -0.09743288
vn 0.83299345 -0.55277044 -0.0238055
vn 0.99129355 -0.0885664 -0.09743288
vn 0.88980615 0.36338916 -0.2760314
vn 0.9770717 0.12013024 0.17578298
vn 0.99129355 -0.0885664 -0.09743288
vn -0.018186154 -0.3028462 -0.9528658
vn 0.88980615 0.36338916 -0.2760314
vn 0.99129355 -0.0885664 -0.09743288
vn 0.9770717 0.12013024 0.17578298
vn 0.83299345 -0.55277044 -0.0238055
vn 0.6546266 0.7556652 -0.020837367
vn 0.75580794 0.6418618 -0.1294908
vn 0.8713143 0.10962117 0.47832483
vn -0.018186154 -0.3028462 -0.9528658
vn 0.83299345 -0.55277044 -0.0238055
vn 0.16731504 -0.9843102 -0.056025743
vn 0.9770717 0.12013024 0.17578298
vn 0.898982 -0.34689996 0.26737943
vn 0.83299345 -0.55277044 -0.0238055
vn 0.83299345 -0.55277044 -0.0238055
vn 0.898982 -0.34689996 0.26737943
vn 0.16731504 -0.9843102 -0.056025743
vn 0.75580794 0.6418618 -0.1294908
vn 0.7176979 0.5126763 -0.47124588
vn 0.8713143 0.10962117 0.47832483
vn 0.9770717 0.12013024 0.17578298
vn 0.8713143 0.10962117 0.47832483
vn 0.7176979 0.5126763 -0.47124588
vn 0.9770717 0.12013024 0.17578298
vn 0.7176979 0.5126763 -0.47124588
vn 0.898982 -0.34689996 0.26737943
vn 0.16731504 -0.9843102 -0.056025743
vn 0.898982 -0.34689996 0.26737943
vn 0.33808962 -0.93837386 0.071762145
vn 0.7176979 0.5126763 -0.47124588
vn 0.052786976 -0.80842614 -0.5862255
vn 0.898982 -0.34689996 0.26737943
vn 0.898982 -0.34689996 0.26737943
vn 0.052786976 -0.80842614 -0.5862255
vn 0.33808962 -0.93837386 0.071762145
vn -0.94679326 0.09942983 -0.30609822
vn -0.29604265 -0.086722136 0.9512297
vn 0.65951884 -0.14559281 -0.7374535
vn -0.29604265 -0.086722136 0.9512297
vn 0.7307372 -0.5825869 0.35583103
vn 0.65951884 -0.14559281 -0.7374535
vn -0.29604265 -0.086722136 0.9512297
vn -0.11626322 -0.9926605 0.033284664
vn 0.7307372 -0.5825869 0.35583103
vn -0.11626322 -0.9926605 0.033284664
vn -0.29604265 -0.086722136 0.9512297
vn -0.9373548 -0.3470644 -0.030205816
vn -0.29604265 -0.086722136 0.9512297
vn -0.94679326 0.09942983 -0.30609822
vn -0.9373548 -0.3470644 -0.030205816
vn -0.94679326 0.09942983 -0.30609822
vn -0.3540147 -0.10922778 -0.92883956
vn -0.9373548 -0.3470644 -0.030205816
vn 0.36913607 -0.7571545 -0.53893924
vn 0.13243707 -0.83266985 -0.5377001
vn -0.5423904 -0.7991328 0.25922847
vn 0.13243707 -0.83266985 -0.5377001
vn -0.36590713 -0.64726496 -0.6687002
vn -0.24670996 -0.90799403 0.3386457
vn 0.56436265 -0.8198904 0.09630418
vn -0.50404614 -0.7633733 -0.4039785
vn -0.43067604 -0.74391896 -0.51098204
vn -0.50404614 -0.7633733 -0.4039785
vn 0.42867616 -0.8517946 0.30113548
vn -0.43067604 -0.74391896 -0.51098204
vn -0.37682062 -0.7271066 -0.5738659
vn -0.6806962 -0.4916139 0.54311013
vn -0.47223413 -0.7520536 -0.45979366
vn 8.545471E-09 -0.0122692585 0.9999248
vn 0.40099552 0.16003233 0.9019935
vn 0.32463834 0.27232134 0.90578747
vn 0.40099552 0.16003233 0.9019935
vn 0.7250927 0.003751099 0.6886411
vn 0.6715015 0.27050942 0.6898625
vn 0.32463834 0.27232134 0.90578747
vn 0.40099552 0.16003233 0.9019935
vn 0.6715015 0.27050942 0.6898625
vn 0.7250927 0.003751099 0.6886411
vn 0.8435192 0.33383125 0.42075175
vn 0.6715015 0.27050942 0.6898625
vn 0.32463834 0.27232134 0.90578747
vn 0.6715015 0.27050942 0.6898625
vn 0.54175204 0.46824682 0.69803274
vn 0.6715015 0.27050942 0.6898625
vn 0.8435192 0.33383125 0.42075175
vn 0.54175204 0.46824682 0.69803274
vn 0.40099552 0.16003233 0.9019935
vn 0.43099138 -0.008066773 0.90232
vn 0.7250927 0.003751099 0.6886411
vn 0.32463834 0.27232134 0.90578747
vn 0.54175204 0.46824682 0.69803274
vn 0.1824278 0.3785172 0.9074386
vn 0.8435192 0.33383125 0.42075175
vn 0.9201692 0.36406308 0.14403702
vn 0.72664344 0.67343867 0.13590384
vn 0.40099552 0.16003233 0.9019935
vn 8.545471E-09 -0.0122692585 0.9999248
vn 0.43099138 -0.008066773 0.90232
vn 0.7250927 0.003751099 0.6886411
vn 0.9085699 0.0012560487 0.41773093
vn 0.8435192 0.33383125 0.42075175
vn 0.32463834 0.27232134 0.90578747
vn 0.1824278 0.3785172 0.9074386
vn 8.545471E-09 -0.0122692585 0.9999248
vn 0.54175204 0.46824682 0.69803274
vn 0.8435192 0.33383125 0.42075175
vn 0.6771989 0.6101533 0.4112354
vn 0.8435192 0.33383125 0.42075175
vn 0.9085699 0.0012560487 0.41773093
vn 0.9201692 0.36406308 0.14403702
vn 0.8435192 0.33383125 0.42075175
vn 0.72664344 0.67343867 0.13590384
vn 0.6771989 0.6101533 0.4112354
vn 0.43099138 -0.008066773 0.90232
vn 0.36730966 -0.19343352 0.90976214
vn 0.67008287 -0.27345866 0.6900792
vn 0.7250927 0.003751099 0.6886411
vn 0.8458671 -0.34066007 0.41043818
vn 0.9085699 0.0012560487 0.41773093
vn 0.7250927 0.003751099 0.6886411
vn 0.43099138 -0.008066773 0.90232
vn 0.67008287 -0.27345866 0.6900792
vn 0.7250927 0.003751099 0.6886411
vn 0.67008287 -0.27345866 0.6900792
vn 0.8458671 -0.34066007 0.41043818
vn 0.1824278 0.3785172 0.9074386
vn 0.30550274 0.6537731 0.69227785
vn 3.0367102E-09 0.41004413 0.9120656
vn 0.54175204 0.46824682 0.69803274
vn 0.6771989 0.6101533 0.4112354
vn 0.30550274 0.6537731 0.69227785
vn 0.54175204 0.46824682 0.69803274
vn 0.30550274 0.6537731 0.69227785
vn 0.1824278 0.3785172 0.9074386
vn 0.9201692 0.36406308 0.14403702
vn 0.92677706 0.36757118 -0.077302575
vn 0.72664344 0.67343867 0.13590384
vn 0.36730966 -0.19343352 0.90976214
vn 0.5053808 -0.50665736 0.6984902
vn 0.67008287 -0.27345866 0.6900792
vn 0.9085699 0.0012560487 0.41773093
vn 0.9903646 -0.00017474592 0.13848414
vn 0.9201692 0.36406308 0.14403702
vn 0.9201692 0.36406308 0.14403702
vn 0.9903646 -0.00017474592 0.13848414
vn 0.92677706 0.36757118 -0.077302575
vn 0.43099138 -0.008066773 0.90232
vn 8.545471E-09 -0.0122692585 0.9999248
vn 0.36730966 -0.19343352 0.90976214
vn 0.8458671 -0.34066007 0.41043818
vn 0.9173977 -0.37228373 0.14066404
vn 0.9085699 0.0012560487 0.41773093
vn 0.9085699 0.0012560487 0.41773093
vn 0.9173977 -0.37228373 0.14066404
vn 0.9903646 -0.00017474592 0.13848414
vn 3.0367102E-09 0.41004413 0.9120656
vn 0.30550274 0.6537731 0.69227785
vn 7.475927E-09 0.70764524 0.70656794
vn 0.6771989 0.6101533 0.4112354
vn 0.72664344 0.67343867 0.13590384
vn 0.41778472 0.89871013 0.13332659
vn 0.1824278 0.3785172 0.9074386
vn 3.0367102E-09 0.41004413 0.9120656
vn 8.545471E-09 -0.0122692585 0.9999248
vn 0.5053808 -0.50665736 0.6984902
vn 0.6618722 -0.63671076 0.3956316
vn 0.67008287 -0.27345866 0.6900792
vn 0.67008287 -0.27345866 0.6900792
vn 0.6618722 -0.63671076 0.3956316
vn 0.8458671 -0.34066007 0.41043818
vn 0.92677706 0.36757118 -0.077302575
vn 0.7249061 0.68293935 -0.090028524
vn 0.72664344 0.67343867 0.13590384
vn 0.36730966 -0.19343352 0.90976214
vn 0.24956942 -0.31345248 0.91622186
vn 0.5053808 -0.50665736 0.6984902
vn 0.9173977 -0.37228373 0.14066404
vn 0.92386633 -0.37437153 -0.079479456
vn 0.9903646 -0.00017474592 0.13848414
vn 0.30550274 0.6537731 0.69227785
vn 0.38591918 0.82984376 0.40302065
vn 7.475927E-09 0.70764524 0.70656794
vn 0.6771989 0.6101533 0.4112354
vn 0.41778472 0.89871013 0.13332659
vn 0.38591918 0.82984376 0.40302065
vn 0.6771989 0.6101533 0.4112354
vn 0.38591918 0.82984376 0.40302065
vn 0.30550274 0.6537731 0.69227785
vn 0.6618722 -0.63671076 0.3956316
vn 0.71605015 -0.6859249 0.12953514
vn 0.8458671 -0.34066007 0.41043818
vn 0.9173977 -0.37228373 0.14066404
vn 0.71605015 -0.6859249 0.12953514
vn 0.92386633 -0.37437153 -0.079479456
vn 0.9173977 -0.37228373 0.14066404
vn 0.8458671 -0.34066007 0.41043818
vn 0.71605015 -0.6859249 0.12953514
vn 0.92677706 0.36757118 -0.077302575
vn 0.9903646 -0.00017474592 0.13848414
vn 0.9974084 -0.0011624396 -0.07194002
vn 0.9903646 -0.00017474592 0.13848414
vn 0.92386633 -0.37437153 -0.079479456
vn 0.9974084 -0.0011624396 -0.07194002
vn 0.7249061 0.68293935 -0.090028524
vn 0.41890842 0.9019446 -0.1049369
vn 0.72664344 0.67343867 0.13590384
vn 0.72664344 0.67343867 0.13590384
vn 0.41890842 0.9019446 -0.1049369
vn 0.41778472 0.89871013 0.13332659
vn 0.36730966 -0.19343352 0.90976214
vn 8.545471E-09 -0.0122692585 0.9999248
vn 0.24956942 -0.31345248 0.91622186
vn 0.5053808 -0.50665736 0.6984902
vn 0.16395019 -0.35881382 0.9188976
vn 0.29849672 -0.6477325 0.70095795
vn 7.475927E-09 0.70764524 0.70656794
vn 0.38591918 0.82984376 0.40302065
vn -5.115346E-09 0.9120166 0.41015315
vn 0.6618722 -0.63671076 0.3956316
vn 0.4107546 -0.90209055 0.13233787
vn 0.71605015 -0.6859249 0.12953514
vn 0.92677706 0.36757118 -0.077302575
vn 0.8927823 0.37104642 -0.25546876
vn 0.6842098 0.6766581 -0.27201223
vn 0.92677706 0.36757118 -0.077302575
vn 0.9974084 -0.0011624396 -0.07194002
vn 0.8927823 0.37104642 -0.25546876
vn 0.92677706 0.36757118 -0.077302575
vn 0.6842098 0.6766581 -0.27201223
vn 0.7249061 0.68293935 -0.090028524
vn 0.92386633 -0.37437153 -0.079479456
vn 0.71605015 -0.6859249 0.12953514
vn 0.7185861 -0.6917418 -0.07160455
vn 0.71605015 -0.6859249 0.12953514
vn 0.4107546 -0.90209055 0.13233787
vn 0.7185861 -0.6917418 -0.07160455
vn 0.41890842 0.9019446 -0.1049369
vn 4.9766626E-09 0.9943116 -0.106511
vn 0.41778472 0.89871013 0.13332659
vn 0.24956942 -0.31345248 0.91622186
vn 0.16395019 -0.35881382 0.9188976
vn 0.5053808 -0.50665736 0.6984902
vn 0.29849672 -0.6477325 0.70095795
vn 0 -0.71174747 0.70243543
vn 0.37746146 -0.83585626 0.3985814
vn 0.5053808 -0.50665736 0.6984902
vn 0.37746146 -0.83585626 0.3985814
vn 0.6618722 -0.63671076 0.3956316
vn 0.6618722 -0.63671076 0.3956316
vn 0.37746146 -0.83585626 0.3985814
vn 0.4107546 -0.90209055 0.13233787
vn 0.5053808 -0.50665736 0.6984902
vn 0.29849672 -0.6477325 0.70095795
vn 0.37746146 -0.83585626 0.3985814
vn 0.38591918 0.82984376 0.40302065
vn 0.41778472 0.89871013 0.13332659
vn -2.502888E-09 0.9919678 0.12648934
vn -2.502888E-09 0.9919678 0.12648934
vn -5.115346E-09 0.9120166 0.41015315
vn 0.38591918 0.82984376 0.40302065
vn -2.502888E-09 0.9919678 0.12648934
vn 0.41778472 0.89871013 0.13332659
vn 4.9766626E-09 0.9943116 -0.106511
vn 0.9974084 -0.0011624396 -0.07194002
vn 0.9708589 -0.0019076318 -0.23964426
vn 0.8927823 0.37104642 -0.25546876
vn 0.6842098 0.6766581 -0.27201223
vn 0.8927823 0.37104642 -0.25546876
vn 0.64853 0.6532998 -0.3906511
vn 0.7249061 0.68293935 -0.090028524
vn 0.6842098 0.6766581 -0.27201223
vn 0.38693607 0.8731978 -0.29632092
vn 0.7249061 0.68293935 -0.090028524
vn 0.38693607 0.8731978 -0.29632092
vn 0.41890842 0.9019446 -0.1049369
vn 0.92386633 -0.37437153 -0.079479456
vn 0.8979152 -0.3600878 -0.2531503
vn 0.9974084 -0.0011624396 -0.07194002
vn 0.9974084 -0.0011624396 -0.07194002
vn 0.8979152 -0.3600878 -0.2531503
vn 0.9708589 -0.0019076318 -0.23964426
vn 0.7185861 -0.6917418 -0.07160455
vn 0.4107546 -0.90209055 0.13233787
vn 0.41295496 -0.9077165 -0.07428855
vn 0.24956942 -0.31345248 0.91622186
vn 8.545471E-09 -0.0122692585 0.9999248
vn 0.16395019 -0.35881382 0.9188976
vn 0 -0.71174747 0.70243543
vn 0 -0.9183311 0.395813
vn 0.37746146 -0.83585626 0.3985814
vn 0.37746146 -0.83585626 0.3985814
vn 0 -0.9183311 0.395813
vn 0.4107546 -0.90209055 0.13233787
vn 0.29849672 -0.6477325 0.70095795
vn 6.0695964E-09 -0.39218968 0.9198843
vn 0 -0.71174747 0.70243543
vn 0.29849672 -0.6477325 0.70095795
vn 0.16395019 -0.35881382 0.9188976
vn 6.0695964E-09 -0.39218968 0.9198843
vn 4.9766626E-09 0.9943116 -0.106511
vn 0.41890842 0.9019446 -0.1049369
vn 0 0.9517992 -0.30672145
vn 0.41890842 0.9019446 -0.1049369
vn 0.38693607 0.8731978 -0.29632092
vn 0 0.9517992 -0.30672145
vn 0.8927823 0.37104642 -0.25546876
vn 0.9708589 -0.0019076318 -0.23964426
vn 0.847981 0.3674034 -0.3820249
vn 0.8927823 0.37104642 -0.25546876
vn 0.847981 0.3674034 -0.3820249
vn 0.64853 0.6532998 -0.3906511
vn 0.6842098 0.6766581 -0.27201223
vn 0.36300406 0.840973 -0.40123856
vn 0.38693607 0.8731978 -0.29632092
vn 0.6842098 0.6766581 -0.27201223
vn 0.64853 0.6532998 -0.3906511
vn 0.36300406 0.840973 -0.40123856
vn 0.92386633 -0.37437153 -0.079479456
vn 0.7185861 -0.6917418 -0.07160455
vn 0.70176625 -0.67053795 -0.24063015
vn 0.7185861 -0.6917418 -0.07160455
vn 0.41295496 -0.9077165 -0.07428855
vn 0.70176625 -0.67053795 -0.24063015
vn 0.92386633 -0.37437153 -0.079479456
vn 0.70176625 -0.67053795 -0.24063015
vn 0.8979152 -0.3600878 -0.2531503
vn 0 -0.9183311 0.395813
vn 0 -0.99183226 0.12754864
vn 0.4107546 -0.90209055 0.13233787
vn 0.16395019 -0.35881382 0.9188976
vn 8.545471E-09 -0.0122692585 0.9999248
vn 6.0695964E-09 -0.39218968 0.9198843
vn 0 0.9517992 -0.30672145
vn 0.38693607 0.8731978 -0.29632092
vn 0 0.91303957 -0.40787083
vn 0.38693607 0.8731978 -0.29632092
vn 0.36300406 0.840973 -0.40123856
vn 0 0.91303957 -0.40787083
vn 0.9708589 -0.0019076318 -0.23964426
vn 0.9256702 -0.00045910478 -0.37833118
vn 0.847981 0.3674034 -0.3820249
vn 0.9708589 -0.0019076318 -0.23964426
vn 0.8979152 -0.3600878 -0.2531503
vn 0.9256702 -0.00045910478 -0.37833118
vn 0.64853 0.6532998 -0.3906511
vn 0.8256885 0.38767016 -0.40981743
vn 0.6324279 0.66551214 -0.39639443
vn 0.64853 0.6532998 -0.3906511
vn 0.6324279 0.66551214 -0.39639443
vn 0.36300406 0.840973 -0.40123856
vn 0.64853 0.6532998 -0.3906511
vn 0.847981 0.3674034 -0.3820249
vn 0.8256885 0.38767016 -0.40981743
vn 0.41295496 -0.9077165 -0.07428855
vn 0.4107546 -0.90209055 0.13233787
vn 2.468961E-09 -0.9971495 -0.075449824
vn 0.4107546 -0.90209055 0.13233787
vn 0 -0.99183226 0.12754864
vn 2.468961E-09 -0.9971495 -0.075449824
vn 0.70176625 -0.67053795 -0.24063015
vn 0.39612922 -0.8907981 -0.22262144
vn 0.68938625 -0.63227594 -0.35351622
vn 0.41295496 -0.9077165 -0.07428855
vn 0.39612922 -0.8907981 -0.22262144
vn 0.70176625 -0.67053795 -0.24063015
vn 0.41295496 -0.9077165 -0.07428855
vn 2.468961E-09 -0.9971495 -0.075449824
vn 0.39612922 -0.8907981 -0.22262144
vn 0 0.91303957 -0.40787083
vn 0.3451149 0.8502178 -0.397524
vn 0 0.91593003 -0.40133798
vn 0.36300406 0.840973 -0.40123856
vn 0.6324279 0.66551214 -0.39639443
vn 0.3451149 0.8502178 -0.397524
vn 0.36300406 0.840973 -0.40123856
vn 0.3451149 0.8502178 -0.397524
vn 0 0.91303957 -0.40787083
vn 0.8979152 -0.3600878 -0.2531503
vn 0.70176625 -0.67053795 -0.24063015
vn 0.85917807 -0.3468933 -0.37613586
vn 0.70176625 -0.67053795 -0.24063015
vn 0.68938625 -0.63227594 -0.35351622
vn 0.85917807 -0.3468933 -0.37613586
vn 0.8979152 -0.3600878 -0.2531503
vn 0.85917807 -0.3468933 -0.37613586
vn 0.9256702 -0.00045910478 -0.37833118
vn 0.847981 0.3674034 -0.3820249
vn 0.900709 0.020518392 -0.4339382
vn 0.8256885 0.38767016 -0.40981743
vn 0.847981 0.3674034 -0.3820249
vn 0.9256702 -0.00045910478 -0.37833118
vn 0.900709 0.020518392 -0.4339382
vn 2.468961E-09 -0.9971495 -0.075449824
vn -4.914717E-09 -0.9766225 -0.21496147
vn 0.39612922 -0.8907981 -0.22262144
vn 0 0.91593003 -0.40133798
vn 0.3451149 0.8502178 -0.397524
vn 0 0.9419984 -0.33561713
vn 0.6324279 0.66551214 -0.39639443
vn 0.8221112 0.40548638 -0.39964244
vn 0.6177453 0.7027833 -0.35282612
vn 0.6324279 0.66551214 -0.39639443
vn 0.8256885 0.38767016 -0.40981743
vn 0.8221112 0.40548638 -0.39964244
vn 0.6324279 0.66551214 -0.39639443
vn 0.6177453 0.7027833 -0.35282612
vn 0.3451149 0.8502178 -0.397524
vn 0.68938625 -0.63227594 -0.35351622
vn 0.6850268 -0.5942738 -0.42139864
vn 0.85917807 -0.3468933 -0.37613586
vn 0.9256702 -0.00045910478 -0.37833118
vn 0.85917807 -0.3468933 -0.37613586
vn 0.8444684 -0.3105248 -0.4364028
vn 0.85917807 -0.3468933 -0.37613586
vn 0.6850268 -0.5942738 -0.42139864
vn 0.8444684 -0.3105248 -0.4364028
vn 0.9256702 -0.00045910478 -0.37833118
vn 0.8444684 -0.3105248 -0.4364028
vn 0.900709 0.020518392 -0.4339382
vn -4.914717E-09 -0.9766225 -0.21496147
vn 0.39914137 -0.8552531 -0.33049703
vn 0.39612922 -0.8907981 -0.22262144
vn 0.68938625 -0.63227594 -0.35351622
vn 0.39914137 -0.8552531 -0.33049703
vn 0.6850268 -0.5942738 -0.42139864
vn 0.68938625 -0.63227594 -0.35351622
vn 0.39612922 -0.8907981 -0.22262144
vn 0.39914137 -0.8552531 -0.33049703
vn 0 0.9419984 -0.33561713
vn 0.3451149 0.8502178 -0.397524
vn 0.3286344 0.88444984 -0.33128196
vn 0.3451149 0.8502178 -0.397524
vn 0.6177453 0.7027833 -0.35282612
vn 0.3286344 0.88444984 -0.33128196
vn 0.8256885 0.38767016 -0.40981743
vn 0.900709 0.020518392 -0.4339382
vn 0.8894131 0.04256606 -0.45511797
vn 0.8256885 0.38767016 -0.40981743
vn 0.8894131 0.04256606 -0.45511797
vn 0.8221112 0.40548638 -0.39964244
vn 0.8444684 -0.3105248 -0.4364028
vn 0.837546 -0.27059573 -0.4746523
vn 0.900709 0.020518392 -0.4339382
vn 0.900709 0.020518392 -0.4339382
vn 0.837546 -0.27059573 -0.4746523
vn 0.8894131 0.04256606 -0.45511797
vn -4.914717E-09 -0.9766225 -0.21496147
vn -9.818085E-09 -0.9471161 -0.32089096
vn 0.39914137 -0.8552531 -0.33049703
vn 0.6850268 -0.5942738 -0.42139864
vn 0.69068485 -0.52872396 -0.49336135
vn 0.8444684 -0.3105248 -0.4364028
vn 0.8444684 -0.3105248 -0.4364028
vn 0.69068485 -0.52872396 -0.49336135
vn 0.837546 -0.27059573 -0.4746523
vn 0 0.9419984 -0.33561713
vn 0.3166541 0.9243944 -0.21266186
vn 4.8026716E-09 0.9792859 -0.20248252
vn 0 0.9419984 -0.33561713
vn 0.3286344 0.88444984 -0.33128196
vn 0.3166541 0.9243944 -0.21266186
vn 0.6177453 0.7027833 -0.35282612
vn 0.62374103 0.7306811 -0.27758282
vn 0.3286344 0.88444984 -0.33128196
vn 0.3286344 0.88444984 -0.33128196
vn 0.62374103 0.7306811 -0.27758282
vn 0.3166541 0.9243944 -0.21266186
vn 0.8221112 0.40548638 -0.39964244
vn 0.8453269 0.38867822 -0.36654013
vn 0.6177453 0.7027833 -0.35282612
vn 0.6177453 0.7027833 -0.35282612
vn 0.8453269 0.38867822 -0.36654013
vn 0.62374103 0.7306811 -0.27758282
vn 0.8894131 0.04256606 -0.45511797
vn 0.837546 -0.27059573 -0.4746523
vn 0.8411898 -0.21696946 -0.49530187
vn -9.818085E-09 -0.9471161 -0.32089096
vn 0.39406013 -0.8208865 -0.41335446
vn 0.39914137 -0.8552531 -0.33049703
vn 0.39914137 -0.8552531 -0.33049703
vn 0.39406013 -0.8208865 -0.41335446
vn 0.6850268 -0.5942738 -0.42139864
vn 0.69068485 -0.52872396 -0.49336135
vn 0.6850268 -0.5942738 -0.42139864
vn 0.39838362 -0.75747186 -0.51723
vn 0.6850268 -0.5942738 -0.42139864
vn 0.39406013 -0.8208865 -0.41335446
vn 0.39838362 -0.75747186 -0.51723
vn 4.8026716E-09 0.9792859 -0.20248252
vn 0.3452989 0.9320708 -0.10960126
vn -2.41124E-09 0.99657166 -0.08273274
vn 4.8026716E-09 0.9792859 -0.20248252
vn 0.3166541 0.9243944 -0.21266186
vn 0.3452989 0.9320708 -0.10960126
vn 0.8221112 0.40548638 -0.39964244
vn 0.88842374 0.055167973 -0.455697
vn 0.8453269 0.38867822 -0.36654013
vn 0.8894131 0.04256606 -0.45511797
vn 0.8411898 -0.21696946 -0.49530187
vn 0.88842374 0.055167973 -0.455697
vn 0.8894131 0.04256606 -0.45511797
vn 0.88842374 0.055167973 -0.455697
vn 0.8221112 0.40548638 -0.39964244
vn 0.62374103 0.7306811 -0.27758282
vn 0.8453269 0.38867822 -0.36654013
vn 0.84131306 0.41492033 -0.34645835
vn 0.837546 -0.27059573 -0.4746523
vn 0.69068485 -0.52872396 -0.49336135
vn 0.68039346 -0.4753027 -0.55781
vn 0.837546 -0.27059573 -0.4746523
vn 0.68039346 -0.4753027 -0.55781
vn 0.8411898 -0.21696946 -0.49530187
vn -9.818085E-09 -0.9471161 -0.32089096
vn -9.860626E-09 -0.908707 -0.41743425
vn 0.39406013 -0.8208865 -0.41335446
vn 0.39838362 -0.75747186 -0.51723
vn 0.39406013 -0.8208865 -0.41335446
vn -4.920646E-09 -0.8468692 -0.5318013
vn 0.39406013 -0.8208865 -0.41335446
vn -9.860626E-09 -0.908707 -0.41743425
vn -4.920646E-09 -0.8468692 -0.5318013
vn -2.41124E-09 0.99657166 -0.08273274
vn 0.39857545 0.9162202 -0.0409649
vn 0 0.99985904 0.016788363
vn -2.41124E-09 0.99657166 -0.08273274
vn 0.3452989 0.9320708 -0.10960126
vn 0.39857545 0.9162202 -0.0409649
vn 0.3166541 0.9243944 -0.21266186
vn 0.62374103 0.7306811 -0.27758282
vn 0.6415788 0.7341568 -0.22223932
vn 0.62374103 0.7306811 -0.27758282
vn 0.84131306 0.41492033 -0.34645835
vn 0.6415788 0.7341568 -0.22223932
vn 0.3166541 0.9243944 -0.21266186
vn 0.6415788 0.7341568 -0.22223932
vn 0.3452989 0.9320708 -0.10960126
vn 0.88842374 0.055167973 -0.455697
vn 0.8411898 -0.21696946 -0.49530187
vn 0.8526646 -0.14127475 -0.50299567
vn 0.8453269 0.38867822 -0.36654013
vn 0.891458 0.08350733 -0.4453418
vn 0.84131306 0.41492033 -0.34645835
vn 0.88842374 0.055167973 -0.455697
vn 0.8526646 -0.14127475 -0.50299567
vn 0.891458 0.08350733 -0.4453418
vn 0.88842374 0.055167973 -0.455697
vn 0.891458 0.08350733 -0.4453418
vn 0.8453269 0.38867822 -0.36654013
vn 0.69068485 -0.52872396 -0.49336135
vn 0.39838362 -0.75747186 -0.51723
vn 0.3806772 -0.681256 -0.62527996
vn 0.69068485 -0.52872396 -0.49336135
vn 0.3806772 -0.681256 -0.62527996
vn 0.68039346 -0.4753027 -0.55781
vn -4.920646E-09 -0.8468692 -0.5318013
vn 0 -0.7574939 -0.6528421
vn 0.39838362 -0.75747186 -0.51723
vn 0.39838362 -0.75747186 -0.51723
vn 0 -0.7574939 -0.6528421
vn 0.3806772 -0.681256 -0.62527996
vn 0 0.99985904 0.016788363
vn 0.39857545 0.9162202 -0.0409649
vn 0.6959244 0.696905 0.17324126
vn 0.6415788 0.7341568 -0.22223932
vn 0.8426634 0.40895182 -0.35025242
vn 0.68834 0.7021111 -0.18228513
vn 0.6415788 0.7341568 -0.22223932
vn 0.68834 0.7021111 -0.18228513
vn 0.3452989 0.9320708 -0.10960126
vn 0.3452989 0.9320708 -0.10960126
vn 0.68834 0.7021111 -0.18228513
vn 0.39857545 0.9162202 -0.0409649
vn 0.6415788 0.7341568 -0.22223932
vn 0.84131306 0.41492033 -0.34645835
vn 0.8426634 0.40895182 -0.35025242
vn 0.8411898 -0.21696946 -0.49530187
vn 0.68039346 -0.4753027 -0.55781
vn 0.7022392 -0.3835836 -0.5997698
vn 0.8411898 -0.21696946 -0.49530187
vn 0.7022392 -0.3835836 -0.5997698
vn 0.8526646 -0.14127475 -0.50299567
vn 0.891458 0.08350733 -0.4453418
vn 0.8526646 -0.14127475 -0.50299567
vn 0.85822284 -0.085568786 -0.5060943
vn 0 -0.7574939 -0.6528421
vn -1.2123824E-08 -0.692435 -0.7214802
vn 0.3806772 -0.681256 -0.62527996
vn 0 0.99985904 0.016788363
vn 0.6959244 0.696905 0.17324126
vn 1.0395852E-08 0.9324442 0.36131412
vn 0.68834 0.7021111 -0.18228513
vn 0.8426634 0.40895182 -0.35025242
vn 0.8771708 0.01461041 -0.479956
vn 0.39857545 0.9162202 -0.0409649
vn 0.8771708 0.01461041 -0.479956
vn 0.6959244 0.696905 0.17324126
vn 0.39857545 0.9162202 -0.0409649
vn 0.68834 0.7021111 -0.18228513
vn 0.8771708 0.01461041 -0.479956
vn 0.84131306 0.41492033 -0.34645835
vn 0.891458 0.08350733 -0.4453418
vn 0.88454 0.19558409 -0.4234806
vn 0.891458 0.08350733 -0.4453418
vn 0.85822284 -0.085568786 -0.5060943
vn 0.88454 0.19558409 -0.4234806
vn 0.84131306 0.41492033 -0.34645835
vn 0.88454 0.19558409 -0.4234806
vn 0.8426634 0.40895182 -0.35025242
vn 0.68039346 -0.4753027 -0.55781
vn 0.3806772 -0.681256 -0.62527996
vn 0.3672386 -0.6258758 -0.6880518
vn 0.3806772 -0.681256 -0.62527996
vn -1.2123824E-08 -0.692435 -0.7214802
vn 0.3672386 -0.6258758 -0.6880518
vn 0.68039346 -0.4753027 -0.55781
vn 0.3672386 -0.6258758 -0.6880518
vn 0.7022392 -0.3835836 -0.5997698
vn 0.8526646 -0.14127475 -0.50299567
vn 0.7022392 -0.3835836 -0.5997698
vn 0.74492896 -0.29669893 -0.59753716
vn 0.8526646 -0.14127475 -0.50299567
vn 0.74492896 -0.29669893 -0.59753716
vn 0.85822284 -0.085568786 -0.5060943
vn 1.0395852E-08 0.9324442 0.36131412
vn 0.6959244 0.696905 0.17324126
vn -4.5901633E-08 0.7603577 -0.6495046
vn 0.6959244 0.696905 0.17324126
vn 0.8771708 0.01461041 -0.479956
vn -4.5901633E-08 0.7603577 -0.6495046
vn 0.88454 0.19558409 -0.4234806
vn 0.634921 0.76004153 0.13860804
vn 0.8426634 0.40895182 -0.35025242
vn -1.2123824E-08 -0.692435 -0.7214802
vn -2.5075456E-08 -0.64432406 -0.7647526
vn 0.4728137 -0.5217602 -0.7100797
vn 0.7022392 -0.3835836 -0.5997698
vn 0.3672386 -0.6258758 -0.6880518
vn 0.4728137 -0.5217602 -0.7100797
vn 0.3672386 -0.6258758 -0.6880518
vn -1.2123824E-08 -0.692435 -0.7214802
vn 0.4728137 -0.5217602 -0.7100797
vn 0.7022392 -0.3835836 -0.5997698
vn 0.4728137 -0.5217602 -0.7100797
vn 0.74492896 -0.29669893 -0.59753716
vn 0.85822284 -0.085568786 -0.5060943
vn 0.9005161 0.0049223006 -0.43479475
vn 0.8824699 0.46437997 -0.07482082
vn 0.85822284 -0.085568786 -0.5060943
vn 0.8824699 0.46437997 -0.07482082
vn 0.88454 0.19558409 -0.4234806
vn 0.88454 0.19558409 -0.4234806
vn 0.8824699 0.46437997 -0.07482082
vn 0.634921 0.76004153 0.13860804
vn 0.85822284 -0.085568786 -0.5060943
vn 0.74492896 -0.29669893 -0.59753716
vn 0.9005161 0.0049223006 -0.43479475
vn 0.8771708 0.01461041 -0.479956
vn -2.0699625E-08 0.85874563 -0.51240194
vn -4.5901633E-08 0.7603577 -0.6495046
vn 0.8426634 0.40895182 -0.35025242
vn -2.0699625E-08 0.85874563 -0.51240194
vn 0.8771708 0.01461041 -0.479956
vn 0.8426634 0.40895182 -0.35025242
vn 0.634921 0.76004153 0.13860804
vn -2.0699625E-08 0.85874563 -0.51240194
vn -2.5075456E-08 -0.64432406 -0.7647526
vn -6.371106E-08 -0.49620032 -0.86820805
vn 0.4728137 -0.5217602 -0.7100797
vn 0.8824699 0.46437997 -0.07482082
vn 0.9005161 0.0049223006 -0.43479475
vn 0 0.7683448 -0.6400359
vn 0.634921 0.76004153 0.13860804
vn 0 0.7683448 -0.6400359
vn -2.0699625E-08 0.85874563 -0.51240194
vn 0.634921 0.76004153 0.13860804
vn 0.8824699 0.46437997 -0.07482082
vn 0 0.7683448 -0.6400359
vn 0.74492896 -0.29669893 -0.59753716
vn 0.6053065 -0.34778082 -0.71599764
vn 0.9005161 0.0049223006 -0.43479475
vn 0.6053065 -0.34778082 -0.71599764
vn 0.4728137 -0.5217602 -0.7100797
vn -6.371106E-08 -0.49620032 -0.86820805
vn 0.6053065 -0.34778082 -0.71599764
vn -6.371106E-08 -0.49620032 -0.86820805
vn 0 0.7683448 -0.6400359
vn 0.6053065 -0.34778082 -0.71599764
vn 0.74492896 -0.29669893 -0.59753716
vn 0.4728137 -0.5217602 -0.7100797
vn 0.6053065 -0.34778082 -0.71599764
vn 0 0.7683448 -0.6400359
vn 0.9005161 0.0049223006 -0.43479475
vn 8.545471E-09 -0.0122692585 0.9999248
vn -0.32463834 0.27232134 0.90578747
vn -0.40099552 0.16003233 0.90199345
vn -0.32463834 0.27232134 0.90578747
vn -0.6715016 0.2705093 0.6898625
vn -0.40099552 0.16003233 0.90199345
vn -0.32463834 0.27232134 0.90578747
vn -0.54175204 0.46824682 0.6980326
vn -0.6715016 0.2705093 0.6898625
vn -0.40099552 0.16003233 0.90199345
vn -0.7250927 0.003751099 0.6886411
vn -0.43099138 -0.008066773 0.90232
vn -0.32463834 0.27232134 0.90578747
vn -0.1824278 0.3785172 0.9074386
vn -0.54175204 0.46824682 0.6980326
vn -0.6715016 0.2705093 0.6898625
vn -0.84351915 0.3338313 0.42075172
vn -0.7250927 0.003751099 0.6886411
vn -0.6715016 0.2705093 0.6898625
vn -0.7250927 0.003751099 0.6886411
vn -0.40099552 0.16003233 0.90199345
vn -0.6715016 0.2705093 0.6898625
vn -0.54175204 0.46824682 0.6980326
vn -0.84351915 0.3338313 0.42075172
vn -0.43099138 -0.008066773 0.90232
vn -0.67008287 -0.27345866 0.6900792
vn -0.36730966 -0.19343352 0.90976214
vn -0.32463834 0.27232134 0.90578747
vn 8.545471E-09 -0.0122692585 0.9999248
vn -0.1824278 0.3785172 0.9074386
vn -0.7250927 0.003751099 0.6886411
vn -0.84351915 0.3338313 0.42075172
vn -0.9085699 0.0012560487 0.41773093
vn -0.40099552 0.16003233 0.90199345
vn -0.43099138 -0.008066773 0.90232
vn 8.545471E-09 -0.0122692585 0.9999248
vn -0.54175204 0.46824682 0.6980326
vn -0.6771989 0.6101532 0.4112354
vn -0.84351915 0.3338313 0.42075172
vn -0.67008287 -0.27345866 0.6900792
vn -0.8458671 -0.34066 0.41043818
vn -0.6618722 -0.63671076 0.3956316
vn -0.7250927 0.003751099 0.6886411
vn -0.9085699 0.0012560487 0.41773093
vn -0.8458671 -0.34066 0.41043818
vn -0.7250927 0.003751099 0.6886411
vn -0.67008287 -0.27345866 0.6900792
vn -0.43099138 -0.008066773 0.90232
vn -0.7250927 0.003751099 0.6886411
vn -0.8458671 -0.34066 0.41043818
vn -0.67008287 -0.27345866 0.6900792
vn -0.36730966 -0.19343352 0.90976214
vn -0.5053808 -0.50665736 0.69849014
vn -0.24956945 -0.31345248 0.91622186
vn -0.67008287 -0.27345866 0.6900792
vn -0.6618722 -0.63671076 0.3956316
vn -0.5053808 -0.50665736 0.69849014
vn -0.67008287 -0.27345866 0.6900792
vn -0.5053808 -0.50665736 0.69849014
vn -0.36730966 -0.19343352 0.90976214
vn -0.1824278 0.3785172 0.9074386
vn 3.0367102E-09 0.41004413 0.9120656
vn -0.3055028 0.65377307 0.69227785
vn -0.54175204 0.46824682 0.6980326
vn -0.3055028 0.65377307 0.69227785
vn -0.6771989 0.6101532 0.4112354
vn -0.54175204 0.46824682 0.6980326
vn -0.1824278 0.3785172 0.9074386
vn -0.3055028 0.65377307 0.69227785
vn -0.84351915 0.3338313 0.42075172
vn -0.6771989 0.6101532 0.4112354
vn -0.7266433 0.67343867 0.13590384
vn -0.9085699 0.0012560487 0.41773093
vn -0.84351915 0.3338313 0.42075172
vn -0.9201692 0.36406308 0.14403702
vn -0.84351915 0.3338313 0.42075172
vn -0.7266433 0.67343867 0.13590384
vn -0.9201692 0.36406308 0.14403702
vn -0.43099138 -0.008066773 0.90232
vn -0.36730966 -0.19343352 0.90976214
vn 8.545471E-09 -0.0122692585 0.9999248
vn -0.8458671 -0.34066 0.41043818
vn -0.9085699 0.0012560487 0.41773093
vn -0.9173977 -0.37228373 0.14066404
vn -0.24956945 -0.31345248 0.91622186
vn -0.5053808 -0.50665736 0.69849014
vn -0.16395018 -0.35881382 0.9188976
vn -0.6618722 -0.63671076 0.3956316
vn -0.8458671 -0.34066 0.41043818
vn -0.71605015 -0.6859249 0.12953514
vn -0.8458671 -0.34066 0.41043818
vn -0.9173977 -0.37228373 0.14066404
vn -0.71605015 -0.6859249 0.12953514
vn 3.0367102E-09 0.41004413 0.9120656
vn 7.475927E-09 0.70764524 0.70656794
vn -0.3055028 0.65377307 0.69227785
vn -0.1824278 0.3785172 0.9074386
vn 8.545471E-09 -0.0122692585 0.9999248
vn 3.0367102E-09 0.41004413 0.9120656
vn -0.6771989 0.6101532 0.4112354
vn -0.3859191 0.8298438 0.40302056
vn -0.41778463 0.8987102 0.13332653
vn -0.6771989 0.6101532 0.4112354
vn -0.41778463 0.8987102 0.13332653
vn -0.7266433 0.67343867 0.13590384
vn -0.3055028 0.65377307 0.69227785
vn 7.475927E-09 0.70764524 0.70656794
vn -0.3859191 0.8298438 0.40302056
vn -0.3055028 0.65377307 0.69227785
vn -0.3859191 0.8298438 0.40302056
vn -0.6771989 0.6101532 0.4112354
vn -0.9201692 0.36406308 0.14403702
vn -0.7266433 0.67343867 0.13590384
vn -0.9267771 0.36757118 -0.077302575
vn -0.36730966 -0.19343352 0.90976214
vn -0.24956945 -0.31345248 0.91622186
vn 8.545471E-09 -0.0122692585 0.9999248
vn -0.9085699 0.0012560487 0.41773093
vn -0.9201692 0.36406308 0.14403702
vn -0.9903646 -0.00017474592 0.13848414
vn -0.9201692 0.36406308 0.14403702
vn -0.9267771 0.36757118 -0.077302575
vn -0.9903646 -0.00017474592 0.13848414
vn -0.9085699 0.0012560487 0.41773093
vn -0.9903646 -0.00017474592 0.13848414
vn -0.9173977 -0.37228373 0.14066404
vn -0.5053808 -0.50665736 0.69849014
vn -0.29849675 -0.64773256 0.70095795
vn -0.16395018 -0.35881382 0.9188976
vn -0.6618722 -0.63671076 0.3956316
vn -0.41075462 -0.9020905 0.13233781
vn -0.37746137 -0.83585626 0.39858127
vn -0.6618722 -0.63671076 0.3956316
vn -0.71605015 -0.6859249 0.12953514
vn -0.41075462 -0.9020905 0.13233781
vn -0.5053808 -0.50665736 0.69849014
vn -0.6618722 -0.63671076 0.3956316
vn -0.37746137 -0.83585626 0.39858127
vn -0.5053808 -0.50665736 0.69849014
vn -0.37746137 -0.83585626 0.39858127
vn -0.29849675 -0.64773256 0.70095795
vn -0.41778463 0.8987102 0.13332653
vn 4.9766626E-09 0.9943116 -0.106511
vn -0.41890842 0.9019446 -0.1049369
vn 7.475927E-09 0.70764524 0.70656794
vn -5.115346E-09 0.9120166 0.41015315
vn -0.3859191 0.8298438 0.40302056
vn -0.7266433 0.67343867 0.13590384
vn -0.7249061 0.68293935 -0.090028524
vn -0.9267771 0.36757118 -0.077302575
vn -0.7266433 0.67343867 0.13590384
vn -0.41778463 0.8987102 0.13332653
vn -0.41890842 0.9019446 -0.1049369
vn -0.7266433 0.67343867 0.13590384
vn -0.41890842 0.9019446 -0.1049369
vn -0.7249061 0.68293935 -0.090028524
vn -0.24956945 -0.31345248 0.91622186
vn -0.16395018 -0.35881382 0.9188976
vn 8.545471E-09 -0.0122692585 0.9999248
vn -0.9903646 -0.00017474592 0.13848414
vn -0.92386633 -0.37437153 -0.079479456
vn -0.9173977 -0.37228373 0.14066404
vn -0.9173977 -0.37228373 0.14066404
vn -0.92386633 -0.37437153 -0.079479456
vn -0.71605015 -0.6859249 0.12953514
vn -0.41075462 -0.9020905 0.13233781
vn 2.468961E-09 -0.9971495 -0.075449824
vn 0 -0.99183226 0.12754864
vn -0.37746137 -0.83585626 0.39858127
vn -0.41075462 -0.9020905 0.13233781
vn 0 -0.9183311 0.395813
vn 0 -0.99183226 0.12754864
vn 0 -0.9183311 0.395813
vn -0.41075462 -0.9020905 0.13233781
vn -0.29849675 -0.64773256 0.70095795
vn -0.37746137 -0.83585626 0.39858127
vn 0 -0.71174747 0.70243543
vn -0.37746137 -0.83585626 0.39858127
vn 0 -0.9183311 0.395813
vn 0 -0.71174747 0.70243543
vn 4.9766626E-09 0.9943116 -0.106511
vn -0.41778463 0.8987102 0.13332653
vn -2.502888E-09 0.9919678 0.12648934
vn -2.502888E-09 0.9919678 0.12648934
vn -0.3859191 0.8298438 0.40302056
vn -5.115346E-09 0.9120166 0.41015315
vn -0.3859191 0.8298438 0.40302056
vn -2.502888E-09 0.9919678 0.12648934
vn -0.41778463 0.8987102 0.13332653
vn -0.9267771 0.36757118 -0.077302575
vn -0.9974084 -0.0011624321 -0.071940005
vn -0.9903646 -0.00017474592 0.13848414
vn -0.9903646 -0.00017474592 0.13848414
vn -0.9974084 -0.0011624321 -0.071940005
vn -0.92386633 -0.37437153 -0.079479456
vn -0.41890842 0.9019446 -0.1049369
vn 4.9766626E-09 0.9943116 -0.106511
vn 0 0.9517992 -0.30672145
vn -0.7249061 0.68293935 -0.090028524
vn -0.38693604 0.8731978 -0.2963208
vn -0.6842098 0.6766581 -0.27201223
vn -0.7249061 0.68293935 -0.090028524
vn -0.6842098 0.6766581 -0.27201223
vn -0.9267771 0.36757118 -0.077302575
vn -0.41890842 0.9019446 -0.1049369
vn 0 0.9517992 -0.30672145
vn -0.38693604 0.8731978 -0.2963208
vn -0.41890842 0.9019446 -0.1049369
vn -0.38693604 0.8731978 -0.2963208
vn -0.7249061 0.68293935 -0.090028524
vn -0.16395018 -0.35881382 0.9188976
vn -0.29849675 -0.64773256 0.70095795
vn 6.0695964E-09 -0.39218968 0.9198843
vn -0.29849675 -0.64773256 0.70095795
vn 0 -0.71174747 0.70243543
vn 6.0695964E-09 -0.39218968 0.9198843
vn -0.71605015 -0.6859249 0.12953514
vn -0.92386633 -0.37437153 -0.079479456
vn -0.7185861 -0.6917418 -0.07160455
vn -0.71605015 -0.6859249 0.12953514
vn -0.7185861 -0.6917418 -0.07160455
vn -0.41075462 -0.9020905 0.13233781
vn 2.468961E-09 -0.9971495 -0.075449824
vn -0.41075462 -0.9020905 0.13233781
vn -0.41295496 -0.9077165 -0.07428855
vn -0.41075462 -0.9020905 0.13233781
vn -0.7185861 -0.6917418 -0.07160455
vn -0.41295496 -0.9077165 -0.07428855
vn -0.9974084 -0.0011624321 -0.071940005
vn -0.9267771 0.36757118 -0.077302575
vn -0.89278233 0.3710465 -0.25546888
vn -0.9267771 0.36757118 -0.077302575
vn -0.6842098 0.6766581 -0.27201223
vn -0.89278233 0.3710465 -0.25546888
vn 0 0.9517992 -0.30672145
vn 0 0.91303957 -0.40787083
vn -0.38693604 0.8731978 -0.2963208
vn -0.16395018 -0.35881382 0.9188976
vn 6.0695964E-09 -0.39218968 0.9198843
vn 8.545471E-09 -0.0122692585 0.9999248
vn -0.92386633 -0.37437153 -0.079479456
vn -0.9974084 -0.0011624321 -0.071940005
vn -0.8979152 -0.3600878 -0.2531503
vn 2.468961E-09 -0.9971495 -0.075449824
vn -0.3961292 -0.8907981 -0.22262138
vn -4.914717E-09 -0.9766225 -0.21496147
vn 2.468961E-09 -0.9971495 -0.075449824
vn -0.41295496 -0.9077165 -0.07428855
vn -0.3961292 -0.8907981 -0.22262138
vn -0.7185861 -0.6917418 -0.07160455
vn -0.92386633 -0.37437153 -0.079479456
vn -0.70176625 -0.67053795 -0.24063015
vn -0.41295496 -0.9077165 -0.07428855
vn -0.7185861 -0.6917418 -0.07160455
vn -0.70176625 -0.67053795 -0.24063015
vn -0.41295496 -0.9077165 -0.07428855
vn -0.70176625 -0.67053795 -0.24063015
vn -0.3961292 -0.8907981 -0.22262138
vn -0.92386633 -0.37437153 -0.079479456
vn -0.8979152 -0.3600878 -0.2531503
vn -0.70176625 -0.67053795 -0.24063015
vn -0.6842098 0.6766581 -0.27201223
vn -0.64853 0.6532996 -0.390651
vn -0.89278233 0.3710465 -0.25546888
vn 0 0.91303957 -0.40787083
vn 0 0.91593003 -0.40133798
vn -0.3451149 0.8502178 -0.39752382
vn -0.38693604 0.8731978 -0.2963208
vn -0.36300406 0.840973 -0.40123856
vn -0.6842098 0.6766581 -0.27201223
vn 0 0.91303957 -0.40787083
vn -0.3451149 0.8502178 -0.39752382
vn -0.36300406 0.840973 -0.40123856
vn 0 0.91303957 -0.40787083
vn -0.36300406 0.840973 -0.40123856
vn -0.38693604 0.8731978 -0.2963208
vn -0.6842098 0.6766581 -0.27201223
vn -0.36300406 0.840973 -0.40123856
vn -0.64853 0.6532996 -0.390651
vn -0.9974084 -0.0011624321 -0.071940005
vn -0.89278233 0.3710465 -0.25546888
vn -0.9708589 -0.0019076318 -0.23964426
vn -0.9974084 -0.0011624321 -0.071940005
vn -0.9708589 -0.0019076318 -0.23964426
vn -0.8979152 -0.3600878 -0.2531503
vn -4.914717E-09 -0.9766225 -0.21496147
vn -0.39914137 -0.8552531 -0.33049703
vn -9.818085E-09 -0.9471161 -0.32089096
vn -4.914717E-09 -0.9766225 -0.21496147
vn -0.3961292 -0.8907981 -0.22262138
vn -0.39914137 -0.8552531 -0.33049703
vn -0.70176625 -0.67053795 -0.24063015
vn -0.68938625 -0.63227606 -0.35351616
vn -0.3961292 -0.8907981 -0.22262138
vn -0.3961292 -0.8907981 -0.22262138
vn -0.68938625 -0.63227606 -0.35351616
vn -0.39914137 -0.8552531 -0.33049703
vn 0 0.91593003 -0.40133798
vn 0 0.9419984 -0.33561713
vn -0.3451149 0.8502178 -0.39752382
vn -0.36300406 0.840973 -0.40123856
vn -0.3451149 0.8502178 -0.39752382
vn -0.6324279 0.66551214 -0.39639437
vn -0.36300406 0.840973 -0.40123856
vn -0.6324279 0.66551214 -0.39639437
vn -0.64853 0.6532996 -0.390651
vn -0.89278233 0.3710465 -0.25546888
vn -0.8479809 0.36740336 -0.38202497
vn -0.9708589 -0.0019076318 -0.23964426
vn -0.89278233 0.3710465 -0.25546888
vn -0.64853 0.6532996 -0.390651
vn -0.8479809 0.36740336 -0.38202497
vn -0.8979152 -0.3600878 -0.2531503
vn -0.85917807 -0.34689334 -0.37613583
vn -0.70176625 -0.67053795 -0.24063015
vn -0.70176625 -0.67053795 -0.24063015
vn -0.85917807 -0.34689334 -0.37613583
vn -0.68938625 -0.63227606 -0.35351616
vn -9.818085E-09 -0.9471161 -0.32089096
vn -0.39914137 -0.8552531 -0.33049703
vn -0.39406016 -0.8208865 -0.41335452
vn 0 0.9419984 -0.33561713
vn -0.3286344 0.88444984 -0.33128196
vn -0.3451149 0.8502178 -0.39752382
vn -0.6324279 0.66551214 -0.39639437
vn -0.8256885 0.38767013 -0.4098175
vn -0.64853 0.6532996 -0.390651
vn -0.64853 0.6532996 -0.390651
vn -0.8256885 0.38767013 -0.4098175
vn -0.8479809 0.36740336 -0.38202497
vn -0.9708589 -0.0019076318 -0.23964426
vn -0.8479809 0.36740336 -0.38202497
vn -0.9256702 -0.00045910478 -0.37833118
vn -0.8979152 -0.3600878 -0.2531503
vn -0.9256702 -0.00045910478 -0.37833118
vn -0.85917807 -0.34689334 -0.37613583
vn -0.8979152 -0.3600878 -0.2531503
vn -0.9708589 -0.0019076318 -0.23964426
vn -0.9256702 -0.00045910478 -0.37833118
vn -0.68938625 -0.63227606 -0.35351616
vn -0.85917807 -0.34689334 -0.37613583
vn -0.6850268 -0.59427387 -0.42139873
vn -0.39914137 -0.8552531 -0.33049703
vn -0.6850268 -0.59427387 -0.42139873
vn -0.39406016 -0.8208865 -0.41335452
vn -0.39914137 -0.8552531 -0.33049703
vn -0.68938625 -0.63227606 -0.35351616
vn -0.6850268 -0.59427387 -0.42139873
vn -9.818085E-09 -0.9471161 -0.32089096
vn -0.39406016 -0.8208865 -0.41335452
vn -9.860626E-09 -0.908707 -0.41743425
vn 0 0.9419984 -0.33561713
vn -0.3166541 0.9243944 -0.21266174
vn -0.3286344 0.88444984 -0.33128196
vn -0.3451149 0.8502178 -0.39752382
vn -0.61774534 0.7027833 -0.35282618
vn -0.6324279 0.66551214 -0.39639437
vn -0.3451149 0.8502178 -0.39752382
vn -0.3286344 0.88444984 -0.33128196
vn -0.61774534 0.7027833 -0.35282618
vn -0.8256885 0.38767013 -0.4098175
vn -0.9007089 0.020518392 -0.4339382
vn -0.8479809 0.36740336 -0.38202497
vn -0.8479809 0.36740336 -0.38202497
vn -0.9007089 0.020518392 -0.4339382
vn -0.9256702 -0.00045910478 -0.37833118
vn -0.85917807 -0.34689334 -0.37613583
vn -0.9256702 -0.00045910478 -0.37833118
vn -0.8444684 -0.31052473 -0.43640277
vn -0.9256702 -0.00045910478 -0.37833118
vn -0.9007089 0.020518392 -0.4339382
vn -0.8444684 -0.31052473 -0.43640277
vn -0.85917807 -0.34689334 -0.37613583
vn -0.8444684 -0.31052473 -0.43640277
vn -0.6850268 -0.59427387 -0.42139873
vn -0.39406016 -0.8208865 -0.41335452
vn -4.920646E-09 -0.8468692 -0.5318013
vn -9.860626E-09 -0.908707 -0.41743425
vn 0 0.9419984 -0.33561713
vn 4.8026716E-09 0.9792859 -0.20248252
vn -0.3166541 0.9243944 -0.21266174
vn -0.6324279 0.66551214 -0.39639437
vn -0.8221112 0.40548638 -0.39964244
vn -0.8256885 0.38767013 -0.4098175
vn -0.6324279 0.66551214 -0.39639437
vn -0.61774534 0.7027833 -0.35282618
vn -0.8221112 0.40548638 -0.39964244
vn -0.3286344 0.88444984 -0.33128196
vn -0.3166541 0.9243944 -0.21266174
vn -0.623741 0.7306812 -0.27758276
vn -0.3286344 0.88444984 -0.33128196
vn -0.623741 0.7306812 -0.27758276
vn -0.61774534 0.7027833 -0.35282618
vn -0.9007089 0.020518392 -0.4339382
vn -0.837546 -0.27059573 -0.4746523
vn -0.8444684 -0.31052473 -0.43640277
vn -0.6850268 -0.59427387 -0.42139873
vn -0.8444684 -0.31052473 -0.43640277
vn -0.69068485 -0.52872396 -0.49336135
vn -0.8444684 -0.31052473 -0.43640277
vn -0.837546 -0.27059573 -0.4746523
vn -0.69068485 -0.52872396 -0.49336135
vn -0.39406016 -0.8208865 -0.41335452
vn -0.39838362 -0.75747186 -0.51723
vn -4.920646E-09 -0.8468692 -0.5318013
vn -0.6850268 -0.59427387 -0.42139873
vn -0.39838362 -0.75747186 -0.51723
vn -0.39406016 -0.8208865 -0.41335452
vn -0.6850268 -0.59427387 -0.42139873
vn -0.69068485 -0.52872396 -0.49336135
vn -0.39838362 -0.75747186 -0.51723
vn 4.8026716E-09 0.9792859 -0.20248252
vn -2.41124E-09 0.99657166 -0.08273274
vn -0.34529892 0.9320708 -0.10960126
vn 4.8026716E-09 0.9792859 -0.20248252
vn -0.34529892 0.9320708 -0.10960126
vn -0.3166541 0.9243944 -0.21266174
vn -0.8256885 0.38767013 -0.4098175
vn -0.8894131 0.04256603 -0.45511797
vn -0.9007089 0.020518392 -0.4339382
vn -0.9007089 0.020518392 -0.4339382
vn -0.8894131 0.04256603 -0.45511797
vn -0.837546 -0.27059573 -0.4746523
vn -0.8256885 0.38767013 -0.4098175
vn -0.8221112 0.40548638 -0.39964244
vn -0.8894131 0.04256603 -0.45511797
vn -0.623741 0.7306812 -0.27758276
vn -0.6415789 0.7341568 -0.22223932
vn -0.84131306 0.4149204 -0.34645838
vn -0.3166541 0.9243944 -0.21266174
vn -0.34529892 0.9320708 -0.10960126
vn -0.6415789 0.7341568 -0.22223932
vn -0.3166541 0.9243944 -0.21266174
vn -0.6415789 0.7341568 -0.22223932
vn -0.623741 0.7306812 -0.27758276
vn -0.61774534 0.7027833 -0.35282618
vn -0.623741 0.7306812 -0.27758276
vn -0.8453269 0.38867822 -0.36654013
vn -0.623741 0.7306812 -0.27758276
vn -0.84131306 0.4149204 -0.34645838
vn -0.8453269 0.38867822 -0.36654013
vn -0.61774534 0.7027833 -0.35282618
vn -0.8453269 0.38867822 -0.36654013
vn -0.8221112 0.40548638 -0.39964244
vn -4.920646E-09 -0.8468692 -0.5318013
vn -0.39838362 -0.75747186 -0.51723
vn 0 -0.7574939 -0.6528421
vn -0.69068485 -0.52872396 -0.49336135
vn -0.837546 -0.27059573 -0.4746523
vn -0.68039346 -0.4753027 -0.55781
vn -2.41124E-09 0.99657166 -0.08273274
vn 0 0.99985904 0.016788363
vn -0.3985755 0.9162201 -0.0409649
vn -2.41124E-09 0.99657166 -0.08273274
vn -0.3985755 0.9162201 -0.0409649
vn -0.34529892 0.9320708 -0.10960126
vn -0.8894131 0.04256603 -0.45511797
vn -0.8884237 0.055168003 -0.45569703
vn -0.84118986 -0.21696943 -0.49530196
vn -0.8894131 0.04256603 -0.45511797
vn -0.8221112 0.40548638 -0.39964244
vn -0.8884237 0.055168003 -0.45569703
vn -0.837546 -0.27059573 -0.4746523
vn -0.8894131 0.04256603 -0.45511797
vn -0.84118986 -0.21696943 -0.49530196
vn -0.837546 -0.27059573 -0.4746523
vn -0.84118986 -0.21696943 -0.49530196
vn -0.68039346 -0.4753027 -0.55781
vn -0.8221112 0.40548638 -0.39964244
vn -0.8453269 0.38867822 -0.36654013
vn -0.8884237 0.055168003 -0.45569703
vn -0.6415789 0.7341568 -0.22223932
vn -0.68833995 0.70211124 -0.18228519
vn -0.8426634 0.40895188 -0.3502525
vn -0.6415789 0.7341568 -0.22223932
vn -0.8426634 0.40895188 -0.3502525
vn -0.84131306 0.4149204 -0.34645838
vn -0.34529892 0.9320708 -0.10960126
vn -0.3985755 0.9162201 -0.0409649
vn -0.68833995 0.70211124 -0.18228519
vn -0.34529892 0.9320708 -0.10960126
vn -0.68833995 0.70211124 -0.18228519
vn -0.6415789 0.7341568 -0.22223932
vn -0.39838362 -0.75747186 -0.51723
vn -0.69068485 -0.52872396 -0.49336135
vn -0.38067722 -0.681256 -0.62527996
vn -0.69068485 -0.52872396 -0.49336135
vn -0.68039346 -0.4753027 -0.55781
vn -0.38067722 -0.681256 -0.62527996
vn -0.39838362 -0.75747186 -0.51723
vn -0.38067722 -0.681256 -0.62527996
vn 0 -0.7574939 -0.6528421
vn 0 0.99985904 0.016788363
vn 1.0395852E-08 0.9324442 0.36131412
vn -0.6959244 0.696905 0.17324126
vn 0 0.99985904 0.016788363
vn -0.6959244 0.696905 0.17324126
vn -0.3985755 0.9162201 -0.0409649
vn -0.84118986 -0.21696943 -0.49530196
vn -0.70223916 -0.3835836 -0.5997698
vn -0.68039346 -0.4753027 -0.55781
vn -0.8453269 0.38867822 -0.36654013
vn -0.84131306 0.4149204 -0.34645838
vn -0.891458 0.0835073 -0.44534183
vn -0.8453269 0.38867822 -0.36654013
vn -0.891458 0.0835073 -0.44534183
vn -0.8884237 0.055168003 -0.45569703
vn -0.8426634 0.40895188 -0.3502525
vn -0.88454 0.19558409 -0.4234806
vn -0.84131306 0.4149204 -0.34645838
vn -0.84131306 0.4149204 -0.34645838
vn -0.88454 0.19558409 -0.4234806
vn -0.891458 0.0835073 -0.44534183
vn -0.68833995 0.70211124 -0.18228519
vn -0.8771708 0.01461044 -0.47995594
vn -0.8426634 0.40895188 -0.3502525
vn -0.3985755 0.9162201 -0.0409649
vn -0.6959244 0.696905 0.17324126
vn -0.8771708 0.01461044 -0.47995594
vn -0.3985755 0.9162201 -0.0409649
vn -0.8771708 0.01461044 -0.47995594
vn -0.68833995 0.70211124 -0.18228519
vn -0.38067722 -0.681256 -0.62527996
vn -1.2123824E-08 -0.692435 -0.7214802
vn 0 -0.7574939 -0.6528421
vn 1.0395852E-08 0.9324442 0.36131412
vn -4.5901633E-08 0.7603577 -0.6495046
vn -0.6959244 0.696905 0.17324126
vn -0.6959244 0.696905 0.17324126
vn -4.5901633E-08 0.7603577 -0.6495046
vn -0.8771708 0.01461044 -0.47995594
vn -0.84118986 -0.21696943 -0.49530196
vn -0.8526646 -0.14127475 -0.50299567
vn -0.70223916 -0.3835836 -0.5997698
vn -0.8884237 0.055168003 -0.45569703
vn -0.891458 0.0835073 -0.44534183
vn -0.8526646 -0.14127475 -0.50299567
vn -0.8884237 0.055168003 -0.45569703
vn -0.8526646 -0.14127475 -0.50299567
vn -0.84118986 -0.21696943 -0.49530196
vn -0.68039346 -0.4753027 -0.55781
vn -0.3672386 -0.6258758 -0.6880518
vn -0.38067722 -0.681256 -0.62527996
vn -0.38067722 -0.681256 -0.62527996
vn -0.3672386 -0.6258758 -0.6880518
vn -1.2123824E-08 -0.692435 -0.7214802
vn -0.68039346 -0.4753027 -0.55781
vn -0.70223916 -0.3835836 -0.5997698
vn -0.3672386 -0.6258758 -0.6880518
vn -0.88454 0.19558409 -0.4234806
vn -0.85822284 -0.085568786 -0.5060943
vn -0.891458 0.0835073 -0.44534183
vn -0.891458 0.0835073 -0.44534183
vn -0.85822284 -0.085568786 -0.5060943
vn -0.8526646 -0.14127475 -0.50299567
vn -0.8426634 0.40895188 -0.3502525
vn -0.8771708 0.01461044 -0.47995594
vn -2.0699625E-08 0.85874563 -0.51240194
vn -0.8771708 0.01461044 -0.47995594
vn -4.5901633E-08 0.7603577 -0.6495046
vn -2.0699625E-08 0.85874563 -0.51240194
vn -1.2123824E-08 -0.692435 -0.7214802
vn -0.47281373 -0.5217601 -0.7100798
vn -2.5075456E-08 -0.64432406 -0.7647526
vn -0.3672386 -0.6258758 -0.6880518
vn -0.70223916 -0.3835836 -0.5997698
vn -0.47281373 -0.5217601 -0.7100798
vn -0.3672386 -0.6258758 -0.6880518
vn -0.47281373 -0.5217601 -0.7100798
vn -1.2123824E-08 -0.692435 -0.7214802
vn -0.88454 0.19558409 -0.4234806
vn -0.8426634 0.40895188 -0.3502525
vn -0.634921 0.7600416 0.13860798
vn -0.8426634 0.40895188 -0.3502525
vn -2.0699625E-08 0.85874563 -0.51240194
vn -0.634921 0.7600416 0.13860798
vn -0.85822284 -0.085568786 -0.5060943
vn -0.8824699 0.46438 -0.07482076
vn -0.9005161 0.0049223006 -0.43479475
vn -0.88454 0.19558409 -0.4234806
vn -0.8824699 0.46438 -0.07482076
vn -0.85822284 -0.085568786 -0.5060943
vn -0.88454 0.19558409 -0.4234806
vn -0.634921 0.7600416 0.13860798
vn -0.8824699 0.46438 -0.07482076
vn -0.8526646 -0.14127475 -0.50299567
vn -0.85822284 -0.085568786 -0.5060943
vn -0.74492896 -0.29669893 -0.59753716
vn -0.70223916 -0.3835836 -0.5997698
vn -0.8526646 -0.14127475 -0.50299567
vn -0.74492896 -0.29669893 -0.59753716
vn -0.70223916 -0.3835836 -0.5997698
vn -0.74492896 -0.29669893 -0.59753716
vn -0.47281373 -0.5217601 -0.7100798
vn -0.85822284 -0.085568786 -0.5060943
vn -0.9005161 0.0049223006 -0.43479475
vn -0.74492896 -0.29669893 -0.59753716
vn -2.5075456E-08 -0.64432406 -0.7647526
vn -0.47281373 -0.5217601 -0.7100798
vn -6.371106E-08 -0.49620032 -0.86820805
vn -2.0699625E-08 0.85874563 -0.51240194
vn 0 0.7683448 -0.6400359
vn -0.634921 0.7600416 0.13860798
vn -0.8824699 0.46438 -0.07482076
vn 0 0.7683448 -0.6400359
vn -0.9005161 0.0049223006 -0.43479475
vn -0.8824699 0.46438 -0.07482076
vn -0.634921 0.7600416 0.13860798
vn 0 0.7683448 -0.6400359
vn -0.74492896 -0.29669893 -0.59753716
vn -0.9005161 0.0049223006 -0.43479475
vn -0.60530645 -0.34778082 -0.7159976
vn -0.60530645 -0.34778082 -0.7159976
vn -6.371106E-08 -0.49620032 -0.86820805
vn -0.47281373 -0.5217601 -0.7100798
vn -0.60530645 -0.34778082 -0.7159976
vn 0 0.7683448 -0.6400359
vn -6.371106E-08 -0.49620032 -0.86820805
vn -0.60530645 -0.34778082 -0.7159976
vn -0.47281373 -0.5217601 -0.7100798
vn -0.74492896 -0.29669893 -0.59753716
vn -0.60530645 -0.34778082 -0.7159976
vn -0.9005161 0.0049223006 -0.43479475
vn 0 0.7683448 -0.6400359
vn 0.6129199 -0.7314726 -0.2987925
vn -0.71843415 -0.6935104 -0.05381143
vn -0.15783279 0.062738776 -0.9854708
vn 0.6129199 -0.7314726 -0.2987925
vn 0.40617228 -0.4543244 0.7928513
vn -0.71843415 -0.6935104 -0.05381143
vn -0.15783279 0.062738776 -0.9854708
vn -0.83478856 -0.55054885 -0.004895687
vn -0.69951385 -0.23725796 -0.6740839
vn -0.15783279 0.062738776 -0.9854708
vn -0.71843415 -0.6935104 -0.05381143
vn -0.83478856 -0.55054885 -0.004895687
vn 0.40617228 -0.4543244 0.7928513
vn -0.63660514 -0.7527476 0.16764504
vn -0.71843415 -0.6935104 -0.05381143
vn -0.71843415 -0.6935104 -0.05381143
vn -0.63660514 -0.7527476 0.16764504
vn -0.83478856 -0.55054885 -0.004895687
vn -0.69951385 -0.23725796 -0.6740839
vn -0.83478856 -0.55054885 -0.004895687
vn -0.73429334 -0.67010915 0.10847545
vn -0.63660514 -0.7527476 0.16764504
vn -0.8956662 -0.44419098 0.021829933
vn -0.83478856 -0.55054885 -0.004895687
vn -0.83478856 -0.55054885 -0.004895687
vn -0.8956662 -0.44419098 0.021829933
vn -0.73429334 -0.67010915 0.10847545
vn -0.63660514 -0.7527476 0.16764504
vn -0.8165893 -0.5316107 0.22488207
vn -0.8956662 -0.44419098 0.021829933
vn -0.73429334 -0.67010915 0.10847545
vn -0.8956662 -0.44419098 0.021829933
vn -0.7922104 -0.44279325 0.41992477
vn -0.8165893 -0.5316107 0.22488207
vn -0.94578624 -0.30416384 0.11389798
vn -0.8956662 -0.44419098 0.021829933
vn -0.8956662 -0.44419098 0.021829933
vn -0.94578624 -0.30416384 0.11389798
vn -0.7922104 -0.44279325 0.41992477
vn -0.8165893 -0.5316107 0.22488207
vn -0.87465405 -0.35614303 0.32885018
vn -0.94578624 -0.30416384 0.11389798
vn -0.7922104 -0.44279325 0.41992477
vn -0.94578624 -0.30416384 0.11389798
vn -0.8109596 -0.18625343 0.554666
vn -0.8165893 -0.5316107 0.22488207
vn -0.63660514 -0.7527476 0.16764504
vn -0.7517132 -0.6288309 0.1987431
vn -0.87465405 -0.35614303 0.32885018
vn -0.8963502 -0.11454582 0.42829368
vn -0.9812648 -0.075293265 0.17734247
vn -0.94578624 -0.30416384 0.11389798
vn -0.87465405 -0.35614303 0.32885018
vn -0.9812648 -0.075293265 0.17734247
vn -0.94578624 -0.30416384 0.11389798
vn -0.9812648 -0.075293265 0.17734247
vn -0.8109596 -0.18625343 0.554666
vn -0.8165893 -0.5316107 0.22488207
vn -0.7517132 -0.6288309 0.1987431
vn -0.7808995 -0.5096241 0.3612191
vn -0.8165893 -0.5316107 0.22488207
vn -0.7808995 -0.5096241 0.3612191
vn -0.87465405 -0.35614303 0.32885018
vn -0.63660514 -0.7527476 0.16764504
vn -0.2996052 0.100773156 -0.94872624
vn -0.7517132 -0.6288309 0.1987431
vn -0.8963502 -0.11454582 0.42829368
vn -0.8705977 0.13812247 0.4722094
vn -0.9723389 0.16059813 0.16960344
vn -0.9812648 -0.075293265 0.17734247
vn -0.9723389 0.16059813 0.16960344
vn -0.80827427 0.1175642 0.5769501
vn -0.9812648 -0.075293265 0.17734247
vn -0.80827427 0.1175642 0.5769501
vn -0.8109596 -0.18625343 0.554666
vn -0.9812648 -0.075293265 0.17734247
vn -0.8963502 -0.11454582 0.42829368
vn -0.9723389 0.16059813 0.16960344
vn -0.7808995 -0.5096241 0.3612191
vn -0.6047816 -0.6472726 0.46397984
vn -0.65906465 -0.51643413 0.54674447
vn -0.87465405 -0.35614303 0.32885018
vn -0.7808995 -0.5096241 0.3612191
vn -0.7984446 -0.335599 0.49985936
vn -0.7808995 -0.5096241 0.3612191
vn -0.7517132 -0.6288309 0.1987431
vn -0.6047816 -0.6472726 0.46397984
vn -0.7808995 -0.5096241 0.3612191
vn -0.65906465 -0.51643413 0.54674447
vn -0.7984446 -0.335599 0.49985936
vn -0.87465405 -0.35614303 0.32885018
vn -0.7984446 -0.335599 0.49985936
vn -0.8963502 -0.11454582 0.42829368
vn -0.2996052 0.100773156 -0.94872624
vn -0.7273774 -0.68405807 0.054650128
vn -0.7517132 -0.6288309 0.1987431
vn -0.8705977 0.13812247 0.4722094
vn -0.913593 0.38307312 0.13639203
vn -0.9723389 0.16059813 0.16960344
vn -0.9723389 0.16059813 0.16960344
vn -0.913593 0.38307312 0.13639203
vn -0.80827427 0.1175642 0.5769501
vn -0.6047816 -0.6472726 0.46397984
vn -0.7517132 -0.6288309 0.1987431
vn -0.5320367 -0.74318624 0.4057228
vn -0.7517132 -0.6288309 0.1987431
vn -0.7273774 -0.68405807 0.054650128
vn -0.5320367 -0.74318624 0.4057228
vn -0.65906465 -0.51643413 0.54674447
vn -0.4792556 -0.53210145 0.6979843
vn -0.7001448 -0.32761467 0.63440204
vn -0.7984446 -0.335599 0.49985936
vn -0.65906465 -0.51643413 0.54674447
vn -0.7001448 -0.32761467 0.63440204
vn -0.8963502 -0.11454582 0.42829368
vn -0.7984446 -0.335599 0.49985936
vn -0.7952731 -0.10748765 0.59664637
vn -0.7984446 -0.335599 0.49985936
vn -0.7001448 -0.32761467 0.63440204
vn -0.7952731 -0.10748765 0.59664637
vn -0.8963502 -0.11454582 0.42829368
vn -0.7952731 -0.10748765 0.59664637
vn -0.8705977 0.13812247 0.4722094
vn -0.2996052 0.100773156 -0.94872624
vn -0.2671881 0.07876909 -0.9604196
vn -0.7273774 -0.68405807 0.054650128
vn -0.913593 0.38307312 0.13639203
vn -0.8705977 0.13812247 0.4722094
vn -0.7985675 0.38078153 0.46614945
vn -0.80827427 0.1175642 0.5769501
vn -0.913593 0.38307312 0.13639203
vn -0.756288 0.3714701 0.5385521
vn -0.6047816 -0.6472726 0.46397984
vn -0.39883035 -0.66958636 0.6265688
vn -0.65906465 -0.51643413 0.54674447
vn -0.65906465 -0.51643413 0.54674447
vn -0.39883035 -0.66958636 0.6265688
vn -0.4792556 -0.53210145 0.6979843
vn -0.5320367 -0.74318624 0.4057228
vn -0.3227229 -0.76564974 0.5564444
vn -0.6047816 -0.6472726 0.46397984
vn -0.6047816 -0.6472726 0.46397984
vn -0.3227229 -0.76564974 0.5564444
vn -0.39883035 -0.66958636 0.6265688
vn -0.7001448 -0.32761467 0.63440204
vn -0.57543075 -0.34200206 0.7429092
vn -0.7042854 -0.10629141 0.7019147
vn -0.7001448 -0.32761467 0.63440204
vn -0.7042854 -0.10629141 0.7019147
vn -0.7952731 -0.10748765 0.59664637
vn -0.7001448 -0.32761467 0.63440204
vn -0.4792556 -0.53210145 0.6979843
vn -0.57543075 -0.34200206 0.7429092
vn -0.2671881 0.07876909 -0.9604196
vn 0.51908755 -0.5969522 -0.6117158
vn -0.66724414 -0.7415631 -0.06978059
vn -0.2671881 0.07876909 -0.9604196
vn -0.66724414 -0.7415631 -0.06978059
vn -0.7273774 -0.68405807 0.054650128
vn -0.8705977 0.13812247 0.4722094
vn -0.78362703 0.12458104 0.6086116
vn -0.7985675 0.38078153 0.46614945
vn -0.7952731 -0.10748765 0.59664637
vn -0.7042854 -0.10629141 0.7019147
vn -0.78362703 0.12458104 0.6086116
vn -0.7952731 -0.10748765 0.59664637
vn -0.78362703 0.12458104 0.6086116
vn -0.8705977 0.13812247 0.4722094
vn -0.913593 0.38307312 0.13639203
vn -0.7985675 0.38078153 0.46614945
vn -0.8165627 0.5657978 0.114447504
vn -0.913593 0.38307312 0.13639203
vn -0.8165627 0.5657978 0.114447504
vn -0.756288 0.3714701 0.5385521
vn -0.5320367 -0.74318624 0.4057228
vn -0.20449919 -0.846421 0.4916824
vn -0.3227229 -0.76564974 0.5564444
vn -0.39883035 -0.66958636 0.6265688
vn -0.41348103 -0.69243425 0.5912429
vn -0.4792556 -0.53210145 0.6979843
vn -0.57543075 -0.34200206 0.7429092
vn -0.6058993 -0.10787547 0.78819335
vn -0.7042854 -0.10629141 0.7019147
vn 0.51908755 -0.5969522 -0.6117158
vn -0.46491775 -0.8324865 0.30135953
vn -0.66724414 -0.7415631 -0.06978059
vn -0.46491775 -0.8324865 0.30135953
vn -0.7273774 -0.68405807 0.054650128
vn -0.66724414 -0.7415631 -0.06978059
vn -0.46491775 -0.8324865 0.30135953
vn -0.20449919 -0.846421 0.4916824
vn -0.5320367 -0.74318624 0.4057228
vn -0.46491775 -0.8324865 0.30135953
vn 0.51908755 -0.5969522 -0.6117158
vn -0.20449919 -0.846421 0.4916824
vn -0.46491775 -0.8324865 0.30135953
vn -0.5320367 -0.74318624 0.4057228
vn -0.7273774 -0.68405807 0.054650128
vn -0.78362703 0.12458104 0.6086116
vn -0.72428447 0.36524248 0.5848162
vn -0.7985675 0.38078153 0.46614945
vn -0.8165627 0.5657978 0.114447504
vn -0.675747 0.71207035 0.19058293
vn -0.63081133 0.53697866 0.5601169
vn -0.756288 0.3714701 0.5385521
vn -0.8165627 0.5657978 0.114447504
vn -0.63081133 0.53697866 0.5601169
vn -0.3227229 -0.76564974 0.5564444
vn 0.83309585 -0.26530442 0.48535016
vn -0.39883035 -0.66958636 0.6265688
vn -0.39883035 -0.66958636 0.6265688
vn 0.83309585 -0.26530442 0.48535016
vn -0.41348103 -0.69243425 0.5912429
vn -0.4792556 -0.53210145 0.6979843
vn -0.4753408 -0.55495656 0.6826963
vn -0.57543075 -0.34200206 0.7429092
vn -0.4792556 -0.53210145 0.6979843
vn -0.41348103 -0.69243425 0.5912429
vn -0.4753408 -0.55495656 0.6826963
vn -0.6058993 -0.10787547 0.78819335
vn -0.57543075 -0.34200206 0.7429092
vn -0.51737964 -0.36002246 0.7763389
vn -0.57543075 -0.34200206 0.7429092
vn -0.4753408 -0.55495656 0.6826963
vn -0.51737964 -0.36002246 0.7763389
vn -0.7042854 -0.10629141 0.7019147
vn -0.68889034 0.11282617 0.71603084
vn -0.78362703 0.12458104 0.6086116
vn -0.78362703 0.12458104 0.6086116
vn -0.68889034 0.11282617 0.71603084
vn -0.72428447 0.36524248 0.5848162
vn -0.7042854 -0.10629141 0.7019147
vn -0.6058993 -0.10787547 0.78819335
vn -0.68889034 0.11282617 0.71603084
vn 0.51908755 -0.5969522 -0.6117158
vn 0.86297995 -0.30056822 0.40610865
vn -0.20449919 -0.846421 0.4916824
vn 0.86297995 -0.30056822 0.40610865
vn 0.83309585 -0.26530442 0.48535016
vn -0.3227229 -0.76564974 0.5564444
vn -0.3227229 -0.76564974 0.5564444
vn -0.20449919 -0.846421 0.4916824
vn 0.86297995 -0.30056822 0.40610865
vn -0.7985675 0.38078153 0.46614945
vn -0.72428447 0.36524248 0.5848162
vn -0.7050943 0.5983534 0.3805459
vn -0.8165627 0.5657978 0.114447504
vn -0.7050943 0.5983534 0.3805459
vn -0.675747 0.71207035 0.19058293
vn -0.8165627 0.5657978 0.114447504
vn -0.7985675 0.38078153 0.46614945
vn -0.7050943 0.5983534 0.3805459
vn -0.63081133 0.53697866 0.5601169
vn -0.675747 0.71207035 0.19058293
vn -0.4732366 0.6367464 0.60877025
vn -0.51737964 -0.36002246 0.7763389
vn -0.39851716 -0.30223608 0.8659315
vn -0.50907695 -0.10784739 0.8539376
vn -0.6058993 -0.10787547 0.78819335
vn -0.51737964 -0.36002246 0.7763389
vn -0.50907695 -0.10784739 0.8539376
vn -0.68889034 0.11282617 0.71603084
vn -0.5890007 0.102344036 0.8016257
vn -0.64469653 0.34280914 0.68326306
vn -0.68889034 0.11282617 0.71603084
vn -0.64469653 0.34280914 0.68326306
vn -0.72428447 0.36524248 0.5848162
vn -0.6058993 -0.10787547 0.78819335
vn -0.5890007 0.102344036 0.8016257
vn -0.68889034 0.11282617 0.71603084
vn -0.6058993 -0.10787547 0.78819335
vn -0.50907695 -0.10784739 0.8539376
vn -0.5890007 0.102344036 0.8016257
vn -0.7050943 0.5983534 0.3805459
vn -0.58850765 0.7263907 0.35498634
vn -0.675747 0.71207035 0.19058293
vn -0.4732366 0.6367464 0.60877025
vn -0.675747 0.71207035 0.19058293
vn 6.8661734E-08 0.94365674 0.33092558
vn -0.675747 0.71207035 0.19058293
vn -0.58850765 0.7263907 0.35498634
vn 6.8661734E-08 0.94365674 0.33092558
vn -0.39851716 -0.30223608 0.8659315
vn -0.19648817 -0.4950999 0.8463265
vn -0.2041817 -0.27710277 0.93889505
vn -0.51737964 -0.36002246 0.7763389
vn -0.4753408 -0.55495656 0.6826963
vn -0.45272392 -0.51976264 0.7244914
vn -0.51737964 -0.36002246 0.7763389
vn -0.45272392 -0.51976264 0.7244914
vn -0.39851716 -0.30223608 0.8659315
vn -0.64469653 0.34280914 0.68326306
vn -0.5890007 0.102344036 0.8016257
vn -0.5542738 0.31550944 0.77021706
vn -0.72428447 0.36524248 0.5848162
vn -0.6373331 0.5879578 0.49810845
vn -0.7050943 0.5983534 0.3805459
vn -0.7050943 0.5983534 0.3805459
vn -0.6373331 0.5879578 0.49810845
vn -0.58850765 0.7263907 0.35498634
vn -0.72428447 0.36524248 0.5848162
vn -0.64469653 0.34280914 0.68326306
vn -0.6373331 0.5879578 0.49810845
vn -0.50907695 -0.10784739 0.8539376
vn -0.39851716 -0.30223608 0.8659315
vn -0.35889837 -0.08028889 0.9299169
vn -0.39851716 -0.30223608 0.8659315
vn -0.45272392 -0.51976264 0.7244914
vn -0.19648817 -0.4950999 0.8463265
vn -0.39851716 -0.30223608 0.8659315
vn -0.2041817 -0.27710277 0.93889505
vn -0.35889837 -0.08028889 0.9299169
vn 6.8661734E-08 0.94365674 0.33092558
vn -0.58850765 0.7263907 0.35498634
vn -0.5461868 0.7223339 0.4241623
vn -0.58850765 0.7263907 0.35498634
vn -0.6373331 0.5879578 0.49810845
vn -0.5461868 0.7223339 0.4241623
vn -0.4753408 -0.55495656 0.6826963
vn -0.41348103 -0.69243425 0.5912429
vn -0.45272392 -0.51976264 0.7244914
vn -0.5890007 0.102344036 0.8016257
vn -0.47285393 0.0981971 0.875652
vn -0.5542738 0.31550944 0.77021706
vn -0.50907695 -0.10784739 0.8539376
vn -0.47285393 0.0981971 0.875652
vn -0.5890007 0.102344036 0.8016257
vn -0.50907695 -0.10784739 0.8539376
vn -0.35889837 -0.08028889 0.9299169
vn -0.47285393 0.0981971 0.875652
vn -0.64469653 0.34280914 0.68326306
vn -0.5542738 0.31550944 0.77021706
vn -0.57873225 0.56428105 0.5887749
vn -0.64469653 0.34280914 0.68326306
vn -0.57873225 0.56428105 0.5887749
vn -0.6373331 0.5879578 0.49810845
vn -0.19648817 -0.4950999 0.8463265
vn -4.8518998E-09 -0.27726597 0.96079314
vn -0.2041817 -0.27710277 0.93889505
vn 6.8661734E-08 0.94365674 0.33092558
vn -0.121870205 0.6525578 0.7478742
vn 0 0.64165187 0.7669959
vn -0.5461868 0.7223339 0.4241623
vn -0.6373331 0.5879578 0.49810845
vn -0.5039169 0.7143136 0.48561695
vn -0.6373331 0.5879578 0.49810845
vn -0.57873225 0.56428105 0.5887749
vn -0.5039169 0.7143136 0.48561695
vn -0.5461868 0.7223339 0.4241623
vn -0.5039169 0.7143136 0.48561695
vn 6.8661734E-08 0.94365674 0.33092558
vn -0.41348103 -0.69243425 0.5912429
vn -0.5188883 -0.7826334 0.34385997
vn -0.47758377 -0.6414352 0.6003954
vn -0.45272392 -0.51976264 0.7244914
vn -0.47758377 -0.6414352 0.6003954
vn -0.19648817 -0.4950999 0.8463265
vn -0.45272392 -0.51976264 0.7244914
vn -0.41348103 -0.69243425 0.5912429
vn -0.47758377 -0.6414352 0.6003954
vn -0.35889837 -0.08028889 0.9299169
vn -0.2041817 -0.27710277 0.93889505
vn -0.18674874 -0.07604998 0.9794597
vn -0.2041817 -0.27710277 0.93889505
vn -4.8518998E-09 -0.27726597 0.96079314
vn -0.18674874 -0.07604998 0.9794597
vn -0.47285393 0.0981971 0.875652
vn -0.3446867 0.09149444 0.93424827
vn -0.444277 0.2887879 0.848068
vn -0.47285393 0.0981971 0.875652
vn -0.444277 0.2887879 0.848068
vn -0.5542738 0.31550944 0.77021706
vn -0.35889837 -0.08028889 0.9299169
vn -0.3446867 0.09149444 0.93424827
vn -0.47285393 0.0981971 0.875652
vn -0.35889837 -0.08028889 0.9299169
vn -0.18674874 -0.07604998 0.9794597
vn -0.3446867 0.09149444 0.93424827
vn -0.121870205 0.6525578 0.7478742
vn -0.13997136 0.48334646 0.86416674
vn 0 0.64165187 0.7669959
vn -0.57873225 0.56428105 0.5887749
vn -0.44418576 0.6981583 0.5614926
vn -0.5039169 0.7143136 0.48561695
vn -0.5039169 0.7143136 0.48561695
vn -0.44418576 0.6981583 0.5614926
vn 6.8661734E-08 0.94365674 0.33092558
vn -0.5188883 -0.7826334 0.34385997
vn -0.5179517 -0.71922374 0.46308017
vn -0.47758377 -0.6414352 0.6003954
vn -0.19648817 -0.4950999 0.8463265
vn 1.1986051E-09 -0.5033681 0.864072
vn -4.8518998E-09 -0.27726597 0.96079314
vn -0.444277 0.2887879 0.848068
vn -0.3446867 0.09149444 0.93424827
vn -0.3234846 0.27527052 0.90530866
vn -0.5542738 0.31550944 0.77021706
vn -0.444277 0.2887879 0.848068
vn -0.5068658 0.52994657 0.67988515
vn -0.57873225 0.56428105 0.5887749
vn -0.5068658 0.52994657 0.67988515
vn -0.44418576 0.6981583 0.5614926
vn -0.57873225 0.56428105 0.5887749
vn -0.5542738 0.31550944 0.77021706
vn -0.5068658 0.52994657 0.67988515
vn -0.18674874 -0.07604998 0.9794597
vn -4.8518998E-09 -0.27726597 0.96079314
vn 0 -0.07859385 0.9969067
vn -0.121870205 0.6525578 0.7478742
vn -0.23009817 0.6621376 0.7131821
vn -0.28280997 0.48795897 0.82578117
vn -0.121870205 0.6525578 0.7478742
vn -0.28280997 0.48795897 0.82578117
vn -0.13997136 0.48334646 0.86416674
vn -0.121870205 0.6525578 0.7478742
vn 6.8661734E-08 0.94365674 0.33092558
vn -0.23009817 0.6621376 0.7131821
vn 0 0.64165187 0.7669959
vn -0.13997136 0.48334646 0.86416674
vn -1.1983206E-09 0.47003502 0.88264763
vn -0.5188883 -0.7826334 0.34385997
vn -0.66261286 0.0845657 -0.74417263
vn -0.5179517 -0.71922374 0.46308017
vn -0.47758377 -0.6414352 0.6003954
vn -0.17262235 -0.6373364 0.751002
vn -0.19648817 -0.4950999 0.8463265
vn -0.19648817 -0.4950999 0.8463265
vn -0.17262235 -0.6373364 0.751002
vn 1.1986051E-09 -0.5033681 0.864072
vn -0.47758377 -0.6414352 0.6003954
vn -0.5179517 -0.71922374 0.46308017
vn -0.17262235 -0.6373364 0.751002
vn -0.3446867 0.09149444 0.93424827
vn -0.19092071 0.080568016 0.9782934
vn -0.3234846 0.27527052 0.90530866
vn -0.18674874 -0.07604998 0.9794597
vn -0.19092071 0.080568016 0.9782934
vn -0.3446867 0.09149444 0.93424827
vn -0.18674874 -0.07604998 0.9794597
vn 0 -0.07859385 0.9969067
vn -0.19092071 0.080568016 0.9782934
vn -0.444277 0.2887879 0.848068
vn -0.3234846 0.27527052 0.90530866
vn -0.4049414 0.5007423 0.76503557
vn -0.444277 0.2887879 0.848068
vn -0.4049414 0.5007423 0.76503557
vn -0.5068658 0.52994657 0.67988515
vn -0.44418576 0.6981583 0.5614926
vn -0.3433219 0.6765309 0.6514875
vn 6.8661734E-08 0.94365674 0.33092558
vn -0.3433219 0.6765309 0.6514875
vn -0.4049414 0.5007423 0.76503557
vn -0.23009817 0.6621376 0.7131821
vn -0.4049414 0.5007423 0.76503557
vn -0.28280997 0.48795897 0.82578117
vn -0.23009817 0.6621376 0.7131821
vn -0.3433219 0.6765309 0.6514875
vn -0.44418576 0.6981583 0.5614926
vn -0.5068658 0.52994657 0.67988515
vn -0.3433219 0.6765309 0.6514875
vn -0.23009817 0.6621376 0.7131821
vn 6.8661734E-08 0.94365674 0.33092558
vn -0.4049414 0.5007423 0.76503557
vn -0.3234846 0.27527052 0.90530866
vn -0.28280997 0.48795897 0.82578117
vn -0.4049414 0.5007423 0.76503557
vn -0.3433219 0.6765309 0.6514875
vn -0.5068658 0.52994657 0.67988515
vn -4.8518998E-09 -0.27726597 0.96079314
vn 1.1986051E-09 -0.5033681 0.864072
vn 0.19648817 -0.49509996 0.8463265
vn 0 0.64165187 0.7669959
vn -1.1983206E-09 0.47003502 0.88264763
vn 0.13997136 0.48334646 0.86416674
vn -0.13997136 0.48334646 0.86416674
vn 1.2015154E-09 0.2854635 0.9583896
vn -1.1983206E-09 0.47003502 0.88264763
vn -1.1983206E-09 0.47003502 0.88264763
vn 1.2015154E-09 0.2854635 0.9583896
vn 0.13997136 0.48334646 0.86416674
vn -0.66261286 0.0845657 -0.74417263
vn -0.5185271 -0.78532654 0.3382185
vn -0.5179517 -0.71922374 0.46308017
vn -0.17262235 -0.6373364 0.751002
vn -1.189446E-09 -0.6534355 0.7569821
vn 1.1986051E-09 -0.5033681 0.864072
vn 0 -0.07859385 0.9969067
vn 1.2044644E-09 0.07878369 0.9968916
vn -0.19092071 0.080568016 0.9782934
vn -0.3234846 0.27527052 0.90530866
vn -0.19092071 0.080568016 0.9782934
vn -0.16725099 0.28170896 0.9448106
vn -0.16725099 0.28170896 0.9448106
vn -0.28280997 0.48795897 0.82578117
vn -0.3234846 0.27527052 0.90530866
vn -0.16725099 0.28170896 0.9448106
vn 1.2015154E-09 0.2854635 0.9583896
vn -0.13997136 0.48334646 0.86416674
vn -0.16725099 0.28170896 0.9448106
vn 1.2044644E-09 0.07878369 0.9968916
vn 1.2015154E-09 0.2854635 0.9583896
vn -0.16725099 0.28170896 0.9448106
vn -0.19092071 0.080568016 0.9782934
vn 1.2044644E-09 0.07878369 0.9968916
vn -0.16725099 0.28170896 0.9448106
vn -0.13997136 0.48334646 0.86416674
vn -0.28280997 0.48795897 0.82578117
vn -4.8518998E-09 -0.27726597 0.96079314
vn 0.19648817 -0.49509996 0.8463265
vn 0.20418169 -0.2771027 0.938895
vn 0 0.64165187 0.7669959
vn 0.13997136 0.48334646 0.86416674
vn 0.121870235 0.6525578 0.7478742
vn -0.66261286 0.0845657 -0.74417263
vn -0.5924078 0.13742787 -0.79383034
vn -0.5185271 -0.78532654 0.3382185
vn -0.5179517 -0.71922374 0.46308017
vn -0.12772708 -0.743546 0.6563726
vn -0.17262235 -0.6373364 0.751002
vn -0.17262235 -0.6373364 0.751002
vn -0.12772708 -0.743546 0.6563726
vn -1.189446E-09 -0.6534355 0.7569821
vn -0.5179517 -0.71922374 0.46308017
vn -0.5185271 -0.78532654 0.3382185
vn -0.12772708 -0.743546 0.6563726
vn 1.1986051E-09 -0.5033681 0.864072
vn -1.189446E-09 -0.6534355 0.7569821
vn 0.17262235 -0.6373364 0.751002
vn 1.1986051E-09 -0.5033681 0.864072
vn 0.17262235 -0.6373364 0.751002
vn 0.19648817 -0.49509996 0.8463265
vn 0 -0.07859385 0.9969067
vn -4.8518998E-09 -0.27726597 0.96079314
vn 0.18674876 -0.07604998 0.9794597
vn -4.8518998E-09 -0.27726597 0.96079314
vn 0.20418169 -0.2771027 0.938895
vn 0.18674876 -0.07604998 0.9794597
vn 1.2015154E-09 0.2854635 0.9583896
vn 1.2044644E-09 0.07878369 0.9968916
vn 0.16725102 0.28170896 0.9448106
vn 1.2015154E-09 0.2854635 0.9583896
vn 0.16725102 0.28170896 0.9448106
vn 0.13997136 0.48334646 0.86416674
vn 0 0.64165187 0.7669959
vn 0.121870235 0.6525578 0.7478742
vn 6.8661734E-08 0.94365674 0.33092558
vn -0.5924078 0.13742787 -0.79383034
vn 0.29662222 -0.5691629 -0.7668563
vn -0.5162376 -0.8133841 0.26815122
vn -0.5924078 0.13742787 -0.79383034
vn -0.5162376 -0.8133841 0.26815122
vn -0.5185271 -0.78532654 0.3382185
vn -0.12772708 -0.743546 0.6563726
vn 3.6157277E-09 -0.80570954 0.5923108
vn -1.189446E-09 -0.6534355 0.7569821
vn 0.17262235 -0.6373364 0.751002
vn -1.189446E-09 -0.6534355 0.7569821
vn 0.12772708 -0.743546 0.6563726
vn -1.189446E-09 -0.6534355 0.7569821
vn 3.6157277E-09 -0.80570954 0.5923108
vn 0.12772708 -0.743546 0.6563726
vn 0.19648817 -0.49509996 0.8463265
vn 0.17262235 -0.6373364 0.751002
vn 0.4775837 -0.6414352 0.6003954
vn 0 -0.07859385 0.9969067
vn 0.1909207 0.080568016 0.9782934
vn 1.2044644E-09 0.07878369 0.9968916
vn 1.2044644E-09 0.07878369 0.9968916
vn 0.1909207 0.080568016 0.9782934
vn 0.16725102 0.28170896 0.9448106
vn 0 -0.07859385 0.9969067
vn 0.18674876 -0.07604998 0.9794597
vn 0.1909207 0.080568016 0.9782934
vn 0.20418169 -0.2771027 0.938895
vn 0.19648817 -0.49509996 0.8463265
vn 0.39851713 -0.30223608 0.8659315
vn 0.13997136 0.48334646 0.86416674
vn 0.28280994 0.48795897 0.82578117
vn 0.121870235 0.6525578 0.7478742
vn 0.13997136 0.48334646 0.86416674
vn 0.16725102 0.28170896 0.9448106
vn 0.28280994 0.48795897 0.82578117
vn 6.8661734E-08 0.94365674 0.33092558
vn 0.121870235 0.6525578 0.7478742
vn 0.23009817 0.6621376 0.7131821
vn 0.121870235 0.6525578 0.7478742
vn 0.28280994 0.48795897 0.82578117
vn 0.23009817 0.6621376 0.7131821
vn 0.29662222 -0.5691629 -0.7668563
vn -0.010844106 -0.87108886 0.49100572
vn -0.5162376 -0.8133841 0.26815122
vn -0.5162376 -0.8133841 0.26815122
vn -0.010844106 -0.87108886 0.49100572
vn -0.5185271 -0.78532654 0.3382185
vn -0.12772708 -0.743546 0.6563726
vn -0.5185271 -0.78532654 0.3382185
vn -0.09014165 -0.81510556 0.57225645
vn -0.5185271 -0.78532654 0.3382185
vn -0.010844106 -0.87108886 0.49100572
vn -0.09014165 -0.81510556 0.57225645
vn 3.6157277E-09 -0.80570954 0.5923108
vn -0.12772708 -0.743546 0.6563726
vn 0.97436893 -0.21666184 0.06052053
vn -0.09014165 -0.81510556 0.57225645
vn -0.010844106 -0.87108886 0.49100572
vn 0.97436893 -0.21666184 0.06052053
vn -0.09014165 -0.81510556 0.57225645
vn 0.97436893 -0.21666184 0.06052053
vn -0.12772708 -0.743546 0.6563726
vn 0.12772708 -0.743546 0.6563726
vn 0.5179517 -0.71922374 0.46308017
vn 0.17262235 -0.6373364 0.751002
vn 0.17262235 -0.6373364 0.751002
vn 0.5179517 -0.71922374 0.46308017
vn 0.4775837 -0.6414352 0.6003954
vn 0.18674876 -0.07604998 0.9794597
vn 0.20418169 -0.2771027 0.938895
vn 0.3588983 -0.08028889 0.9299169
vn 0.20418169 -0.2771027 0.938895
vn 0.39851713 -0.30223608 0.8659315
vn 0.3588983 -0.08028889 0.9299169
vn 0.1909207 0.080568016 0.9782934
vn 0.32348466 0.27527064 0.9053086
vn 0.16725102 0.28170896 0.9448106
vn 0.16725102 0.28170896 0.9448106
vn 0.32348466 0.27527064 0.9053086
vn 0.28280994 0.48795897 0.82578117
vn 0.19648817 -0.49509996 0.8463265
vn 0.4775837 -0.6414352 0.6003954
vn 0.45272386 -0.5197626 0.72449136
vn 0.19648817 -0.49509996 0.8463265
vn 0.45272386 -0.5197626 0.72449136
vn 0.39851713 -0.30223608 0.8659315
vn 6.8661734E-08 0.94365674 0.33092558
vn 0.23009817 0.6621376 0.7131821
vn 0.34332186 0.6765308 0.65148765
vn 0.29662222 -0.5691629 -0.7668563
vn 0.9873766 -0.15830146 0.005303681
vn -0.010844106 -0.87108886 0.49100572
vn -0.010844106 -0.87108886 0.49100572
vn 0.9873766 -0.15830146 0.005303681
vn 0.97436893 -0.21666184 0.06052053
vn 3.6157277E-09 -0.80570954 0.5923108
vn -0.97436893 -0.21666184 0.06052068
vn 0.12772708 -0.743546 0.6563726
vn 0.5179517 -0.71922374 0.46308017
vn 0.5188883 -0.7826334 0.34385997
vn 0.4775837 -0.6414352 0.6003954
vn 0.18674876 -0.07604998 0.9794597
vn 0.3446867 0.09149444 0.93424827
vn 0.1909207 0.080568016 0.9782934
vn 0.1909207 0.080568016 0.9782934
vn 0.3446867 0.09149444 0.93424827
vn 0.32348466 0.27527064 0.9053086
vn 0.18674876 -0.07604998 0.9794597
vn 0.3588983 -0.08028889 0.9299169
vn 0.3446867 0.09149444 0.93424827
vn 0.28280994 0.48795897 0.82578117
vn 0.40494138 0.5007423 0.76503557
vn 0.23009817 0.6621376 0.7131821
vn 0.23009817 0.6621376 0.7131821
vn 0.40494138 0.5007423 0.76503557
vn 0.34332186 0.6765308 0.65148765
vn 0.28280994 0.48795897 0.82578117
vn 0.32348466 0.27527064 0.9053086
vn 0.40494138 0.5007423 0.76503557
vn 0.45272386 -0.5197626 0.72449136
vn 0.4134811 -0.69243425 0.5912429
vn 0.47534078 -0.55495656 0.6826963
vn 0.4134811 -0.69243425 0.5912429
vn 0.4775837 -0.6414352 0.6003954
vn 0.5188883 -0.7826334 0.34385997
vn 0.4775837 -0.6414352 0.6003954
vn 0.4134811 -0.69243425 0.5912429
vn 0.45272386 -0.5197626 0.72449136
vn 0.39851713 -0.30223608 0.8659315
vn 0.51737964 -0.36002246 0.7763389
vn 0.509077 -0.10784739 0.8539376
vn 0.39851713 -0.30223608 0.8659315
vn 0.509077 -0.10784739 0.8539376
vn 0.3588983 -0.08028889 0.9299169
vn 0.45272386 -0.5197626 0.72449136
vn 0.47534078 -0.55495656 0.6826963
vn 0.51737964 -0.36002246 0.7763389
vn 0.45272386 -0.5197626 0.72449136
vn 0.51737964 -0.36002246 0.7763389
vn 0.39851713 -0.30223608 0.8659315
vn 6.8661734E-08 0.94365674 0.33092558
vn 0.44418576 0.6981583 0.5614926
vn 0.5039169 0.71431357 0.48561695
vn -0.97436893 -0.21666184 0.06052068
vn 0.090141654 -0.8151055 0.57225627
vn 0.12772708 -0.743546 0.6563726
vn 0.5179517 -0.71922374 0.46308017
vn 0.12772708 -0.743546 0.6563726
vn 0.5185271 -0.78532654 0.3382185
vn 0.12772708 -0.743546 0.6563726
vn 0.090141654 -0.8151055 0.57225627
vn 0.5185271 -0.78532654 0.3382185
vn 0.3446867 0.09149444 0.93424827
vn 0.444277 0.2887879 0.848068
vn 0.32348466 0.27527064 0.9053086
vn 0.32348466 0.27527064 0.9053086
vn 0.444277 0.2887879 0.848068
vn 0.40494138 0.5007423 0.76503557
vn 0.34332186 0.6765308 0.65148765
vn 0.44418576 0.6981583 0.5614926
vn 6.8661734E-08 0.94365674 0.33092558
vn 0.5188883 -0.7826334 0.34385997
vn 0.5179517 -0.71922374 0.46308017
vn 0.66261286 0.0845657 -0.74417263
vn 0.5179517 -0.71922374 0.46308017
vn 0.5185271 -0.78532654 0.3382185
vn 0.66261286 0.0845657 -0.74417263
vn 0.509077 -0.10784739 0.8539376
vn 0.51737964 -0.36002246 0.7763389
vn 0.60589933 -0.10787547 0.78819335
vn 0.3588983 -0.08028889 0.9299169
vn 0.509077 -0.10784739 0.8539376
vn 0.47285393 0.09819704 0.875652
vn 0.3446867 0.09149444 0.93424827
vn 0.47285393 0.09819704 0.875652
vn 0.444277 0.2887879 0.848068
vn 0.3446867 0.09149444 0.93424827
vn 0.3588983 -0.08028889 0.9299169
vn 0.47285393 0.09819704 0.875652
vn 0.5039169 0.71431357 0.48561695
vn 0.44418576 0.6981583 0.5614926
vn 0.5787323 0.56428105 0.5887749
vn -0.97436893 -0.21666184 0.06052068
vn 0.010844082 -0.87108886 0.49100572
vn 0.090141654 -0.8151055 0.57225627
vn 0.090141654 -0.8151055 0.57225627
vn 0.010844082 -0.87108886 0.49100572
vn 0.5185271 -0.78532654 0.3382185
vn 0.40494138 0.5007423 0.76503557
vn 0.5068658 0.52994657 0.67988515
vn 0.34332186 0.6765308 0.65148765
vn 0.44418576 0.6981583 0.5614926
vn 0.5068658 0.52994657 0.67988515
vn 0.5787323 0.56428105 0.5887749
vn 0.44418576 0.6981583 0.5614926
vn 0.34332186 0.6765308 0.65148765
vn 0.5068658 0.52994657 0.67988515
vn 0.40494138 0.5007423 0.76503557
vn 0.444277 0.2887879 0.848068
vn 0.5068658 0.52994657 0.67988515
vn 6.8661734E-08 0.94365674 0.33092558
vn 0.5039169 0.71431357 0.48561695
vn 0.5461868 0.7223339 0.4241623
vn 0.66261286 0.0845657 -0.74417263
vn 0.5185271 -0.78532654 0.3382185
vn 0.5924078 0.13742793 -0.79383016
vn 0.51737964 -0.36002246 0.7763389
vn 0.47534078 -0.55495656 0.6826963
vn 0.57543075 -0.34200206 0.7429092
vn 0.51737964 -0.36002246 0.7763389
vn 0.57543075 -0.34200206 0.7429092
vn 0.60589933 -0.10787547 0.78819335
vn 0.509077 -0.10784739 0.8539376
vn 0.60589933 -0.10787547 0.78819335
vn 0.58900076 0.102344036 0.8016257
vn 0.509077 -0.10784739 0.8539376
vn 0.58900076 0.102344036 0.8016257
vn 0.47285393 0.09819704 0.875652
vn -0.97436893 -0.21666184 0.06052068
vn -0.9873766 -0.15830146 0.0053037256
vn 0.010844082 -0.87108886 0.49100572
vn 0.5787323 0.56428105 0.5887749
vn 0.6373331 0.58795774 0.49810848
vn 0.5039169 0.71431357 0.48561695
vn 0.5039169 0.71431357 0.48561695
vn 0.6373331 0.58795774 0.49810848
vn 0.5461868 0.7223339 0.4241623
vn 0.444277 0.2887879 0.848068
vn 0.47285393 0.09819704 0.875652
vn 0.5542738 0.31550944 0.77021706
vn 0.5068658 0.52994657 0.67988515
vn 0.444277 0.2887879 0.848068
vn 0.5542738 0.31550944 0.77021706
vn 0.5068658 0.52994657 0.67988515
vn 0.5542738 0.31550944 0.77021706
vn 0.5787323 0.56428105 0.5887749
vn 0.47285393 0.09819704 0.875652
vn 0.58900076 0.102344036 0.8016257
vn 0.5542738 0.31550944 0.77021706
vn 6.8661734E-08 0.94365674 0.33092558
vn 0.67574704 0.7120702 0.19058299
vn 0.4732366 0.63674635 0.60877025
vn 0.5185271 -0.78532654 0.3382185
vn 0.010844082 -0.87108886 0.49100572
vn 0.5162376 -0.8133841 0.26815122
vn 0.5185271 -0.78532654 0.3382185
vn 0.5162376 -0.8133841 0.26815122
vn 0.5924078 0.13742793 -0.79383016
vn 0.47534078 -0.55495656 0.6826963
vn 0.47925562 -0.5321014 0.6979842
vn 0.57543075 -0.34200206 0.7429092
vn 0.60589933 -0.10787547 0.78819335
vn 0.57543075 -0.34200206 0.7429092
vn 0.7042854 -0.10629135 0.7019147
vn -0.9873766 -0.15830146 0.0053037256
vn -0.29662234 -0.56916285 -0.76685643
vn 0.010844082 -0.87108886 0.49100572
vn -0.29662234 -0.56916285 -0.76685643
vn 0.5162376 -0.8133841 0.26815122
vn 0.010844082 -0.87108886 0.49100572
vn 0.5162376 -0.8133841 0.26815122
vn -0.29662234 -0.56916285 -0.76685643
vn 0.5924078 0.13742793 -0.79383016
vn 0.6373331 0.58795774 0.49810848
vn 0.5787323 0.56428105 0.5887749
vn 0.6446965 0.34280914 0.68326306
vn 0.5542738 0.31550944 0.77021706
vn 0.58900076 0.102344036 0.8016257
vn 0.6446965 0.34280914 0.68326306
vn 0.5542738 0.31550944 0.77021706
vn 0.6446965 0.34280914 0.68326306
vn 0.5787323 0.56428105 0.5887749
vn 0.5461868 0.7223339 0.4241623
vn 0.6373331 0.58795774 0.49810848
vn 0.58850765 0.7263906 0.35498628
vn 6.8661734E-08 0.94365674 0.33092558
vn 0.58850765 0.7263906 0.35498628
vn 0.67574704 0.7120702 0.19058299
vn 6.8661734E-08 0.94365674 0.33092558
vn 0.5461868 0.7223339 0.4241623
vn 0.58850765 0.7263906 0.35498628
vn 0.4732366 0.63674635 0.60877025
vn 0.67574704 0.7120702 0.19058299
vn 0.6308113 0.53697896 0.5601167
vn 0.47534078 -0.55495656 0.6826963
vn 0.4134811 -0.69243425 0.5912429
vn 0.47925562 -0.5321014 0.6979842
vn 0.60589933 -0.10787547 0.78819335
vn 0.7042854 -0.10629135 0.7019147
vn 0.68889034 0.11282617 0.71603084
vn 0.58900076 0.102344036 0.8016257
vn 0.68889034 0.11282617 0.71603084
vn 0.6446965 0.34280914 0.68326306
vn 0.58900076 0.102344036 0.8016257
vn 0.60589933 -0.10787547 0.78819335
vn 0.68889034 0.11282617 0.71603084
vn 0.57543075 -0.34200206 0.7429092
vn 0.7001448 -0.32761472 0.6344019
vn 0.7042854 -0.10629135 0.7019147
vn 0.57543075 -0.34200206 0.7429092
vn 0.47925562 -0.5321014 0.6979842
vn 0.7001448 -0.32761472 0.6344019
vn 0.6373331 0.58795774 0.49810848
vn 0.6446965 0.34280914 0.68326306
vn 0.72428447 0.36524248 0.5848162
vn 0.6446965 0.34280914 0.68326306
vn 0.68889034 0.11282617 0.71603084
vn 0.72428447 0.36524248 0.5848162
vn 0.58850765 0.7263906 0.35498628
vn 0.70509434 0.5983534 0.3805459
vn 0.67574704 0.7120702 0.19058299
vn 0.6373331 0.58795774 0.49810848
vn 0.70509434 0.5983534 0.3805459
vn 0.58850765 0.7263906 0.35498628
vn 0.6373331 0.58795774 0.49810848
vn 0.72428447 0.36524248 0.5848162
vn 0.70509434 0.5983534 0.3805459
vn 0.6308113 0.53697896 0.5601167
vn 0.67574704 0.7120702 0.19058299
vn 0.8165626 0.5657979 0.114447504
vn 0.67574704 0.7120702 0.19058299
vn 0.70509434 0.5983534 0.3805459
vn 0.8165626 0.5657979 0.114447504
vn 0.4134811 -0.69243425 0.5912429
vn 0.39883035 -0.66958636 0.6265688
vn 0.47925562 -0.5321014 0.6979842
vn 0.7042854 -0.10629135 0.7019147
vn 0.7001448 -0.32761472 0.6344019
vn 0.7952731 -0.10748768 0.5966464
vn 0.68889034 0.11282617 0.71603084
vn 0.78362703 0.1245811 0.6086116
vn 0.72428447 0.36524248 0.5848162
vn 0.7042854 -0.10629135 0.7019147
vn 0.7952731 -0.10748768 0.5966464
vn 0.78362703 0.1245811 0.6086116
vn 0.7042854 -0.10629135 0.7019147
vn 0.78362703 0.1245811 0.6086116
vn 0.68889034 0.11282617 0.71603084
vn 0.6308113 0.53697896 0.5601167
vn 0.8165626 0.5657979 0.114447504
vn 0.756288 0.37147003 0.5385523
vn 0.70509434 0.5983534 0.3805459
vn 0.72428447 0.36524248 0.5848162
vn 0.79856765 0.38078153 0.46614945
vn 0.72428447 0.36524248 0.5848162
vn 0.78362703 0.1245811 0.6086116
vn 0.79856765 0.38078153 0.46614945
vn 0.70509434 0.5983534 0.3805459
vn 0.79856765 0.38078153 0.46614945
vn 0.8165626 0.5657979 0.114447504
vn 0.4134811 -0.69243425 0.5912429
vn -0.83309585 -0.2653044 0.48535022
vn 0.39883035 -0.66958636 0.6265688
vn 0.47925562 -0.5321014 0.6979842
vn 0.65906465 -0.5164341 0.5467447
vn 0.7001448 -0.32761472 0.6344019
vn 0.47925562 -0.5321014 0.6979842
vn 0.39883035 -0.66958636 0.6265688
vn 0.65906465 -0.5164341 0.5467447
vn 0.7952731 -0.10748768 0.5966464
vn 0.7001448 -0.32761472 0.6344019
vn 0.7984446 -0.3355991 0.49985945
vn 0.7001448 -0.32761472 0.6344019
vn 0.65906465 -0.5164341 0.5467447
vn 0.7984446 -0.3355991 0.49985945
vn 0.756288 0.37147003 0.5385523
vn 0.91359293 0.38307306 0.1363925
vn 0.8082743 0.11756438 0.57694995
vn 0.8165626 0.5657979 0.114447504
vn 0.79856765 0.38078153 0.46614945
vn 0.91359293 0.38307306 0.1363925
vn 0.8165626 0.5657979 0.114447504
vn 0.91359293 0.38307306 0.1363925
vn 0.756288 0.37147003 0.5385523
vn 0.78362703 0.1245811 0.6086116
vn 0.7952731 -0.10748768 0.5966464
vn 0.8705977 0.1381225 0.47220945
vn 0.79856765 0.38078153 0.46614945
vn 0.8705977 0.1381225 0.47220945
vn 0.91359293 0.38307306 0.1363925
vn 0.79856765 0.38078153 0.46614945
vn 0.78362703 0.1245811 0.6086116
vn 0.8705977 0.1381225 0.47220945
vn -0.83309585 -0.2653044 0.48535022
vn 0.32272288 -0.7656497 0.55644435
vn 0.39883035 -0.66958636 0.6265688
vn 0.65906465 -0.5164341 0.5467447
vn 0.39883035 -0.66958636 0.6265688
vn 0.6047816 -0.6472727 0.46397978
vn 0.39883035 -0.66958636 0.6265688
vn 0.32272288 -0.7656497 0.55644435
vn 0.6047816 -0.6472727 0.46397978
vn 0.7984446 -0.3355991 0.49985945
vn 0.65906465 -0.5164341 0.5467447
vn 0.7808995 -0.5096241 0.3612191
vn 0.65906465 -0.5164341 0.5467447
vn 0.6047816 -0.6472727 0.46397978
vn 0.7808995 -0.5096241 0.3612191
vn 0.8082743 0.11756438 0.57694995
vn 0.91359293 0.38307306 0.1363925
vn 0.9723389 0.16059813 0.16960344
vn 0.91359293 0.38307306 0.1363925
vn 0.8705977 0.1381225 0.47220945
vn 0.9723389 0.16059813 0.16960344
vn 0.7952731 -0.10748768 0.5966464
vn 0.7984446 -0.3355991 0.49985945
vn 0.8963502 -0.11454582 0.42829368
vn 0.8705977 0.1381225 0.47220945
vn 0.7952731 -0.10748768 0.5966464
vn 0.8963502 -0.11454582 0.42829368
vn 0.8705977 0.1381225 0.47220945
vn 0.8963502 -0.11454582 0.42829368
vn 0.9723389 0.16059813 0.16960344
vn -0.83309585 -0.2653044 0.48535022
vn -0.86297995 -0.30056828 0.40610877
vn 0.32272288 -0.7656497 0.55644435
vn 0.6047816 -0.6472727 0.46397978
vn 0.5320367 -0.74318624 0.4057228
vn 0.7517132 -0.6288309 0.19874316
vn 0.6047816 -0.6472727 0.46397978
vn 0.7517132 -0.6288309 0.19874316
vn 0.7808995 -0.5096241 0.3612191
vn 0.6047816 -0.6472727 0.46397978
vn 0.32272288 -0.7656497 0.55644435
vn 0.5320367 -0.74318624 0.4057228
vn 0.8082743 0.11756438 0.57694995
vn 0.9723389 0.16059813 0.16960344
vn 0.9812648 -0.07529326 0.17734246
vn 0.9723389 0.16059813 0.16960344
vn 0.8963502 -0.11454582 0.42829368
vn 0.9812648 -0.07529326 0.17734246
vn 0.7984446 -0.3355991 0.49985945
vn 0.7808995 -0.5096241 0.3612191
vn 0.87465405 -0.3561431 0.3288502
vn 0.8963502 -0.11454582 0.42829368
vn 0.7984446 -0.3355991 0.49985945
vn 0.87465405 -0.3561431 0.3288502
vn 0.8963502 -0.11454582 0.42829368
vn 0.87465405 -0.3561431 0.3288502
vn 0.9812648 -0.07529326 0.17734246
vn -0.86297995 -0.30056828 0.40610877
vn -0.5190874 -0.5969523 -0.6117159
vn 0.20449919 -0.846421 0.49168253
vn 0.32272288 -0.7656497 0.55644435
vn -0.86297995 -0.30056828 0.40610877
vn 0.20449919 -0.846421 0.49168253
vn 0.32272288 -0.7656497 0.55644435
vn 0.20449919 -0.846421 0.49168253
vn 0.5320367 -0.74318624 0.4057228
vn 0.7517132 -0.6288309 0.19874316
vn 0.5320367 -0.74318624 0.4057228
vn 0.7273774 -0.68405807 0.054650128
vn 0.8082743 0.11756438 0.57694995
vn 0.9812648 -0.07529326 0.17734246
vn 0.8109596 -0.18625346 0.5546659
vn 0.7808995 -0.5096241 0.3612191
vn 0.7517132 -0.6288309 0.19874316
vn 0.8165894 -0.53161067 0.22488147
vn 0.7808995 -0.5096241 0.3612191
vn 0.8165894 -0.53161067 0.22488147
vn 0.87465405 -0.3561431 0.3288502
vn -0.5190874 -0.5969523 -0.6117159
vn 0.6672441 -0.74156326 -0.06978059
vn 0.46491784 -0.83248645 0.3013596
vn 0.46491784 -0.83248645 0.3013596
vn 0.20449919 -0.846421 0.49168253
vn -0.5190874 -0.5969523 -0.6117159
vn 0.46491784 -0.83248645 0.3013596
vn 0.5320367 -0.74318624 0.4057228
vn 0.20449919 -0.846421 0.49168253
vn 0.46491784 -0.83248645 0.3013596
vn 0.6672441 -0.74156326 -0.06978059
vn 0.7273774 -0.68405807 0.054650128
vn 0.46491784 -0.83248645 0.3013596
vn 0.7273774 -0.68405807 0.054650128
vn 0.5320367 -0.74318624 0.4057228
vn 0.9812648 -0.07529326 0.17734246
vn 0.87465405 -0.3561431 0.3288502
vn 0.94578624 -0.30416384 0.11389786
vn 0.87465405 -0.3561431 0.3288502
vn 0.8165894 -0.53161067 0.22488147
vn 0.94578624 -0.30416384 0.11389786
vn 0.9812648 -0.07529326 0.17734246
vn 0.94578624 -0.30416384 0.11389786
vn 0.8109596 -0.18625346 0.5546659
vn 0.7517132 -0.6288309 0.19874316
vn 0.63660526 -0.75274754 0.16764504
vn 0.8165894 -0.53161067 0.22488147
vn -0.5190874 -0.5969523 -0.6117159
vn 0.2671881 0.07876903 -0.96041983
vn 0.6672441 -0.74156326 -0.06978059
vn 0.6672441 -0.74156326 -0.06978059
vn 0.2671881 0.07876903 -0.96041983
vn 0.7273774 -0.68405807 0.054650128
vn 0.94578624 -0.30416384 0.11389786
vn 0.8165894 -0.53161067 0.22488147
vn 0.8956662 -0.4441908 0.021829605
vn 0.8109596 -0.18625346 0.5546659
vn 0.94578624 -0.30416384 0.11389786
vn 0.7922104 -0.44279325 0.41992474
vn 0.94578624 -0.30416384 0.11389786
vn 0.8956662 -0.4441908 0.021829605
vn 0.7922104 -0.44279325 0.41992474
vn 0.7517132 -0.6288309 0.19874316
vn 0.2996053 0.100773156 -0.94872624
vn 0.63660526 -0.75274754 0.16764504
vn 0.2996053 0.100773156 -0.94872624
vn 0.7273774 -0.68405807 0.054650128
vn 0.2671881 0.07876903 -0.96041983
vn 0.7273774 -0.68405807 0.054650128
vn 0.2996053 0.100773156 -0.94872624
vn 0.7517132 -0.6288309 0.19874316
vn 0.8165894 -0.53161067 0.22488147
vn 0.63660526 -0.75274754 0.16764504
vn 0.8956662 -0.4441908 0.021829605
vn 0.7922104 -0.44279325 0.41992474
vn 0.8956662 -0.4441908 0.021829605
vn 0.7342932 -0.6701093 0.108475745
vn 0.63660526 -0.75274754 0.16764504
vn -0.40617228 -0.45432445 0.79285145
vn 0.71843415 -0.6935104 -0.05381143
vn 0.8956662 -0.4441908 0.021829605
vn 0.63660526 -0.75274754 0.16764504
vn 0.8347887 -0.55054873 -0.004895568
vn 0.63660526 -0.75274754 0.16764504
vn 0.71843415 -0.6935104 -0.05381143
vn 0.8347887 -0.55054873 -0.004895568
vn 0.8956662 -0.4441908 0.021829605
vn 0.8347887 -0.55054873 -0.004895568
vn 0.7342932 -0.6701093 0.108475745
vn -0.40617228 -0.45432445 0.79285145
vn -0.6129198 -0.7314727 -0.29879266
vn 0.71843415 -0.6935104 -0.05381143
vn 0.8347887 -0.55054873 -0.004895568
vn 0.15783273 0.06273872 -0.9854707
vn 0.69951385 -0.23725796 -0.6740839
vn 0.15783273 0.06273872 -0.9854707
vn 0.71843415 -0.6935104 -0.05381143
vn -0.6129198 -0.7314727 -0.29879266
vn 0.8347887 -0.55054873 -0.004895568
vn 0.69951385 -0.23725796 -0.6740839
vn 0.7342932 -0.6701093 0.108475745
vn 0.8347887 -0.55054873 -0.004895568
vn 0.71843415 -0.6935104 -0.05381143
vn 0.15783273 0.06273872 -0.9854707
vn -0.41080865 0.9110829 -0.034117818
vn -0.18314537 0.8310863 -0.525122
vn -0.36382437 0.9276958 0.08373994
vn -0.41080865 0.9110829 -0.034117818
vn -0.4057809 0.79278934 -0.45478225
vn -0.18314537 0.8310863 -0.525122
vn -0.36382437 0.9276958 0.08373994
vn -0.18314537 0.8310863 -0.525122
vn -0.33379456 0.9379276 -0.094195664
vn -0.4057809 0.79278934 -0.45478225
vn -0.21649289 0.7377006 -0.63947517
vn -0.18314537 0.8310863 -0.525122
vn -0.18314537 0.8310863 -0.525122
vn -0.21649289 0.7377006 -0.63947517
vn -0.33379456 0.9379276 -0.094195664
vn -0.36382437 0.9276958 0.08373994
vn -0.33379456 0.9379276 -0.094195664
vn -0.3687425 0.9029464 0.22071862
vn -0.4057809 0.79278934 -0.45478225
vn -0.3952656 0.68332845 -0.6138625
vn -0.21649289 0.7377006 -0.63947517
vn -0.33379456 0.9379276 -0.094195664
vn -0.4410536 0.86539 0.23784828
vn -0.3687425 0.9029464 0.22071862
vn -0.4057809 0.79278934 -0.45478225
vn -0.53296363 0.6420993 -0.55105186
vn -0.3952656 0.68332845 -0.6138625
vn -0.21649289 0.7377006 -0.63947517
vn -0.3952656 0.68332845 -0.6138625
vn -0.5437086 0.83356273 -0.09774518
vn -0.33379456 0.9379276 -0.094195664
vn -0.5437086 0.83356273 -0.09774518
vn -0.4410536 0.86539 0.23784828
vn -0.33379456 0.9379276 -0.094195664
vn -0.21649289 0.7377006 -0.63947517
vn -0.5437086 0.83356273 -0.09774518
vn -0.3687425 0.9029464 0.22071862
vn -0.4410536 0.86539 0.23784828
vn -0.45629892 0.76719725 0.45077676
vn -0.53296363 0.6420993 -0.55105186
vn 0.31635696 -0.2890361 -0.90353537
vn -0.5052311 0.65972483 -0.5563315
vn -0.53296363 0.6420993 -0.55105186
vn -0.5052311 0.65972483 -0.5563315
vn -0.3952656 0.68332845 -0.6138625
vn -0.5437086 0.83356273 -0.09774518
vn -0.3952656 0.68332845 -0.6138625
vn -0.73125714 0.6816292 0.025388777
vn -0.3687425 0.9029464 0.22071862
vn -0.45629892 0.76719725 0.45077676
vn -0.41740838 0.8605436 0.29195005
vn -0.4410536 0.86539 0.23784828
vn -0.6638679 0.72310865 0.1907705
vn -0.6593196 0.6550963 0.3689803
vn -0.4410536 0.86539 0.23784828
vn -0.5437086 0.83356273 -0.09774518
vn -0.6638679 0.72310865 0.1907705
vn -0.5437086 0.83356273 -0.09774518
vn -0.73125714 0.6816292 0.025388777
vn -0.6638679 0.72310865 0.1907705
vn -0.4410536 0.86539 0.23784828
vn -0.6593196 0.6550963 0.3689803
vn -0.45629892 0.76719725 0.45077676
vn 0.31635696 -0.2890361 -0.90353537
vn -0.81348854 -0.51445425 -0.2712436
vn -0.5052311 0.65972483 -0.5563315
vn -0.3952656 0.68332845 -0.6138625
vn -0.5052311 0.65972483 -0.5563315
vn -0.7842485 0.58701587 0.20091459
vn -0.5052311 0.65972483 -0.5563315
vn -0.81348854 -0.51445425 -0.2712436
vn -0.7842485 0.58701587 0.20091459
vn -0.3952656 0.68332845 -0.6138625
vn -0.7842485 0.58701587 0.20091459
vn -0.73125714 0.6816292 0.025388777
vn -0.41740838 0.8605436 0.29195005
vn -0.40682304 0.4340341 0.8038092
vn -0.52571356 0.79058194 0.31401512
vn -0.41740838 0.8605436 0.29195005
vn -0.45629892 0.76719725 0.45077676
vn -0.40682304 0.4340341 0.8038092
vn -0.6638679 0.72310865 0.1907705
vn -0.8066382 0.55858123 0.19318819
vn -0.6593196 0.6550963 0.3689803
vn -0.73125714 0.6816292 0.025388777
vn -0.7842485 0.58701587 0.20091459
vn -0.8066382 0.55858123 0.19318819
vn -0.73125714 0.6816292 0.025388777
vn -0.8066382 0.55858123 0.19318819
vn -0.6638679 0.72310865 0.1907705
vn -0.81348854 -0.51445425 -0.2712436
vn -0.24139109 -0.53206736 -0.8115632
vn -0.7842485 0.58701587 0.20091459
vn -0.7842485 0.58701587 0.20091459
vn -0.24139109 -0.53206736 -0.8115632
vn -0.8066382 0.55858123 0.19318819
vn -0.52571356 0.79058194 0.31401512
vn -0.40682304 0.4340341 0.8038092
vn -0.6106267 0.38716292 0.69082546
vn -0.45629892 0.76719725 0.45077676
vn -0.50133663 0.34805447 0.79216146
vn -0.40682304 0.4340341 0.8038092
vn -0.40682304 0.4340341 0.8038092
vn -0.50133663 0.34805447 0.79216146
vn -0.6106267 0.38716292 0.69082546
vn -0.45629892 0.76719725 0.45077676
vn -0.6593196 0.6550963 0.3689803
vn -0.50133663 0.34805447 0.79216146
vn -0.24139109 -0.53206736 -0.8115632
vn -0.44487765 -0.7501917 -0.4891791
vn -0.9187204 0.39418787 -0.023846477
vn -0.24139109 -0.53206736 -0.8115632
vn -0.9187204 0.39418787 -0.023846477
vn -0.8066382 0.55858123 0.19318819
vn -0.6106267 0.38716292 0.69082546
vn -0.50133663 0.34805447 0.79216146
vn -0.6254205 0.28196913 0.7275594
vn -0.50133663 0.34805447 0.79216146
vn -0.6593196 0.6550963 0.3689803
vn -0.6254205 0.28196913 0.7275594
vn -0.44487765 -0.7501917 -0.4891791
vn -0.7835965 -0.005427718 0.6212463
vn -0.9187204 0.39418787 -0.023846477
vn -0.8066382 0.55858123 0.19318819
vn -0.7852642 0.5693798 0.2432422
vn -0.6593196 0.6550963 0.3689803
vn -0.7852642 0.5693798 0.2432422
vn -0.6254205 0.28196913 0.7275594
vn -0.6593196 0.6550963 0.3689803
vn -0.7852642 0.5693798 0.2432422
vn -0.9187204 0.39418787 -0.023846477
vn -0.7835965 -0.005427718 0.6212463
vn -0.7852642 0.5693798 0.2432422
vn -0.8066382 0.55858123 0.19318819
vn -0.9187204 0.39418787 -0.023846477
vn -0.7852642 0.5693798 0.2432422
vn -0.7835965 -0.005427718 0.6212463
vn -0.6254205 0.28196913 0.7275594
vn -0.6106267 0.38716292 0.69082546
vn -0.6254205 0.28196913 0.7275594
vn -0.7733682 0.23488629 0.5888379
vn -0.6254205 0.28196913 0.7275594
vn -0.7835965 -0.005427718 0.6212463
vn -0.7733682 0.23488629 0.5888379
vn -0.44487765 -0.7501917 -0.4891791
vn 0.17278776 -0.87033105 0.4611597
vn -0.7835965 -0.005427718 0.6212463
vn -0.7835965 -0.005427718 0.6212463
vn 0.17278776 -0.87033105 0.4611597
vn -0.7733682 0.23488629 0.5888379
vn 0.41080776 0.91108334 -0.034119368
vn 0.36382484 0.92769545 0.08374184
vn 0.18314536 0.8310856 -0.5251234
vn 0.41080776 0.91108334 -0.034119368
vn 0.18314536 0.8310856 -0.5251234
vn 0.40578198 0.792789 -0.45478177
vn 0.36382484 0.92769545 0.08374184
vn 0.33379617 0.9379271 -0.09419453
vn 0.18314536 0.8310856 -0.5251234
vn 0.40578198 0.792789 -0.45478177
vn 0.18314536 0.8310856 -0.5251234
vn 0.21649294 0.73770005 -0.63947576
vn 0.18314536 0.8310856 -0.5251234
vn 0.33379617 0.9379271 -0.09419453
vn 0.21649294 0.73770005 -0.63947576
vn 0.36382484 0.92769545 0.08374184
vn 0.36874267 0.90294623 0.22071916
vn 0.33379617 0.9379271 -0.09419453
vn 0.40578198 0.792789 -0.45478177
vn 0.21649294 0.73770005 -0.63947576
vn 0.39526576 0.6833285 -0.61386234
vn 0.36874267 0.90294623 0.22071916
vn 0.41740867 0.86054343 0.29195005
vn 0.45629928 0.7671971 0.45077664
vn 0.33379617 0.9379271 -0.09419453
vn 0.36874267 0.90294623 0.22071916
vn 0.44105414 0.86538935 0.23784953
vn 0.36874267 0.90294623 0.22071916
vn 0.45629928 0.7671971 0.45077664
vn 0.44105414 0.86538935 0.23784953
vn 0.40578198 0.792789 -0.45478177
vn 0.39526576 0.6833285 -0.61386234
vn 0.5329629 0.64209926 -0.55105275
vn 0.21649294 0.73770005 -0.63947576
vn 0.5437093 0.8335623 -0.09774476
vn 0.39526576 0.6833285 -0.61386234
vn 0.33379617 0.9379271 -0.09419453
vn 0.44105414 0.86538935 0.23784953
vn 0.5437093 0.8335623 -0.09774476
vn 0.33379617 0.9379271 -0.09419453
vn 0.5437093 0.8335623 -0.09774476
vn 0.21649294 0.73770005 -0.63947576
vn 0.41740867 0.86054343 0.29195005
vn 0.5257136 0.7905812 0.3140165
vn 0.40682268 0.43403333 0.80380994
vn 0.41740867 0.86054343 0.29195005
vn 0.40682268 0.43403333 0.80380994
vn 0.45629928 0.7671971 0.45077664
vn 0.5329629 0.64209926 -0.55105275
vn 0.39526576 0.6833285 -0.61386234
vn 0.5052313 0.65972453 -0.5563316
vn 0.44105414 0.86538935 0.23784953
vn 0.45629928 0.7671971 0.45077664
vn 0.6593197 0.6550963 0.36898014
vn 0.5437093 0.8335623 -0.09774476
vn 0.7312573 0.681629 0.025389075
vn 0.39526576 0.6833285 -0.61386234
vn 0.5257136 0.7905812 0.3140165
vn 0.61062694 0.38716286 0.6908253
vn 0.40682268 0.43403333 0.80380994
vn 0.5329629 0.64209926 -0.55105275
vn 0.5052313 0.65972453 -0.5563316
vn -0.31635794 -0.28903633 -0.903535
vn 0.44105414 0.86538935 0.23784953
vn 0.6593197 0.6550963 0.36898014
vn 0.66386783 0.7231086 0.19077039
vn 0.5437093 0.8335623 -0.09774476
vn 0.66386783 0.7231086 0.19077039
vn 0.7312573 0.681629 0.025389075
vn 0.5437093 0.8335623 -0.09774476
vn 0.44105414 0.86538935 0.23784953
vn 0.66386783 0.7231086 0.19077039
vn 0.45629928 0.7671971 0.45077664
vn 0.40682268 0.43403333 0.80380994
vn 0.5013366 0.34805363 0.7921617
vn 0.40682268 0.43403333 0.80380994
vn 0.61062694 0.38716286 0.6908253
vn 0.5013366 0.34805363 0.7921617
vn 0.45629928 0.7671971 0.45077664
vn 0.5013366 0.34805363 0.7921617
vn 0.6593197 0.6550963 0.36898014
vn 0.39526576 0.6833285 -0.61386234
vn 0.7312573 0.681629 0.025389075
vn 0.7842487 0.58701545 0.20091492
vn 0.39526576 0.6833285 -0.61386234
vn 0.7842487 0.58701545 0.20091492
vn 0.5052313 0.65972453 -0.5563316
vn -0.31635794 -0.28903633 -0.903535
vn 0.5052313 0.65972453 -0.5563316
vn 0.81348914 -0.51445353 -0.27124348
vn 0.5052313 0.65972453 -0.5563316
vn 0.7842487 0.58701545 0.20091492
vn 0.81348914 -0.51445353 -0.27124348
vn 0.66386783 0.7231086 0.19077039
vn 0.6593197 0.6550963 0.36898014
vn 0.8066383 0.5585811 0.1931884
vn 0.7312573 0.681629 0.025389075
vn 0.66386783 0.7231086 0.19077039
vn 0.8066383 0.5585811 0.1931884
vn 0.7312573 0.681629 0.025389075
vn 0.8066383 0.5585811 0.1931884
vn 0.7842487 0.58701545 0.20091492
vn 0.61062694 0.38716286 0.6908253
vn 0.6254208 0.281969 0.7275591
vn 0.5013366 0.34805363 0.7921617
vn 0.5013366 0.34805363 0.7921617
vn 0.6254208 0.281969 0.7275591
vn 0.6593197 0.6550963 0.36898014
vn 0.81348914 -0.51445353 -0.27124348
vn 0.7842487 0.58701545 0.20091492
vn 0.24139073 -0.53206927 -0.8115619
vn 0.7842487 0.58701545 0.20091492
vn 0.8066383 0.5585811 0.1931884
vn 0.24139073 -0.53206927 -0.8115619
vn 0.61062694 0.38716286 0.6908253
vn 0.7733685 0.23488617 0.5888375
vn 0.6254208 0.281969 0.7275591
vn 0.6593197 0.6550963 0.36898014
vn 0.7852645 0.56937915 0.24324256
vn 0.8066383 0.5585811 0.1931884
vn 0.6593197 0.6550963 0.36898014
vn 0.6254208 0.281969 0.7275591
vn 0.7852645 0.56937915 0.24324256
vn 0.24139073 -0.53206927 -0.8115619
vn 0.91872054 0.39418763 -0.023846596
vn 0.44487748 -0.7501925 -0.48917812
vn 0.8066383 0.5585811 0.1931884
vn 0.7852645 0.56937915 0.24324256
vn 0.91872054 0.39418763 -0.023846596
vn 0.8066383 0.5585811 0.1931884
vn 0.91872054 0.39418763 -0.023846596
vn 0.24139073 -0.53206927 -0.8115619
vn 0.7733685 0.23488617 0.5888375
vn 0.7835968 -0.0054273605 0.62124586
vn 0.6254208 0.281969 0.7275591
vn 0.91872054 0.39418763 -0.023846596
vn 0.7835968 -0.0054273605 0.62124586
vn 0.44487748 -0.7501925 -0.48917812
vn 0.7852645 0.56937915 0.24324256
vn 0.6254208 0.281969 0.7275591
vn 0.7835968 -0.0054273605 0.62124586
vn 0.7852645 0.56937915 0.24324256
vn 0.7835968 -0.0054273605 0.62124586
vn 0.91872054 0.39418763 -0.023846596
vn 0.7733685 0.23488617 0.5888375
vn -0.1727882 -0.8703313 0.46115893
vn 0.7835968 -0.0054273605 0.62124586
vn 0.7835968 -0.0054273605 0.62124586
vn -0.1727882 -0.8703313 0.46115893
vn 0.44487748 -0.7501925 -0.48917812
# 14802 vertex normals

vt 0.794397 0.061108 0
vt 0.782303 0.035559 0
vt 0.796858 0.039399 0
vt 0.780647 0.053324 0
vt 0.807884 0.041824 0
vt 0.779166 0.070485 0
vt 0.805873 0.067484 0
vt 0.790364 0.081296 0
vt 0.802101 0.0931 0
vt 0.797871 0.017632 0
vt 0.768559 0.046351 0
vt 0.782764 0.017632 0
vt 0.769223 0.031847 0
vt 0.819235 0.044907 0
vt 0.808612 0.017632 0
vt 0.819913 0.017632 0
vt 0.817219 0.073008 0
vt 0.814215 0.101948 0
vt 0.758276 0.039881 0
vt 0.769283 0.017632 0
vt 0.830531 0.017632 0
vt 0.828546 0.076187 0
vt 0.827416 0.107198 0
vt 0.75859 0.0287 0
vt 0.744471 0.026229 0
vt 0.74458 0.035341 0
vt 0.829932 0.047139 0
vt 0.841535 0.017632 0
vt 0.840659 0.078307 0
vt 0.841056 0.108716 0
vt 0.728516 0.026103 0
vt 0.728516 0.034486 0
vt 0.758891 0.017632 0
vt 0.745099 0.017632 0
vt 0.841142 0.048392 0
vt 0.853262 0.017632 0
vt 0.85318 0.078844 0
vt 0.854553 0.10916 0
vt 0.728516 0.017632 0
vt 0.853194 0.048609 0
vt 0.862888 0.017632 0
vt 0.863463 0.079712 0
vt 0.863355 0.111556 0
vt 0.855273 0.144166 0
vt 0.863211 0.049005 0
vt 0.874637 0.017632 0
vt 0.86229 0.148197 0
vt 0.875893 0.081311 0
vt 0.87587 0.114534 0
vt 0.875311 0.049505 0
vt 0.884821 0.017632 0
vt 0.856546 0.185681 0
vt 0.887275 0.082271 0
vt 0.875211 0.149882 0
vt 0.887563 0.115158 0
vt 0.886038 0.050426 0
vt 0.895064 0.017632 0
vt 0.862484 0.188849 0
vt 0.862017 0.230828 0
vt 0.854839 0.236051 0
vt 0.898798 0.082971 0
vt 0.887194 0.149569 0
vt 0.89912 0.115357 0
vt 0.896927 0.05134 0
vt 0.905341 0.017632 0
vt 0.86131 0.265299 0
vt 0.875664 0.225992 0
vt 0.877012 0.256974 0
vt 0.874958 0.189558 0
vt 0.913447 0.085218 0
vt 0.898708 0.14923 0
vt 0.912851 0.115179 0
vt 0.911882 0.148315 0
vt 0.907244 0.05233 0
vt 0.923733 0.042863 0
vt 0.919768 0.017632 0
vt 0.844425 0.28191 0
vt 0.891369 0.252163 0
vt 0.879093 0.285048 0
vt 0.894525 0.280237 0
vt 0.887628 0.188876 0
vt 0.88905 0.221316 0
vt 0.912391 0.180352 0
vt 0.898453 0.186668 0
vt 0.930542 0.110853 0
vt 0.926485 0.149724 0
vt 0.932303 0.06511 0
vt 0.861092 0.289611 0
vt 0.845342 0.296207 0
vt 0.826134 0.295891 0
vt 0.902563 0.250028 0
vt 0.880888 0.306276 0
vt 0.905933 0.275508 0
vt 0.896695 0.300383 0
vt 0.897846 0.218898 0
vt 0.923909 0.181398 0
vt 0.943561 0.084405 0
vt 0.826038 0.303849 0
vt 0.86203 0.310799 0
vt 0.845545 0.312801 0
vt 0.908331 0.294462 0
vt 0.912376 0.249649 0
vt 0.915585 0.271745 0
vt 0.935897 0.184413 0
vt 0.947739 0.125729 0
vt 0.940971 0.155615 0
vt 0.825836 0.312 0
vt 0.918354 0.28858 0
vt 0.929819 0.257607 0
vt 0.948215 0.191261 0
vt 0.958429 0.100597 0
vt 0.932388 0.265933 0
vt 0.934246 0.276717 0
vt 0.954973 0.164332 0
vt 0.961138 0.136459 0
vt 0.966695 0.108367 0
vt 0.948013 0.265305 0
vt 0.942827 0.245325 0
vt 0.969012 0.176313 0
vt 0.96305 0.207411 0
vt 0.950913 0.216528 0
vt 0.97429 0.146093 0
vt 0.978394 0.117397 0
vt 0.945425 0.254147 0
vt 0.963508 0.244802 0
vt 0.957486 0.229249 0
vt 0.981872 0.187564 0
vt 0.972793 0.222611 0
vt 0.986906 0.153339 0
vt 0.990183 0.124861 0
vt 0.297485 0.224967 0
vt 0.286236 0.227077 0
vt 0.29532 0.207095 0
vt 0.283708 0.205197 0
vt 0.274878 0.234606 0
vt 0.274765 0.245996 0
vt 0.293512 0.191782 0
vt 0.261281 0.241163 0
vt 0.264435 0.266519 0
vt 0.282192 0.189741 0
vt 0.272549 0.206763 0
vt 0.24562 0.246305 0
vt 0.248866 0.276633 0
vt 0.291602 0.167791 0
vt 0.258483 0.209381 0
vt 0.270909 0.190583 0
vt 0.231047 0.251517 0
vt 0.234205 0.287675 0
vt 0.278944 0.163599 0
vt 0.290239 0.142574 0
vt 0.242941 0.213948 0
vt 0.216562 0.258161 0
vt 0.219643 0.296351 0
vt 0.277019 0.142574 0
vt 0.257419 0.193998 0
vt 0.268009 0.164384 0
vt 0.230412 0.218781 0
vt 0.201425 0.26253 0
vt 0.199709 0.300081 0
vt 0.242778 0.196125 0
vt 0.264934 0.142574 0
vt 0.255204 0.165337 0
vt 0.216736 0.223691 0
vt 0.184512 0.276954 0
vt 0.230522 0.199281 0
vt 0.24277 0.167399 0
vt 0.254102 0.142574 0
vt 0.202729 0.226953 0
vt 0.185619 0.259467 0
vt 0.170039 0.245125 0
vt 0.216951 0.20428 0
vt 0.231319 0.169513 0
vt 0.243657 0.142574 0
vt 0.187968 0.224474 0
vt 0.20338 0.207345 0
vt 0.188992 0.204949 0
vt 0.218462 0.171892 0
vt 0.232245 0.142574 0
vt 0.174574 0.217554 0
vt 0.191348 0.173399 0
vt 0.177063 0.199977 0
vt 0.204801 0.174277 0
vt 0.220076 0.142574 0
vt 0.162409 0.207095 0
vt 0.178962 0.170766 0
vt 0.164778 0.191782 0
vt 0.158346 0.224967 0
vt 0.206067 0.142574 0
vt 0.192463 0.142574 0
vt 0.166305 0.167791 0
vt 0.178414 0.142574 0
vt 0.164912 0.142574 0
vt 0.702515 0.224967 0
vt 0.70468 0.207095 0
vt 0.713764 0.227077 0
vt 0.716292 0.205197 0
vt 0.706488 0.191782 0
vt 0.725122 0.234606 0
vt 0.725235 0.245996 0
vt 0.717808 0.189741 0
vt 0.708398 0.167791 0
vt 0.738719 0.241163 0
vt 0.727451 0.206763 0
vt 0.721056 0.163599 0
vt 0.709761 0.142574 0
vt 0.735565 0.266519 0
vt 0.729091 0.190583 0
vt 0.741517 0.209381 0
vt 0.722981 0.142574 0
vt 0.75438 0.246305 0
vt 0.751134 0.276633 0
vt 0.742581 0.193998 0
vt 0.757059 0.213948 0
vt 0.757222 0.196125 0
vt 0.731991 0.164384 0
vt 0.735066 0.142574 0
vt 0.768953 0.251517 0
vt 0.765795 0.287675 0
vt 0.769478 0.199281 0
vt 0.75723 0.167399 0
vt 0.768681 0.169513 0
vt 0.744796 0.165337 0
vt 0.745898 0.142574 0
vt 0.769588 0.218781 0
vt 0.783438 0.258161 0
vt 0.780357 0.296351 0
vt 0.767755 0.142574 0
vt 0.781538 0.171892 0
vt 0.779924 0.142574 0
vt 0.756343 0.142574 0
vt 0.783264 0.223691 0
vt 0.783049 0.20428 0
vt 0.798575 0.26253 0
vt 0.800291 0.300081 0
vt 0.793933 0.142574 0
vt 0.79662 0.207345 0
vt 0.795199 0.174277 0
vt 0.797271 0.226953 0
vt 0.815488 0.276954 0
vt 0.807537 0.142574 0
vt 0.811008 0.204949 0
vt 0.808652 0.173399 0
vt 0.814381 0.259467 0
vt 0.812032 0.224474 0
vt 0.821038 0.170766 0
vt 0.821586 0.142574 0
vt 0.829961 0.245125 0
vt 0.822937 0.199977 0
vt 0.825426 0.217554 0
vt 0.833695 0.167791 0
vt 0.835088 0.142574 0
vt 0.841654 0.224967 0
vt 0.837591 0.207095 0
vt 0.835222 0.191782 0
vt 0.009817 0.124861 0
vt 0.021606 0.117397 0
vt 0.013094 0.153339 0
vt 0.02571 0.146093 0
vt 0.033305 0.108367 0
vt 0.018128 0.187564 0
vt 0.038863 0.136459 0
vt 0.041572 0.100597 0
vt 0.030988 0.176313 0
vt 0.03695 0.207411 0
vt 0.027206 0.222611 0
vt 0.052261 0.125729 0
vt 0.056439 0.084405 0
vt 0.042514 0.229249 0
vt 0.051785 0.191261 0
vt 0.049087 0.216528 0
vt 0.045027 0.164332 0
vt 0.069458 0.110853 0
vt 0.067697 0.06511 0
vt 0.036491 0.244802 0
vt 0.057173 0.245325 0
vt 0.059028 0.155615 0
vt 0.086553 0.085218 0
vt 0.076267 0.042863 0
vt 0.054575 0.254147 0
vt 0.051987 0.265305 0
vt 0.064103 0.184413 0
vt 0.073515 0.149724 0
vt 0.092756 0.05233 0
vt 0.094659 0.017632 0
vt 0.080232 0.017632 0
vt 0.067612 0.265933 0
vt 0.065755 0.276717 0
vt 0.087149 0.115179 0
vt 0.076091 0.181398 0
vt 0.103073 0.05134 0
vt 0.101202 0.082971 0
vt 0.081646 0.28858 0
vt 0.070181 0.257607 0
vt 0.088118 0.148315 0
vt 0.10088 0.115357 0
vt 0.104936 0.017632 0
vt 0.084415 0.271745 0
vt 0.091669 0.294462 0
vt 0.112436 0.115158 0
vt 0.112725 0.082271 0
vt 0.087609 0.180352 0
vt 0.101292 0.14923 0
vt 0.113962 0.050426 0
vt 0.115179 0.017632 0
vt 0.094067 0.275508 0
vt 0.103305 0.300383 0
vt 0.087623 0.249649 0
vt 0.112806 0.149569 0
vt 0.12413 0.114534 0
vt 0.124789 0.149882 0
vt 0.101547 0.186668 0
vt 0.124689 0.049505 0
vt 0.125363 0.017632 0
vt 0.105475 0.280237 0
vt 0.119112 0.306276 0
vt 0.097437 0.250028 0
vt 0.102154 0.218898 0
vt 0.124107 0.081311 0
vt 0.125042 0.189558 0
vt 0.13771 0.148197 0
vt 0.137516 0.188849 0
vt 0.112372 0.188876 0
vt 0.136789 0.049005 0
vt 0.137112 0.017632 0
vt 0.120907 0.285048 0
vt 0.138908 0.289611 0
vt 0.13797 0.310799 0
vt 0.108631 0.252163 0
vt 0.136645 0.111556 0
vt 0.136537 0.079712 0
vt 0.124336 0.225992 0
vt 0.143454 0.185681 0
vt 0.137983 0.230828 0
vt 0.11095 0.221316 0
vt 0.146805 0.048609 0
vt 0.146738 0.017632 0
vt 0.13869 0.265299 0
vt 0.122988 0.256974 0
vt 0.154658 0.296207 0
vt 0.154455 0.312801 0
vt 0.145447 0.10916 0
vt 0.14682 0.078844 0
vt 0.144727 0.144166 0
vt 0.158858 0.048392 0
vt 0.158465 0.017632 0
vt 0.145161 0.236051 0
vt 0.155575 0.28191 0
vt 0.173962 0.303849 0
vt 0.174164 0.312 0
vt 0.158944 0.108716 0
vt 0.159341 0.078307 0
vt 0.170068 0.047139 0
vt 0.169469 0.017632 0
vt 0.173866 0.295891 0
vt 0.172584 0.107198 0
vt 0.171454 0.076187 0
vt 0.180765 0.044907 0
vt 0.180087 0.017632 0
vt 0.185785 0.101948 0
vt 0.182781 0.073008 0
vt 0.192116 0.041824 0
vt 0.191388 0.017632 0
vt 0.197899 0.0931 0
vt 0.194127 0.067484 0
vt 0.203142 0.039399 0
vt 0.202129 0.017632 0
vt 0.205603 0.061108 0
vt 0.217697 0.035559 0
vt 0.217236 0.017632 0
vt 0.209636 0.081296 0
vt 0.230777 0.031847 0
vt 0.230717 0.017632 0
vt 0.220834 0.070485 0
vt 0.219353 0.053324 0
vt 0.24141 0.0287 0
vt 0.241109 0.017632 0
vt 0.231441 0.046351 0
vt 0.254901 0.017632 0
vt 0.241724 0.039881 0
vt 0.255529 0.026229 0
vt 0.271484 0.017632 0
vt 0.271484 0.026103 0
vt 0.25542 0.035341 0
vt 0.271484 0.034486 0
vt 0.76428 0.459156 0
vt 0.76428 0.438822 0
vt 0.773146 0.462294 0
vt 0.777133 0.44061 0
vt 0.76428 0.417969 0
vt 0.783243 0.464226 0
vt 0.785829 0.417969 0
vt 0.787305 0.442673 0
vt 0.795426 0.467903 0
vt 0.792787 0.437036 0
vt 0.805687 0.449105 0
vt 0.80995 0.472684 0
vt 0.81632 0.457385 0
vt 0.801955 0.428333 0
vt 0.811924 0.439781 0
vt 0.80163 0.417969 0
vt 0.827998 0.475022 0
vt 0.809325 0.425327 0
vt 0.821231 0.444637 0
vt 0.814988 0.435072 0
vt 0.828034 0.461167 0
vt 0.839765 0.457571 0
vt 0.845991 0.473029 0
vt 0.814259 0.424687 0
vt 0.818359 0.434544 0
vt 0.818359 0.4246 0
vt 0.809356 0.417969 0
vt 0.850589 0.449483 0
vt 0.834916 0.444711 0
vt 0.844311 0.439953 0
vt 0.821231 0.424119 0
vt 0.828074 0.4463 0
vt 0.824219 0.434558 0
vt 0.813982 0.417969 0
vt 0.818359 0.417969 0
vt 0.861012 0.467812 0
vt 0.84125 0.435175 0
vt 0.854377 0.428442 0
vt 0.846956 0.425388 0
vt 0.828115 0.434608 0
vt 0.824219 0.424397 0
vt 0.828115 0.424368 0
vt 0.821231 0.417969 0
vt 0.863621 0.43722 0
vt 0.869164 0.44291 0
vt 0.872958 0.464323 0
vt 0.837891 0.434609 0
vt 0.832031 0.434587 0
vt 0.834916 0.424137 0
vt 0.85471 0.417969 0
vt 0.842 0.424728 0
vt 0.846931 0.417969 0
vt 0.842282 0.417969 0
vt 0.824219 0.417969 0
vt 0.828098 0.417969 0
vt 0.879315 0.440529 0
vt 0.87059 0.417969 0
vt 0.837891 0.424628 0
vt 0.832031 0.424408 0
vt 0.837891 0.417969 0
vt 0.883314 0.461847 0
vt 0.892039 0.417969 0
vt 0.832031 0.417969 0
vt 0.834916 0.417969 0
vt 0.892039 0.438822 0
vt 0.892039 0.459156 0
vt 0.869039 0.84425 0
vt 0.866787 0.855505 0
vt 0.86838 0.842177 0
vt 0.862748 0.861203 0
vt 0.855083 0.864007 0
vt 0.855524 0.829052 0
vt 0.841708 0.859883 0
vt 0.868322 0.829052 0
vt 0.869756 0.841279 0
vt 0.836592 0.829052 0
vt 0.870712 0.829052 0
vt 0.86838 0.815927 0
vt 0.869756 0.816825 0
vt 0.841708 0.798222 0
vt 0.855083 0.794097 0
vt 0.862748 0.796901 0
vt 0.866787 0.802599 0
vt 0.869039 0.813854 0
vt 0.23572 0.459156 0
vt 0.226854 0.462294 0
vt 0.23572 0.438822 0
vt 0.222867 0.44061 0
vt 0.216757 0.464226 0
vt 0.23572 0.417969 0
vt 0.212695 0.442673 0
vt 0.204574 0.467903 0
vt 0.214171 0.417969 0
vt 0.207213 0.437036 0
vt 0.194313 0.449105 0
vt 0.190051 0.472684 0
vt 0.18368 0.457385 0
vt 0.172002 0.475022 0
vt 0.19837 0.417969 0
vt 0.198045 0.428333 0
vt 0.171966 0.461167 0
vt 0.160235 0.457571 0
vt 0.154009 0.473029 0
vt 0.188076 0.439781 0
vt 0.190675 0.425327 0
vt 0.190644 0.417969 0
vt 0.165084 0.444711 0
vt 0.178769 0.444637 0
vt 0.171926 0.4463 0
vt 0.149411 0.449483 0
vt 0.138988 0.467812 0
vt 0.186018 0.417969 0
vt 0.167969 0.434587 0
vt 0.155689 0.439953 0
vt 0.165084 0.424137 0
vt 0.15875 0.435175 0
vt 0.162109 0.434609 0
vt 0.185012 0.435072 0
vt 0.175781 0.434558 0
vt 0.181641 0.434544 0
vt 0.178769 0.424119 0
vt 0.13638 0.43722 0
vt 0.130836 0.44291 0
vt 0.127042 0.464323 0
vt 0.185741 0.424687 0
vt 0.181641 0.417969 0
vt 0.167969 0.424408 0
vt 0.171885 0.434608 0
vt 0.171885 0.424368 0
vt 0.162109 0.424628 0
vt 0.153044 0.425388 0
vt 0.158 0.424728 0
vt 0.181641 0.4246 0
vt 0.178769 0.417969 0
vt 0.175781 0.424397 0
vt 0.175781 0.417969 0
vt 0.145623 0.428442 0
vt 0.120685 0.440529 0
vt 0.116686 0.461847 0
vt 0.167969 0.417969 0
vt 0.171902 0.417969 0
vt 0.162109 0.417969 0
vt 0.157718 0.417969 0
vt 0.14529 0.417969 0
vt 0.12941 0.417969 0
vt 0.107961 0.438822 0
vt 0.107961 0.459156 0
vt 0.165084 0.417969 0
vt 0.153069 0.417969 0
vt 0.107961 0.417969 0
vt 0.130961 0.84425 0
vt 0.13162 0.842177 0
vt 0.133213 0.855505 0
vt 0.137252 0.861203 0
vt 0.144917 0.864007 0
vt 0.144476 0.829052 0
vt 0.131678 0.829052 0
vt 0.130244 0.841279 0
vt 0.158292 0.859883 0
vt 0.129288 0.829052 0
vt 0.163408 0.829052 0
vt 0.13162 0.815927 0
vt 0.158292 0.798222 0
vt 0.144917 0.794097 0
vt 0.130244 0.816825 0
vt 0.137252 0.796901 0
vt 0.133213 0.802599 0
vt 0.130961 0.813854 0
vt 0.557333 0.844195 0
vt 0.555118 0.855441 0
vt 0.556668 0.842135 0
vt 0.551389 0.861158 0
vt 0.545132 0.842723 0
vt 0.54487 0.864015 0
vt 0.545198 0.829081 0
vt 0.556567 0.829081 0
vt 0.55804 0.841231 0
vt 0.537749 0.843257 0
vt 0.537814 0.863362 0
vt 0.556583 0.815886 0
vt 0.537703 0.829081 0
vt 0.545044 0.815411 0
vt 0.558957 0.829081 0
vt 0.5302 0.85784 0
vt 0.55118 0.796857 0
vt 0.557961 0.816777 0
vt 0.554946 0.802536 0
vt 0.557235 0.813799 0
vt 0.526498 0.843832 0
vt 0.537657 0.814946 0
vt 0.524989 0.829081 0
vt 0.526403 0.814493 0
vt 0.544644 0.794106 0
vt 0.530013 0.800504 0
vt 0.537592 0.794867 0
vt 0.63843 0.550716 0
vt 0.639252 0.565223 0
vt 0.627595 0.557612 0
vt 0.628357 0.575183 0
vt 0.641059 0.590384 0
vt 0.618853 0.562368 0
vt 0.617686 0.548205 0
vt 0.626046 0.543606 0
vt 0.630028 0.604432 0
vt 0.641771 0.602241 0
vt 0.60989 0.550612 0
vt 0.620546 0.579589 0
vt 0.610761 0.564729 0
vt 0.616431 0.530002 0
vt 0.624699 0.524782 0
vt 0.629862 0.613328 0
vt 0.636153 0.625638 0
vt 0.645912 0.609708 0
vt 0.602547 0.566387 0
vt 0.608855 0.532742 0
vt 0.60199 0.552059 0
vt 0.622572 0.610526 0
vt 0.6119 0.583423 0
vt 0.615588 0.516153 0
vt 0.622951 0.510066 0
vt 0.638618 0.636112 0
vt 0.64923 0.617441 0
vt 0.593185 0.566252 0
vt 0.603186 0.584201 0
vt 0.594862 0.583755 0
vt 0.608103 0.519619 0
vt 0.601167 0.533659 0
vt 0.623567 0.624041 0
vt 0.626316 0.635965 0
vt 0.653057 0.62755 0
vt 0.582707 0.581685 0
vt 0.593247 0.551516 0
vt 0.581274 0.567186 0
vt 0.605605 0.614396 0
vt 0.613749 0.614938 0
vt 0.600471 0.51977 0
vt 0.627824 0.650135 0
vt 0.615251 0.641535 0
vt 0.641455 0.648517 0
vt 0.654754 0.631429 0
vt 0.584854 0.605509 0
vt 0.597444 0.612058 0
vt 0.573857 0.580367 0
vt 0.573132 0.567537 0
vt 0.592496 0.53221 0
vt 0.614493 0.628257 0
vt 0.606523 0.627505 0
vt 0.642907 0.654834 0
vt 0.616079 0.655738 0
vt 0.628824 0.664353 0
vt 0.586065 0.616269 0
vt 0.574783 0.600626 0
vt 0.57536 0.609837 0
vt 0.566124 0.577986 0
vt 0.566513 0.565861 0
vt 0.592686 0.516939 0
vt 0.598319 0.623889 0
vt 0.605584 0.64024 0
vt 0.628944 0.680016 0
vt 0.637874 0.682943 0
vt 0.565612 0.603827 0
vt 0.583684 0.626594 0
vt 0.573205 0.618062 0
vt 0.565694 0.595794 0
vt 0.556524 0.572506 0
vt 0.558414 0.560797 0
vt 0.605566 0.655551 0
vt 0.616569 0.668849 0
vt 0.594882 0.634677 0
vt 0.633644 0.704089 0
vt 0.564059 0.611486 0
vt 0.571488 0.638289 0
vt 0.56144 0.631006 0
vt 0.554321 0.588406 0
vt 0.553611 0.595407 0
vt 0.550524 0.55395 0
vt 0.605784 0.670038 0
vt 0.616574 0.681901 0
vt 0.594161 0.652052 0
vt 0.625523 0.702543 0
vt 0.629471 0.730694 0
vt 0.550864 0.621263 0
vt 0.552659 0.602796 0
vt 0.582364 0.645683 0
vt 0.558453 0.654866 0
vt 0.569994 0.661492 0
vt 0.547277 0.564229 0
vt 0.542932 0.579171 0
vt 0.605669 0.684738 0
vt 0.593915 0.669316 0
vt 0.621417 0.72679 0
vt 0.540358 0.606613 0
vt 0.548544 0.645417 0
vt 0.539066 0.626716 0
vt 0.581731 0.666093 0
vt 0.556442 0.67854 0
vt 0.568975 0.684568 0
vt 0.541244 0.585993 0
vt 0.540877 0.592616 0
vt 0.544393 0.547057 0
vt 0.540464 0.557182 0
vt 0.616191 0.701521 0
vt 0.537618 0.654746 0
vt 0.528558 0.610153 0
vt 0.527639 0.62031 0
vt 0.54663 0.669091 0
vt 0.5815 0.686331 0
vt 0.55649 0.705613 0
vt 0.569471 0.709818 0
vt 0.593791 0.686181 0
vt 0.530725 0.586071 0
vt 0.534218 0.571984 0
vt 0.530968 0.578123 0
vt 0.537245 0.539121 0
vt 0.614932 0.722888 0
vt 0.613087 0.74647 0
vt 0.530085 0.595302 0
vt 0.514182 0.6006 0
vt 0.544959 0.695651 0
vt 0.581954 0.709574 0
vt 0.559044 0.738168 0
vt 0.572129 0.73914 0
vt 0.605849 0.704704 0
vt 0.52577 0.564203 0
vt 0.520992 0.578808 0
vt 0.521636 0.569374 0
vt 0.533165 0.549931 0
vt 0.607287 0.726722 0
vt 0.602009 0.760978 0
vt 0.515714 0.596636 0
vt 0.519103 0.587023 0
vt 0.546111 0.734542 0
vt 0.594467 0.707412 0
vt 0.561798 0.77217 0
vt 0.584655 0.737794 0
vt 0.576208 0.772374 0
vt 0.596872 0.73323 0
vt 0.589827 0.768971 0
vt 0.547198 0.768966 0
vt 0.76269 0.391136 0
vt 0.765942 0.375917 0
vt 0.776071 0.393282 0
vt 0.776621 0.379017 0
vt 0.771053 0.356324 0
vt 0.785641 0.377881 0
vt 0.787898 0.394518 0
vt 0.777221 0.363567 0
vt 0.783725 0.348975 0
vt 0.774324 0.339844 0
vt 0.794933 0.37385 0
vt 0.799799 0.396355 0
vt 0.783307 0.339844 0
vt 0.784456 0.362994 0
vt 0.805656 0.381905 0
vt 0.792195 0.360858 0
vt 0.800093 0.364526 0
vt 0.790526 0.339844 0
vt 0.816259 0.397617 0
vt 0.798 0.355906 0
vt 0.809492 0.368378 0
vt 0.802917 0.35844 0
vt 0.790642 0.347971 0
vt 0.816265 0.384154 0
vt 0.826865 0.381901 0
vt 0.832815 0.396258 0
vt 0.802377 0.352601 0
vt 0.797025 0.347208 0
vt 0.837599 0.373846 0
vt 0.823005 0.368384 0
vt 0.832476 0.364524 0
vt 0.806641 0.357732 0
vt 0.816287 0.369601 0
vt 0.809492 0.351751 0
vt 0.8125 0.357749 0
vt 0.80213 0.346567 0
vt 0.806641 0.352096 0
vt 0.806641 0.346762 0
vt 0.796873 0.339844 0
vt 0.844629 0.394476 0
vt 0.829726 0.35844 0
vt 0.840327 0.36085 0
vt 0.834556 0.355904 0
vt 0.816382 0.357884 0
vt 0.8125 0.352042 0
vt 0.806641 0.339844 0
vt 0.801575 0.339844 0
vt 0.846876 0.377849 0
vt 0.856438 0.39322 0
vt 0.826172 0.357734 0
vt 0.820312 0.35775 0
vt 0.823005 0.351753 0
vt 0.835491 0.347206 0
vt 0.830255 0.352601 0
vt 0.8125 0.346494 0
vt 0.809492 0.345905 0
vt 0.855885 0.378965 0
vt 0.866562 0.375846 0
vt 0.869817 0.39106 0
vt 0.826172 0.352099 0
vt 0.820313 0.352043 0
vt 0.816398 0.352034 0
vt 0.841851 0.347967 0
vt 0.848047 0.362971 0
vt 0.8125 0.339844 0
vt 0.816403 0.346256 0
vt 0.816406 0.339844 0
vt 0.809492 0.339844 0
vt 0.861437 0.356271 0
vt 0.855276 0.363527 0
vt 0.826172 0.346763 0
vt 0.841946 0.339844 0
vt 0.83046 0.346567 0
vt 0.835594 0.339844 0
vt 0.830886 0.339844 0
vt 0.820313 0.346495 0
vt 0.820313 0.339844 0
vt 0.848756 0.348965 0
vt 0.858138 0.339844 0
vt 0.826172 0.339844 0
vt 0.823005 0.345906 0
vt 0.823005 0.339844 0
vt 0.849157 0.339844 0
vt 0.442667 0.844195 0
vt 0.443332 0.842135 0
vt 0.444882 0.855441 0
vt 0.448611 0.861158 0
vt 0.454868 0.842723 0
vt 0.454802 0.829081 0
vt 0.443433 0.829081 0
vt 0.44196 0.841231 0
vt 0.45513 0.864015 0
vt 0.443417 0.815886 0
vt 0.462297 0.829081 0
vt 0.454956 0.815411 0
vt 0.441043 0.829081 0
vt 0.462251 0.843257 0
vt 0.462186 0.863362 0
vt 0.44882 0.796857 0
vt 0.442039 0.816777 0
vt 0.445054 0.802536 0
vt 0.442765 0.813799 0
vt 0.4698 0.85784 0
vt 0.462343 0.814946 0
vt 0.473502 0.843832 0
vt 0.473597 0.814493 0
vt 0.475011 0.829081 0
vt 0.455356 0.794106 0
vt 0.469987 0.800504 0
vt 0.462408 0.794867 0
vt 0.36157 0.550716 0
vt 0.372405 0.557612 0
vt 0.360748 0.565223 0
vt 0.371643 0.575183 0
vt 0.381147 0.562368 0
vt 0.382314 0.548205 0
vt 0.373954 0.543606 0
vt 0.358941 0.590384 0
vt 0.39011 0.550612 0
vt 0.379454 0.579589 0
vt 0.389239 0.564729 0
vt 0.383569 0.530002 0
vt 0.375301 0.524782 0
vt 0.369972 0.604432 0
vt 0.358229 0.602241 0
vt 0.397453 0.566387 0
vt 0.391145 0.532742 0
vt 0.39801 0.552059 0
vt 0.384412 0.516153 0
vt 0.377049 0.510066 0
vt 0.370138 0.613328 0
vt 0.363847 0.625638 0
vt 0.354088 0.609708 0
vt 0.3881 0.583423 0
vt 0.377428 0.610526 0
vt 0.406815 0.566252 0
vt 0.396814 0.584201 0
vt 0.405138 0.583755 0
vt 0.391897 0.519619 0
vt 0.398833 0.533659 0
vt 0.361382 0.636112 0
vt 0.373684 0.635965 0
vt 0.386251 0.614938 0
vt 0.376433 0.624041 0
vt 0.417293 0.581685 0
vt 0.406753 0.551516 0
vt 0.418726 0.567186 0
vt 0.394395 0.614396 0
vt 0.402556 0.612058 0
vt 0.399529 0.51977 0
vt 0.35077 0.617441 0
vt 0.384749 0.641535 0
vt 0.385507 0.628257 0
vt 0.426143 0.580367 0
vt 0.426868 0.567537 0
vt 0.407504 0.53221 0
vt 0.415146 0.605509 0
vt 0.393477 0.627505 0
vt 0.401681 0.623889 0
vt 0.346943 0.62755 0
vt 0.372176 0.650135 0
vt 0.358545 0.648517 0
vt 0.433876 0.577986 0
vt 0.433487 0.565861 0
vt 0.407314 0.516939 0
vt 0.425217 0.600626 0
vt 0.413935 0.616269 0
vt 0.394416 0.64024 0
vt 0.345246 0.631429 0
vt 0.383921 0.655738 0
vt 0.371176 0.664353 0
vt 0.443476 0.572506 0
vt 0.441586 0.560797 0
vt 0.434306 0.595794 0
vt 0.42464 0.609837 0
vt 0.405118 0.634677 0
vt 0.357093 0.654834 0
vt 0.394434 0.655551 0
vt 0.383431 0.668849 0
vt 0.449476 0.55395 0
vt 0.445679 0.588406 0
vt 0.434389 0.603827 0
vt 0.416316 0.626595 0
vt 0.371056 0.680016 0
vt 0.362126 0.682943 0
vt 0.405839 0.652052 0
vt 0.394216 0.670038 0
vt 0.452723 0.564229 0
vt 0.455607 0.547057 0
vt 0.446389 0.595407 0
vt 0.426795 0.618062 0
vt 0.366356 0.704089 0
vt 0.383426 0.681901 0
vt 0.417636 0.645683 0
vt 0.406085 0.669316 0
vt 0.459536 0.557182 0
vt 0.462755 0.539121 0
vt 0.457068 0.579171 0
vt 0.435941 0.611486 0
vt 0.447341 0.602796 0
vt 0.374477 0.702543 0
vt 0.370529 0.730694 0
vt 0.428512 0.638289 0
vt 0.394331 0.684738 0
vt 0.466835 0.549931 0
vt 0.458756 0.585993 0
vt 0.465782 0.571984 0
vt 0.449136 0.621263 0
vt 0.459123 0.592616 0
vt 0.459642 0.606613 0
vt 0.378583 0.72679 0
vt 0.430006 0.661492 0
vt 0.418269 0.666093 0
vt 0.43856 0.631006 0
vt 0.383809 0.701521 0
vt 0.406209 0.686181 0
vt 0.394151 0.704704 0
vt 0.47423 0.564203 0
vt 0.469915 0.595302 0
vt 0.460934 0.626716 0
vt 0.471442 0.610153 0
vt 0.469032 0.578123 0
vt 0.469275 0.586071 0
vt 0.441547 0.654866 0
vt 0.431025 0.684568 0
vt 0.443558 0.67854 0
vt 0.385068 0.722888 0
vt 0.405533 0.707412 0
vt 0.392713 0.726722 0
vt 0.451455 0.645417 0
vt 0.484286 0.596636 0
vt 0.472361 0.62031 0
vt 0.485818 0.6006 0
vt 0.479008 0.578808 0
vt 0.480897 0.587023 0
vt 0.478364 0.569374 0
vt 0.4185 0.686331 0
vt 0.45337 0.669091 0
vt 0.44351 0.705613 0
vt 0.455041 0.695651 0
vt 0.386913 0.74647 0
vt 0.403128 0.73323 0
vt 0.397991 0.760978 0
vt 0.462382 0.654746 0
vt 0.430529 0.709818 0
vt 0.418046 0.709574 0
vt 0.410173 0.768971 0
vt 0.415345 0.737794 0
vt 0.453889 0.734542 0
vt 0.427871 0.73914 0
vt 0.440956 0.738168 0
vt 0.423792 0.772373 0
vt 0.452802 0.768966 0
vt 0.438202 0.77217 0
vt 0.23731 0.391136 0
vt 0.223929 0.393282 0
vt 0.234058 0.375917 0
vt 0.223379 0.379017 0
vt 0.214359 0.377881 0
vt 0.212102 0.394518 0
vt 0.228947 0.356324 0
vt 0.205067 0.37385 0
vt 0.200201 0.396355 0
vt 0.222779 0.363567 0
vt 0.194344 0.381905 0
vt 0.183741 0.397617 0
vt 0.216275 0.348975 0
vt 0.225676 0.339844 0
vt 0.207805 0.360858 0
vt 0.215544 0.362994 0
vt 0.183735 0.384154 0
vt 0.173135 0.381901 0
vt 0.167185 0.396258 0
vt 0.216693 0.339844 0
vt 0.199907 0.364526 0
vt 0.209358 0.347971 0
vt 0.176994 0.368384 0
vt 0.190508 0.368378 0
vt 0.183713 0.369601 0
vt 0.162401 0.373846 0
vt 0.15537 0.394476 0
vt 0.209474 0.339844 0
vt 0.202 0.355906 0
vt 0.202975 0.347208 0
vt 0.179688 0.35775 0
vt 0.167524 0.364524 0
vt 0.176995 0.351753 0
vt 0.170274 0.35844 0
vt 0.173828 0.357734 0
vt 0.197083 0.35844 0
vt 0.1875 0.357749 0
vt 0.193359 0.357732 0
vt 0.190508 0.351751 0
vt 0.153124 0.377849 0
vt 0.143562 0.39322 0
vt 0.203127 0.339844 0
vt 0.197623 0.352601 0
vt 0.198425 0.339844 0
vt 0.19787 0.346567 0
vt 0.179688 0.352043 0
vt 0.183618 0.357884 0
vt 0.173828 0.352099 0
vt 0.165444 0.355904 0
vt 0.169745 0.352601 0
vt 0.193359 0.352096 0
vt 0.1875 0.352042 0
vt 0.193359 0.346762 0
vt 0.1875 0.346494 0
vt 0.190508 0.345905 0
vt 0.159673 0.36085 0
vt 0.144115 0.378965 0
vt 0.133438 0.375846 0
vt 0.130183 0.39106 0
vt 0.193359 0.339844 0
vt 0.179688 0.346495 0
vt 0.183602 0.352034 0
vt 0.183597 0.346256 0
vt 0.173828 0.346763 0
vt 0.164509 0.347206 0
vt 0.16954 0.346567 0
vt 0.144724 0.363527 0
vt 0.151953 0.362971 0
vt 0.138563 0.356271 0
vt 0.190508 0.339844 0
vt 0.1875 0.339844 0
vt 0.183594 0.339844 0
vt 0.176995 0.345906 0
vt 0.179688 0.339844 0
vt 0.169114 0.339844 0
vt 0.173828 0.339844 0
vt 0.158149 0.347967 0
vt 0.151244 0.348965 0
vt 0.141862 0.339844 0
vt 0.176995 0.339844 0
vt 0.164406 0.339844 0
vt 0.150843 0.339844 0
vt 0.158054 0.339844 0
vt 0.30358 1.90516 0
vt 0.34276 1.84552 0
vt 0.34038 1.90763 0
vt 0.30367 1.84477 0
vt 0.30409 1.96295 0
vt 0.2666 1.84639 0
vt 0.26831 1.96091 0
vt 0.26637 1.90499 0
vt 0.38678 1.84817 0
vt 0.30882 1.79007 0
vt 0.34624 1.78264 0
vt 0.3394 1.96505 0
vt 0.26855 1.79859 0
vt 0.38983 1.78223 0
vt 0.38397 1.91113 0
vt 0.4383 1.79859 0
vt 0.43391 1.85529 0
vt 0.26666 1.77556 0
vt 0.35259 1.76611 0
vt 0.30826 1.76852 0
vt 0.48342 1.82633 0
vt 0.39676 1.76825 0
vt 0.48611 1.79372 0
vt 0.44172 1.77388 0
vt 0.38059 1.96799 0
vt 0.42946 1.9182 0
vt 0.47859 1.87105 0
vt 0.42601 1.97162 0
vt 0.47313 1.92826 0
vt 0.46973 1.97707 0
vt 0.196417 1.90516 0
vt 0.159617 1.90763 0
vt 0.157242 1.84552 0
vt 0.195906 1.96295 0
vt 0.196331 1.84477 0
vt 0.231687 1.96091 0
vt 0.233396 1.84639 0
vt 0.233625 1.90499 0
vt 0.113222 1.84817 0
vt 0.160602 1.96505 0
vt 0.116032 1.91113 0
vt 0.231446 1.79859 0
vt 0.191182 1.79007 0
vt 0.066085 1.85529 0
vt 0.153763 1.78264 0
vt 0.061704 1.79859 0
vt 0.110166 1.78223 0
vt 0.11941 1.96799 0
vt 0.233336 1.77556 0
vt 0.016575 1.82633 0
vt 0.070536 1.9182 0
vt 0.021407 1.87105 0
vt 0.147409 1.76611 0
vt 0.103238 1.76825 0
vt 0.191736 1.76852 0
vt 0.013891 1.79372 0
vt 0.026872 1.92826 0
vt 0.073985 1.97162 0
vt 0.058282 1.77388 0
vt 0.030274 1.97707 0
vt 0.3581 2.9489 0
vt 0.25 2.91458 0
vt 0.35501 2.90728 0
vt 0.25 2.95489 0
vt 0.47666 2.92998 0
vt 0.31398 2.96769 0
vt 0.47307 2.95691 0
vt 0.36582 2.97846 0
vt 0.25 2.8492 0
vt 0.141898 2.9489 0
vt 0.144986 2.90728 0
vt 0.48147 2.88639 0
vt 0.32339 2.98472 0
vt 0.25 2.96886 0
vt 0.140304 2.84503 0
vt 0.3597 2.84503 0
vt 0.25 2.77997 0
vt 0.186018 2.96769 0
vt 0.023341 2.92998 0
vt 0.134181 2.97846 0
vt 0.026932 2.95691 0
vt 0.134008 2.77789 0
vt 0.018535 2.88639 0
vt 0.02336 2.83238 0
vt 0.47664 2.83238 0
vt 0.36599 2.77789 0
vt 0.176612 2.98472 0
vt 0.019331 2.77336 0
vt 0.48067 2.77336 0
vt 0.68759 0.054861 0
vt 0.678901 0.081047 0
vt 0.677268 0.07131 0
vt 0.683833 0.081147 0
vt 0.67092 0.068876 0
vt 0.692134 0.073896 0
vt 0.680392 0.04919 0
vt 0.696729 0.058923 0
vt 0.686036 0.041531 0
vt 0.688769 0.049303 0
vt 0.688362 0.089081 0
vt 0.674163 0.048267 0
vt 0.670082 0.055939 0
vt 0.692971 0.047519 0
vt 0.695757 0.074703 0
vt 0.694118 0.038118 0
vt 0.701756 0.061917 0
vt 0.698176 0.043246 0
vt 0.683309 0.037684 0
vt 0.690644 0.040457 0
vt 0.688797 0.032378 0
vt 0.693823 0.102817 0
vt 0.668524 0.048771 0
vt 0.707513 0.046575 0
vt 0.699876 0.024361 0
vt 0.708458 0.02667 0
vt 0.691877 0.031557 0
vt 0.686137 0.020746 0
vt 0.693109 0.022656 0
vt 0.69897 0.077126 0
vt 0.675383 0.034472 0
vt 0.664217 0.034603 0
vt 0.713702 0.038341 0
vt 0.70623 0.065103 0
vt 0.711923 0.046853 0
vt 0.711795 0.065173 0
vt 0.701137 0.092215 0
vt 0.679158 0.019396 0
vt 0.664133 0.021411 0
vt 0.717691 0.027276 0
vt 0.71378 0.059129 0
vt 0.717691 0.047217 0
vt 0.703951 0.09958 0
vt 0.714419 0.08382 0
vt 0.707931 0.093917 0
vt 0.668956 0.007786 0
vt 0.717691 0.038436 0
vt 0.717691 0.065633 0
vt 0.717691 0.061268 0
vt 0.712369 0.094993 0
vt 0.717691 0.082756 0
vt 0.717691 0.102421 0
vt 0.620039 0.912611 0
vt 0.619227 0.885419 0
vt 0.636408 0.912611 0
vt 0.634068 0.875971 0
vt 0.616496 0.871297 0
vt 0.625762 0.858729 0
vt 0.649892 0.870299 0
vt 0.643538 0.84359 0
vt 0.652972 0.912611 0
vt 0.648309 0.948949 0
vt 0.631662 0.943324 0
vt 0.662085 0.83465 0
vt 0.665729 0.954678 0
vt 0.668027 0.865947 0
vt 0.669974 0.912611 0
vt 0.613529 0.934473 0
vt 0.643015 0.976475 0
vt 0.624818 0.963234 0
vt 0.683013 0.957258 0
vt 0.662045 0.983684 0
vt 0.680616 0.986553 0
vt 0.684202 0.83079 0
vt 0.608912 0.948485 0
vt 0.685924 0.912611 0
vt 0.685967 0.864701 0
vt 0.70021 0.981687 0
vt 0.70271 0.912611 0
vt 0.701079 0.954536 0
vt 0.704922 0.834047 0
vt 0.716875 0.948721 0
vt 0.704341 0.867754 0
vt 0.718381 0.912611 0
vt 0.716982 0.972952 0
vt 0.720919 0.873403 0
vt 0.733375 0.94091 0
vt 0.73495 0.912611 0
vt 0.722968 0.842312 0
vt 0.733381 0.963125 0
vt 0.737533 0.881177 0
vt 0.75439 0.932683 0
vt 0.755131 0.912611 0
vt 0.739696 0.854575 0
vt 0.755679 0.947621 0
vt 0.757071 0.892832 0
vt 0.775967 0.923406 0
vt 0.77588 0.912611 0
vt 0.760061 0.873576 0
vt 0.776858 0.932435 0
vt 0.776884 0.903839 0
vt 0.789002 0.916857 0
vt 0.789054 0.912611 0
vt 0.779216 0.893294 0
vt 0.789462 0.921198 0
vt 0.789336 0.909353 0
vt 0.794526 0.912611 0
vt 0.790111 0.904911 0
vt 0.985725 0.955072 0
vt 0.970689 0.96488 0
vt 0.982756 0.941545 0
vt 0.968344 0.952257 0
vt 0.952128 0.962511 0
vt 0.953878 0.975803 0
vt 0.979979 0.936111 0
vt 0.981263 0.930588 0
vt 0.935548 0.969374 0
vt 0.936291 0.983179 0
vt 0.96633 0.942533 0
vt 0.978571 0.927056 0
vt 0.98326 0.922256 0
vt 0.918347 0.972438 0
vt 0.918882 0.987145 0
vt 0.95037 0.95012 0
vt 0.979933 0.917789 0
vt 0.90025 0.983231 0
vt 0.964612 0.927057 0
vt 0.934361 0.954965 0
vt 0.977404 0.91492 0
vt 0.978669 0.904998 0
vt 0.900645 0.968763 0
vt 0.884148 0.975747 0
vt 0.94854 0.927057 0
vt 0.917599 0.95702 0
vt 0.932511 0.927057 0
vt 0.967529 0.897969 0
vt 0.978782 0.89221 0
vt 0.885635 0.962457 0
vt 0.868186 0.967042 0
vt 0.915902 0.927056 0
vt 0.948998 0.902067 0
vt 0.933401 0.897452 0
vt 0.965308 0.909452 0
vt 0.969581 0.88445 0
vt 0.900808 0.954823 0
vt 0.869893 0.954818 0
vt 0.846733 0.953133 0
vt 0.949884 0.887627 0
vt 0.915559 0.893938 0
vt 0.934982 0.881459 0
vt 0.952897 0.873728 0
vt 0.885998 0.949595 0
vt 0.899465 0.927057 0
vt 0.84844 0.940865 0
vt 0.826598 0.941405 0
vt 0.935752 0.866271 0
vt 0.915626 0.876422 0
vt 0.884682 0.927056 0
vt 0.898665 0.896147 0
vt 0.853626 0.932328 0
vt 0.87076 0.942907 0
vt 0.828465 0.927056 0
vt 0.815549 0.927057 0
vt 0.814842 0.932644 0
vt 0.915252 0.861977 0
vt 0.897726 0.879031 0
vt 0.860606 0.927056 0
vt 0.843842 0.927056 0
vt 0.853128 0.91898 0
vt 0.883476 0.900099 0
vt 0.869864 0.927057 0
vt 0.809849 0.927057 0
vt 0.895999 0.865059 0
vt 0.846741 0.909372 0
vt 0.868643 0.907154 0
vt 0.866936 0.893355 0
vt 0.882059 0.884665 0
vt 0.814122 0.921601 0
vt 0.843533 0.896248 0
vt 0.824533 0.911736 0
vt 0.879132 0.871234 0
vt 0.863268 0.880767 0
vt 0.798793 0.849976 0
vt 0.802179 0.864778 0
vt 0.794381 0.857414 0
vt 0.800941 0.868598 0
vt 0.803832 0.870063 0
vt 0.803832 0.863146 0
vt 0.805849 0.86468 0
vt 0.806808 0.868464 0
vt 0.803832 0.84746 0
vt 0.811252 0.852789 0
vt 0.808041 0.84897 0
vt 0.800196 0.969344 0
vt 0.794138 0.962451 0
vt 0.800666 0.966345 0
vt 0.797099 0.956233 0
vt 0.806267 0.95379 0
vt 0.803283 0.965777 0
vt 0.801926 0.952609 0
vt 0.801089 0.964329 0
vt 0.801925 0.969054 0
vt 0.803713 0.969026 0
vt 0.807979 0.961925 0
vt 0.58404 0.927606 0
vt 0.579532 0.927576 0
vt 0.583402 0.917708 0
vt 0.57789 0.911106 0
vt 0.57372 0.935691 0
vt 0.579734 0.938023 0
vt 0.587678 0.913982 0
vt 0.577409 0.950953 0
vt 0.592081 0.902551 0
vt 0.562399 0.924093 0
vt 0.582751 0.885421 0
vt 0.565397 0.896875 0
vt 0.575575 0.954996 0
vt 0.59242 0.894835 0
vt 0.551636 0.918541 0
vt 0.564189 0.95505 0
vt 0.550928 0.946323 0
vt 0.558328 0.949562 0
vt 0.597558 0.872294 0
vt 0.569186 0.870999 0
vt 0.586827 0.857215 0
vt 0.541936 0.946389 0
vt 0.553297 0.888792 0
vt 0.541012 0.916537 0
vt 0.560125 0.962977 0
vt 0.552119 0.956996 0
vt 0.571568 0.967868 0
vt 0.602994 0.850113 0
vt 0.574333 0.83975 0
vt 0.540172 0.885689 0
vt 0.531403 0.948044 0
vt 0.529898 0.91598 0
vt 0.543371 0.959997 0
vt 0.566606 0.979995 0
vt 0.591294 0.832361 0
vt 0.607816 0.82802 0
vt 0.528303 0.885494 0
vt 0.531898 0.964997 0
vt 0.55711 0.989389 0
vt 0.595297 0.811343 0
vt 0.5789 0.81364 0
vt 0.519719 0.916533 0
vt 0.520808 0.949631 0
vt 0.582204 0.793413 0
vt 0.518408 0.887099 0
vt 0.521722 0.969157 0
vt 0.510243 0.917068 0
vt 0.510926 0.949681 0
vt 0.511473 0.971964 0
vt 0.50941 0.890317 0
vt 0.5 0.950214 0
vt 0.5 0.973042 0
vt 0.5 0.917262 0
vt 0.5 0.891377 0
vt 0.509182 0.866772 0
vt 0.489074 0.949681 0
vt 0.488527 0.971964 0
vt 0.5 0.866317 0
vt 0.49059 0.890317 0
vt 0.490818 0.866772 0
vt 0.489757 0.917068 0
vt 0.479192 0.949631 0
vt 0.478278 0.969157 0
vt 0.5 0.839668 0
vt 0.509971 0.839492 0
vt 0.481592 0.887099 0
vt 0.480281 0.916533 0
vt 0.468597 0.948044 0
vt 0.468102 0.964997 0
vt 0.5 0.816466 0
vt 0.511995 0.812278 0
vt 0.490029 0.839492 0
vt 0.471697 0.885494 0
vt 0.470102 0.91598 0
vt 0.456629 0.959997 0
vt 0.50755 0.802371 0
vt 0.513981 0.796133 0
vt 0.488005 0.812278 0
vt 0.459828 0.885689 0
vt 0.458988 0.916537 0
vt 0.458064 0.946389 0
vt 0.449072 0.946323 0
vt 0.447881 0.956996 0
vt 0.507985 0.794564 0
vt 0.5 0.807903 0
vt 0.503235 0.797441 0
vt 0.49245 0.802371 0
vt 0.486019 0.796133 0
vt 0.446703 0.888792 0
vt 0.441672 0.949562 0
vt 0.439875 0.962977 0
vt 0.448364 0.918541 0
vt 0.502955 0.794182 0
vt 0.501516 0.789697 0
vt 0.507893 0.785481 0
vt 0.492015 0.794564 0
vt 0.5 0.801566 0
vt 0.496765 0.797441 0
vt 0.435811 0.95505 0
vt 0.428431 0.967868 0
vt 0.433394 0.979995 0
vt 0.44289 0.989389 0
vt 0.437601 0.924093 0
vt 0.434603 0.896875 0
vt 0.5 0.778097 0
vt 0.5 0.789042 0
vt 0.497045 0.794182 0
vt 0.498484 0.789697 0
vt 0.492107 0.785481 0
vt 0.424425 0.954996 0
vt 0.42211 0.911106 0
vt 0.426279 0.935691 0
vt 0.417249 0.885421 0
vt 0.430814 0.870999 0
vt 0.422591 0.950953 0
vt 0.407919 0.902551 0
vt 0.420468 0.927576 0
vt 0.412322 0.913982 0
vt 0.416598 0.917708 0
vt 0.413173 0.857215 0
vt 0.425667 0.83975 0
vt 0.420266 0.938023 0
vt 0.40758 0.894835 0
vt 0.41596 0.927606 0
vt 0.408706 0.832361 0
vt 0.402442 0.872294 0
vt 0.397006 0.850113 0
vt 0.4211 0.81364 0
vt 0.392184 0.82802 0
vt 0.404703 0.811343 0
vt 0.417796 0.793413 0
vt 0.962445 0.841536 0
vt 0.942505 0.841537 0
vt 0.958333 0.815155 0
vt 0.940197 0.818322 0
vt 0.925829 0.841537 0
vt 0.953244 0.793047 0
vt 0.924118 0.816905 0
vt 0.906313 0.841537 0
vt 0.938724 0.794978 0
vt 0.949704 0.774904 0
vt 0.958261 0.769507 0
vt 0.965148 0.788651 0
vt 0.906377 0.814627 0
vt 0.884673 0.841537 0
vt 0.951011 0.755173 0
vt 0.93799 0.774919 0
vt 0.946285 0.76274 0
vt 0.966451 0.760892 0
vt 0.975597 0.778639 0
vt 0.923961 0.792585 0
vt 0.886351 0.810597 0
vt 0.942194 0.744449 0
vt 0.957138 0.745131 0
vt 0.947402 0.731055 0
vt 0.973905 0.752925 0
vt 0.984165 0.770237 0
vt 0.925351 0.770109 0
vt 0.90789 0.787393 0
vt 0.938583 0.758227 0
vt 0.952903 0.719089 0
vt 0.937216 0.717033 0
vt 0.94253 0.702708 0
vt 0.963536 0.735034 0
vt 0.979281 0.746758 0
vt 0.989248 0.764525 0
vt 0.889965 0.779629 0
vt 0.927924 0.75057 0
vt 0.911296 0.76246 0
vt 0.932139 0.733135 0
vt 0.957846 0.709523 0
vt 0.926619 0.703912 0
vt 0.947843 0.686991 0
vt 0.931455 0.687894 0
vt 0.968962 0.727972 0
vt 0.895994 0.751278 0
vt 0.915886 0.739872 0
vt 0.936142 0.669627 0
vt 0.916402 0.691999 0
vt 0.920483 0.67514 0
vt 0.902918 0.72646 0
vt 0.921187 0.720467 0
vt 0.924454 0.655421 0
vt 0.910135 0.707215 0
vt 0.037556 0.841536 0
vt 0.041667 0.815155 0
vt 0.057495 0.841537 0
vt 0.059803 0.818322 0
vt 0.046756 0.793047 0
vt 0.074171 0.841537 0
vt 0.061276 0.794978 0
vt 0.050296 0.774904 0
vt 0.041739 0.769507 0
vt 0.034852 0.788651 0
vt 0.075882 0.816905 0
vt 0.093687 0.841537 0
vt 0.048989 0.755173 0
vt 0.06201 0.774919 0
vt 0.053715 0.76274 0
vt 0.033549 0.760892 0
vt 0.024403 0.778639 0
vt 0.093623 0.814627 0
vt 0.115327 0.841537 0
vt 0.076039 0.792585 0
vt 0.057806 0.744449 0
vt 0.042863 0.745131 0
vt 0.052598 0.731055 0
vt 0.026095 0.752925 0
vt 0.015835 0.770237 0
vt 0.113649 0.810597 0
vt 0.074649 0.770109 0
vt 0.061417 0.758227 0
vt 0.047096 0.719089 0
vt 0.062784 0.717033 0
vt 0.05747 0.702708 0
vt 0.036464 0.735034 0
vt 0.020719 0.746758 0
vt 0.010752 0.764525 0
vt 0.09211 0.787393 0
vt 0.067861 0.733135 0
vt 0.072076 0.75057 0
vt 0.042154 0.709523 0
vt 0.073381 0.703912 0
vt 0.052157 0.686991 0
vt 0.068545 0.687894 0
vt 0.031038 0.727972 0
vt 0.110035 0.779629 0
vt 0.088704 0.76246 0
vt 0.063858 0.669627 0
vt 0.078813 0.720467 0
vt 0.083598 0.691999 0
vt 0.104006 0.751278 0
vt 0.084114 0.739872 0
vt 0.079517 0.67514 0
vt 0.075545 0.655421 0
vt 0.097082 0.72646 0
vt 0.089865 0.707215 0
vt 0.379961 0.912611 0
vt 0.363592 0.912611 0
vt 0.380773 0.885419 0
vt 0.365932 0.875971 0
vt 0.350108 0.870299 0
vt 0.347028 0.912611 0
vt 0.351691 0.948949 0
vt 0.368338 0.943324 0
vt 0.356462 0.84359 0
vt 0.374238 0.858729 0
vt 0.334271 0.954678 0
vt 0.331973 0.865947 0
vt 0.330026 0.912611 0
vt 0.386471 0.934473 0
vt 0.383504 0.871297 0
vt 0.337955 0.983684 0
vt 0.356985 0.976475 0
vt 0.337915 0.83465 0
vt 0.316987 0.957258 0
vt 0.314033 0.864701 0
vt 0.314076 0.912611 0
vt 0.375182 0.963234 0
vt 0.319384 0.986553 0
vt 0.315798 0.83079 0
vt 0.298921 0.954536 0
vt 0.29729 0.912611 0
vt 0.391088 0.948485 0
vt 0.29979 0.981687 0
vt 0.295078 0.834047 0
vt 0.283125 0.948721 0
vt 0.295659 0.867754 0
vt 0.281619 0.912611 0
vt 0.283018 0.972952 0
vt 0.279081 0.873403 0
vt 0.266625 0.94091 0
vt 0.26505 0.912611 0
vt 0.277032 0.842312 0
vt 0.266619 0.963125 0
vt 0.262467 0.881177 0
vt 0.24561 0.932683 0
vt 0.244869 0.912611 0
vt 0.260304 0.854575 0
vt 0.244321 0.947621 0
vt 0.242929 0.892832 0
vt 0.224033 0.923406 0
vt 0.22412 0.912611 0
vt 0.239939 0.873576 0
vt 0.223142 0.932435 0
vt 0.223116 0.903839 0
vt 0.210998 0.916857 0
vt 0.210946 0.912611 0
vt 0.220784 0.893294 0
vt 0.210538 0.921198 0
vt 0.210664 0.909353 0
vt 0.205474 0.912611 0
vt 0.209889 0.904911 0
vt 0.030419 0.88445 0
vt 0.047103 0.873728 0
vt 0.032471 0.897969 0
vt 0.050116 0.887627 0
vt 0.064248 0.866271 0
vt 0.051002 0.902067 0
vt 0.034692 0.909452 0
vt 0.022596 0.91492 0
vt 0.021331 0.904998 0
vt 0.065018 0.881459 0
vt 0.084374 0.876422 0
vt 0.084748 0.861977 0
vt 0.05146 0.927057 0
vt 0.066599 0.897452 0
vt 0.067489 0.927057 0
vt 0.020067 0.917789 0
vt 0.035388 0.927057 0
vt 0.021429 0.927056 0
vt 0.102274 0.879031 0
vt 0.104001 0.865059 0
vt 0.084098 0.927056 0
vt 0.065639 0.954965 0
vt 0.082401 0.95702 0
vt 0.084441 0.893938 0
vt 0.021218 0.89221 0
vt 0.01674 0.922256 0
vt 0.04963 0.95012 0
vt 0.03367 0.942533 0
vt 0.117941 0.884665 0
vt 0.120868 0.871234 0
vt 0.099192 0.954823 0
vt 0.081653 0.972438 0
vt 0.099355 0.968763 0
vt 0.101335 0.896147 0
vt 0.100535 0.927057 0
vt 0.018737 0.930588 0
vt 0.047872 0.962511 0
vt 0.020021 0.936111 0
vt 0.031656 0.952257 0
vt 0.133064 0.893355 0
vt 0.136732 0.880767 0
vt 0.064452 0.969374 0
vt 0.114365 0.962457 0
vt 0.09975 0.983231 0
vt 0.115852 0.975747 0
vt 0.115318 0.927056 0
vt 0.114002 0.949595 0
vt 0.017244 0.941545 0
vt 0.029311 0.96488 0
vt 0.116524 0.900099 0
vt 0.153259 0.909372 0
vt 0.156467 0.896248 0
vt 0.063709 0.983179 0
vt 0.046122 0.975803 0
vt 0.131814 0.967042 0
vt 0.081119 0.987145 0
vt 0.12924 0.942907 0
vt 0.130107 0.954818 0
vt 0.014275 0.955072 0
vt 0.131357 0.907154 0
vt 0.130136 0.927057 0
vt 0.171535 0.927056 0
vt 0.175468 0.911736 0
vt 0.153267 0.953133 0
vt 0.146374 0.932328 0
vt 0.15156 0.940865 0
vt 0.146872 0.91898 0
vt 0.139394 0.927056 0
vt 0.184451 0.927057 0
vt 0.185878 0.921601 0
vt 0.173402 0.941405 0
vt 0.156158 0.927056 0
vt 0.190151 0.927057 0
vt 0.185158 0.932644 0
vt 0.193192 0.868464 0
vt 0.188748 0.852789 0
vt 0.194151 0.86468 0
vt 0.191959 0.84897 0
vt 0.199059 0.868598 0
vt 0.197821 0.864778 0
vt 0.205619 0.857414 0
vt 0.201207 0.849976 0
vt 0.196168 0.870063 0
vt 0.196168 0.863146 0
vt 0.196168 0.84746 0
vt 0.199804 0.969344 0
vt 0.199334 0.966345 0
vt 0.205862 0.962451 0
vt 0.202901 0.956233 0
vt 0.196287 0.969026 0
vt 0.196717 0.965777 0
vt 0.198074 0.969054 0
vt 0.198911 0.964329 0
vt 0.198074 0.952609 0
vt 0.193733 0.95379 0
vt 0.192021 0.961925 0
vt 0.656506 0.028145 0
vt 1 0.612166 0
vt 0.989191 0.609104 0
vt 1 0.586169 0
vt 0.990162 0.585661 0
vt 0.981277 0.586567 0
vt 0.979826 0.605969 0
vt 0.990537 0.566599 0
vt 1 0.565543 0
vt 0.974446 0.588113 0
vt 0.97213 0.602697 0
vt 0.990628 0.547482 0
vt 1 0.547007 0
vt 0.980334 0.567807 0
vt 0.964018 0.599562 0
vt 0.991058 0.527803 0
vt 0.980132 0.547413 0
vt 0.968548 0.572421 0
vt 0.959806 0.573159 0
vt 0.955804 0.597821 0
vt 1 0.528451 0
vt 0.968786 0.546904 0
vt 0.979717 0.525743 0
vt 0.950087 0.582318 0
vt 0.991412 0.501509 0
vt 1 0.502514 0
vt 0.968934 0.524589 0
vt 0.980696 0.500135 0
vt 0.96972 0.499735 0
vt 0.954962 0.551733 0
vt 0.944328 0.572757 0
vt 1 0.473649 0
vt 0.958135 0.501699 0
vt 0.957598 0.52558 0
vt 0.980985 0.472153 0
vt 0.97016 0.471828 0
vt 0.941228 0.542954 0
vt 0.93858 0.562788 0
vt 0.991133 0.473331 0
vt 1 0.443448 0
vt 0.946319 0.505771 0
vt 0.958518 0.472695 0
vt 0.9455 0.474358 0
vt 0.947823 0.529353 0
vt 0.936854 0.558339 0
vt 0.991066 0.443616 0
vt 1 0.41254 0
vt 0.957113 0.445547 0
vt 0.939756 0.50957 0
vt 0.944402 0.446369 0
vt 0.930521 0.476286 0
vt 0.980866 0.443716 0
vt 0.969434 0.444343 0
vt 0.938641 0.542347 0
vt 0.989876 0.414486 0
vt 1 0.387117 0
vt 0.930772 0.446213 0
vt 0.929025 0.488485 0
vt 0.918689 0.47528 0
vt 0.92045 0.483514 0
vt 0.968008 0.41746 0
vt 0.95587 0.419042 0
vt 0.93727 0.512007 0
vt 0.989351 0.388956 0
vt 1 0.361639 0
vt 0.979493 0.416198 0
vt 0.917107 0.443686 0
vt 0.943585 0.419149 0
vt 0.930468 0.417827 0
vt 0.988852 0.36039 0
vt 1 0.326525 0
vt 0.978401 0.390539 0
vt 0.966629 0.39134 0
vt 0.916466 0.413339 0
vt 0.954686 0.393003 0
vt 0.942946 0.39345 0
vt 0.98915 0.326273 0
vt 1 0.279804 0
vt 0.977486 0.362008 0
vt 0.930526 0.392117 0
vt 0.917079 0.385799 0
vt 0.96483 0.363348 0
vt 0.952858 0.366672 0
vt 0.985819 0.28433 0
vt 0.976413 0.329414 0
vt 0.930979 0.368533 0
vt 0.919486 0.360485 0
vt 0.941792 0.369131 0
vt 0.971245 0.291678 0
vt 0.962229 0.334086 0
vt 0.931575 0.351811 0
vt 0.923924 0.339666 0
vt 0.949676 0.340732 0
vt 0.939249 0.347606 0
vt 0.95679 0.300189 0
vt 0.932455 0.32467 0
vt 0.943567 0.311788 0
vt 0.97279 0.047 0
vt 0.975981 0.054624 0
vt 0.970808 0.056582 0
vt 0.974119 0.063096 0
vt 0.98256 0.057191 0
vt 0.978349 0.043064 0
vt 0.964738 0.060713 0
vt 0.966288 0.04798 0
vt 0.982136 0.04105 0
vt 0.981077 0.02651 0
vt 0.963935 0.068407 0
vt 0.99088 0.053709 0
vt 0.987123 0.040226 0
vt 0.989496 0.032596 0
vt 0.992855 0.038973 0
vt 0.99668 0.034875 0
vt 0.995128 0.031439 0
vt 1 0.053699 0
vt 1 0.018782 0
vt 1 0.033825 0
vt 0.343494 0.028145 0
vt 0.335783 0.034603 0
vt 0.335867 0.021411 0
vt 0.320842 0.019396 0
vt 0.324617 0.034472 0
vt 0.331476 0.048771 0
vt 0.331044 0.007786 0
vt 0.325837 0.048267 0
vt 0.329918 0.055939 0
vt 0.316691 0.037684 0
vt 0.313863 0.020746 0
vt 0.32908 0.068876 0
vt 0.319608 0.04919 0
vt 0.311282 0.032032 0
vt 0.308318 0.032963 0
vt 0.306891 0.022656 0
vt 0.31241 0.054861 0
vt 0.313889 0.038743 0
vt 0.317424 0.047329 0
vt 0.305897 0.034426 0
vt 0.309356 0.040457 0
vt 0.311585 0.050973 0
vt 0.306313 0.04969 0
vt 0.303271 0.058923 0
vt 0.304243 0.074703 0
vt 0.307866 0.073896 0
vt 0.316167 0.081147 0
vt 0.321099 0.081047 0
vt 0.322732 0.07131 0
vt 0.300124 0.024361 0
vt 0.30103 0.077126 0
vt 0.303707 0.042549 0
vt 0.298244 0.061917 0
vt 0.301824 0.043246 0
vt 0.311638 0.089081 0
vt 0.306177 0.102817 0
vt 0.30559 0.041851 0
vt 0.29377 0.065103 0
vt 0.292487 0.046575 0
vt 0.298863 0.092215 0
vt 0.291542 0.02667 0
vt 0.288205 0.065173 0
vt 0.286119 0.038739 0
vt 0.287799 0.046871 0
vt 0.296049 0.09958 0
vt 0.282309 0.027276 0
vt 0.286056 0.05863 0
vt 0.285581 0.08382 0
vt 0.282309 0.065633 0
vt 0.282309 0.082756 0
vt 0.292069 0.093917 0
vt 0.282309 0.038436 0
vt 0.282309 0.047217 0
vt 0.282309 0.102421 0
vt 0.282309 0.061268 0
vt 0.287631 0.094993 0
vt 0 0.612166 0
vt 0 0.586169 0
vt 0.010809 0.609104 0
vt 0.009838 0.585661 0
vt 0.009463 0.566599 0
vt 0 0.565543 0
vt 0.018723 0.586567 0
vt 0.020174 0.605969 0
vt 0.009372 0.547482 0
vt 0 0.547007 0
vt 0.025554 0.588113 0
vt 0.02787 0.602697 0
vt 0.019868 0.547413 0
vt 0.019666 0.567807 0
vt 0.008942 0.527803 0
vt 0 0.528451 0
vt 0.035983 0.599562 0
vt 0.031214 0.546904 0
vt 0.031452 0.572421 0
vt 0.008588 0.501509 0
vt 0 0.502514 0
vt 0.020283 0.525743 0
vt 0.040194 0.573159 0
vt 0 0.473649 0
vt 0.019304 0.500135 0
vt 0.044196 0.597821 0
vt 0.031066 0.524589 0
vt 0.045038 0.551733 0
vt 0.042402 0.52558 0
vt 0.008867 0.473331 0
vt 0 0.443448 0
vt 0.03028 0.499735 0
vt 0.019015 0.472153 0
vt 0.02984 0.471828 0
vt 0.049913 0.582318 0
vt 0.041865 0.501699 0
vt 0.052177 0.529353 0
vt 0.053681 0.505771 0
vt 0.008934 0.443616 0
vt 0 0.41254 0
vt 0.041482 0.472695 0
vt 0.019134 0.443716 0
vt 0.030566 0.444343 0
vt 0.055673 0.572757 0
vt 0.060244 0.50957 0
vt 0.0545 0.474358 0
vt 0.010124 0.414486 0
vt 0 0.387117 0
vt 0.042887 0.445547 0
vt 0.020507 0.416198 0
vt 0.031992 0.41746 0
vt 0.058772 0.542954 0
vt 0.010649 0.388956 0
vt 0 0.361639 0
vt 0.04413 0.419042 0
vt 0.021599 0.390539 0
vt 0.033371 0.39134 0
vt 0.069479 0.476286 0
vt 0.055598 0.446369 0
vt 0.06142 0.562788 0
vt 0.011148 0.36039 0
vt 0 0.326525 0
vt 0.045314 0.393003 0
vt 0.022514 0.362008 0
vt 0.03517 0.363348 0
vt 0.070975 0.488485 0
vt 0.06273 0.512007 0
vt 0.056415 0.419149 0
vt 0.069228 0.446213 0
vt 0.063146 0.558339 0
vt 0.01085 0.326273 0
vt 0 0.279804 0
vt 0.023587 0.329414 0
vt 0.047142 0.366672 0
vt 0.037771 0.334086 0
vt 0.07955 0.483514 0
vt 0.061359 0.542347 0
vt 0.069532 0.417827 0
vt 0.081312 0.47528 0
vt 0.082893 0.443686 0
vt 0.014181 0.28433 0
vt 0.057054 0.39345 0
vt 0.028756 0.291678 0
vt 0.050324 0.340732 0
vt 0.04321 0.300189 0
vt 0.083534 0.413339 0
vt 0.058208 0.369131 0
vt 0.069474 0.392117 0
vt 0.056433 0.311788 0
vt 0.08292 0.385799 0
vt 0.069021 0.368533 0
vt 0.060751 0.347606 0
vt 0.067544 0.32467 0
vt 0.080514 0.360485 0
vt 0.068425 0.351811 0
vt 0.076076 0.339666 0
vt 0.02721 0.047 0
vt 0.029192 0.056582 0
vt 0.024019 0.054624 0
vt 0.025881 0.063096 0
vt 0.01744 0.057191 0
vt 0.036065 0.068407 0
vt 0.017864 0.04105 0
vt 0.012877 0.040226 0
vt 0.00912 0.053709 0
vt 0.035262 0.060713 0
vt 0.033712 0.04798 0
vt 0.021651 0.043064 0
vt 0.010504 0.032596 0
vt 0.007145 0.038973 0
vt 0.00332 0.034875 0
vt 0 0.033825 0
vt 0 0.053699 0
vt 0.018923 0.02651 0
vt 0.004872 0.031439 0
vt 0 0.018782 0
vt 0.502037 0.797019 0
vt 0.501859 0.794249 0
vt 0.5 0.799272 0
vt 0.497963 0.797019 0
vt 0.501064 0.791904 0
vt 0.5 0.796413 0
vt 0.498141 0.794249 0
vt 0.5 0.792948 0
vt 0.498936 0.791904 0
vt 0.306108 0.267741 0
vt 0.313506 0.371677 0
vt 0.30238 0.256904 0
vt 0.267464 0.442812 0
vt 0.260342 0.432039 0
vt 0.2942 0.260791 0
vt 0.287718 0.448273 0
vt 0.262446 0.391498 0
vt 0.287094 0.267032 0
vt 0.284952 0.456438 0
vt 0.26884 0.450097 0
vt 0.257356 0.366768 0
vt 0.277105 0.280362 0
vt 0.282376 0.464256 0
vt 0.266622 0.455437 0
vt 0.313506 0.412378 0
vt 0.255378 0.397872 0
vt 0.2677 0.298156 0
vt 0.294938 0.470282 0
vt 0.296225 0.461899 0
vt 0.298866 0.452153 0
vt 0.255236 0.353577 0
vt 0.260919 0.329297 0
vt 0.296053 0.486282 0
vt 0.313506 0.45591 0
vt 0.305273 0.465963 0
vt 0.304497 0.473346 0
vt 0.246894 0.359451 0
vt 0.260922 0.303517 0
vt 0.257675 0.3426 0
vt 0.276865 0.499376 0
vt 0.313506 0.472353 0
vt 0.243699 0.338068 0
vt 0.252457 0.316321 0
vt 0.313506 0.481255 0
vt 0.076795 0.226911 0
vt 0.073279 0.223979 0
vt 0.075539 0.217152 0
vt 0.073131 0.216079 0
vt 0.071114 0.215425 0
vt 0.072117 0.205407 0
vt 0.070197 0.226467 0
vt 0.387403 0.276744 0
vt 0.390305 0.270535 0
vt 0.415929 0.377622 0
vt 0.39227 0.264643 0
vt 0.398161 0.258878 0
vt 0.388031 0.2296 0
vt 0.40589 0.255306 0
vt 0.414312 0.254127 0
vt 0.395347 0.227511 0
vt 0.421689 0.25635 0
vt 0.430245 0.262513 0
vt 0.388031 0.198609 0
vt 0.395228 0.200756 0
vt 0.430245 0.230659 0
vt 0.404602 0.227422 0
vt 0.41364 0.227025 0
vt 0.388031 0.176628 0
vt 0.395206 0.176453 0
vt 0.422338 0.227843 0
vt 0.403998 0.20157 0
vt 0.381538 0.178153 0
vt 0.403576 0.177175 0
vt 0.430245 0.207525 0
vt 0.412801 0.202138 0
vt 0.421501 0.203619 0
vt 0.381811 0.156033 0
vt 0.382074 0.199907 0
vt 0.394653 0.155233 0
vt 0.412703 0.179331 0
vt 0.430245 0.185261 0
vt 0.373377 0.157395 0
vt 0.373446 0.13675 0
vt 0.374505 0.203589 0
vt 0.373422 0.180371 0
vt 0.403217 0.156085 0
vt 0.388031 0.15534 0
vt 0.421703 0.182082 0
vt 0.373915 0.111477 0
vt 0.381922 0.135295 0
vt 0.365539 0.183205 0
vt 0.365328 0.159954 0
vt 0.366058 0.138383 0
vt 0.412332 0.135804 0
vt 0.412579 0.157535 0
vt 0.388031 0.134414 0
vt 0.394726 0.134598 0
vt 0.430245 0.159819 0
vt 0.368694 0.081665 0
vt 0.374865 0.082082 0
vt 0.366631 0.2084 0
vt 0.36678 0.112677 0
vt 0.360146 0.140635 0
vt 0.403126 0.135332 0
vt 0.4119 0.117068 0
vt 0.421516 0.159128 0
vt 0.381331 0.112164 0
vt 0.388031 0.115956 0
vt 0.380152 0.084426 0
vt 0.360045 0.185127 0
vt 0.359658 0.162395 0
vt 0.359949 0.116721 0
vt 0.402645 0.114135 0
vt 0.421184 0.135484 0
vt 0.394578 0.113407 0
vt 0.359493 0.082793 0
vt 0.37678 0.046225 0
vt 0.388031 0.092384 0
vt 0.360283 0.211949 0
vt 0.353521 0.164798 0
vt 0.353179 0.14302 0
vt 0.410637 0.094777 0
vt 0.420451 0.113331 0
vt 0.430245 0.135077 0
vt 0.353662 0.117465 0
vt 0.396252 0.058887 0
vt 0.394348 0.090087 0
vt 0.364917 0.243045 0
vt 0.353849 0.187554 0
vt 0.400977 0.090477 0
vt 0.430245 0.111772 0
vt 0.346747 0.145446 0
vt 0.347001 0.119449 0
vt 0.359772 0.277469 0
vt 0.359143 0.243043 0
vt 0.353958 0.214552 0
vt 0.414871 0.05354 0
vt 0.417913 0.088105 0
vt 0.425289 0.084783 0
vt 0.353809 0.081651 0
vt 0.351271 0.048738 0
vt 0.347118 0.167817 0
vt 0.340448 0.12255 0
vt 0.340448 0.091403 0
vt 0.363902 0.279733 0
vt 0.358874 0.378484 0
vt 0.355965 0.275726 0
vt 0.353212 0.243781 0
vt 0.347829 0.085331 0
vt 0.347231 0.190493 0
vt 0.367585 0.281901 0
vt 0.35228 0.274594 0
vt 0.346841 0.24479 0
vt 0.340448 0.147372 0
vt 0.347266 0.217012 0
vt 0.332077 0.277431 0
vt 0.337942 0.275053 0
vt 0.34733 0.274006 0
vt 0.332749 0.123985 0
vt 0.340448 0.170728 0
vt 0.340448 0.219685 0
vt 0.326714 0.28065 0
vt 0.341672 0.273824 0
vt 0.335547 0.094463 0
vt 0.330715 0.15046 0
vt 0.340448 0.194085 0
vt 0.340448 0.246058 0
vt 0.337212 0.074825 0
vt 0.325412 0.121999 0
vt 0.331449 0.094416 0
vt 0.319362 0.145924 0
vt 0.356027 0.53842 0
vt 0.351605 0.53735 0
vt 0.357492 0.514603 0
vt 0.345284 0.536625 0
vt 0.351477 0.51475 0
vt 0.345176 0.515121 0
vt 0.351709 0.492346 0
vt 0.339379 0.53671 0
vt 0.358328 0.48974 0
vt 0.344812 0.495517 0
vt 0.338961 0.514882 0
vt 0.351285 0.46935 0
vt 0.338298 0.496978 0
vt 0.3584 0.463939 0
vt 0.34394 0.475111 0
vt 0.337285 0.476865 0
vt 0.349356 0.448055 0
vt 0.33107 0.484552 0
vt 0.335948 0.459257 0
vt 0.34237 0.454632 0
vt 0.356103 0.440724 0
vt 0.340171 0.435463 0
vt 0.334384 0.442787 0
vt 0.345767 0.428809 0
vt 0.335589 0.423595 0
vt 0.351913 0.419493 0
vt 0.338784 0.421242 0
vt 0.345731 0.412497 0
vt 0.337656 0.405024 0
vt 0.342299 0.417595 0
vt 0.135468 0.530849 0
vt 0.136955 0.5212 0
vt 0.141377 0.527121 0
vt 0.142021 0.49679 0
vt 0.146236 0.517165 0
vt 0.151834 0.495662 0
vt 0.148987 0.526066 0
vt 0.156563 0.519965 0
vt 0.156348 0.528061 0
vt 0.253877 0.118202 0
vt 0.249024 0.113499 0
vt 0.252826 0.097921 0
vt 0.24647 0.087524 0
vt 0.243936 0.111489 0
vt 0.244375 0.058889 0
vt 0.239822 0.086254 0
vt 0.243145 0.087942 0
vt 0.238537 0.113301 0
vt 0.235956 0.087212 0
vt 0.232056 0.117452 0
vt 0.097773 0.377422 0
vt 0.104992 0.343843 0
vt 0.110686 0.374673 0
vt 0.111744 0.348009 0
vt 0.118038 0.321882 0
vt 0.118038 0.372063 0
vt 0.118038 0.346911 0
vt 0.118038 0.391094 0
vt 0.260052 0.067931 0
vt 0.346972 0.805883 0
vt 0.349571 0.790265 0
vt 0.351788 0.800971 0
vt 0.353247 0.774898 0
vt 0.358727 0.757517 0
vt 0.357247 0.779676 0
vt 0.362935 0.775836 0
vt 0.356852 0.79882 0
vt 0.362251 0.800747 0
vt 0.366133 0.790312 0
vt 0.368852 0.804347 0
vt 0.306109 0.211274 0
vt 0.308948 0.195862 0
vt 0.315394 0.199985 0
vt 0.311907 0.179877 0
vt 0.315551 0.159418 0
vt 0.320165 0.178862 0
vt 0.323999 0.195042 0
vt 0.327369 0.210066 0
vt 0.11253 0.319085 0
vt 0.746123 0.118202 0
vt 0.747174 0.097921 0
vt 0.750976 0.113499 0
vt 0.75353 0.087524 0
vt 0.755625 0.058889 0
vt 0.756064 0.111489 0
vt 0.760178 0.086254 0
vt 0.756855 0.087942 0
vt 0.764044 0.087212 0
vt 0.761463 0.113301 0
vt 0.767944 0.117452 0
vt 0.723135 0.499376 0
vt 0.703947 0.486282 0
vt 0.717624 0.464256 0
vt 0.705062 0.470282 0
vt 0.695503 0.473346 0
vt 0.73116 0.450097 0
vt 0.733378 0.455437 0
vt 0.686494 0.481255 0
vt 0.715047 0.456438 0
vt 0.686494 0.472353 0
vt 0.703775 0.461899 0
vt 0.732536 0.442812 0
vt 0.686494 0.45591 0
vt 0.694727 0.465963 0
vt 0.712282 0.448273 0
vt 0.701134 0.452153 0
vt 0.686494 0.371677 0
vt 0.739658 0.432039 0
vt 0.686494 0.412378 0
vt 0.737554 0.391498 0
vt 0.69762 0.256904 0
vt 0.7058 0.260791 0
vt 0.742644 0.366768 0
vt 0.693892 0.267741 0
vt 0.712906 0.267032 0
vt 0.744622 0.397872 0
vt 0.722895 0.280362 0
vt 0.744764 0.353577 0
vt 0.7323 0.298156 0
vt 0.753106 0.359451 0
vt 0.739081 0.329297 0
vt 0.742325 0.3426 0
vt 0.756301 0.338068 0
vt 0.739078 0.303517 0
vt 0.747543 0.316321 0
vt 0.902227 0.377422 0
vt 0.889314 0.374673 0
vt 0.895008 0.343843 0
vt 0.881962 0.372063 0
vt 0.888256 0.348009 0
vt 0.881962 0.346911 0
vt 0.881962 0.321882 0
vt 0.881962 0.391094 0
vt 0.739948 0.067931 0
vt 0.927884 0.205407 0
vt 0.928886 0.215425 0
vt 0.926869 0.216079 0
vt 0.926721 0.223979 0
vt 0.929803 0.226467 0
vt 0.924461 0.217152 0
vt 0.923205 0.226911 0
vt 0.653028 0.805883 0
vt 0.648212 0.800971 0
vt 0.650429 0.790265 0
vt 0.646753 0.774898 0
vt 0.643148 0.79882 0
vt 0.642753 0.779676 0
vt 0.637749 0.800747 0
vt 0.641273 0.757517 0
vt 0.637064 0.775836 0
vt 0.631148 0.804347 0
vt 0.633867 0.790312 0
vt 0.693891 0.211274 0
vt 0.684606 0.199985 0
vt 0.691052 0.195862 0
vt 0.684449 0.159418 0
vt 0.688093 0.179877 0
vt 0.679835 0.178862 0
vt 0.672631 0.210066 0
vt 0.676001 0.195042 0
vt 0.88747 0.319085 0
vt 0.044081 0.645474 0
vt 0.034464 0.656444 0
vt 0.023786 0.64745 0
vt 0.019774 0.663984 0
vt 0.015543 0.630957 0
vt 0.612597 0.276744 0
vt 0.584071 0.377622 0
vt 0.609695 0.270535 0
vt 0.585688 0.254127 0
vt 0.59411 0.255306 0
vt 0.60773 0.264643 0
vt 0.58636 0.227025 0
vt 0.601839 0.258878 0
vt 0.578311 0.25635 0
vt 0.577662 0.227843 0
vt 0.595398 0.227422 0
vt 0.611969 0.2296 0
vt 0.569755 0.230659 0
vt 0.578499 0.203619 0
vt 0.604653 0.227511 0
vt 0.569755 0.262513 0
vt 0.587199 0.202138 0
vt 0.569755 0.207525 0
vt 0.596002 0.20157 0
vt 0.604772 0.200756 0
vt 0.611969 0.198609 0
vt 0.569755 0.185261 0
vt 0.587297 0.179331 0
vt 0.604794 0.176453 0
vt 0.611969 0.176628 0
vt 0.578297 0.182082 0
vt 0.596424 0.177175 0
vt 0.618462 0.178153 0
vt 0.569755 0.159819 0
vt 0.587421 0.157535 0
vt 0.605347 0.155233 0
vt 0.617926 0.199907 0
vt 0.578816 0.135483 0
vt 0.578484 0.159128 0
vt 0.596783 0.156085 0
vt 0.611969 0.15534 0
vt 0.618189 0.156033 0
vt 0.626578 0.180371 0
vt 0.569755 0.135077 0
vt 0.587668 0.135804 0
vt 0.626554 0.13675 0
vt 0.626623 0.157395 0
vt 0.611969 0.134414 0
vt 0.625495 0.203589 0
vt 0.579549 0.113331 0
vt 0.596874 0.135332 0
vt 0.618078 0.135295 0
vt 0.626085 0.111477 0
vt 0.633942 0.138383 0
vt 0.634461 0.183205 0
vt 0.569755 0.111772 0
vt 0.5881 0.117068 0
vt 0.597355 0.114135 0
vt 0.605274 0.134598 0
vt 0.631306 0.081665 0
vt 0.63322 0.112677 0
vt 0.618669 0.112164 0
vt 0.634672 0.159954 0
vt 0.633369 0.2084 0
vt 0.574711 0.084783 0
vt 0.589363 0.094777 0
vt 0.611969 0.115956 0
vt 0.625135 0.082082 0
vt 0.640507 0.082793 0
vt 0.640051 0.116721 0
vt 0.639854 0.140635 0
vt 0.640342 0.162395 0
vt 0.639955 0.185127 0
vt 0.639717 0.211949 0
vt 0.585129 0.05354 0
vt 0.582087 0.088105 0
vt 0.605422 0.113407 0
vt 0.619848 0.084426 0
vt 0.623219 0.046225 0
vt 0.646338 0.117465 0
vt 0.646042 0.214552 0
vt 0.640857 0.243043 0
vt 0.646821 0.14302 0
vt 0.646151 0.187554 0
vt 0.635083 0.243045 0
vt 0.599023 0.090477 0
vt 0.611969 0.092384 0
vt 0.646479 0.164798 0
vt 0.652734 0.217012 0
vt 0.646788 0.243781 0
vt 0.644035 0.275726 0
vt 0.640228 0.277469 0
vt 0.603748 0.058887 0
vt 0.605652 0.090087 0
vt 0.648729 0.048738 0
vt 0.646191 0.081651 0
vt 0.652999 0.119449 0
vt 0.653253 0.145446 0
vt 0.652769 0.190493 0
vt 0.653159 0.24479 0
vt 0.64772 0.274594 0
vt 0.641126 0.378484 0
vt 0.636098 0.279733 0
vt 0.659552 0.091403 0
vt 0.652171 0.085331 0
vt 0.652882 0.167817 0
vt 0.659552 0.219685 0
vt 0.632415 0.281901 0
vt 0.65267 0.274006 0
vt 0.664453 0.094463 0
vt 0.659552 0.12255 0
vt 0.659552 0.147372 0
vt 0.659552 0.170728 0
vt 0.659552 0.194085 0
vt 0.662058 0.275053 0
vt 0.667923 0.277431 0
vt 0.659551 0.246058 0
vt 0.658328 0.273824 0
vt 0.668552 0.094416 0
vt 0.667251 0.123985 0
vt 0.662788 0.074825 0
vt 0.673286 0.28065 0
vt 0.669285 0.15046 0
vt 0.674588 0.121999 0
vt 0.680637 0.145924 0
vt 0.643973 0.53842 0
vt 0.642508 0.514603 0
vt 0.648395 0.53735 0
vt 0.648523 0.51475 0
vt 0.641672 0.48974 0
vt 0.648291 0.492346 0
vt 0.654716 0.536625 0
vt 0.648715 0.46935 0
vt 0.654824 0.515121 0
vt 0.6416 0.463939 0
vt 0.655188 0.495517 0
vt 0.660621 0.53671 0
vt 0.643897 0.440724 0
vt 0.650644 0.448055 0
vt 0.65606 0.475111 0
vt 0.661702 0.496978 0
vt 0.661039 0.514882 0
vt 0.648087 0.419493 0
vt 0.654233 0.428809 0
vt 0.657629 0.454632 0
vt 0.662715 0.476865 0
vt 0.654269 0.412497 0
vt 0.659829 0.435463 0
vt 0.66893 0.484552 0
vt 0.664052 0.459257 0
vt 0.657701 0.417595 0
vt 0.661216 0.421242 0
vt 0.665616 0.442787 0
vt 0.662344 0.405024 0
vt 0.664411 0.423595 0
vt 0.858623 0.527121 0
vt 0.851013 0.526066 0
vt 0.853764 0.517165 0
vt 0.864532 0.530849 0
vt 0.863045 0.5212 0
vt 0.857979 0.49679 0
vt 0.848166 0.495662 0
vt 0.843437 0.519965 0
vt 0.843652 0.528061 0
vt 0.955919 0.645474 0
vt 0.976214 0.647449 0
vt 0.965536 0.656444 0
vt 0.984457 0.630957 0
vt 0.980227 0.663984 0
vt 0.353953 0.40141 0
vt 0.345792 0.404364 0
vt 0.331205 0.414709 0
vt 0.32619 0.428241 0
vt 0.246929 0.297617 0
vt 0.259367 0.287989 0
vt 0.247428 0.375154 0
vt 0.10358 0.507208 0
vt 0.103119 0.521911 0
vt 0.094361 0.529764 0
vt 0.090204 0.550883 0
vt 0.11897 0.562363 0
vt 0.114931 0.516173 0
vt 0.084359 0.547777 0
vt 0.086755 0.527393 0
vt 0.10672 0.51314 0
vt 0.090306 0.592383 0
vt 0.081886 0.56903 0
vt 0.110181 0.506877 0
vt 0.11897 0.606307 0
vt 0.083432 0.604051 0
vt 0.115943 0.493633 0
vt 0.114866 0.507343 0
vt 0.11897 0.5152 0
vt 0.095447 0.606393 0
vt 0.079554 0.581391 0
vt 0.11897 0.50533 0
vt 0.084682 0.616582 0
vt 0.454978 0.527781 0
vt 0.448942 0.512815 0
vt 0.455742 0.513834 0
vt 0.440421 0.4921 0
vt 0.078955 0.558533 0
vt 0.474956 0.498274 0
vt 0.468124 0.476438 0
vt 0.476516 0.482633 0
vt 0.474089 0.445145 0
vt 0.482349 0.439982 0
vt 0.488434 0.449427 0
vt 0.477534 0.46817 0
vt 0.455873 0.472195 0
vt 0.466715 0.46118 0
vt 0.475465 0.463122 0
vt 0.456704 0.459757 0
vt 0.474342 0.45477 0
vt 0.444121 0.468236 0
vt 0.466061 0.448513 0
vt 0.454626 0.484303 0
vt 0.445753 0.456057 0
vt 0.457081 0.448139 0
vt 0.442394 0.479939 0
vt 0.466625 0.488397 0
vt 0.457356 0.436914 0
vt 0.446905 0.446099 0
vt 0.435703 0.451706 0
vt 0.464714 0.502519 0
vt 0.465539 0.496922 0
vt 0.466139 0.436565 0
vt 0.447931 0.435757 0
vt 0.428488 0.478556 0
vt 0.45366 0.498441 0
vt 0.433129 0.461271 0
vt 0.437559 0.442633 0
vt 0.440383 0.422017 0
vt 0.448835 0.423026 0
vt 0.457726 0.423476 0
vt 0.430759 0.470009 0
vt 0.425629 0.447174 0
vt 0.428822 0.438007 0
vt 0.439071 0.433188 0
vt 0.474301 0.433427 0
vt 0.466335 0.422793 0
vt 0.449508 0.410096 0
vt 0.416271 0.46674 0
vt 0.419184 0.460881 0
vt 0.421908 0.455171 0
vt 0.437839 0.498796 0
vt 0.426258 0.484956 0
vt 0.361775 0.390968 0
vt 0.431524 0.429379 0
vt 0.433342 0.419127 0
vt 0.474788 0.421188 0
vt 0.441367 0.409677 0
vt 0.458074 0.410267 0
vt 0.423798 0.491278 0
vt 0.414324 0.469809 0
vt 0.434629 0.40601 0
vt 0.484325 0.428441 0
vt 0.466691 0.409708 0
vt 0.449654 0.390968 0
vt 0.44727 0.51678 0
vt 0.411427 0.471756 0
vt 0.435671 0.390968 0
vt 0.486088 0.418295 0
vt 0.466384 0.390968 0
vt 0.475243 0.408776 0
vt 0.442025 0.390968 0
vt 0.457899 0.390968 0
vt 0.444407 0.526711 0
vt 0.445789 0.521704 0
vt 0.434978 0.507022 0
vt 0.419162 0.486537 0
vt 0.4845 0.406092 0
vt 0.491862 0.405678 0
vt 0.475487 0.390968 0
vt 0.441736 0.53135 0
vt 0.432251 0.51488 0
vt 0.423947 0.502004 0
vt 0.485228 0.390968 0
vt 0.428913 0.526232 0
vt 0.422897 0.519899 0
vt 0.489142 0.390968 0
vt 0.89642 0.507208 0
vt 0.905639 0.529764 0
vt 0.896881 0.521911 0
vt 0.909796 0.550883 0
vt 0.913245 0.527393 0
vt 0.915641 0.547777 0
vt 0.88103 0.562363 0
vt 0.918114 0.56903 0
vt 0.885069 0.516173 0
vt 0.916568 0.604051 0
vt 0.909693 0.592383 0
vt 0.89328 0.51314 0
vt 0.904553 0.606393 0
vt 0.88103 0.606307 0
vt 0.88103 0.5152 0
vt 0.889819 0.506877 0
vt 0.915319 0.616582 0
vt 0.88103 0.50533 0
vt 0.885134 0.507343 0
vt 0.884057 0.493633 0
vt 0.545022 0.527781 0
vt 0.544258 0.513834 0
vt 0.551058 0.512815 0
vt 0.559579 0.4921 0
vt 0.921045 0.558533 0
vt 0.920446 0.581391 0
vt 0.525044 0.498274 0
vt 0.523484 0.482633 0
vt 0.531876 0.476438 0
vt 0.525911 0.445145 0
vt 0.511567 0.449427 0
vt 0.517651 0.439982 0
vt 0.522466 0.46817 0
vt 0.524535 0.463122 0
vt 0.525658 0.45477 0
vt 0.533285 0.46118 0
vt 0.544127 0.472195 0
vt 0.543296 0.459757 0
vt 0.533939 0.448513 0
vt 0.555879 0.468236 0
vt 0.542919 0.448139 0
vt 0.545375 0.484303 0
vt 0.554247 0.456057 0
vt 0.533861 0.436565 0
vt 0.542644 0.436914 0
vt 0.557606 0.479939 0
vt 0.533375 0.488397 0
vt 0.553095 0.446099 0
vt 0.525699 0.433427 0
vt 0.533665 0.422793 0
vt 0.564297 0.451706 0
vt 0.534461 0.496922 0
vt 0.535286 0.502519 0
vt 0.552069 0.435758 0
vt 0.525212 0.421188 0
vt 0.566871 0.461271 0
vt 0.562441 0.442633 0
vt 0.54634 0.498441 0
vt 0.542274 0.423476 0
vt 0.551165 0.423026 0
vt 0.515675 0.428441 0
vt 0.513912 0.418295 0
vt 0.569241 0.470009 0
vt 0.560929 0.433188 0
vt 0.571178 0.438007 0
vt 0.533309 0.409708 0
vt 0.559617 0.422017 0
vt 0.541926 0.410267 0
vt 0.508138 0.405678 0
vt 0.515499 0.406092 0
vt 0.574371 0.447174 0
vt 0.571512 0.478556 0
vt 0.568476 0.429379 0
vt 0.550492 0.410096 0
vt 0.566658 0.419127 0
vt 0.524757 0.408776 0
vt 0.533616 0.390968 0
vt 0.514772 0.390968 0
vt 0.578092 0.455172 0
vt 0.580816 0.460881 0
vt 0.573742 0.484956 0
vt 0.638225 0.390968 0
vt 0.558633 0.409677 0
vt 0.550346 0.390968 0
vt 0.524513 0.390968 0
vt 0.542101 0.390968 0
vt 0.510858 0.390968 0
vt 0.562161 0.498796 0
vt 0.583729 0.46674 0
vt 0.565371 0.40601 0
vt 0.557975 0.390968 0
vt 0.585676 0.469809 0
vt 0.564329 0.390968 0
vt 0.576202 0.491278 0
vt 0.565022 0.507022 0
vt 0.55273 0.51678 0
vt 0.588573 0.471756 0
vt 0.554211 0.521704 0
vt 0.555593 0.526711 0
vt 0.580838 0.486537 0
vt 0.558264 0.53135 0
vt 0.567749 0.51488 0
vt 0.576053 0.502004 0
vt 0.571087 0.526232 0
vt 0.577103 0.519899 0
vt 0.646047 0.40141 0
vt 0.654208 0.404364 0
vt 0.668795 0.414709 0
vt 0.67381 0.428241 0
vt 0.75307 0.297617 0
vt 0.740633 0.287989 0
vt 0.752572 0.375154 0
vt 0.665124 0.68935 0
vt 0.691982 0.688562 0
vt 0.690284 0.712037 0
vt 0.710918 0.664344 0
vt 0.710132 0.695163 0
vt 0.726779 0.698993 0
vt 0.708102 0.725653 0
vt 0.692752 0.663774 0
vt 0.688136 0.734367 0
vt 0.744531 0.70134 0
vt 0.743261 0.739724 0
vt 0.665945 0.670622 0
vt 0.727504 0.664298 0
vt 0.663803 0.706654 0
vt 0.725016 0.734329 0
vt 0.691631 0.635761 0
vt 0.71049 0.631407 0
vt 0.72694 0.628983 0
vt 0.704815 0.756068 0
vt 0.682877 0.753239 0
vt 0.762015 0.702305 0
vt 0.708709 0.602042 0
vt 0.744942 0.664067 0
vt 0.665898 0.6534 0
vt 0.744576 0.626907 0
vt 0.696779 0.784462 0
vt 0.740886 0.780758 0
vt 0.660763 0.724209 0
vt 0.725131 0.595266 0
vt 0.761677 0.741742 0
vt 0.689318 0.61452 0
vt 0.762035 0.62544 0
vt 0.721196 0.77149 0
vt 0.743262 0.589815 0
vt 0.762159 0.66384 0
vt 0.761201 0.783958 0
vt 0.665502 0.629275 0
vt 0.687131 0.59885 0
vt 0.705034 0.574572 0
vt 0.714568 0.809311 0
vt 0.740676 0.549124 0
vt 0.780626 0.701744 0
vt 0.781463 0.740066 0
vt 0.761727 0.587094 0
vt 0.760932 0.829747 0
vt 0.697211 0.545746 0
vt 0.721052 0.559581 0
vt 0.73685 0.825151 0
vt 0.780404 0.663742 0
vt 0.802392 0.733247 0
vt 0.783226 0.780796 0
vt 0.780697 0.627337 0
vt 0.761084 0.545059 0
vt 0.664015 0.611316 0
vt 0.714024 0.522065 0
vt 0.682878 0.580316 0
vt 0.786571 0.822784 0
vt 0.800453 0.698408 0
vt 0.805927 0.768866 0
vt 0.781544 0.587067 0
vt 0.736167 0.505169 0
vt 0.662506 0.606565 0
vt 0.811741 0.803898 0
vt 0.799698 0.663812 0
vt 0.820217 0.696111 0
vt 0.822516 0.724621 0
vt 0.760212 0.498868 0
vt 0.78318 0.545801 0
vt 0.802172 0.590934 0
vt 0.826824 0.75434 0
vt 0.832531 0.779645 0
vt 0.800439 0.629641 0
vt 0.819279 0.666964 0
vt 0.785921 0.503405 0
vt 0.848766 0.756801 0
vt 0.837652 0.694773 0
vt 0.839963 0.717134 0
vt 0.822925 0.600579 0
vt 0.820378 0.635285 0
vt 0.805528 0.553965 0
vt 0.843937 0.738548 0
vt 0.836748 0.671837 0
vt 0.83797 0.644035 0
vt 0.810871 0.518486 0
vt 0.84049 0.615618 0
vt 0.857374 0.726582 0
vt 0.860842 0.739341 0
vt 0.854086 0.71067 0
vt 0.852233 0.693927 0
vt 0.852807 0.655562 0
vt 0.827528 0.569289 0
vt 0.844795 0.592527 0
vt 0.869245 0.71677 0
vt 0.871551 0.725548 0
vt 0.851784 0.677276 0
vt 0.865775 0.696609 0
vt 0.85505 0.634556 0
vt 0.83375 0.543717 0
vt 0.851454 0.573465 0
vt 0.877682 0.710289 0
vt 0.879103 0.716636 0
vt 0.866908 0.70568 0
vt 0.865838 0.669785 0
vt 0.865094 0.683796 0
vt 0.858913 0.618347 0
vt 0.864675 0.605619 0
vt 0.886873 0.706598 0
vt 0.876122 0.697352 0
vt 0.876563 0.703434 0
vt 0.867023 0.657225 0
vt 0.876304 0.681233 0
vt 0.874825 0.638372 0
vt 0.887221 0.710072 0
vt 0.8867 0.703158 0
vt 0.875704 0.689843 0
vt 0.870236 0.646772 0
vt 0.877593 0.674449 0
vt 0.894661 0.709289 0
vt 0.887824 0.693529 0
vt 0.88279 0.662602 0
vt 0.879809 0.667755 0
vt 0.888073 0.687589 0
vt 0.887713 0.690772 0
vt 0.888639 0.698588 0
vt 0.890715 0.679518 0
vt 0.900213 0.697205 0
vt 0.889053 0.683694 0
vt 0.334876 0.68935 0
vt 0.309716 0.712037 0
vt 0.308018 0.688562 0
vt 0.289868 0.695163 0
vt 0.291898 0.725653 0
vt 0.289082 0.664344 0
vt 0.307248 0.663774 0
vt 0.311864 0.734367 0
vt 0.273221 0.698993 0
vt 0.28951 0.631407 0
vt 0.308369 0.635761 0
vt 0.336197 0.706654 0
vt 0.272496 0.664298 0
vt 0.334055 0.670622 0
vt 0.274984 0.734329 0
vt 0.27306 0.628983 0
vt 0.274869 0.595266 0
vt 0.291291 0.602042 0
vt 0.310682 0.61452 0
vt 0.317123 0.753239 0
vt 0.295185 0.756068 0
vt 0.256739 0.739724 0
vt 0.255469 0.70134 0
vt 0.334102 0.6534 0
vt 0.255424 0.626907 0
vt 0.312869 0.59885 0
vt 0.256738 0.589815 0
vt 0.303221 0.784462 0
vt 0.339237 0.724209 0
vt 0.278804 0.77149 0
vt 0.259114 0.780758 0
vt 0.237985 0.702305 0
vt 0.334498 0.629275 0
vt 0.255058 0.664067 0
vt 0.294966 0.574572 0
vt 0.259324 0.549124 0
vt 0.278948 0.559581 0
vt 0.239068 0.829747 0
vt 0.238798 0.783958 0
vt 0.285432 0.809311 0
vt 0.238323 0.741742 0
vt 0.335985 0.611316 0
vt 0.237965 0.62544 0
vt 0.239788 0.498868 0
vt 0.263833 0.50517 0
vt 0.285976 0.522065 0
vt 0.302789 0.545746 0
vt 0.26315 0.825151 0
vt 0.237841 0.66384 0
vt 0.213429 0.822784 0
vt 0.216774 0.780795 0
vt 0.218537 0.740066 0
vt 0.317122 0.580316 0
vt 0.238273 0.587094 0
vt 0.238916 0.545059 0
vt 0.219373 0.701744 0
vt 0.188259 0.803897 0
vt 0.337494 0.606565 0
vt 0.219303 0.627337 0
vt 0.21682 0.545801 0
vt 0.214079 0.503405 0
vt 0.218456 0.587067 0
vt 0.197608 0.733247 0
vt 0.167469 0.779645 0
vt 0.173176 0.75434 0
vt 0.194073 0.768866 0
vt 0.219596 0.663742 0
vt 0.194472 0.553965 0
vt 0.189129 0.518486 0
vt 0.197828 0.590934 0
vt 0.151234 0.756801 0
vt 0.177484 0.724621 0
vt 0.199547 0.698408 0
vt 0.199561 0.629641 0
vt 0.172472 0.569289 0
vt 0.156063 0.738548 0
vt 0.179783 0.696111 0
vt 0.200302 0.663812 0
vt 0.177075 0.600579 0
vt 0.16625 0.543717 0
vt 0.142626 0.726582 0
vt 0.160037 0.717134 0
vt 0.180721 0.666964 0
vt 0.179622 0.635285 0
vt 0.148546 0.573465 0
vt 0.139158 0.739341 0
vt 0.162348 0.694773 0
vt 0.145914 0.71067 0
vt 0.16203 0.644035 0
vt 0.15951 0.615618 0
vt 0.155205 0.592527 0
vt 0.128449 0.725548 0
vt 0.130755 0.71677 0
vt 0.163252 0.671837 0
vt 0.133092 0.70568 0
vt 0.134225 0.696609 0
vt 0.147767 0.693927 0
vt 0.135325 0.605619 0
vt 0.14495 0.634556 0
vt 0.120897 0.716636 0
vt 0.122318 0.710289 0
vt 0.148216 0.677276 0
vt 0.147193 0.655562 0
vt 0.123437 0.703434 0
vt 0.123878 0.697352 0
vt 0.141087 0.618347 0
vt 0.112779 0.710072 0
vt 0.113127 0.706598 0
vt 0.132977 0.657225 0
vt 0.134906 0.683796 0
vt 0.124296 0.689843 0
vt 0.1133 0.703158 0
vt 0.125175 0.638372 0
vt 0.105339 0.709289 0
vt 0.134162 0.669785 0
vt 0.129764 0.646772 0
vt 0.123696 0.681233 0
vt 0.111361 0.698588 0
vt 0.120191 0.667755 0
vt 0.11721 0.662602 0
vt 0.112176 0.693529 0
vt 0.112287 0.690772 0
vt 0.111927 0.687589 0
vt 0.122407 0.674449 0
vt 0.109285 0.679518 0
vt 0.099787 0.697205 0
vt 0.110947 0.683694 0
vt 0.437418 0.061141 0
vt 0.435257 0.076715 0
vt 0.43269 0.076417 0
vt 0.438534 0.074498 0
vt 0.434497 0.089697 0
vt 0.430484 0.089061 0
vt 0.439254 0.08937 0
vt 0.434305 0.114325 0
vt 0.438717 0.115241 0
vt 0.434326 0.137894 0
vt 0.438161 0.13903 0
vt 0.447212 0.093808 0
vt 0.437959 0.162158 0
vt 0.433513 0.161299 0
vt 0.445689 0.118852 0
vt 0.443528 0.071691 0
vt 0.438117 0.185958 0
vt 0.433234 0.185652 0
vt 0.453793 0.096068 0
vt 0.452633 0.120724 0
vt 0.444853 0.142138 0
vt 0.449272 0.074788 0
vt 0.433324 0.206384 0
vt 0.454917 0.077147 0
vt 0.459964 0.123369 0
vt 0.452107 0.144454 0
vt 0.444391 0.164558 0
vt 0.448925 0.053906 0
vt 0.438408 0.20777 0
vt 0.460523 0.097772 0
vt 0.460447 0.07836 0
vt 0.459521 0.146489 0
vt 0.451544 0.166918 0
vt 0.456362 0.032271 0
vt 0.452052 0.056031 0
vt 0.44403 0.186858 0
vt 0.433078 0.228793 0
vt 0.459291 0.057427 0
vt 0.467866 0.098896 0
vt 0.459514 0.169238 0
vt 0.45572 0.057503 0
vt 0.444371 0.208855 0
vt 0.433078 0.259765 0
vt 0.465784 0.077601 0
vt 0.467866 0.125206 0
vt 0.467866 0.148154 0
vt 0.451225 0.188462 0
vt 0.462243 0.05632 0
vt 0.437821 0.231076 0
vt 0.477262 0.150399 0
vt 0.467866 0.171284 0
vt 0.459198 0.190174 0
vt 0.451506 0.209801 0
vt 0.437821 0.258036 0
vt 0.463347 0.378671 0
vt 0.488942 0.128142 0
vt 0.488249 0.152111 0
vt 0.477377 0.126692 0
vt 0.459322 0.210897 0
vt 0.443785 0.231464 0
vt 0.477391 0.173604 0
vt 0.443785 0.255898 0
vt 0.467866 0.192109 0
vt 0.450878 0.231568 0
vt 0.5 0.152693 0
vt 0.488449 0.258381 0
vt 0.5 0.265776 0
vt 0.450878 0.253968 0
vt 0.47159 0.073541 0
vt 0.478389 0.101811 0
vt 0.488269 0.175438 0
vt 0.477497 0.194231 0
vt 0.467866 0.212228 0
vt 0.488449 0.236937 0
vt 0.459019 0.252396 0
vt 0.480655 0.078372 0
vt 0.5 0.128323 0
vt 0.47781 0.21423 0
vt 0.459019 0.231651 0
vt 0.5 0.176159 0
vt 0.477417 0.254036 0
vt 0.477417 0.23424 0
vt 0.5 0.239524 0
vt 0.476287 0.055209 0
vt 0.489937 0.103842 0
vt 0.488238 0.196597 0
vt 0.467866 0.232385 0
vt 0.467866 0.252135 0
vt 0.511058 0.128142 0
vt 0.511551 0.236937 0
vt 0.5 0.217642 0
vt 0.482903 0.058103 0
vt 0.5 0.103082 0
vt 0.5 0.1975 0
vt 0.488567 0.216654 0
vt 0.511751 0.152111 0
vt 0.511551 0.258381 0
vt 0.481416 0.036134 0
vt 0.490463 0.080662 0
vt 0.510063 0.103842 0
vt 0.511731 0.175438 0
vt 0.511433 0.216654 0
vt 0.536653 0.378671 0
vt 0.48777 0.014208 0
vt 0.485277 0.038591 0
vt 0.5 0.078897 0
vt 0.509537 0.080662 0
vt 0.521611 0.101811 0
vt 0.511762 0.196597 0
vt 0.522738 0.150399 0
vt 0.522583 0.23424 0
vt 0.522583 0.254036 0
vt 0.489716 0.039806 0
vt 0.490475 0.060033 0
vt 0.495977 0.058092 0
vt 0.519345 0.078372 0
vt 0.522609 0.173604 0
vt 0.52219 0.21423 0
vt 0.522623 0.126692 0
vt 0.532134 0.252135 0
vt 0.492152 0.038256 0
vt 0.504023 0.058092 0
vt 0.52841 0.073541 0
vt 0.522503 0.194231 0
vt 0.532134 0.232385 0
vt 0.532134 0.098896 0
vt 0.532134 0.125206 0
vt 0.532134 0.148154 0
vt 0.532134 0.171284 0
vt 0.540981 0.252396 0
vt 0.549122 0.253968 0
vt 0.509525 0.060033 0
vt 0.517097 0.058103 0
vt 0.532134 0.212228 0
vt 0.523713 0.055209 0
vt 0.540486 0.169238 0
vt 0.532134 0.192109 0
vt 0.549122 0.231568 0
vt 0.510284 0.039806 0
vt 0.540981 0.231651 0
vt 0.556215 0.255898 0
vt 0.518584 0.036134 0
vt 0.540479 0.146489 0
vt 0.540802 0.190174 0
vt 0.507848 0.038256 0
vt 0.556215 0.231464 0
vt 0.540678 0.210897 0
vt 0.566921 0.259765 0
vt 0.514723 0.038591 0
vt 0.540036 0.123369 0
vt 0.548456 0.166918 0
vt 0.51223 0.014208 0
vt 0.548494 0.209801 0
vt 0.562179 0.258036 0
vt 0.548775 0.188462 0
vt 0.547893 0.144454 0
vt 0.555629 0.208855 0
vt 0.562179 0.231076 0
vt 0.566922 0.228793 0
vt 0.539477 0.097772 0
vt 0.555609 0.164558 0
vt 0.55597 0.186858 0
vt 0.561592 0.20777 0
vt 0.534216 0.077601 0
vt 0.547367 0.120724 0
vt 0.555147 0.142138 0
vt 0.566676 0.206384 0
vt 0.561883 0.185958 0
vt 0.539553 0.07836 0
vt 0.546207 0.096068 0
vt 0.554311 0.118852 0
vt 0.566766 0.185652 0
vt 0.562041 0.162158 0
vt 0.537757 0.05632 0
vt 0.545083 0.077147 0
vt 0.552788 0.093808 0
vt 0.566487 0.161299 0
vt 0.561839 0.13903 0
vt 0.543638 0.032271 0
vt 0.540709 0.057427 0
vt 0.550728 0.074788 0
vt 0.561282 0.115241 0
vt 0.547948 0.056031 0
vt 0.54428 0.057503 0
vt 0.565674 0.137894 0
vt 0.560746 0.08937 0
vt 0.551075 0.053906 0
vt 0.565695 0.114325 0
vt 0.556472 0.071691 0
vt 0.561466 0.074498 0
vt 0.564743 0.076715 0
vt 0.565503 0.089697 0
vt 0.562582 0.061141 0
vt 0.56731 0.076417 0
vt 0.569516 0.089061 0
vt 0.470969 0.76886 0
vt 0.471059 0.750269 0
vt 0.475389 0.766729 0
vt 0.466954 0.739127 0
vt 0.474522 0.747412 0
vt 0.470331 0.73621 0
vt 0.479299 0.766489 0
vt 0.470022 0.711374 0
vt 0.478802 0.746342 0
vt 0.465692 0.70887 0
vt 0.474192 0.733625 0
vt 0.483144 0.74685 0
vt 0.46556 0.700051 0
vt 0.470316 0.697315 0
vt 0.474043 0.710934 0
vt 0.483222 0.765253 0
vt 0.478674 0.732964 0
vt 0.483168 0.732978 0
vt 0.471975 0.675113 0
vt 0.473699 0.697233 0
vt 0.487639 0.748426 0
vt 0.486686 0.763635 0
vt 0.479185 0.711002 0
vt 0.480373 0.694864 0
vt 0.491755 0.738219 0
vt 0.488177 0.735432 0
vt 0.485978 0.673003 0
vt 0.483935 0.696865 0
vt 0.48925 0.714213 0
vt 0.489179 0.699115 0
vt 0.483495 0.712439 0
vt 0.494634 0.709598 0
vt 0.49293 0.698955 0
vt 0.529031 0.76886 0
vt 0.524611 0.766729 0
vt 0.528941 0.750269 0
vt 0.533046 0.739127 0
vt 0.525478 0.747412 0
vt 0.529669 0.73621 0
vt 0.520701 0.766489 0
vt 0.529978 0.711374 0
vt 0.516778 0.765253 0
vt 0.516856 0.74685 0
vt 0.521198 0.746342 0
vt 0.534308 0.70887 0
vt 0.525808 0.733625 0
vt 0.513314 0.763635 0
vt 0.512361 0.748426 0
vt 0.529684 0.697315 0
vt 0.516832 0.732978 0
vt 0.525957 0.710934 0
vt 0.508245 0.738219 0
vt 0.53444 0.700051 0
vt 0.521326 0.732964 0
vt 0.511823 0.735432 0
vt 0.526301 0.697233 0
vt 0.528025 0.675113 0
vt 0.520815 0.711002 0
vt 0.51075 0.714213 0
vt 0.519627 0.694864 0
vt 0.505366 0.709598 0
vt 0.516505 0.712439 0
vt 0.516065 0.696865 0
vt 0.514022 0.673003 0
vt 0.510821 0.699115 0
vt 0.50707 0.698955 0
# 3271 texture coords

usemtl Material #12
s 1
f 1/1/1 2/2/2 3/3/3
f 1/1/4 4/4/5 2/2/6
f 1/1/7 3/3/8 5/5/9
f 1/1/10 6/6/11 4/4/12
f 1/1/13 5/5/14 7/7/15
f 1/1/16 8/8/17 6/6/18
f 1/1/19 7/7/20 9/9/21
f 1/1/22 9/9/23 8/8/24
f 2/2/25 10/10/26 3/3/27
f 2/2/28 4/4/29 11/11/30
f 2/2/31 12/12/32 10/10/33
f 2/2/34 11/11/35 13/13/36
f 2/2/37 13/13/38 12/12/39
f 5/5/40 14/14/41 7/7/42
f 5/5/43 3/3/44 15/15/45
f 5/5/46 16/16/47 14/14/48
f 5/5/49 15/15/50 16/16/51
f 15/15/52 3/3/53 10/10/54
f 9/9/55 7/7/56 17/17/57
f 9/9/58 17/17/59 18/18/60
f 7/7/61 14/14/62 17/17/63
f 11/11/64 19/19/65 13/13/66
f 12/12/67 13/13/68 20/20/69
f 16/16/70 21/21/71 14/14/72
f 18/18/73 17/17/74 22/22/75
f 18/18/76 22/22/77 23/23/78
f 19/19/79 24/24/80 13/13/81
f 19/19/82 25/25/83 24/24/84
f 19/19/85 26/26/86 25/25/87
f 13/13/88 24/24/89 20/20/90
f 21/21/91 27/27/92 14/14/93
f 21/21/94 28/28/95 27/27/96
f 17/17/97 27/27/98 22/22/99
f 17/17/100 14/14/101 27/27/102
f 23/23/103 22/22/104 29/29/105
f 23/23/106 29/29/107 30/30/108
f 26/26/109 31/31/110 25/25/111
f 26/26/112 32/32/113 31/31/114
f 24/24/115 33/33/116 20/20/117
f 24/24/118 25/25/119 34/34/120
f 24/24/121 34/34/122 33/33/123
f 28/28/124 35/35/125 27/27/126
f 28/28/127 36/36/128 35/35/129
f 22/22/130 35/35/131 29/29/132
f 22/22/133 27/27/134 35/35/135
f 30/30/136 29/29/137 37/37/138
f 30/30/139 37/37/140 38/38/141
f 31/31/142 39/39/143 25/25/144
f 25/25/145 39/39/146 34/34/147
f 36/36/148 40/40/149 35/35/150
f 36/36/151 41/41/152 40/40/153
f 29/29/154 40/40/155 37/37/156
f 29/29/157 35/35/158 40/40/159
f 38/38/160 37/37/161 42/42/162
f 38/38/163 42/42/164 43/43/165
f 38/38/166 43/43/167 44/44/168
f 41/41/169 45/45/170 40/40/171
f 41/41/172 46/46/173 45/45/174
f 37/37/175 45/45/176 42/42/177
f 37/37/178 40/40/179 45/45/180
f 43/43/181 47/47/182 44/44/183
f 43/43/184 42/42/185 48/48/186
f 43/43/187 49/49/188 47/47/189
f 43/43/190 48/48/191 49/49/192
f 46/46/193 50/50/194 45/45/195
f 46/46/196 51/51/197 50/50/198
f 42/42/199 50/50/200 48/48/201
f 42/42/202 45/45/203 50/50/204
f 44/44/205 47/47/206 52/52/207
f 49/49/208 48/48/209 53/53/210
f 49/49/211 54/54/212 47/47/213
f 49/49/214 53/53/215 55/55/216
f 49/49/217 55/55/218 54/54/219
f 51/51/220 56/56/221 50/50/222
f 51/51/223 57/57/224 56/56/225
f 48/48/226 56/56/227 53/53/228
f 48/48/229 50/50/230 56/56/231
f 52/52/232 47/47/233 58/58/234
f 52/52/235 58/58/236 59/59/237
f 52/52/238 59/59/239 60/60/240
f 47/47/241 54/54/242 58/58/243
f 55/55/244 53/53/245 61/61/246
f 55/55/247 62/62/248 54/54/249
f 55/55/250 61/61/251 63/63/252
f 55/55/253 63/63/254 62/62/255
f 57/57/256 64/64/257 56/56/258
f 57/57/259 65/65/260 64/64/261
f 53/53/262 64/64/263 61/61/264
f 53/53/265 56/56/266 64/64/267
f 59/59/268 66/66/269 60/60/270
f 59/59/271 58/58/272 67/67/273
f 59/59/274 68/68/275 66/66/276
f 59/59/277 67/67/278 68/68/279
f 54/54/280 62/62/281 69/69/282
f 54/54/283 69/69/284 58/58/285
f 58/58/286 69/69/287 67/67/288
f 63/63/289 61/61/290 70/70/291
f 63/63/292 71/71/293 62/62/294
f 63/63/295 70/70/296 72/72/297
f 63/63/298 73/73/299 71/71/300
f 63/63/301 72/72/302 73/73/303
f 65/65/304 74/74/305 64/64/306
f 65/65/307 75/75/308 74/74/309
f 65/65/310 76/76/311 75/75/312
f 74/74/313 61/61/314 64/64/315
f 74/74/316 75/75/317 70/70/318
f 74/74/319 70/70/320 61/61/321
f 60/60/322 66/66/323 77/77/324
f 68/68/325 67/67/326 78/78/327
f 68/68/328 79/79/329 66/66/330
f 68/68/331 78/78/332 80/80/333
f 68/68/334 80/80/335 79/79/336
f 69/69/337 62/62/338 81/81/339
f 69/69/340 82/82/341 67/67/342
f 69/69/343 81/81/344 82/82/345
f 67/67/346 82/82/347 78/78/348
f 71/71/349 73/73/350 83/83/351
f 71/71/352 84/84/353 62/62/354
f 71/71/355 83/83/356 84/84/357
f 62/62/358 84/84/359 81/81/360
f 72/72/361 70/70/362 85/85/363
f 72/72/364 86/86/365 73/73/366
f 72/72/367 85/85/368 86/86/369
f 75/75/370 87/87/371 70/70/372
f 70/70/373 87/87/374 85/85/375
f 77/77/376 66/66/377 88/88/378
f 77/77/379 88/88/380 89/89/381
f 77/77/382 89/89/383 32/90/384
f 66/66/385 79/79/386 88/88/387
f 80/80/388 78/78/389 90/91/390
f 80/80/391 91/92/392 79/79/393
f 80/80/394 90/91/395 92/93/396
f 80/80/397 93/94/398 91/92/399
f 80/80/400 92/93/401 93/94/402
f 79/79/403 91/92/404 88/88/405
f 82/82/406 81/81/407 94/95/408
f 82/82/409 94/95/410 78/78/411
f 78/78/412 94/95/413 90/91/414
f 81/81/415 84/84/416 94/95/417
f 83/83/418 73/73/419 95/96/420
f 73/73/421 86/86/422 95/96/423
f 87/87/424 96/97/425 85/85/426
f 89/89/427 31/98/428 32/90/429
f 89/89/430 88/88/431 97/99/432
f 89/89/433 98/100/434 31/98/435
f 89/89/436 97/99/437 98/100/438
f 97/99/439 88/88/440 91/92/441
f 92/93/442 99/101/443 93/94/444
f 92/93/445 90/91/446 100/102/447
f 92/93/448 101/103/449 99/101/450
f 92/93/451 100/102/452 101/103/453
f 90/91/454 94/95/455 100/102/456
f 86/86/457 102/104/458 95/96/459
f 86/86/460 85/85/461 103/105/462
f 86/86/463 104/106/464 102/104/465
f 86/86/466 103/105/467 104/106/468
f 85/85/469 96/97/470 103/105/471
f 31/98/472 98/100/473 39/107/474
f 99/101/475 101/103/476 105/108/477
f 100/102/478 106/109/479 101/103/480
f 102/104/481 104/106/482 107/110/483
f 96/97/484 108/111/485 103/105/486
f 105/108/487 101/103/488 109/112/489
f 105/108/490 109/112/491 110/113/492
f 101/103/493 106/109/494 109/112/495
f 104/106/496 111/114/497 107/110/498
f 104/106/499 103/105/500 111/114/501
f 108/111/502 112/115/503 103/105/504
f 108/111/505 113/116/506 112/115/507
f 103/105/508 112/115/509 111/114/510
f 110/113/511 109/112/512 114/117/513
f 106/109/514 115/118/515 109/112/516
f 107/110/517 111/114/518 116/119/519
f 107/110/520 116/119/521 117/120/522
f 107/110/523 117/120/524 118/121/525
f 111/114/526 112/115/527 116/119/528
f 113/116/529 119/122/530 112/115/531
f 113/116/532 120/123/533 119/122/534
f 112/115/535 119/122/536 116/119/537
f 114/117/538 109/112/539 121/124/540
f 114/117/541 121/124/542 122/125/543
f 109/112/544 115/118/545 121/124/546
f 117/120/547 123/126/548 118/121/549
f 117/120/550 116/119/551 124/127/552
f 117/120/553 125/128/554 123/126/555
f 117/120/556 124/127/557 125/128/558
f 123/126/559 125/128/560 122/125/561
f 123/126/562 121/124/563 115/118/564
f 123/126/565 115/118/566 118/121/567
f 123/126/568 122/125/569 121/124/570
f 116/119/571 119/122/572 124/127/573
f 120/123/574 126/129/575 119/122/576
f 120/123/577 127/130/578 126/129/579
f 126/129/580 124/127/581 119/122/582
f 128/131/583 129/132/584 130/133/585
f 129/132/586 131/134/587 130/133/588
f 129/132/589 132/135/590 131/134/591
f 129/132/592 133/136/593 132/135/594
f 130/133/595 131/134/596 134/137/597
f 133/136/598 135/138/599 132/135/600
f 133/136/601 136/139/602 135/138/603
f 131/134/604 137/140/605 134/137/606
f 131/134/607 132/135/608 138/141/609
f 131/134/610 138/141/611 137/140/612
f 132/135/613 135/138/614 138/141/615
f 136/139/616 139/142/617 135/138/618
f 136/139/619 140/143/620 139/142/621
f 134/137/622 137/140/623 141/144/624
f 138/141/625 135/138/626 142/145/627
f 138/141/628 143/146/629 137/140/630
f 138/141/631 142/145/632 143/146/633
f 140/143/634 144/147/635 139/142/636
f 140/143/637 145/148/638 144/147/639
f 141/144/640 137/140/641 146/149/642
f 141/144/643 146/149/644 147/150/645
f 137/140/646 143/146/647 146/149/648
f 135/138/649 148/151/650 142/145/651
f 135/138/652 139/142/653 148/151/654
f 145/148/655 149/152/656 144/147/657
f 145/148/658 150/153/659 149/152/660
f 147/150/661 146/149/662 151/154/663
f 143/146/664 142/145/665 152/155/666
f 143/146/667 153/156/668 146/149/669
f 143/146/670 152/155/671 153/156/672
f 146/149/673 153/156/674 151/154/675
f 139/142/676 154/157/677 148/151/678
f 139/142/679 144/147/680 154/157/681
f 150/153/682 155/158/683 149/152/684
f 150/153/685 156/159/686 155/158/687
f 142/145/688 157/160/689 152/155/690
f 142/145/691 148/151/692 157/160/693
f 153/156/694 158/161/695 151/154/696
f 153/156/697 152/155/698 159/162/699
f 153/156/700 159/162/701 158/161/702
f 144/147/703 160/163/704 154/157/705
f 144/147/706 149/152/707 160/163/708
f 156/159/709 161/164/710 155/158/711
f 148/151/712 162/165/713 157/160/714
f 148/151/715 154/157/716 162/165/717
f 152/155/718 163/166/719 159/162/720
f 152/155/721 157/160/722 163/166/723
f 158/161/724 159/162/725 164/167/726
f 149/152/727 165/168/728 160/163/729
f 149/152/730 155/158/731 165/168/732
f 161/164/733 166/169/734 155/158/735
f 161/164/736 167/170/737 166/169/738
f 154/157/739 168/171/740 162/165/741
f 154/157/742 160/163/743 168/171/744
f 157/160/745 169/172/746 163/166/747
f 157/160/748 162/165/749 169/172/750
f 159/162/751 170/173/752 164/167/753
f 159/162/754 163/166/755 170/173/756
f 165/168/757 155/158/758 171/174/759
f 165/168/760 172/175/761 160/163/762
f 165/168/763 171/174/764 173/176/765
f 165/168/766 173/176/767 172/175/768
f 166/169/769 167/170/770 171/174/771
f 166/169/772 171/174/773 155/158/774
f 160/163/775 172/175/776 168/171/777
f 162/165/778 174/177/779 169/172/780
f 162/165/781 168/171/782 174/177/783
f 163/166/784 175/178/785 170/173/786
f 163/166/787 169/172/788 175/178/789
f 173/176/790 171/174/791 176/179/792
f 173/176/793 177/180/794 172/175/795
f 173/176/796 176/179/797 178/181/798
f 173/176/799 178/181/800 177/180/801
f 171/174/802 167/170/803 176/179/804
f 168/171/805 179/182/806 174/177/807
f 168/171/808 172/175/809 179/182/810
f 172/175/811 177/180/812 179/182/813
f 169/172/814 180/183/815 175/178/816
f 169/172/817 174/177/818 180/183/819
f 178/181/820 176/179/821 130/184/822
f 178/181/823 181/185/824 177/180/825
f 178/181/826 130/184/827 134/186/828
f 178/181/829 134/186/830 181/185/831
f 167/170/832 128/187/833 176/179/834
f 176/179/835 128/187/836 130/184/837
f 179/182/838 182/188/839 174/177/840
f 179/182/841 177/180/842 183/189/843
f 179/182/844 183/189/845 182/188/846
f 182/188/847 180/183/848 174/177/849
f 177/180/850 181/185/851 183/189/852
f 134/186/853 141/190/854 181/185/855
f 183/189/856 181/185/857 184/191/858
f 181/185/859 141/190/860 184/191/861
f 141/190/862 147/192/863 184/191/864
f 106/193/865 185/194/866 115/195/867
f 185/194/868 186/196/869 115/195/870
f 185/194/871 187/197/872 186/196/873
f 115/195/874 186/196/875 188/198/876
f 115/195/877 188/198/878 118/199/879
f 187/197/880 189/200/881 186/196/882
f 187/197/883 190/201/884 189/200/885
f 188/198/886 191/202/887 118/199/888
f 188/198/889 186/196/890 192/203/891
f 188/198/892 192/203/893 191/202/894
f 186/196/895 189/200/896 192/203/897
f 190/201/898 193/204/899 189/200/900
f 190/201/901 194/205/902 193/204/903
f 118/199/904 191/202/905 107/206/906
f 192/203/907 189/200/908 195/207/909
f 192/203/910 196/208/911 191/202/912
f 192/203/913 195/207/914 196/208/915
f 189/200/916 193/204/917 195/207/918
f 194/205/919 197/209/920 193/204/921
f 107/206/922 191/202/923 198/210/924
f 107/206/925 198/210/926 102/211/927
f 196/208/928 195/207/929 199/212/930
f 196/208/931 200/213/932 191/202/933
f 196/208/934 199/212/935 201/214/936
f 196/208/937 201/214/938 200/213/939
f 191/202/940 200/213/941 198/210/942
f 197/209/943 202/215/944 193/204/945
f 197/209/946 203/216/947 202/215/948
f 195/207/949 202/215/950 199/212/951
f 195/207/952 193/204/953 202/215/954
f 102/211/955 198/210/956 204/217/957
f 102/211/958 204/217/959 95/218/960
f 201/214/961 205/219/962 200/213/963
f 201/214/964 199/212/965 206/220/966
f 201/214/967 207/221/968 205/219/969
f 201/214/970 206/220/971 207/221/972
f 203/216/973 208/222/974 202/215/975
f 203/216/976 209/223/977 208/222/978
f 199/212/979 208/222/980 206/220/981
f 199/212/982 202/215/983 208/222/984
f 198/210/985 210/224/986 204/217/987
f 198/210/988 200/213/989 210/224/990
f 200/213/991 205/219/992 210/224/993
f 95/218/994 204/217/995 211/225/996
f 95/218/997 211/225/998 83/226/999
f 207/221/1000 206/220/1001 212/227/1002
f 207/221/1003 213/228/1004 205/219/1005
f 207/221/1006 212/227/1007 214/229/1008
f 207/221/1009 214/229/1010 213/228/1011
f 209/223/1012 215/230/1013 208/222/1014
f 215/230/1015 206/220/1016 208/222/1017
f 215/230/1018 212/227/1019 206/220/1020
f 210/224/1021 216/231/1022 204/217/1023
f 210/224/1024 205/219/1025 217/232/1026
f 210/224/1027 217/232/1028 216/231/1029
f 205/219/1030 213/228/1031 217/232/1032
f 204/217/1033 216/231/1034 211/225/1035
f 83/226/1036 211/225/1037 218/233/1038
f 83/226/1039 218/233/1040 84/234/1041
f 214/229/1042 219/235/1043 213/228/1044
f 217/232/1045 220/236/1046 216/231/1047
f 217/232/1048 213/228/1049 221/237/1050
f 217/232/1051 221/237/1052 220/236/1053
f 213/228/1054 219/235/1055 221/237/1056
f 211/225/1057 222/238/1058 218/233/1059
f 211/225/1060 216/231/1061 222/238/1062
f 216/231/1063 220/236/1064 222/238/1065
f 84/234/1066 218/233/1067 94/239/1068
f 219/235/1069 223/240/1070 221/237/1071
f 220/236/1072 224/241/1073 222/238/1074
f 220/236/1075 221/237/1076 225/242/1077
f 220/236/1078 225/242/1079 224/241/1080
f 221/237/1081 223/240/1082 225/242/1083
f 218/233/1084 226/243/1085 94/239/1086
f 218/233/1087 222/238/1088 227/244/1089
f 218/233/1090 227/244/1091 226/243/1092
f 222/238/1093 224/241/1094 227/244/1095
f 223/240/1096 228/245/1097 225/242/1098
f 223/240/1099 229/246/1100 228/245/1101
f 94/239/1102 226/243/1103 100/247/1104
f 226/243/1105 227/244/1106 100/247/1107
f 224/241/1108 225/242/1109 230/248/1110
f 224/241/1111 231/249/1112 227/244/1113
f 224/241/1114 230/248/1115 231/249/1116
f 227/244/1117 231/249/1118 100/247/1119
f 225/242/1120 228/245/1121 230/248/1122
f 229/246/1123 190/250/1124 228/245/1125
f 229/246/1126 194/251/1127 190/250/1128
f 231/249/1129 106/252/1130 100/247/1131
f 231/249/1132 230/248/1133 185/253/1134
f 231/249/1135 185/253/1136 106/252/1137
f 228/245/1138 190/250/1139 187/254/1140
f 228/245/1141 187/254/1142 230/248/1143
f 230/248/1144 187/254/1145 185/253/1146
f 127/255/1147 232/256/1148 126/257/1149
f 232/256/1150 233/258/1151 126/257/1152
f 232/256/1153 234/259/1154 233/258/1155
f 126/257/1156 233/258/1157 124/260/1158
f 234/259/1159 235/261/1160 233/258/1161
f 234/259/1162 236/262/1163 235/261/1164
f 124/260/1165 233/258/1166 237/263/1167
f 124/260/1168 237/263/1169 238/264/1170
f 124/260/1171 238/264/1172 125/265/1173
f 233/258/1174 235/261/1175 237/263/1176
f 236/262/1177 239/266/1178 235/261/1179
f 236/262/1180 240/267/1181 239/266/1182
f 238/264/1183 241/268/1184 125/265/1185
f 238/264/1186 237/263/1187 136/269/1188
f 238/264/1189 133/270/1190 241/268/1191
f 238/264/1192 136/269/1193 133/270/1194
f 235/261/1195 239/266/1196 242/271/1197
f 235/261/1198 242/271/1199 237/263/1200
f 237/263/1201 242/271/1202 136/269/1203
f 240/267/1204 243/272/1205 239/266/1206
f 240/267/1207 244/273/1208 243/272/1209
f 125/265/1210 241/268/1211 122/274/1212
f 133/270/1213 129/275/1214 241/268/1215
f 242/271/1216 245/276/1217 136/269/1218
f 242/271/1219 239/266/1220 245/276/1221
f 244/273/1222 246/277/1223 243/272/1224
f 244/273/1225 247/278/1226 246/277/1227
f 122/274/1228 241/268/1229 248/279/1230
f 122/274/1231 248/279/1232 114/280/1233
f 241/268/1234 129/275/1235 248/279/1236
f 136/269/1237 245/276/1238 140/281/1239
f 239/266/1240 243/272/1241 249/282/1242
f 239/266/1243 249/282/1244 245/276/1245
f 245/276/1246 249/282/1247 140/281/1248
f 247/278/1249 250/283/1250 246/277/1251
f 247/278/1252 65/284/1253 250/283/1254
f 247/278/1255 76/285/1256 65/284/1257
f 114/280/1258 248/279/1259 251/286/1260
f 114/280/1261 251/286/1262 110/287/1263
f 248/279/1264 129/275/1265 251/286/1266
f 243/272/1267 252/288/1268 249/282/1269
f 243/272/1270 246/277/1271 252/288/1272
f 140/281/1273 249/282/1274 145/289/1275
f 250/283/1276 65/284/1277 253/290/1278
f 250/283/1279 254/291/1280 246/277/1281
f 250/283/1282 253/290/1283 254/291/1284
f 110/287/1285 251/286/1286 105/292/1287
f 129/275/1288 128/293/1289 251/286/1290
f 252/288/1291 255/294/1292 249/282/1293
f 252/288/1294 246/277/1295 256/295/1296
f 252/288/1297 256/295/1298 255/294/1299
f 246/277/1300 254/291/1301 256/295/1302
f 249/282/1303 255/294/1304 145/289/1305
f 65/284/1306 57/296/1307 253/290/1308
f 105/292/1309 251/286/1310 257/297/1311
f 105/292/1312 257/297/1313 99/298/1314
f 251/286/1315 128/293/1316 257/297/1317
f 254/291/1318 258/299/1319 256/295/1320
f 254/291/1321 253/290/1322 259/300/1323
f 254/291/1324 259/300/1325 258/299/1326
f 255/294/1327 150/301/1328 145/289/1329
f 255/294/1330 256/295/1331 260/302/1332
f 255/294/1333 260/302/1334 150/301/1335
f 57/296/1336 261/303/1337 253/290/1338
f 57/296/1339 51/304/1340 261/303/1341
f 253/290/1342 261/303/1343 259/300/1344
f 99/298/1345 257/297/1346 262/305/1347
f 99/298/1348 262/305/1349 93/306/1350
f 128/293/1351 167/307/1352 257/297/1353
f 257/297/1354 167/307/1355 262/305/1356
f 258/299/1357 263/308/1358 256/295/1359
f 258/299/1360 259/300/1361 264/309/1362
f 258/299/1363 265/310/1364 263/308/1365
f 258/299/1366 264/309/1367 265/310/1368
f 256/295/1369 263/308/1370 260/302/1371
f 150/301/1372 260/302/1373 156/311/1374
f 260/302/1375 263/308/1376 156/311/1377
f 51/304/1378 266/312/1379 261/303/1380
f 51/304/1381 46/313/1382 266/312/1383
f 93/306/1384 262/305/1385 267/314/1386
f 93/306/1387 267/314/1388 91/315/1389
f 167/307/1390 268/316/1391 262/305/1392
f 167/307/1393 161/317/1394 268/316/1395
f 262/305/1396 268/316/1397 267/314/1398
f 259/300/1399 269/318/1400 264/309/1401
f 259/300/1402 261/303/1403 269/318/1404
f 261/303/1405 266/312/1406 269/318/1407
f 265/310/1408 270/319/1409 263/308/1410
f 265/310/1411 264/309/1412 271/320/1413
f 265/310/1414 272/321/1415 270/319/1416
f 265/310/1417 271/320/1418 272/321/1419
f 156/311/1420 273/322/1421 161/317/1422
f 156/311/1423 263/308/1424 273/322/1425
f 263/308/1426 270/319/1427 273/322/1428
f 46/313/1429 274/323/1430 266/312/1431
f 46/313/1432 41/324/1433 274/323/1434
f 91/315/1435 267/314/1436 275/325/1437
f 91/315/1438 275/325/1439 276/326/1440
f 91/315/1441 276/326/1442 97/327/1443
f 268/316/1444 161/317/1445 277/328/1446
f 268/316/1447 277/328/1448 267/314/1449
f 269/318/1450 278/329/1451 264/309/1452
f 269/318/1453 266/312/1454 279/330/1455
f 269/318/1456 279/330/1457 278/329/1458
f 266/312/1459 274/323/1460 279/330/1461
f 264/309/1462 278/329/1463 271/320/1464
f 272/321/1465 280/331/1466 270/319/1467
f 272/321/1468 271/320/1469 281/332/1470
f 272/321/1471 282/333/1472 280/331/1473
f 272/321/1474 281/332/1475 282/333/1476
f 273/322/1477 283/334/1478 161/317/1479
f 273/322/1480 270/319/1481 283/334/1482
f 283/334/1483 277/328/1484 161/317/1485
f 283/334/1486 280/331/1487 277/328/1488
f 283/334/1489 270/319/1490 280/331/1491
f 41/324/1492 284/335/1493 274/323/1494
f 41/324/1495 36/336/1496 284/335/1497
f 275/325/1498 285/337/1499 276/326/1500
f 275/325/1501 267/314/1502 286/338/1503
f 275/325/1504 286/338/1505 285/337/1506
f 286/338/1507 282/333/1508 285/337/1509
f 286/338/1510 267/314/1511 277/328/1512
f 286/338/1513 277/328/1514 280/331/1515
f 286/338/1516 280/331/1517 282/333/1518
f 97/327/1519 276/326/1520 287/339/1521
f 97/327/1522 287/339/1523 98/340/1524
f 279/330/1525 288/341/1526 278/329/1527
f 279/330/1528 274/323/1529 289/342/1530
f 279/330/1531 289/342/1532 288/341/1533
f 274/323/1534 284/335/1535 289/342/1536
f 271/320/1537 290/343/1538 281/332/1539
f 271/320/1540 278/329/1541 290/343/1542
f 290/343/1543 278/329/1544 288/341/1545
f 36/336/1546 291/344/1547 284/335/1548
f 36/336/1549 28/345/1550 291/344/1551
f 285/337/1552 282/333/1553 292/346/1554
f 285/337/1555 293/347/1556 276/326/1557
f 285/337/1558 292/346/1559 293/347/1560
f 292/346/1561 282/333/1562 281/332/1563
f 276/326/1564 293/347/1565 287/339/1566
f 98/340/1567 287/339/1568 294/348/1569
f 98/340/1570 294/348/1571 39/349/1572
f 289/342/1573 295/350/1574 288/341/1575
f 289/342/1576 284/335/1577 296/351/1578
f 289/342/1579 296/351/1580 295/350/1581
f 284/335/1582 291/344/1583 296/351/1584
f 28/345/1585 297/352/1586 291/344/1587
f 28/345/1588 21/353/1589 297/352/1590
f 293/347/1591 298/354/1592 287/339/1593
f 287/339/1594 298/354/1595 294/348/1596
f 295/350/1597 296/351/1598 299/355/1599
f 291/344/1600 297/352/1601 300/356/1602
f 291/344/1603 300/356/1604 296/351/1605
f 296/351/1606 300/356/1607 299/355/1608
f 21/353/1609 301/357/1610 297/352/1611
f 21/353/1612 16/358/1613 301/357/1614
f 300/356/1615 302/359/1616 299/355/1617
f 300/356/1618 297/352/1619 303/360/1620
f 300/356/1621 303/360/1622 302/359/1623
f 297/352/1624 301/357/1625 303/360/1626
f 16/358/1627 304/361/1628 301/357/1629
f 16/358/1630 15/362/1631 304/361/1632
f 302/359/1633 303/360/1634 305/363/1635
f 301/357/1636 304/361/1637 306/364/1638
f 301/357/1639 306/364/1640 303/360/1641
f 303/360/1642 306/364/1643 305/363/1644
f 15/362/1645 307/365/1646 304/361/1647
f 15/362/1648 10/366/1649 307/365/1650
f 306/364/1651 308/367/1652 305/363/1653
f 306/364/1654 304/361/1655 308/367/1656
f 304/361/1657 307/365/1658 308/367/1659
f 10/366/1660 309/368/1661 307/365/1662
f 10/366/1663 12/369/1664 309/368/1665
f 307/365/1666 309/368/1667 308/367/1668
f 305/363/1669 308/367/1670 310/370/1671
f 12/369/1672 311/371/1673 309/368/1674
f 12/369/1675 20/372/1676 311/371/1677
f 308/367/1678 312/373/1679 310/370/1680
f 308/367/1681 309/368/1682 313/374/1683
f 308/367/1684 313/374/1685 312/373/1686
f 20/372/1687 314/375/1688 311/371/1689
f 20/372/1690 33/376/1691 314/375/1692
f 309/368/1693 315/377/1694 313/374/1695
f 309/368/1696 311/371/1697 315/377/1698
f 33/376/1699 34/378/1700 314/375/1701
f 311/371/1702 316/379/1703 315/377/1704
f 311/371/1705 314/375/1706 316/379/1707
f 34/378/1708 317/380/1709 314/375/1710
f 34/378/1711 39/381/1712 317/380/1713
f 314/375/1714 317/380/1715 316/379/1716
f 39/381/1717 294/382/1718 317/380/1719
f 316/379/1720 317/380/1721 318/383/1722
f 317/380/1723 294/382/1724 318/383/1725
f 294/382/1726 298/384/1727 318/383/1728
f 223/385/1729 319/386/1730 229/387/1731
f 319/386/1732 320/388/1733 229/387/1734
f 319/386/1735 321/389/1736 320/388/1737
f 229/387/1738 320/388/1739 194/390/1740
f 321/389/1741 322/391/1742 320/388/1743
f 194/390/1744 320/388/1745 323/392/1746
f 194/390/1747 323/392/1748 197/393/1749
f 320/388/1750 322/391/1751 323/392/1752
f 197/393/1753 323/392/1754 324/394/1755
f 197/393/1756 324/394/1757 325/395/1758
f 197/393/1759 325/395/1760 203/396/1761
f 323/392/1762 322/391/1763 324/394/1764
f 325/395/1765 326/397/1766 203/396/1767
f 325/395/1768 324/394/1769 327/398/1770
f 325/395/1771 328/399/1772 326/397/1773
f 325/395/1774 327/398/1775 328/399/1776
f 322/391/1777 329/400/1778 324/394/1779
f 324/394/1780 329/400/1781 327/398/1782
f 203/396/1783 326/397/1784 209/401/1785
f 328/399/1786 327/398/1787 330/402/1788
f 328/399/1789 331/403/1790 326/397/1791
f 328/399/1792 330/402/1793 332/404/1794
f 328/399/1795 332/404/1796 331/403/1797
f 327/398/1798 329/400/1799 330/402/1800
f 209/401/1801 326/397/1802 333/405/1803
f 209/401/1804 333/405/1805 334/406/1806
f 209/401/1807 334/406/1808 215/407/1809
f 326/397/1810 331/403/1811 333/405/1812
f 332/404/1813 330/402/1814 335/408/1815
f 332/404/1816 336/409/1817 331/403/1818
f 332/404/1819 335/408/1820 337/410/1821
f 332/404/1822 337/410/1823 336/409/1824
f 329/400/1825 338/411/1826 330/402/1827
f 334/406/1828 339/412/1829 215/407/1830
f 334/406/1831 333/405/1832 340/413/1833
f 334/406/1834 341/414/1835 339/412/1836
f 334/406/1837 340/413/1838 341/414/1839
f 331/403/1840 336/409/1841 342/415/1842
f 331/403/1843 343/416/1844 333/405/1845
f 331/403/1846 342/415/1847 344/417/1848
f 331/403/1849 344/417/1850 343/416/1851
f 333/405/1852 343/416/1853 340/413/1854
f 336/409/1855 337/410/1856 342/415/1857
f 335/408/1858 330/402/1859 345/418/1860
f 335/408/1861 346/419/1862 337/410/1863
f 335/408/1864 345/418/1865 346/419/1866
f 345/418/1867 330/402/1868 338/411/1869
f 337/410/1870 346/419/1871 342/415/1872
f 215/407/1873 339/412/1874 212/420/1875
f 341/414/1876 340/413/1877 347/421/1878
f 341/414/1879 348/422/1880 339/412/1881
f 341/414/1882 347/421/1883 349/423/1884
f 341/414/1885 349/423/1886 348/422/1887
f 344/417/1888 350/424/1889 343/416/1890
f 344/417/1891 342/415/1892 351/425/1893
f 344/417/1894 352/426/1895 350/424/1896
f 344/417/1897 351/425/1898 352/426/1899
f 346/419/1900 353/427/1901 342/415/1902
f 212/420/1903 339/412/1904 354/428/1905
f 212/420/1906 354/428/1907 355/429/1908
f 212/420/1909 355/429/1910 214/430/1911
f 339/412/1912 348/422/1913 354/428/1914
f 340/413/1915 356/431/1916 347/421/1917
f 340/413/1918 343/416/1919 357/432/1920
f 340/413/1921 358/433/1922 356/431/1923
f 340/413/1924 357/432/1925 358/433/1926
f 350/424/1927 352/426/1928 357/432/1929
f 350/424/1930 357/432/1931 343/416/1932
f 349/423/1933 359/434/1934 348/422/1935
f 349/423/1936 347/421/1937 360/435/1938
f 349/423/1939 361/436/1940 359/434/1941
f 349/423/1942 360/435/1943 362/437/1944
f 349/423/1945 362/437/1946 361/436/1947
f 348/422/1948 359/434/1949 354/428/1950
f 351/425/1951 342/415/1952 363/438/1953
f 351/425/1954 364/439/1955 352/426/1956
f 351/425/1957 363/438/1958 364/439/1959
f 363/438/1960 342/415/1961 353/427/1962
f 355/429/1963 365/440/1964 214/430/1965
f 355/429/1966 354/428/1967 366/441/1968
f 355/429/1969 366/441/1970 365/440/1971
f 354/428/1972 359/434/1973 366/441/1974
f 356/431/1975 358/433/1976 367/442/1977
f 356/431/1978 367/442/1979 347/421/1980
f 347/421/1981 367/442/1982 360/435/1983
f 357/432/1984 352/426/1985 368/443/1986
f 357/432/1987 368/443/1988 358/433/1989
f 352/426/1990 364/439/1991 368/443/1992
f 362/437/1993 360/435/1994 369/444/1995
f 367/442/1996 358/433/1997 369/444/1998
f 367/442/1999 369/444/2000 360/435/2001
f 214/430/2002 365/440/2003 219/445/2004
f 366/441/2005 321/446/2006 365/440/2007
f 364/439/2008 370/447/2009 368/443/2010
f 368/443/2011 370/447/2012 358/433/2013
f 369/444/2014 358/433/2015 371/448/2016
f 371/448/2017 358/433/2018 370/447/2019
f 219/445/2020 365/440/2021 319/449/2022
f 219/445/2023 319/449/2024 223/450/2025
f 319/449/2026 365/440/2027 321/446/2028
f 346/451/2029 345/452/2030 353/453/2031
f 345/452/2032 338/454/2033 353/453/2034
f 338/454/2035 329/455/2036 353/453/2037
f 329/455/2038 372/456/2039 353/453/2040
f 329/455/2041 322/457/2042 372/456/2043
f 353/453/2044 372/456/2045 373/458/2046
f 353/453/2047 373/458/2048 363/459/2049
f 322/457/2050 321/460/2051 372/456/2052
f 373/458/2053 364/461/2054 363/459/2055
f 373/458/2056 372/456/2057 371/462/2058
f 373/458/2059 370/463/2060 364/461/2061
f 373/458/2062 371/462/2063 370/463/2064
f 321/460/2065 366/464/2066 372/456/2067
f 371/462/2068 372/456/2069 359/465/2070
f 371/462/2071 359/465/2072 361/466/2073
f 371/462/2074 361/466/2075 362/467/2076
f 371/462/2077 362/467/2078 369/468/2079
f 359/465/2080 372/456/2081 366/464/2082
f 183/469/2083 184/470/2084 374/471/2085
f 184/470/2086 375/472/2087 374/471/2088
f 184/470/2089 147/473/2090 375/472/2091
f 374/471/2092 375/472/2093 376/474/2094
f 147/473/2095 377/475/2096 375/472/2097
f 147/473/2098 151/476/2099 377/475/2100
f 376/474/2101 375/472/2102 378/477/2103
f 375/472/2104 377/475/2105 378/477/2106
f 151/476/2107 379/478/2108 377/475/2109
f 151/476/2110 380/479/2111 379/478/2112
f 151/476/2113 158/480/2114 380/479/2115
f 377/475/2116 379/478/2117 378/477/2118
f 158/480/2119 381/481/2120 380/479/2121
f 158/480/2122 164/482/2123 381/481/2124
f 379/478/2125 382/483/2126 378/477/2127
f 379/478/2128 380/479/2129 383/484/2130
f 379/478/2131 383/484/2132 382/483/2133
f 164/482/2134 384/485/2135 381/481/2136
f 164/482/2137 385/486/2138 384/485/2139
f 164/482/2140 170/487/2141 385/486/2142
f 380/479/2143 386/488/2144 383/484/2145
f 380/479/2146 381/481/2147 386/488/2148
f 382/483/2149 383/484/2150 387/489/2151
f 382/483/2152 387/489/2153 388/490/2154
f 383/484/2155 386/488/2156 387/489/2157
f 384/485/2158 385/486/2159 389/491/2160
f 384/485/2161 390/492/2162 381/481/2163
f 384/485/2164 389/491/2165 391/493/2166
f 384/485/2167 391/493/2168 390/492/2169
f 381/481/2170 390/492/2171 386/488/2172
f 170/487/2173 392/494/2174 385/486/2175
f 170/487/2176 175/495/2177 392/494/2178
f 388/490/2179 387/489/2180 393/496/2181
f 389/491/2182 394/497/2183 391/493/2184
f 389/491/2185 385/486/2186 395/498/2187
f 389/491/2188 396/499/2189 394/497/2190
f 389/491/2191 395/498/2192 397/500/2193
f 389/491/2194 398/501/2195 396/499/2196
f 389/491/2197 397/500/2198 398/501/2199
f 385/486/2200 392/494/2201 395/498/2202
f 390/492/2203 399/502/2204 386/488/2205
f 390/492/2206 391/493/2207 400/503/2208
f 390/492/2209 401/504/2210 399/502/2211
f 390/492/2212 400/503/2213 402/505/2214
f 390/492/2215 402/505/2216 401/504/2217
f 386/488/2218 399/502/2219 387/489/2220
f 175/495/2221 403/506/2222 392/494/2223
f 175/495/2224 404/507/2225 403/506/2226
f 175/495/2227 180/508/2228 404/507/2229
f 393/496/2230 387/489/2231 405/509/2232
f 393/496/2233 405/509/2234 406/510/2235
f 387/489/2236 399/502/2237 405/509/2238
f 394/497/2239 396/499/2240 407/511/2241
f 394/497/2242 408/512/2243 391/493/2244
f 394/497/2245 407/511/2246 409/513/2247
f 394/497/2248 409/513/2249 408/512/2250
f 408/512/2251 400/503/2252 391/493/2253
f 408/512/2254 409/513/2255 400/503/2256
f 397/500/2257 410/514/2258 398/501/2259
f 397/500/2260 395/498/2261 411/515/2262
f 397/500/2263 412/516/2264 410/514/2265
f 397/500/2266 411/515/2267 412/516/2268
f 398/501/2269 410/514/2270 396/499/2271
f 402/505/2272 413/517/2273 401/504/2274
f 402/505/2275 414/518/2276 406/510/2277
f 402/505/2278 400/503/2279 415/519/2280
f 402/505/2281 406/510/2282 413/517/2283
f 402/505/2284 416/520/2285 414/518/2286
f 402/505/2287 415/519/2288 416/520/2289
f 413/517/2290 399/502/2291 401/504/2292
f 413/517/2293 406/510/2294 405/509/2295
f 413/517/2296 405/509/2297 399/502/2298
f 400/503/2299 409/513/2300 415/519/2301
f 392/494/2302 403/506/2303 417/521/2304
f 392/494/2305 417/521/2306 395/498/2307
f 395/498/2308 417/521/2309 411/515/2310
f 180/508/2311 418/522/2312 404/507/2313
f 180/508/2314 182/523/2315 418/522/2316
f 407/511/2317 396/499/2318 419/524/2319
f 407/511/2320 420/525/2321 409/513/2322
f 407/511/2323 419/524/2324 420/525/2325
f 420/525/2326 416/520/2327 415/519/2328
f 420/525/2329 415/519/2330 409/513/2331
f 412/516/2332 421/526/2333 410/514/2334
f 412/516/2335 411/515/2336 422/527/2337
f 412/516/2338 422/527/2339 421/526/2340
f 410/514/2341 421/526/2342 396/499/2343
f 403/506/2344 423/528/2345 417/521/2346
f 403/506/2347 404/507/2348 424/529/2349
f 403/506/2350 424/529/2351 423/528/2352
f 404/507/2353 418/522/2354 424/529/2355
f 417/521/2356 423/528/2357 411/515/2358
f 182/523/2359 374/530/2360 418/522/2361
f 182/523/2362 183/531/2363 374/530/2364
f 419/524/2365 396/499/2366 425/532/2367
f 425/532/2368 396/499/2369 421/526/2370
f 422/527/2371 411/515/2372 426/533/2373
f 426/533/2374 411/515/2375 423/528/2376
f 424/529/2377 418/522/2378 376/534/2379
f 376/534/2380 418/522/2381 374/530/2382
f 406/535/2383 414/536/2384 393/537/2385
f 414/536/2386 388/538/2387 393/537/2388
f 414/536/2389 382/539/2390 388/538/2391
f 414/536/2392 427/540/2393 382/539/2394
f 414/536/2395 428/541/2396 427/540/2397
f 414/536/2398 416/542/2399 428/541/2400
f 382/539/2401 427/540/2402 378/543/2403
f 416/542/2404 420/544/2405 428/541/2406
f 427/540/2407 376/545/2408 378/543/2409
f 427/540/2410 428/541/2411 425/546/2412
f 427/540/2413 424/547/2414 376/545/2415
f 427/540/2416 425/546/2417 423/548/2418
f 427/540/2419 423/548/2420 424/547/2421
f 420/544/2422 419/549/2423 428/541/2424
f 428/541/2425 419/549/2426 425/546/2427
f 423/548/2428 425/546/2429 426/550/2430
f 425/546/2431 422/551/2432 426/550/2433
f 425/546/2434 421/552/2435 422/551/2436
f 429/553/2437 430/554/2438 431/555/2439
f 430/554/2440 432/556/2441 431/555/2442
f 432/556/2443 433/557/2444 431/555/2445
f 432/556/2446 434/558/2447 433/557/2448
f 431/555/2449 433/557/2450 435/559/2451
f 431/555/2452 435/559/2453 436/560/2454
f 431/555/2455 436/560/2456 437/561/2457
f 434/558/2458 438/562/2459 433/557/2460
f 434/558/2461 439/563/2462 438/562/2463
f 435/559/2464 440/564/2465 436/560/2466
f 435/559/2467 433/557/2468 441/565/2469
f 435/559/2470 442/566/2471 440/564/2472
f 435/559/2473 441/565/2474 442/566/2475
f 433/557/2476 438/562/2477 441/565/2478
f 437/561/2479 436/560/2480 443/567/2481
f 439/563/2482 444/568/2483 438/562/2484
f 440/564/2485 442/566/2486 445/569/2487
f 440/564/2488 446/570/2489 436/560/2490
f 440/564/2491 445/569/2492 447/571/2493
f 440/564/2494 447/571/2495 448/572/2496
f 436/560/2497 446/570/2498 443/567/2499
f 441/565/2500 438/562/2501 449/573/2502
f 441/565/2503 450/574/2504 442/566/2505
f 441/565/2506 449/573/2507 451/575/2508
f 441/565/2509 452/576/2510 450/574/2511
f 441/565/2512 451/575/2513 452/576/2514
f 449/573/2515 438/562/2516 444/568/2517
f 445/569/2518 442/566/2519 453/577/2520
f 442/566/2521 450/574/2522 453/577/2523
f 452/576/2524 454/578/2525 450/574/2526
f 453/577/2527 450/574/2528 455/579/2529
f 455/579/2530 450/574/2531 454/578/2532
f 456/580/2533 457/581/2534 458/582/2535
f 457/581/2536 459/583/2537 458/582/2538
f 457/581/2539 460/584/2540 459/583/2541
f 458/582/2542 459/583/2543 461/585/2544
f 458/582/2545 461/585/2546 462/586/2547
f 458/582/2548 462/586/2549 463/587/2550
f 460/584/2551 464/588/2552 459/583/2553
f 460/584/2554 465/589/2555 464/588/2556
f 461/585/2557 466/590/2558 462/586/2559
f 461/585/2560 459/583/2561 467/591/2562
f 461/585/2563 468/592/2564 466/590/2565
f 461/585/2566 467/591/2567 468/592/2568
f 459/583/2569 464/588/2570 467/591/2571
f 463/587/2572 462/586/2573 469/593/2574
f 463/587/2575 469/593/2576 470/594/2577
f 465/589/2578 471/595/2579 464/588/2580
f 465/589/2581 472/596/2582 471/595/2583
f 465/589/2584 473/597/2585 472/596/2586
f 466/590/2587 468/592/2588 474/598/2589
f 466/590/2590 475/599/2591 462/586/2592
f 466/590/2593 474/598/2594 476/600/2595
f 466/590/2596 476/600/2597 475/599/2598
f 462/586/2599 475/599/2600 469/593/2601
f 467/591/2602 464/588/2603 477/601/2604
f 467/591/2605 478/602/2606 468/592/2607
f 467/591/2608 477/601/2609 478/602/2610
f 464/588/2611 471/595/2612 477/601/2613
f 470/594/2614 469/593/2615 449/603/2616
f 470/594/2617 449/603/2618 444/604/2619
f 473/597/2620 479/605/2621 472/596/2622
f 473/597/2623 480/606/2624 479/605/2625
f 474/598/2626 481/607/2627 476/600/2628
f 474/598/2629 468/592/2630 482/608/2631
f 474/598/2632 483/609/2633 481/607/2634
f 474/598/2635 482/608/2636 483/609/2637
f 468/592/2638 478/602/2639 482/608/2640
f 475/599/2641 451/610/2642 469/593/2643
f 475/599/2644 476/600/2645 484/611/2646
f 475/599/2647 484/611/2648 451/610/2649
f 469/593/2650 451/610/2651 449/603/2652
f 471/595/2653 485/612/2654 477/601/2655
f 471/595/2656 472/596/2657 486/613/2658
f 471/595/2659 486/613/2660 485/612/2661
f 472/596/2662 479/605/2663 486/613/2664
f 480/606/2665 487/614/2666 479/605/2667
f 481/607/2668 483/609/2669 488/615/2670
f 481/607/2671 489/616/2672 476/600/2673
f 481/607/2674 488/615/2675 490/617/2676
f 476/600/2677 489/616/2678 484/611/2679
f 478/602/2680 491/618/2681 482/608/2682
f 478/602/2683 477/601/2684 492/619/2685
f 478/602/2686 492/619/2687 491/618/2688
f 477/601/2689 485/612/2690 492/619/2691
f 451/610/2692 484/611/2693 452/620/2694
f 486/613/2695 479/605/2696 493/621/2697
f 486/613/2698 494/622/2699 485/612/2700
f 486/613/2701 493/621/2702 494/622/2703
f 487/614/2704 495/623/2705 479/605/2706
f 487/614/2707 32/624/2708 495/623/2709
f 479/605/2710 495/623/2711 493/621/2712
f 483/609/2713 496/625/2714 488/615/2715
f 483/609/2716 482/608/2717 497/626/2718
f 483/609/2719 497/626/2720 496/625/2721
f 482/608/2722 491/618/2723 497/626/2724
f 490/617/2725 488/615/2726 498/627/2727
f 490/617/2728 498/627/2729 499/628/2730
f 489/616/2731 500/629/2732 484/611/2733
f 484/611/2734 500/629/2735 452/620/2736
f 492/619/2737 485/612/2738 501/630/2739
f 492/619/2740 502/631/2741 491/618/2742
f 492/619/2743 501/630/2744 502/631/2745
f 501/630/2746 494/622/2747 502/631/2748
f 501/630/2749 485/612/2750 494/622/2751
f 32/624/2752 26/632/2753 495/623/2754
f 493/621/2755 503/633/2756 494/622/2757
f 493/621/2758 495/623/2759 504/634/2760
f 493/621/2761 504/634/2762 503/633/2763
f 495/623/2764 26/632/2765 504/634/2766
f 496/625/2767 497/626/2768 505/635/2769
f 496/625/2770 506/636/2771 488/615/2772
f 496/625/2773 505/635/2774 507/637/2775
f 496/625/2776 507/637/2777 506/636/2778
f 488/615/2779 506/636/2780 498/627/2781
f 499/628/2782 498/627/2783 508/638/2784
f 499/628/2785 508/638/2786 509/639/2787
f 500/629/2788 454/640/2789 452/620/2790
f 491/618/2791 502/631/2792 510/641/2793
f 491/618/2794 510/641/2795 497/626/2796
f 497/626/2797 510/641/2798 505/635/2799
f 494/622/2800 503/633/2801 511/642/2802
f 494/622/2803 511/642/2804 502/631/2805
f 502/631/2806 511/642/2807 510/641/2808
f 26/632/2809 512/643/2810 504/634/2811
f 26/632/2812 19/644/2813 512/643/2814
f 507/637/2815 513/645/2816 506/636/2817
f 507/637/2818 505/635/2819 514/646/2820
f 507/637/2821 515/647/2822 513/645/2823
f 507/637/2824 514/646/2825 515/647/2826
f 498/627/2827 516/648/2828 508/638/2829
f 498/627/2830 506/636/2831 516/648/2832
f 506/636/2833 513/645/2834 516/648/2835
f 509/639/2836 508/638/2837 517/649/2838
f 509/639/2839 517/649/2840 518/650/2841
f 503/633/2842 519/651/2843 511/642/2844
f 503/633/2845 504/634/2846 520/652/2847
f 503/633/2848 520/652/2849 519/651/2850
f 504/634/2851 512/643/2852 520/652/2853
f 510/641/2854 521/653/2855 505/635/2856
f 510/641/2857 511/642/2858 521/653/2859
f 511/642/2860 519/651/2861 521/653/2862
f 505/635/2863 521/653/2864 514/646/2865
f 19/644/2866 11/654/2867 512/643/2868
f 515/647/2869 522/655/2870 513/645/2871
f 515/647/2872 514/646/2873 523/656/2874
f 515/647/2875 524/657/2876 522/655/2877
f 515/647/2878 523/656/2879 524/657/2880
f 516/648/2881 525/658/2882 508/638/2883
f 516/648/2884 513/645/2885 526/659/2886
f 516/648/2887 526/659/2888 525/658/2889
f 508/638/2890 525/658/2891 517/649/2892
f 518/650/2893 517/649/2894 527/660/2895
f 520/652/2896 528/661/2897 519/651/2898
f 520/652/2899 512/643/2900 529/662/2901
f 520/652/2902 529/662/2903 528/661/2904
f 521/653/2905 530/663/2906 514/646/2907
f 521/653/2908 519/651/2909 530/663/2910
f 519/651/2911 528/661/2912 530/663/2913
f 11/654/2914 531/664/2915 512/643/2916
f 11/654/2917 4/665/2918 531/664/2919
f 512/643/2920 531/664/2921 529/662/2922
f 522/655/2923 524/657/2924 532/666/2925
f 522/655/2926 533/667/2927 513/645/2928
f 522/655/2929 532/666/2930 533/667/2931
f 513/645/2932 533/667/2933 526/659/2934
f 523/656/2935 514/646/2936 534/668/2937
f 523/656/2938 535/669/2939 524/657/2940
f 523/656/2941 534/668/2942 536/670/2943
f 523/656/2944 536/670/2945 535/669/2946
f 514/646/2947 530/663/2948 534/668/2949
f 525/658/2950 537/671/2951 517/649/2952
f 525/658/2953 526/659/2954 538/672/2955
f 525/658/2956 538/672/2957 537/671/2958
f 517/649/2959 537/671/2960 527/660/2961
f 528/661/2962 529/662/2963 539/673/2964
f 528/661/2965 540/674/2966 530/663/2967
f 528/661/2968 539/673/2969 540/674/2970
f 530/663/2971 540/674/2972 534/668/2973
f 4/665/2974 6/675/2975 531/664/2976
f 532/666/2977 541/676/2978 533/667/2979
f 532/666/2980 524/657/2981 542/677/2982
f 532/666/2983 543/678/2984 541/676/2985
f 532/666/2986 542/677/2987 543/678/2988
f 524/657/2989 535/669/2990 542/677/2991
f 536/670/2992 534/668/2993 544/679/2994
f 536/670/2995 545/680/2996 535/669/2997
f 536/670/2998 544/679/2999 546/681/3000
f 536/670/3001 546/681/3002 545/680/3003
f 534/668/3004 540/674/3005 544/679/3006
f 526/659/3007 547/682/3008 538/672/3009
f 526/659/3010 533/667/3011 548/683/3012
f 526/659/3013 548/683/3014 547/682/3015
f 533/667/3016 541/676/3017 548/683/3018
f 537/671/3019 549/684/3020 527/660/3021
f 537/671/3022 538/672/3023 550/685/3024
f 537/671/3025 550/685/3026 549/684/3027
f 529/662/3028 551/686/3029 539/673/3030
f 529/662/3031 531/664/3032 551/686/3033
f 531/664/3034 6/675/3035 551/686/3036
f 543/678/3037 542/677/3038 60/687/3039
f 543/678/3040 552/688/3041 541/676/3042
f 543/678/3043 60/687/3044 77/689/3045
f 543/678/3046 77/689/3047 552/688/3048
f 535/669/3049 545/680/3050 553/690/3051
f 535/669/3052 553/690/3053 542/677/3054
f 542/677/3055 553/690/3056 60/687/3057
f 546/681/3058 544/679/3059 554/691/3060
f 546/681/3061 555/692/3062 545/680/3063
f 546/681/3064 554/691/3065 556/693/3066
f 546/681/3067 556/693/3068 555/692/3069
f 540/674/3070 539/673/3071 557/694/3072
f 540/674/3073 557/694/3074 544/679/3075
f 544/679/3076 557/694/3077 554/691/3078
f 547/682/3079 548/683/3080 558/695/3081
f 547/682/3082 559/696/3083 538/672/3084
f 547/682/3085 558/695/3086 560/697/3087
f 547/682/3088 560/697/3089 559/696/3090
f 538/672/3091 559/696/3092 550/685/3093
f 549/684/3094 550/685/3095 456/698/3096
f 6/675/3097 561/699/3098 551/686/3099
f 6/675/3100 8/700/3101 561/699/3102
f 541/676/3103 552/688/3104 562/701/3105
f 541/676/3106 562/701/3107 548/683/3108
f 548/683/3109 562/701/3110 558/695/3111
f 77/689/3112 32/702/3113 552/688/3114
f 553/690/3115 52/703/3116 60/687/3117
f 553/690/3118 545/680/3119 52/703/3120
f 545/680/3121 555/692/3122 52/703/3123
f 556/693/3124 554/691/3125 563/704/3126
f 556/693/3127 564/705/3128 555/692/3129
f 556/693/3130 563/704/3131 565/706/3132
f 556/693/3133 565/706/3134 564/705/3135
f 539/673/3136 566/707/3137 557/694/3138
f 539/673/3139 551/686/3140 566/707/3141
f 551/686/3142 561/699/3143 566/707/3144
f 560/697/3145 460/708/3146 559/696/3147
f 560/697/3148 558/695/3149 473/709/3150
f 560/697/3151 465/710/3152 460/708/3153
f 560/697/3154 473/709/3155 465/710/3156
f 550/685/3157 457/711/3158 456/698/3159
f 550/685/3160 559/696/3161 457/711/3162
f 457/711/3163 559/696/3164 460/708/3165
f 8/700/3166 567/712/3167 561/699/3168
f 8/700/3169 9/713/3170 567/712/3171
f 561/699/3172 567/712/3173 566/707/3174
f 562/701/3175 552/688/3176 487/714/3177
f 562/701/3178 480/715/3179 558/695/3180
f 562/701/3181 487/714/3182 480/715/3183
f 480/715/3184 473/709/3185 558/695/3186
f 487/714/3187 552/688/3188 32/702/3189
f 52/703/3190 555/692/3191 44/716/3192
f 555/692/3193 564/705/3194 44/716/3195
f 554/691/3196 568/717/3197 563/704/3198
f 554/691/3199 557/694/3200 568/717/3201
f 566/707/3202 567/712/3203 568/717/3204
f 566/707/3205 568/717/3206 557/694/3207
f 565/706/3208 30/718/3209 564/705/3210
f 565/706/3211 563/704/3212 569/719/3213
f 565/706/3214 23/720/3215 30/718/3216
f 565/706/3217 569/719/3218 23/720/3219
f 563/704/3220 568/717/3221 569/719/3222
f 9/713/3223 570/721/3224 567/712/3225
f 9/713/3226 18/722/3227 570/721/3228
f 570/721/3229 568/717/3230 567/712/3231
f 570/721/3232 569/719/3233 568/717/3234
f 570/721/3235 18/722/3236 569/719/3237
f 569/719/3238 18/722/3239 23/720/3240
f 44/716/3241 564/705/3242 38/723/3243
f 38/723/3244 564/705/3245 30/718/3246
f 458/724/3247 463/725/3248 456/726/3249
f 463/725/3250 571/727/3251 456/726/3252
f 463/725/3253 470/728/3254 571/727/3255
f 456/726/3256 571/727/3257 572/729/3258
f 456/726/3259 572/729/3260 549/730/3261
f 470/728/3262 573/731/3263 571/727/3264
f 470/728/3265 574/732/3266 573/731/3267
f 470/728/3268 444/733/3269 574/732/3270
f 571/727/3271 573/731/3272 572/729/3273
f 549/730/3274 572/729/3275 575/734/3276
f 549/730/3277 575/734/3278 527/735/3279
f 444/733/3280 439/736/3281 574/732/3282
f 573/731/3283 576/737/3284 572/729/3285
f 573/731/3286 574/732/3287 576/737/3288
f 575/734/3289 577/738/3290 527/735/3291
f 575/734/3292 572/729/3293 578/739/3294
f 575/734/3295 579/740/3296 577/738/3297
f 575/734/3298 578/739/3299 579/740/3300
f 572/729/3301 576/737/3302 578/739/3303
f 439/736/3304 434/741/3305 574/732/3306
f 527/735/3307 577/738/3308 518/742/3309
f 579/740/3310 578/739/3311 580/743/3312
f 579/740/3313 581/744/3314 577/738/3315
f 579/740/3316 580/743/3317 582/745/3318
f 579/740/3319 582/745/3320 581/744/3321
f 576/737/3322 574/732/3323 583/746/3324
f 576/737/3325 583/746/3326 578/739/3327
f 574/732/3328 434/741/3329 583/746/3330
f 518/742/3331 577/738/3332 584/747/3333
f 518/742/3334 584/747/3335 585/748/3336
f 518/742/3337 585/748/3338 509/749/3339
f 577/738/3340 581/744/3341 584/747/3342
f 580/743/3343 586/750/3344 582/745/3345
f 580/743/3346 578/739/3347 587/751/3348
f 580/743/3349 587/751/3350 586/750/3351
f 583/746/3352 434/741/3353 587/751/3354
f 583/746/3355 587/751/3356 578/739/3357
f 585/748/3358 588/752/3359 509/749/3360
f 585/748/3361 584/747/3362 589/753/3363
f 585/748/3364 590/754/3365 588/752/3366
f 585/748/3367 589/753/3368 590/754/3369
f 581/744/3370 582/745/3371 591/755/3372
f 581/744/3373 592/756/3374 584/747/3375
f 581/744/3376 591/755/3377 593/757/3378
f 581/744/3379 594/758/3380 592/756/3381
f 581/744/3382 593/757/3383 594/758/3384
f 584/747/3385 592/756/3386 589/753/3387
f 586/750/3388 587/751/3389 595/759/3390
f 586/750/3391 596/760/3392 582/745/3393
f 586/750/3394 595/759/3395 597/761/3396
f 586/750/3397 597/761/3398 596/760/3399
f 596/760/3400 593/757/3401 591/755/3402
f 596/760/3403 591/755/3404 582/745/3405
f 596/760/3406 597/761/3407 593/757/3408
f 434/741/3409 432/762/3410 587/751/3411
f 509/749/3412 588/752/3413 499/763/3414
f 590/754/3415 589/753/3416 598/764/3417
f 590/754/3418 599/765/3419 588/752/3420
f 590/754/3421 598/764/3422 600/766/3423
f 590/754/3424 600/766/3425 599/765/3426
f 594/758/3427 601/767/3428 592/756/3429
f 594/758/3430 593/757/3431 602/768/3432
f 594/758/3433 602/768/3434 601/767/3435
f 595/759/3436 429/769/3437 597/761/3438
f 595/759/3439 587/751/3440 430/770/3441
f 595/759/3442 430/770/3443 429/769/3444
f 430/770/3445 587/751/3446 432/762/3447
f 499/763/3448 588/752/3449 603/771/3450
f 499/763/3451 603/771/3452 490/772/3453
f 588/752/3454 599/765/3455 603/771/3456
f 589/753/3457 604/773/3458 598/764/3459
f 589/753/3460 592/756/3461 605/774/3462
f 589/753/3463 606/775/3464 604/773/3465
f 589/753/3466 605/774/3467 606/775/3468
f 592/756/3469 601/767/3470 605/774/3471
f 600/766/3472 607/776/3473 599/765/3474
f 600/766/3475 598/764/3476 608/777/3477
f 600/766/3478 608/777/3479 607/776/3480
f 593/757/3481 609/778/3482 602/768/3483
f 593/757/3484 597/761/3485 610/779/3486
f 593/757/3487 610/779/3488 609/778/3489
f 597/761/3490 429/769/3491 610/779/3492
f 490/772/3493 603/771/3494 611/780/3495
f 490/772/3496 611/780/3497 489/781/3498
f 490/772/3499 489/781/3500 481/782/3501
f 604/773/3502 606/775/3503 612/783/3504
f 604/773/3505 612/783/3506 598/764/3507
f 598/764/3508 612/783/3509 608/777/3510
f 601/767/3511 613/784/3512 605/774/3513
f 601/767/3514 602/768/3515 614/785/3516
f 601/767/3517 614/785/3518 613/784/3519
f 605/774/3520 613/784/3521 606/775/3522
f 599/765/3523 607/776/3524 615/786/3525
f 599/765/3526 616/787/3527 603/771/3528
f 599/765/3529 615/786/3530 616/787/3531
f 609/778/3532 610/779/3533 437/788/3534
f 609/778/3535 617/789/3536 602/768/3537
f 609/778/3538 437/788/3539 443/790/3540
f 609/778/3541 443/790/3542 617/789/3543
f 614/785/3544 617/789/3545 613/784/3546
f 614/785/3547 602/768/3548 617/789/3549
f 429/769/3550 431/791/3551 610/779/3552
f 610/779/3553 431/791/3554 437/788/3555
f 611/780/3556 500/792/3557 489/781/3558
f 611/780/3559 603/771/3560 618/793/3561
f 611/780/3562 618/793/3563 500/792/3564
f 603/771/3565 616/787/3566 618/793/3567
f 612/783/3568 619/794/3569 608/777/3570
f 612/783/3571 606/775/3572 619/794/3573
f 607/776/3574 453/795/3575 615/786/3576
f 607/776/3577 608/777/3578 620/796/3579
f 607/776/3580 445/797/3581 453/795/3582
f 607/776/3583 620/796/3584 447/798/3585
f 607/776/3586 447/798/3587 445/797/3588
f 608/777/3589 619/794/3590 620/796/3591
f 443/790/3592 621/799/3593 617/789/3594
f 443/790/3595 446/800/3596 621/799/3597
f 613/784/3598 621/799/3599 606/775/3600
f 613/784/3601 617/789/3602 621/799/3603
f 500/792/3604 618/793/3605 622/801/3606
f 500/792/3607 622/801/3608 454/802/3609
f 615/786/3610 622/801/3611 616/787/3612
f 615/786/3613 453/795/3614 622/801/3615
f 616/787/3616 622/801/3617 618/793/3618
f 447/798/3619 620/796/3620 448/803/3621
f 620/796/3622 619/794/3623 448/803/3624
f 446/800/3625 623/804/3626 621/799/3627
f 446/800/3628 440/805/3629 623/804/3630
f 623/804/3631 619/794/3632 606/775/3633
f 623/804/3634 440/805/3635 448/803/3636
f 623/804/3637 606/775/3638 621/799/3639
f 623/804/3640 448/803/3641 619/794/3642
f 454/802/3643 622/801/3644 455/806/3645
f 455/806/3646 622/801/3647 453/795/3648
f 624/807/3649 625/808/3650 626/809/3651
f 625/808/3652 627/810/3653 626/809/3654
f 625/808/3655 628/811/3656 627/810/3657
f 625/808/3658 629/812/3659 628/811/3660
f 625/808/3661 630/813/3662 629/812/3663
f 625/808/3664 631/814/3665 630/813/3666
f 627/810/3667 628/811/3668 632/815/3669
f 629/812/3670 630/813/3671 633/816/3672
f 629/812/3673 634/817/3674 628/811/3675
f 629/812/3676 633/816/3677 635/818/3678
f 629/812/3679 635/818/3680 634/817/3681
f 631/814/3682 636/819/3683 630/813/3684
f 632/815/3685 628/811/3686 637/820/3687
f 632/815/3688 637/820/3689 638/821/3690
f 628/811/3691 634/817/3692 637/820/3693
f 633/816/3694 639/822/3695 635/818/3696
f 633/816/3697 630/813/3698 640/823/3699
f 633/816/3700 641/824/3701 639/822/3702
f 633/816/3703 642/825/3704 641/824/3705
f 640/823/3706 630/813/3707 636/819/3708
f 638/821/3709 637/820/3710 643/826/3711
f 634/817/3712 635/818/3713 644/827/3714
f 634/817/3715 645/828/3716 637/820/3717
f 634/817/3718 644/827/3719 646/829/3720
f 634/817/3721 647/830/3722 645/828/3723
f 634/817/3724 646/829/3725 647/830/3726
f 645/828/3727 643/826/3728 637/820/3729
f 639/822/3730 648/831/3731 635/818/3732
f 635/818/3733 648/831/3734 644/827/3735
f 646/829/3736 644/827/3737 649/832/3738
f 648/831/3739 650/833/3740 644/827/3741
f 644/827/3742 650/833/3743 649/832/3744
f 651/834/3745 652/835/3746 653/836/3747
f 652/835/3748 654/837/3749 653/836/3750
f 652/835/3751 655/838/3752 654/837/3753
f 652/835/3754 656/839/3755 655/838/3756
f 652/835/3757 657/840/3758 656/839/3759
f 653/836/3760 654/837/3761 658/841/3762
f 655/838/3763 656/839/3764 659/842/3765
f 655/838/3766 660/843/3767 654/837/3768
f 655/838/3769 659/842/3770 661/844/3771
f 655/838/3772 661/844/3773 660/843/3774
f 657/840/3775 662/845/3776 656/839/3777
f 657/840/3778 663/846/3779 662/845/3780
f 658/841/3781 654/837/3782 664/847/3783
f 658/841/3784 664/847/3785 665/848/3786
f 654/837/3787 660/843/3788 664/847/3789
f 659/842/3790 666/849/3791 661/844/3792
f 659/842/3793 656/839/3794 667/850/3795
f 659/842/3796 668/851/3797 666/849/3798
f 659/842/3799 667/850/3800 668/851/3801
f 656/839/3802 662/845/3803 667/850/3804
f 663/846/3805 645/852/3806 662/845/3807
f 663/846/3808 643/853/3809 645/852/3810
f 665/848/3811 664/847/3812 669/854/3813
f 665/848/3814 669/854/3815 670/855/3816
f 665/848/3817 670/855/3818 671/856/3819
f 660/843/3820 661/844/3821 672/857/3822
f 660/843/3823 673/858/3824 664/847/3825
f 660/843/3826 672/857/3827 673/858/3828
f 664/847/3829 673/858/3830 669/854/3831
f 666/849/3832 668/851/3833 674/859/3834
f 666/849/3835 675/860/3836 661/844/3837
f 666/849/3838 674/859/3839 676/861/3840
f 666/849/3841 676/861/3842 675/860/3843
f 661/844/3844 675/860/3845 672/857/3846
f 667/850/3847 662/845/3848 647/862/3849
f 667/850/3850 677/863/3851 668/851/3852
f 667/850/3853 647/862/3854 677/863/3855
f 662/845/3856 645/852/3857 647/862/3858
f 670/855/3859 678/864/3860 671/856/3861
f 670/855/3862 669/854/3863 679/865/3864
f 670/855/3865 679/865/3866 678/864/3867
f 673/858/3868 672/857/3869 680/866/3870
f 673/858/3871 681/867/3872 669/854/3873
f 673/858/3874 680/866/3875 681/867/3876
f 669/854/3877 681/867/3878 679/865/3879
f 674/859/3880 682/868/3881 676/861/3882
f 674/859/3883 668/851/3884 683/869/3885
f 674/859/3886 684/870/3887 682/868/3888
f 668/851/3889 677/863/3890 683/869/3891
f 675/860/3892 685/871/3893 672/857/3894
f 675/860/3895 676/861/3896 686/872/3897
f 675/860/3898 686/872/3899 685/871/3900
f 672/857/3901 685/871/3902 680/866/3903
f 647/862/3904 646/873/3905 677/863/3906
f 671/856/3907 678/864/3908 687/874/3909
f 681/867/3910 688/875/3911 679/865/3912
f 681/867/3913 680/866/3914 689/876/3915
f 681/867/3916 689/876/3917 688/875/3918
f 684/870/3919 690/877/3920 682/868/3921
f 684/870/3922 691/878/3923 690/877/3924
f 683/869/3925 677/863/3926 692/879/3927
f 677/863/3928 646/873/3929 692/879/3930
f 676/861/3931 693/880/3932 686/872/3933
f 676/861/3934 682/868/3935 693/880/3936
f 685/871/3937 694/881/3938 680/866/3939
f 685/871/3940 686/872/3941 695/882/3942
f 685/871/3943 695/882/3944 694/881/3945
f 689/876/3946 694/881/3947 688/875/3948
f 689/876/3949 680/866/3950 694/881/3951
f 678/864/3952 696/883/3953 687/874/3954
f 678/864/3955 679/865/3956 697/884/3957
f 678/864/3958 698/885/3959 696/883/3960
f 678/864/3961 697/884/3962 698/885/3963
f 679/865/3964 688/875/3965 697/884/3966
f 691/878/3967 699/886/3968 690/877/3969
f 691/878/3970 700/887/3971 699/886/3972
f 646/873/3973 649/888/3974 692/879/3975
f 682/868/3976 701/889/3977 693/880/3978
f 682/868/3979 690/877/3980 701/889/3981
f 686/872/3982 702/890/3983 695/882/3984
f 686/872/3985 693/880/3986 702/890/3987
f 694/881/3988 703/891/3989 688/875/3990
f 694/881/3991 695/882/3992 703/891/3993
f 696/883/3994 698/885/3995 298/892/3996
f 697/884/3997 688/875/3998 704/893/3999
f 697/884/4000 705/894/4001 698/885/4002
f 697/884/4003 704/893/4004 705/894/4005
f 688/875/4006 703/891/4007 704/893/4008
f 700/887/4009 706/895/4010 699/886/4011
f 700/887/4012 707/896/4013 706/895/4014
f 690/877/4015 708/897/4016 701/889/4017
f 690/877/4018 699/886/4019 708/897/4020
f 693/880/4021 709/898/4022 702/890/4023
f 693/880/4024 701/889/4025 709/898/4026
f 695/882/4027 710/899/4028 703/891/4029
f 695/882/4030 702/890/4031 710/899/4032
f 298/892/4033 698/885/4034 318/900/4035
f 698/885/4036 705/894/4037 318/900/4038
f 704/893/4039 703/891/4040 711/901/4041
f 704/893/4042 712/902/4043 705/894/4044
f 704/893/4045 711/901/4046 712/902/4047
f 703/891/4048 710/899/4049 711/901/4050
f 707/896/4051 713/903/4052 706/895/4053
f 699/886/4054 714/904/4055 708/897/4056
f 699/886/4057 706/895/4058 714/904/4059
f 701/889/4060 715/905/4061 709/898/4062
f 701/889/4063 708/897/4064 715/905/4065
f 702/890/4066 716/906/4067 710/899/4068
f 702/890/4069 709/898/4070 716/906/4071
f 318/900/4072 705/894/4073 717/907/4074
f 318/900/4075 717/907/4076 316/908/4077
f 705/894/4078 712/902/4079 717/907/4080
f 711/901/4081 710/899/4082 718/909/4083
f 711/901/4084 719/910/4085 712/902/4086
f 711/901/4087 718/909/4088 719/910/4089
f 710/899/4090 716/906/4091 718/909/4092
f 713/903/4093 720/911/4094 706/895/4095
f 713/903/4096 721/912/4097 720/911/4098
f 706/895/4099 720/911/4100 714/904/4101
f 708/897/4102 722/913/4103 715/905/4104
f 708/897/4105 714/904/4106 722/913/4107
f 709/898/4108 723/914/4109 716/906/4110
f 709/898/4111 715/905/4112 723/914/4113
f 316/908/4114 717/907/4115 315/915/4116
f 712/902/4117 719/910/4118 724/916/4119
f 712/902/4120 724/916/4121 717/907/4122
f 718/909/4123 716/906/4124 725/917/4125
f 718/909/4126 726/918/4127 719/910/4128
f 718/909/4129 725/917/4130 726/918/4131
f 721/912/4132 727/919/4133 720/911/4134
f 721/912/4135 651/920/4136 727/919/4137
f 714/904/4138 728/921/4139 722/913/4140
f 714/904/4141 720/911/4142 728/921/4143
f 720/911/4144 727/919/4145 728/921/4146
f 715/905/4147 729/922/4148 723/914/4149
f 715/905/4150 722/913/4151 730/923/4152
f 715/905/4153 730/923/4154 729/922/4155
f 315/915/4156 717/907/4157 731/924/4158
f 315/915/4159 731/924/4160 313/925/4161
f 717/907/4162 724/916/4163 731/924/4164
f 716/906/4165 732/926/4166 725/917/4167
f 716/906/4168 723/914/4169 732/926/4170
f 719/910/4171 726/918/4172 733/927/4173
f 719/910/4174 733/927/4175 724/916/4176
f 651/920/4177 653/928/4178 727/919/4179
f 728/921/4180 734/929/4181 722/913/4182
f 728/921/4183 727/919/4184 735/930/4185
f 728/921/4186 735/930/4187 734/929/4188
f 727/919/4189 653/928/4190 735/930/4191
f 730/923/4192 736/931/4193 729/922/4194
f 730/923/4195 722/913/4196 737/932/4197
f 730/923/4198 738/933/4199 736/931/4200
f 730/923/4201 737/932/4202 738/933/4203
f 722/913/4204 734/929/4205 737/932/4206
f 313/925/4207 731/924/4208 312/934/4209
f 725/917/4210 732/926/4211 739/935/4212
f 725/917/4213 740/936/4214 726/918/4215
f 725/917/4216 739/935/4217 740/936/4218
f 723/914/4219 729/922/4220 741/937/4221
f 723/914/4222 741/937/4223 732/926/4224
f 729/922/4225 736/931/4226 741/937/4227
f 733/927/4228 742/938/4229 724/916/4230
f 733/927/4231 726/918/4232 743/939/4233
f 733/927/4234 744/940/4235 742/938/4236
f 733/927/4237 743/939/4238 744/940/4239
f 731/924/4240 742/938/4241 312/934/4242
f 731/924/4243 724/916/4244 742/938/4245
f 726/918/4246 740/936/4247 743/939/4248
f 653/928/4249 658/941/4250 735/930/4251
f 738/933/4252 737/932/4253 745/942/4254
f 738/933/4255 746/943/4256 736/931/4257
f 738/933/4258 745/942/4259 747/944/4260
f 738/933/4261 747/944/4262 746/943/4263
f 734/929/4264 735/930/4265 748/945/4266
f 734/929/4267 749/946/4268 737/932/4269
f 734/929/4270 748/945/4271 749/946/4272
f 737/932/4273 749/946/4274 745/942/4275
f 735/930/4276 658/941/4277 748/945/4278
f 739/935/4279 732/926/4280 750/947/4281
f 739/935/4282 751/948/4283 740/936/4284
f 739/935/4285 750/947/4286 752/949/4287
f 739/935/4288 752/949/4289 751/948/4290
f 732/926/4291 741/937/4292 750/947/4293
f 744/940/4294 753/950/4295 742/938/4296
f 744/940/4297 743/939/4298 754/951/4299
f 744/940/4300 755/952/4301 753/950/4302
f 744/940/4303 754/951/4304 755/952/4305
f 742/938/4306 753/950/4307 312/934/4308
f 736/931/4309 746/943/4310 756/953/4311
f 736/931/4312 756/953/4313 741/937/4314
f 741/937/4315 756/953/4316 750/947/4317
f 747/944/4318 745/942/4319 696/954/4320
f 747/944/4321 293/955/4322 746/943/4323
f 747/944/4324 696/954/4325 298/956/4326
f 747/944/4327 298/956/4328 293/955/4329
f 749/946/4330 748/945/4331 671/957/4332
f 749/946/4333 687/958/4334 745/942/4335
f 749/946/4336 671/957/4337 687/958/4338
f 687/958/4339 696/954/4340 745/942/4341
f 658/941/4342 665/959/4343 748/945/4344
f 748/945/4345 665/959/4346 671/957/4347
f 740/936/4348 751/948/4349 757/960/4350
f 740/936/4351 757/960/4352 743/939/4353
f 743/939/4354 757/960/4355 754/951/4356
f 752/949/4357 750/947/4358 758/961/4359
f 752/949/4360 759/962/4361 751/948/4362
f 752/949/4363 758/961/4364 281/963/4365
f 752/949/4366 281/963/4367 759/962/4368
f 750/947/4369 756/953/4370 758/961/4371
f 755/952/4372 310/964/4373 753/950/4374
f 755/952/4375 754/951/4376 760/965/4377
f 755/952/4378 305/966/4379 310/964/4380
f 755/952/4381 760/965/4382 305/966/4383
f 310/964/4384 312/934/4385 753/950/4386
f 746/943/4387 293/955/4388 292/967/4389
f 746/943/4390 292/967/4391 756/953/4392
f 292/967/4393 281/963/4394 758/961/4395
f 292/967/4396 758/961/4397 756/953/4398
f 757/960/4399 751/948/4400 761/968/4401
f 757/960/4402 762/969/4403 754/951/4404
f 757/960/4405 761/968/4406 762/969/4407
f 751/948/4408 759/962/4409 761/968/4410
f 760/965/4411 302/970/4412 305/966/4413
f 760/965/4414 754/951/4415 763/971/4416
f 760/965/4417 763/971/4418 302/970/4419
f 754/951/4420 762/969/4421 763/971/4422
f 281/963/4423 290/972/4424 759/962/4425
f 761/968/4426 764/973/4427 762/969/4428
f 761/968/4429 759/962/4430 765/974/4431
f 761/968/4432 765/974/4433 764/973/4434
f 759/962/4435 290/972/4436 765/974/4437
f 762/969/4438 764/973/4439 763/971/4440
f 302/970/4441 763/971/4442 299/975/4443
f 763/971/4444 764/973/4445 299/975/4446
f 290/972/4447 288/976/4448 765/974/4449
f 764/973/4450 295/977/4451 299/975/4452
f 764/973/4453 765/974/4454 295/977/4455
f 295/977/4456 765/974/4457 288/976/4458
f 652/978/4459 651/979/4460 657/980/4461
f 651/979/4462 766/981/4463 657/980/4464
f 651/979/4465 767/982/4466 766/981/4467
f 651/979/4468 721/983/4469 767/982/4470
f 657/980/4471 766/981/4472 663/984/4473
f 721/983/4474 768/985/4475 767/982/4476
f 721/983/4477 713/986/4478 768/985/4479
f 766/981/4480 769/987/4481 663/984/4482
f 766/981/4483 767/982/4484 769/987/4485
f 713/986/4486 770/988/4487 768/985/4488
f 713/986/4489 707/989/4490 770/988/4491
f 663/984/4492 769/987/4493 771/990/4494
f 663/984/4495 771/990/4496 643/991/4497
f 767/982/4498 768/985/4499 772/992/4500
f 767/982/4501 773/993/4502 769/987/4503
f 767/982/4504 772/992/4505 773/993/4506
f 769/987/4507 773/993/4508 771/990/4509
f 707/989/4510 774/994/4511 770/988/4512
f 707/989/4513 775/995/4514 774/994/4515
f 707/989/4516 700/996/4517 775/995/4518
f 643/991/4519 771/990/4520 638/997/4521
f 768/985/4522 776/998/4523 772/992/4524
f 768/985/4525 770/988/4526 776/998/4527
f 773/993/4528 777/999/4529 771/990/4530
f 773/993/4531 772/992/4532 777/999/4533
f 774/994/4534 775/995/4535 778/1000/4536
f 774/994/4537 779/1001/4538 770/988/4539
f 774/994/4540 778/1000/4541 780/1002/4542
f 774/994/4543 780/1002/4544 779/1001/4545
f 770/988/4546 779/1001/4547 776/998/4548
f 700/996/4549 781/1003/4550 775/995/4551
f 700/996/4552 691/1004/4553 781/1003/4554
f 638/997/4555 771/990/4556 632/1005/4557
f 771/990/4558 777/999/4559 632/1005/4560
f 772/992/4561 776/998/4562 782/1006/4563
f 772/992/4564 783/1007/4565 777/999/4566
f 772/992/4567 782/1006/4568 783/1007/4569
f 777/999/4570 783/1007/4571 632/1005/4572
f 778/1000/4573 784/1008/4574 780/1002/4575
f 778/1000/4576 775/995/4577 785/1009/4578
f 778/1000/4579 786/1010/4580 784/1008/4581
f 778/1000/4582 785/1009/4583 787/1011/4584
f 778/1000/4585 788/1012/4586 786/1010/4587
f 778/1000/4588 787/1011/4589 788/1012/4590
f 775/995/4591 781/1003/4592 785/1009/4593
f 779/1001/4594 789/1013/4595 776/998/4596
f 779/1001/4597 780/1002/4598 790/1014/4599
f 779/1001/4600 791/1015/4601 789/1013/4602
f 779/1001/4603 790/1014/4604 792/1016/4605
f 779/1001/4606 792/1016/4607 791/1015/4608
f 776/998/4609 789/1013/4610 782/1006/4611
f 691/1004/4612 793/1017/4613 781/1003/4614
f 691/1004/4615 684/1018/4616 793/1017/4617
f 783/1007/4618 627/1019/4619 632/1005/4620
f 783/1007/4621 782/1006/4622 794/1020/4623
f 783/1007/4624 626/1021/4625 627/1019/4626
f 783/1007/4627 794/1020/4628 795/1022/4629
f 783/1007/4630 795/1022/4631 626/1021/4632
f 782/1006/4633 789/1013/4634 794/1020/4635
f 784/1008/4636 786/1010/4637 796/1023/4638
f 784/1008/4639 797/1024/4640 780/1002/4641
f 784/1008/4642 796/1023/4643 797/1024/4644
f 780/1002/4645 797/1024/4646 790/1014/4647
f 787/1011/4648 798/1025/4649 788/1012/4650
f 787/1011/4651 785/1009/4652 799/1026/4653
f 787/1011/4654 800/1027/4655 798/1025/4656
f 787/1011/4657 799/1026/4658 800/1027/4659
f 788/1012/4660 798/1025/4661 786/1010/4662
f 792/1016/4663 801/1028/4664 791/1015/4665
f 792/1016/4666 790/1014/4667 802/1029/4668
f 792/1016/4669 803/1030/4670 801/1028/4671
f 792/1016/4672 802/1029/4673 804/1031/4674
f 792/1016/4675 805/1032/4676 803/1030/4677
f 792/1016/4678 804/1031/4679 805/1032/4680
f 801/1028/4681 789/1013/4682 791/1015/4683
f 801/1028/4684 803/1030/4685 794/1020/4686
f 801/1028/4687 794/1020/4688 789/1013/4689
f 794/1020/4690 803/1030/4691 795/1022/4692
f 790/1014/4693 797/1024/4694 802/1029/4695
f 781/1003/4696 793/1017/4697 806/1033/4698
f 781/1003/4699 806/1033/4700 785/1009/4701
f 785/1009/4702 806/1033/4703 799/1026/4704
f 684/1018/4705 807/1034/4706 793/1017/4707
f 684/1018/4708 683/1035/4709 807/1034/4710
f 684/1018/4711 674/1036/4712 683/1035/4713
f 626/1021/4714 795/1022/4715 624/1037/4716
f 803/1030/4717 805/1032/4718 624/1037/4719
f 803/1030/4720 624/1037/4721 795/1022/4722
f 796/1023/4723 786/1010/4724 808/1038/4725
f 796/1023/4726 809/1039/4727 797/1024/4728
f 796/1023/4729 808/1038/4730 810/1040/4731
f 796/1023/4732 810/1040/4733 809/1039/4734
f 802/1029/4735 810/1040/4736 804/1031/4737
f 802/1029/4738 797/1024/4739 809/1039/4740
f 802/1029/4741 809/1039/4742 810/1040/4743
f 800/1027/4744 811/1041/4745 798/1025/4746
f 800/1027/4747 799/1026/4748 812/1042/4749
f 800/1027/4750 813/1043/4751 811/1041/4752
f 800/1027/4753 812/1042/4754 813/1043/4755
f 799/1026/4756 806/1033/4757 812/1042/4758
f 798/1025/4759 811/1041/4760 786/1010/4761
f 793/1017/4762 807/1034/4763 814/1044/4764
f 793/1017/4765 815/1045/4766 806/1033/4767
f 793/1017/4768 814/1044/4769 815/1045/4770
f 683/1035/4771 692/1046/4772 807/1034/4773
f 807/1034/4774 692/1046/4775 814/1044/4776
f 805/1032/4777 625/1047/4778 624/1037/4779
f 805/1032/4780 804/1031/4781 631/1048/4782
f 805/1032/4783 631/1048/4784 625/1047/4785
f 808/1038/4786 636/1049/4787 810/1040/4788
f 808/1038/4789 786/1010/4790 816/1050/4791
f 808/1038/4792 640/1051/4793 636/1049/4794
f 808/1038/4795 816/1050/4796 640/1051/4797
f 636/1049/4798 631/1048/4799 804/1031/4800
f 636/1049/4801 804/1031/4802 810/1040/4803
f 786/1010/4804 811/1041/4805 816/1050/4806
f 813/1043/4807 812/1042/4808 641/1052/4809
f 813/1043/4810 642/1053/4811 811/1041/4812
f 813/1043/4813 641/1052/4814 642/1053/4815
f 811/1041/4816 642/1053/4817 816/1050/4818
f 806/1033/4819 815/1045/4820 817/1054/4821
f 806/1033/4822 817/1054/4823 812/1042/4824
f 692/1046/4825 818/1055/4826 814/1044/4827
f 692/1046/4828 649/1056/4829 818/1055/4830
f 815/1045/4831 818/1055/4832 817/1054/4833
f 815/1045/4834 814/1044/4835 818/1055/4836
f 640/1051/4837 816/1050/4838 633/1057/4839
f 633/1057/4840 816/1050/4841 642/1053/4842
f 641/1052/4843 812/1042/4844 639/1058/4845
f 649/1056/4846 650/1059/4847 818/1055/4848
f 817/1054/4849 648/1060/4850 812/1042/4851
f 817/1054/4852 818/1055/4853 648/1060/4854
f 648/1060/4855 639/1058/4856 812/1042/4857
f 648/1060/4858 818/1055/4859 650/1059/4860
f 904/1150/5209 905/1151/5210 906/1152/5211
f 904/1150/5212 907/1153/5213 905/1151/5214
f 904/1150/5215 906/1152/5216 908/1154/5217
f 904/1150/5218 909/1155/5219 907/1153/5220
f 904/1150/5221 908/1154/5222 910/1156/5223
f 904/1150/5224 911/1157/5225 909/1155/5226
f 904/1150/5227 910/1156/5228 912/1158/5229
f 904/1150/5230 913/1159/5231 911/1157/5232
f 904/1150/5233 912/1158/5234 913/1159/5235
f 907/1153/5236 909/1155/5237 914/1160/5238
f 908/1154/5239 915/1161/5240 910/1156/5241
f 908/1154/5242 916/1162/5243 915/1161/5244
f 911/1157/5245 913/1159/5246 917/1163/5247
f 911/1157/5248 918/1164/5249 909/1155/5250
f 911/1157/5251 917/1163/5252 919/1165/5253
f 911/1157/5254 920/1166/5255 918/1164/5256
f 911/1157/5257 919/1165/5258 921/1167/5259
f 911/1157/5260 921/1167/5261 920/1166/5262
f 912/1158/5263 910/1156/5264 922/1168/5265
f 912/1158/5266 923/1169/5267 913/1159/5268
f 912/1158/5269 922/1168/5270 924/1170/5271
f 912/1158/5272 924/1170/5273 923/1169/5274
f 917/1163/5275 923/1169/5276 919/1165/5277
f 917/1163/5278 913/1159/5279 923/1169/5280
f 910/1156/5281 915/1161/5282 922/1168/5283
f 914/1160/5284 909/1155/5285 925/1171/5286
f 909/1155/5287 918/1164/5288 925/1171/5289
f 916/1162/5290 926/1172/5291 915/1161/5292
f 921/1167/5293 927/1173/5294 920/1166/5295
f 921/1167/5296 919/1165/5297 928/1174/5298
f 921/1167/5299 929/1175/5300 927/1173/5301
f 921/1167/5302 928/1174/5303 929/1175/5304
f 924/1170/5305 930/1176/5306 923/1169/5307
f 924/1170/5308 922/1168/5309 931/1177/5310
f 924/1170/5311 932/1178/5312 930/1176/5313
f 924/1170/5314 931/1177/5315 932/1178/5316
f 930/1176/5317 928/1174/5318 919/1165/5319
f 930/1176/5320 919/1165/5321 923/1169/5322
f 930/1176/5323 932/1178/5324 928/1174/5325
f 918/1164/5326 933/1179/5327 925/1171/5328
f 918/1164/5329 920/1166/5330 933/1179/5331
f 926/1172/5332 934/1180/5333 915/1161/5334
f 926/1172/5335 935/1181/5336 934/1180/5337
f 922/1168/5338 934/1180/5339 931/1177/5340
f 922/1168/5341 915/1161/5342 934/1180/5343
f 927/1173/5344 929/1175/5345 936/1182/5346
f 927/1173/5347 937/1183/5348 920/1166/5349
f 927/1173/5350 936/1182/5351 938/1184/5352
f 927/1173/5353 939/1185/5354 937/1183/5355
f 927/1173/5356 938/1184/5357 939/1185/5358
f 920/1166/5359 937/1183/5360 933/1179/5361
f 925/1171/5362 933/1179/5363 940/1186/5364
f 933/1179/5365 937/1183/5366 940/1186/5367
f 935/1181/5368 941/1187/5369 934/1180/5370
f 935/1181/5371 942/1188/5372 941/1187/5373
f 934/1180/5374 941/1187/5375 931/1177/5376
f 929/1175/5377 943/1189/5378 936/1182/5379
f 938/1184/5380 944/1190/5381 939/1185/5382
f 938/1184/5383 936/1182/5384 945/1191/5385
f 938/1184/5386 945/1191/5387 944/1190/5388
f 937/1183/5389 946/1192/5390 940/1186/5391
f 937/1183/5392 939/1185/5393 947/1193/5394
f 937/1183/5395 948/1194/5396 946/1192/5397
f 937/1183/5398 947/1193/5399 948/1194/5400
f 942/1188/5401 949/1195/5402 941/1187/5403
f 943/1189/5404 950/1196/5405 936/1182/5406
f 936/1182/5407 950/1196/5408 945/1191/5409
f 944/1190/5410 951/1197/5411 939/1185/5412
f 944/1190/5413 945/1191/5414 952/1198/5415
f 944/1190/5416 952/1198/5417 951/1197/5418
f 939/1185/5419 951/1197/5420 947/1193/5421
f 948/1194/5422 947/1193/5423 953/1199/5424
f 951/1197/5425 954/1200/5426 947/1193/5427
f 953/1199/5428 947/1193/5429 955/1201/5430
f 955/1201/5431 947/1193/5432 954/1200/5433
f 956/1202/5434 957/1203/5435 958/1204/5436
f 957/1203/5437 959/1205/5438 958/1204/5439
f 957/1203/5440 960/1206/5441 961/1207/5442
f 957/1203/5443 961/1207/5444 959/1205/5445
f 959/1205/5446 962/1208/5447 958/1204/5448
f 959/1205/5449 963/1209/5450 962/1208/5451
f 959/1205/5452 961/1207/5453 963/1209/5454
f 958/1204/5455 962/1208/5456 964/1210/5457
f 958/1204/5458 964/1210/5459 965/1211/5460
f 958/1204/5461 965/1211/5462 966/1212/5463
f 958/1204/5464 966/1212/5465 956/1202/5466
f 963/1209/5467 967/1213/5468 962/1208/5469
f 964/1210/5470 968/1214/5471 965/1211/5472
f 964/1210/5473 962/1208/5474 969/1215/5475
f 964/1210/5476 970/1216/5477 968/1214/5478
f 964/1210/5479 969/1215/5480 970/1216/5481
f 962/1208/5482 967/1213/5483 969/1215/5484
f 966/1212/5485 971/1217/5486 956/1202/5487
f 966/1212/5488 965/1211/5489 972/1218/5490
f 966/1212/5491 973/1219/5492 971/1217/5493
f 966/1212/5494 972/1218/5495 973/1219/5496
f 968/1214/5497 970/1216/5498 974/1220/5499
f 968/1214/5500 975/1221/5501 965/1211/5502
f 968/1214/5503 974/1220/5504 976/1222/5505
f 968/1214/5506 976/1222/5507 975/1221/5508
f 975/1221/5509 972/1218/5510 965/1211/5511
f 967/1213/5512 977/1223/5513 969/1215/5514
f 971/1217/5515 973/1219/5516 978/1224/5517
f 970/1216/5518 979/1225/5519 974/1220/5520
f 970/1216/5521 969/1215/5522 980/1226/5523
f 970/1216/5524 980/1226/5525 979/1225/5526
f 969/1215/5527 977/1223/5528 980/1226/5529
f 976/1222/5530 974/1220/5531 981/1227/5532
f 979/1225/5533 980/1226/5534 982/1228/5535
f 979/1225/5536 983/1229/5537 974/1220/5538
f 979/1225/5539 982/1228/5540 983/1229/5541
f 974/1220/5542 983/1229/5543 981/1227/5544
f 977/1223/5545 984/1230/5546 980/1226/5547
f 982/1228/5548 985/1231/5549 983/1229/5550
f 982/1228/5551 980/1226/5552 986/1232/5553
f 982/1228/5554 987/1233/5555 985/1231/5556
f 982/1228/5557 986/1232/5558 987/1233/5559
f 980/1226/5560 984/1230/5561 986/1232/5562
f 981/1227/5563 983/1229/5564 988/1234/5565
f 983/1229/5566 985/1231/5567 988/1234/5568
f 987/1233/5569 986/1232/5570 989/1235/5571
f 987/1233/5572 990/1236/5573 985/1231/5574
f 987/1233/5575 989/1235/5576 991/1237/5577
f 987/1233/5578 991/1237/5579 990/1236/5580
f 984/1230/5581 992/1238/5582 986/1232/5583
f 986/1232/5584 992/1238/5585 989/1235/5586
f 988/1234/5587 985/1231/5588 993/1239/5589
f 985/1231/5590 990/1236/5591 993/1239/5592
f 991/1237/5593 989/1235/5594 994/1240/5595
f 991/1237/5596 995/1241/5597 990/1236/5598
f 991/1237/5599 994/1240/5600 996/1242/5601
f 991/1237/5602 996/1242/5603 995/1241/5604
f 992/1238/5605 997/1243/5606 989/1235/5607
f 989/1235/5608 997/1243/5609 994/1240/5610
f 993/1239/5611 990/1236/5612 998/1244/5613
f 990/1236/5614 995/1241/5615 998/1244/5616
f 996/1242/5617 994/1240/5618 999/1245/5619
f 996/1242/5620 1000/1246/5621 995/1241/5622
f 996/1242/5623 999/1245/5624 1001/1247/5625
f 996/1242/5626 1001/1247/5627 1000/1246/5628
f 997/1243/5629 1002/1248/5630 994/1240/5631
f 994/1240/5632 1002/1248/5633 999/1245/5634
f 998/1244/5635 995/1241/5636 1003/1249/5637
f 995/1241/5638 1000/1246/5639 1003/1249/5640
f 1001/1247/5641 999/1245/5642 1004/1250/5643
f 1001/1247/5644 1005/1251/5645 1000/1246/5646
f 1001/1247/5647 1004/1250/5648 1006/1252/5649
f 1001/1247/5650 1006/1252/5651 1005/1251/5652
f 1002/1248/5653 1007/1253/5654 999/1245/5655
f 999/1245/5656 1007/1253/5657 1004/1250/5658
f 1003/1249/5659 1000/1246/5660 1008/1254/5661
f 1000/1246/5662 1005/1251/5663 1008/1254/5664
f 1006/1252/5665 1004/1250/5666 1009/1255/5667
f 1006/1252/5668 1010/1256/5669 1005/1251/5670
f 1006/1252/5671 1009/1255/5672 1010/1256/5673
f 1005/1251/5674 1010/1256/5675 1008/1254/5676
f 1004/1250/5677 1007/1253/5678 1009/1255/5679
f 1010/1256/5680 1009/1255/5681 1011/1257/5682
f 1011/1257/5683 1009/1255/5684 1007/1253/5685
f 978/1258/5686 973/1259/5687 1012/1260/5688
f 973/1259/5689 1013/1261/5690 1012/1260/5691
f 973/1259/5692 1014/1262/5693 1013/1261/5694
f 973/1259/5695 972/1263/5696 1014/1262/5697
f 1012/1260/5698 1013/1261/5699 1015/1264/5700
f 1012/1260/5701 1015/1264/5702 1016/1265/5703
f 972/1263/5704 1017/1266/5705 1014/1262/5706
f 972/1263/5707 975/1267/5708 1017/1266/5709
f 1013/1261/5710 1018/1268/5711 1015/1264/5712
f 1013/1261/5713 1014/1262/5714 1018/1268/5715
f 1016/1265/5716 1015/1264/5717 1019/1269/5718
f 1016/1265/5719 1019/1269/5720 1020/1270/5721
f 1015/1264/5722 1018/1268/5723 1019/1269/5724
f 975/1267/5725 1021/1271/5726 1017/1266/5727
f 975/1267/5728 976/1272/5729 1021/1271/5730
f 1014/1262/5731 1022/1273/5732 1018/1268/5733
f 1014/1262/5734 1017/1266/5735 1022/1273/5736
f 1020/1270/5737 1019/1269/5738 1023/1274/5739
f 976/1272/5740 981/1275/5741 1021/1271/5742
f 1018/1268/5743 1022/1273/5744 1024/1276/5745
f 1018/1268/5746 1024/1276/5747 1019/1269/5748
f 1017/1266/5749 1021/1271/5750 1025/1277/5751
f 1017/1266/5752 1025/1277/5753 1022/1273/5754
f 1023/1274/5755 1019/1269/5756 1026/1278/5757
f 1023/1274/5758 1026/1278/5759 1027/1279/5760
f 1019/1269/5761 1024/1276/5762 1026/1278/5763
f 981/1275/5764 1028/1280/5765 1021/1271/5766
f 981/1275/5767 988/1281/5768 1028/1280/5769
f 1025/1277/5770 1029/1282/5771 1022/1273/5772
f 1025/1277/5773 1021/1271/5774 1030/1283/5775
f 1025/1277/5776 1031/1284/5777 1029/1282/5778
f 1025/1277/5779 1030/1283/5780 1031/1284/5781
f 1021/1271/5782 1028/1280/5783 1030/1283/5784
f 1022/1273/5785 1029/1282/5786 1024/1276/5787
f 1027/1279/5788 1026/1278/5789 1032/1285/5790
f 1027/1279/5791 1032/1285/5792 960/1286/5793
f 988/1281/5794 1033/1287/5795 1028/1280/5796
f 988/1281/5797 993/1288/5798 1033/1287/5799
f 1031/1284/5800 1030/1283/5801 1034/1289/5802
f 1031/1284/5803 1035/1290/5804 1029/1282/5805
f 1031/1284/5806 1034/1289/5807 1036/1291/5808
f 1031/1284/5809 1036/1291/5810 1035/1290/5811
f 1024/1276/5812 1037/1292/5813 1026/1278/5814
f 1024/1276/5815 1029/1282/5816 1037/1292/5817
f 1037/1292/5818 1032/1285/5819 1026/1278/5820
f 1037/1292/5821 1035/1290/5822 1032/1285/5823
f 1037/1292/5824 1029/1282/5825 1035/1290/5826
f 960/1286/5827 1032/1285/5828 961/1293/5829
f 1028/1280/5830 1033/1287/5831 1038/1294/5832
f 1028/1280/5833 1038/1294/5834 1030/1283/5835
f 1030/1283/5836 1038/1294/5837 1034/1289/5838
f 993/1288/5839 1039/1295/5840 1033/1287/5841
f 993/1288/5842 998/1296/5843 1039/1295/5844
f 1036/1291/5845 1040/1297/5846 1035/1290/5847
f 1036/1291/5848 1034/1289/5849 1041/1298/5850
f 1036/1291/5851 1042/1299/5852 1040/1297/5853
f 1036/1291/5854 1041/1298/5855 1042/1299/5856
f 1035/1290/5857 1040/1297/5858 1032/1285/5859
f 961/1293/5860 1032/1285/5861 963/1300/5862
f 1032/1285/5863 1040/1297/5864 963/1300/5865
f 1038/1294/5866 1033/1287/5867 1043/1301/5868
f 1038/1294/5869 1044/1302/5870 1034/1289/5871
f 1038/1294/5872 1043/1301/5873 1044/1302/5874
f 1034/1289/5875 1044/1302/5876 1041/1298/5877
f 1033/1287/5878 1039/1295/5879 1043/1301/5880
f 998/1296/5881 1045/1303/5882 1039/1295/5883
f 998/1296/5884 1003/1304/5885 1045/1303/5886
f 1042/1299/5887 967/1305/5888 1040/1297/5889
f 1042/1299/5890 1041/1298/5891 1046/1306/5892
f 1042/1299/5893 1046/1306/5894 967/1305/5895
f 1040/1297/5896 967/1305/5897 963/1300/5898
f 1044/1302/5899 1043/1301/5900 1047/1307/5901
f 1044/1302/5902 1048/1308/5903 1041/1298/5904
f 1044/1302/5905 1047/1307/5906 1048/1308/5907
f 1039/1295/5908 1045/1303/5909 1049/1309/5910
f 1039/1295/5911 1050/1310/5912 1043/1301/5913
f 1039/1295/5914 1049/1309/5915 1050/1310/5916
f 1043/1301/5917 1050/1310/5918 1047/1307/5919
f 1003/1304/5920 1051/1311/5921 1045/1303/5922
f 1003/1304/5923 1052/1312/5924 1051/1311/5925
f 1003/1304/5926 1008/1313/5927 1052/1312/5928
f 1046/1306/5929 977/1314/5930 967/1305/5931
f 1046/1306/5932 1041/1298/5933 1053/1315/5934
f 1046/1306/5935 1053/1315/5936 977/1314/5937
f 1041/1298/5938 1048/1308/5939 1053/1315/5940
f 1049/1309/5941 1054/1316/5942 1050/1310/5943
f 1049/1309/5944 1045/1303/5945 1055/1317/5946
f 1049/1309/5947 1056/1318/5948 1054/1316/5949
f 1049/1309/5950 1055/1317/5951 1056/1318/5952
f 1045/1303/5953 1051/1311/5954 1055/1317/5955
f 1047/1307/5956 1057/1319/5957 1048/1308/5958
f 1047/1307/5959 1050/1310/5960 1058/1320/5961
f 1047/1307/5962 1058/1320/5963 1057/1319/5964
f 1050/1310/5965 1054/1316/5966 1058/1320/5967
f 1008/1313/5968 1010/1321/5969 1052/1312/5970
f 977/1314/5971 1053/1315/5972 984/1322/5973
f 1056/1318/5974 1055/1317/5975 1059/1323/5976
f 1056/1318/5977 1060/1324/5978 1054/1316/5979
f 1056/1318/5980 1059/1323/5981 1061/1325/5982
f 1056/1318/5983 1061/1325/5984 1060/1324/5985
f 1060/1324/5986 1061/1325/5987 1057/1319/5988
f 1060/1324/5989 1058/1320/5990 1054/1316/5991
f 1060/1324/5992 1057/1319/5993 1058/1320/5994
f 1055/1317/5995 1051/1311/5996 1059/1323/5997
f 1048/1308/5998 1062/1326/5999 1053/1315/6000
f 1048/1308/6001 1057/1319/6002 1062/1326/6003
f 1057/1319/6004 1061/1325/6005 1062/1326/6006
f 1053/1315/6007 1062/1326/6008 984/1322/6009
f 1010/1321/6010 1011/1327/6011 1052/1312/6012
f 1051/1311/6013 1002/1328/6014 1059/1323/6015
f 1051/1311/6016 1052/1312/6017 1007/1329/6018
f 1051/1311/6019 1007/1329/6020 1002/1328/6021
f 1007/1329/6022 1052/1312/6023 1011/1327/6024
f 1061/1325/6025 992/1330/6026 1062/1326/6027
f 1061/1325/6028 1059/1323/6029 997/1331/6030
f 1061/1325/6031 997/1331/6032 992/1330/6033
f 992/1330/6034 984/1322/6035 1062/1326/6036
f 997/1331/6037 1059/1323/6038 1002/1328/6039
f 1027/1332/6040 1063/1333/6041 1023/1334/6042
f 1063/1333/6043 1064/1335/6044 1023/1334/6045
f 1064/1335/6046 1063/1333/6047 1065/1336/6048
f 1063/1333/6049 1066/1337/6050 1065/1336/6051
f 1063/1333/6052 1027/1332/6053 1066/1337/6054
f 1065/1336/6055 1066/1337/6056 1067/1338/6057
f 1065/1336/6058 1067/1338/6059 1064/1339/6060
f 1027/1332/6061 1068/1340/6062 1066/1337/6063
f 1067/1338/6064 1023/1341/6065 1064/1339/6066
f 1067/1338/6067 1066/1337/6068 1020/1342/6069
f 1067/1338/6070 1020/1342/6071 1023/1341/6072
f 1020/1342/6073 1066/1337/6074 1068/1340/6075
f 1069/1343/6076 1016/1344/6077 1070/1345/6078
f 1016/1344/6079 1020/1346/6080 1070/1345/6081
f 1012/1347/6082 1071/1348/6083 1072/1349/6084
f 1071/1348/6085 1073/1350/6086 1072/1349/6087
f 1071/1348/6088 1074/1351/6089 1073/1350/6090
f 1071/1348/6091 1069/1352/6092 1074/1351/6093
f 1071/1348/6094 1016/1353/6095 1069/1352/6096
f 1071/1348/6097 1012/1347/6098 1016/1353/6099
f 1072/1349/6100 1073/1350/6101 1020/1346/6102
f 1074/1351/6103 1070/1345/6104 1073/1350/6105
f 1074/1351/6106 1069/1343/6107 1070/1345/6108
f 1070/1345/6109 1020/1346/6110 1073/1350/6111
f 1020/1354/6112 1068/1355/6113 1072/1356/6114
f 1068/1355/6115 1075/1357/6116 1072/1356/6117
f 1068/1355/6118 1076/1358/6119 1075/1357/6120
f 1068/1355/6121 1027/1359/6122 1076/1358/6123
f 1072/1356/6124 1075/1357/6125 1012/1360/6126
f 1027/1359/6127 960/1361/6128 1076/1358/6129
f 1075/1357/6130 978/1362/6131 1012/1360/6132
f 1075/1357/6133 1076/1358/6134 1077/1363/6135
f 1075/1357/6136 1078/1364/6137 978/1362/6138
f 1075/1357/6139 1077/1363/6140 848/1365/6141
f 1075/1357/6142 848/1365/6143 1078/1364/6144
f 960/1361/6145 1079/1366/6146 1076/1358/6147
f 978/1362/6148 1078/1364/6149 1080/1367/6150
f 1077/1363/6151 1081/1368/6152 848/1365/6153
f 1077/1363/6154 1076/1358/6155 1082/1369/6156
f 1077/1363/6157 1083/1370/6158 1081/1368/6159
f 1077/1363/6160 1082/1369/6161 1084/1371/6162
f 1077/1363/6163 1084/1371/6164 1083/1370/6165
f 1076/1358/6166 1079/1366/6167 1082/1369/6168
f 1078/1364/6169 1085/1372/6170 1080/1367/6171
f 1078/1364/6172 848/1365/6173 847/1373/6174
f 1078/1364/6175 1086/1374/6176 1085/1372/6177
f 1078/1364/6178 847/1373/6179 1086/1374/6180
f 1081/1368/6181 1083/1370/6182 1087/1375/6183
f 1081/1368/6184 846/1376/6185 848/1365/6186
f 1081/1368/6187 1087/1375/6188 1088/1377/6189
f 1081/1368/6190 1088/1377/6191 846/1376/6192
f 1084/1371/6193 1082/1369/6194 949/1378/6195
f 1084/1371/6196 942/1379/6197 1083/1370/6198
f 1084/1371/6199 949/1378/6200 942/1379/6201
f 1083/1370/6202 942/1379/6203 1087/1375/6204
f 1079/1366/6205 1089/1380/6206 1082/1369/6207
f 1082/1369/6208 1089/1380/6209 949/1378/6210
f 1085/1372/6211 1086/1374/6212 1090/1381/6213
f 847/1373/6214 845/1382/6215 1086/1374/6216
f 1088/1377/6217 843/1383/6218 846/1376/6219
f 1088/1377/6220 1087/1375/6221 1091/1384/6222
f 1088/1377/6223 1092/1385/6224 843/1383/6225
f 1088/1377/6226 1091/1384/6227 1092/1385/6228
f 942/1379/6229 926/1386/6230 1087/1375/6231
f 1087/1375/6232 926/1386/6233 1091/1384/6234
f 1089/1380/6235 1093/1387/6236 949/1378/6237
f 1090/1381/6238 1086/1374/6239 1094/1388/6240
f 1090/1381/6241 1094/1388/6242 1095/1389/6243
f 1086/1374/6244 845/1382/6245 1094/1388/6246
f 843/1383/6247 1092/1385/6248 830/1390/6249
f 926/1386/6250 1096/1391/6251 1091/1384/6252
f 1093/1387/6253 941/1392/6254 949/1378/6255
f 1095/1389/6256 1094/1388/6257 1097/1393/6258
f 845/1382/6259 839/1394/6260 1094/1388/6261
f 1094/1388/6262 839/1394/6263 1097/1393/6264
f 1092/1385/6265 1098/1395/6266 830/1390/6267
f 1092/1385/6268 1091/1384/6269 1099/1396/6270
f 1092/1385/6271 1099/1396/6272 1098/1395/6273
f 1091/1384/6274 1096/1391/6275 1099/1396/6276
f 839/1394/6277 841/1397/6278 1097/1393/6279
f 830/1390/6280 1098/1395/6281 823/1398/6282
f 1096/1391/6283 1100/1399/6284 1099/1396/6285
f 1098/1395/6286 1101/1400/6287 823/1398/6288
f 1098/1395/6289 1099/1396/6290 1102/1401/6291
f 1098/1395/6292 1102/1401/6293 1101/1400/6294
f 1100/1399/6295 1103/1402/6296 1099/1396/6297
f 1099/1396/6298 1103/1402/6299 1102/1401/6300
f 823/1398/6301 1101/1400/6302 825/1403/6303
f 1103/1402/6304 1104/1404/6305 1102/1401/6306
f 1103/1402/6307 1105/1405/6308 1104/1404/6309
f 1102/1401/6310 1104/1404/6311 1101/1400/6312
f 825/1403/6313 1101/1400/6314 1106/1406/6315
f 825/1403/6316 1106/1406/6317 1107/1407/6318
f 825/1403/6319 1107/1407/6320 826/1408/6321
f 1101/1400/6322 1104/1404/6323 1106/1406/6324
f 1105/1405/6325 1108/1409/6326 1104/1404/6327
f 1105/1405/6328 1109/1410/6329 1108/1409/6330
f 1107/1407/6331 1110/1411/6332 826/1408/6333
f 1107/1407/6334 1106/1406/6335 854/1412/6336
f 1107/1407/6337 856/1413/6338 1110/1411/6339
f 1107/1407/6340 854/1412/6341 856/1413/6342
f 1104/1404/6343 1108/1409/6344 1111/1414/6345
f 1104/1404/6346 1111/1414/6347 1106/1406/6348
f 1106/1406/6349 1111/1414/6350 854/1412/6351
f 1109/1410/6352 1112/1415/6353 1108/1409/6354
f 1109/1410/6355 1113/1416/6356 1112/1415/6357
f 826/1408/6358 1110/1411/6359 1114/1417/6360
f 826/1408/6361 1114/1417/6362 824/1418/6363
f 1110/1411/6364 856/1413/6365 1114/1417/6366
f 1111/1414/6367 852/1419/6368 854/1412/6369
f 1111/1414/6370 1108/1409/6371 1115/1420/6372
f 1111/1414/6373 1115/1420/6374 852/1419/6375
f 1108/1409/6376 1112/1415/6377 1115/1420/6378
f 1113/1416/6379 1116/1421/6380 1112/1415/6381
f 1113/1416/6382 1117/1422/6383 1116/1421/6384
f 824/1418/6385 1114/1417/6386 1118/1423/6387
f 824/1418/6388 1118/1423/6389 831/1424/6390
f 856/1413/6391 855/1425/6392 1114/1417/6393
f 1114/1417/6394 855/1425/6395 1118/1423/6396
f 852/1419/6397 1115/1420/6398 858/1426/6399
f 1112/1415/6400 1116/1421/6401 1119/1427/6402
f 1112/1415/6403 1119/1427/6404 1115/1420/6405
f 1115/1420/6406 1119/1427/6407 858/1426/6408
f 1117/1422/6409 1120/1428/6410 1116/1421/6411
f 831/1424/6412 1118/1423/6413 1121/1429/6414
f 831/1424/6415 1121/1429/6416 836/1430/6417
f 855/1425/6418 860/1431/6419 1118/1423/6420
f 1119/1427/6421 866/1432/6422 858/1426/6423
f 1119/1427/6424 1116/1421/6425 1122/1433/6426
f 1119/1427/6427 1122/1433/6428 866/1432/6429
f 1120/1428/6430 1123/1434/6431 1116/1421/6432
f 1120/1428/6433 1124/1435/6434 1123/1434/6435
f 1120/1428/6436 1125/1436/6437 1124/1435/6438
f 1116/1421/6439 1123/1434/6440 1122/1433/6441
f 1121/1429/6442 889/1437/6443 836/1430/6444
f 1121/1429/6445 1118/1423/6446 1126/1438/6447
f 1121/1429/6448 1127/1439/6449 889/1437/6450
f 1121/1429/6451 1126/1438/6452 1127/1439/6453
f 860/1431/6454 1128/1440/6455 1118/1423/6456
f 860/1431/6457 867/1441/6458 1128/1440/6459
f 1118/1423/6460 1128/1440/6461 1126/1438/6462
f 866/1432/6463 1122/1433/6464 876/1442/6465
f 1125/1436/6466 1129/1443/6467 1124/1435/6468
f 1125/1436/6469 1130/1444/6470 1129/1443/6471
f 1123/1434/6472 1131/1445/6473 1122/1433/6474
f 1123/1434/6475 1124/1435/6476 1131/1445/6477
f 1122/1433/6478 1131/1445/6479 876/1442/6480
f 889/1437/6481 1127/1439/6482 1132/1446/6483
f 889/1437/6484 1132/1446/6485 1133/1447/6486
f 889/1437/6487 1133/1447/6488 884/1448/6489
f 867/1441/6490 901/1449/6491 1128/1440/6492
f 1126/1438/6493 1134/1450/6494 1127/1439/6495
f 1126/1438/6496 1128/1440/6497 1135/1451/6498
f 1126/1438/6499 1135/1451/6500 1134/1450/6501
f 1128/1440/6502 901/1449/6503 1135/1451/6504
f 1130/1444/6505 1136/1452/6506 1129/1443/6507
f 1130/1444/6508 1137/1453/6509 1136/1452/6510
f 1130/1444/6511 1138/1454/6512 1137/1453/6513
f 1130/1444/6514 1139/1455/6515 1138/1454/6516
f 1124/1435/6517 1140/1456/6518 1131/1445/6519
f 1124/1435/6520 1129/1443/6521 1140/1456/6522
f 1129/1443/6523 1136/1452/6524 1140/1456/6525
f 876/1442/6526 1131/1445/6527 878/1457/6528
f 1131/1445/6529 1140/1456/6530 878/1457/6531
f 1133/1447/6532 890/1458/6533 884/1448/6534
f 1133/1447/6535 1141/1459/6536 890/1458/6537
f 901/1449/6538 1142/1460/6539 1135/1451/6540
f 901/1449/6541 1143/1461/6542 1142/1460/6543
f 901/1449/6544 894/1462/6545 1143/1461/6546
f 1143/1461/6547 890/1458/6548 1141/1459/6549
f 1143/1461/6550 894/1462/6551 890/1458/6552
f 1137/1453/6553 1144/1463/6554 1136/1452/6555
f 1140/1456/6556 1145/1464/6557 878/1457/6558
f 1140/1456/6559 1136/1452/6560 1146/1465/6561
f 1140/1456/6562 1146/1465/6563 1145/1464/6564
f 1136/1452/6565 1144/1463/6566 1146/1465/6567
f 878/1457/6568 1145/1464/6569 1147/1466/6570
f 878/1457/6571 1147/1466/6572 875/1467/6573
f 1144/1463/6574 1148/1468/6575 1146/1465/6576
f 1145/1464/6577 1149/1469/6578 1147/1466/6579
f 1145/1464/6580 1146/1465/6581 1150/1470/6582
f 1145/1464/6583 1151/1471/6584 1149/1469/6585
f 1145/1464/6586 1150/1470/6587 1152/1472/6588
f 1145/1464/6589 1152/1472/6590 1151/1471/6591
f 875/1467/6592 1147/1466/6593 1153/1473/6594
f 875/1467/6595 1153/1473/6596 870/1474/6597
f 1148/1468/6598 1154/1475/6599 1146/1465/6600
f 1146/1465/6601 1154/1475/6602 1150/1470/6603
f 1149/1469/6604 1155/1476/6605 1147/1466/6606
f 1152/1472/6607 1150/1470/6608 1156/1477/6609
f 1153/1473/6610 1157/1478/6611 870/1474/6612
f 1153/1473/6613 1147/1466/6614 1158/1479/6615
f 1153/1473/6616 1159/1480/6617 1157/1478/6618
f 1153/1473/6619 1158/1479/6620 1159/1480/6621
f 1158/1479/6622 1147/1466/6623 1155/1476/6624
f 870/1474/6625 1157/1478/6626 868/1481/6627
f 1159/1480/6628 1160/1482/6629 1157/1478/6630
f 868/1481/6631 1157/1478/6632 1161/1483/6633
f 868/1481/6634 1161/1483/6635 874/1484/6636
f 1161/1483/6637 1157/1478/6638 1160/1482/6639
f 893/1485/6640 1162/1486/6641 900/1487/6642
f 1162/1486/6643 1163/1488/6644 900/1487/6645
f 1162/1486/6646 1164/1489/6647 1163/1488/6648
f 900/1487/6649 1163/1488/6650 903/1490/6651
f 1164/1489/6652 1165/1491/6653 1163/1488/6654
f 1164/1489/6655 1166/1492/6656 1165/1491/6657
f 903/1490/6658 1163/1488/6659 1167/1493/6660
f 903/1490/6661 1167/1493/6662 1168/1494/6663
f 903/1490/6664 1168/1494/6665 1169/1495/6666
f 903/1490/6667 1169/1495/6668 899/1496/6669
f 1163/1488/6670 1165/1491/6671 1167/1493/6672
f 1166/1492/6673 1170/1497/6674 1165/1491/6675
f 1166/1492/6676 1171/1498/6677 1170/1497/6678
f 1168/1494/6679 1172/1499/6680 1169/1495/6681
f 1168/1494/6682 1167/1493/6683 1173/1500/6684
f 1168/1494/6685 1174/1501/6686 1172/1499/6687
f 1168/1494/6688 1173/1500/6689 1174/1501/6690
f 899/1496/6691 1169/1495/6692 1175/1502/6693
f 899/1496/6694 1175/1502/6695 888/1503/6696
f 1165/1491/6697 1170/1497/6698 1176/1504/6699
f 1165/1491/6700 1176/1504/6701 1167/1493/6702
f 1167/1493/6703 1176/1504/6704 1173/1500/6705
f 1171/1498/6706 1177/1505/6707 1170/1497/6708
f 1172/1499/6709 1174/1501/6710 1178/1506/6711
f 1172/1499/6712 1179/1507/6713 1169/1495/6714
f 1172/1499/6715 1178/1506/6716 1180/1508/6717
f 1172/1499/6718 1180/1508/6719 1179/1507/6720
f 1169/1495/6721 1179/1507/6722 1175/1502/6723
f 888/1503/6724 1175/1502/6725 1181/1509/6726
f 888/1503/6727 1181/1509/6728 883/1510/6729
f 1176/1504/6730 1182/1511/6731 1173/1500/6732
f 1176/1504/6733 1170/1497/6734 1183/1512/6735
f 1176/1504/6736 1183/1512/6737 1182/1511/6738
f 1170/1497/6739 1177/1505/6740 1183/1512/6741
f 1174/1501/6742 1184/1513/6743 1178/1506/6744
f 1174/1501/6745 1173/1500/6746 1184/1513/6747
f 1173/1500/6748 1182/1511/6749 1184/1513/6750
f 1180/1508/6751 1185/1514/6752 1179/1507/6753
f 1180/1508/6754 1178/1506/6755 1186/1515/6756
f 1180/1508/6757 1187/1516/6758 1185/1514/6759
f 1180/1508/6760 1186/1515/6761 1187/1516/6762
f 1175/1502/6763 1188/1517/6764 1181/1509/6765
f 1175/1502/6766 1179/1507/6767 1188/1517/6768
f 1179/1507/6769 1185/1514/6770 1188/1517/6771
f 883/1510/6772 1181/1509/6773 837/1518/6774
f 883/1510/6775 837/1518/6776 838/1519/6777
f 1177/1505/6778 1189/1520/6779 1183/1512/6780
f 1182/1511/6781 1190/1521/6782 1184/1513/6783
f 1182/1511/6784 1183/1512/6785 1191/1522/6786
f 1182/1511/6787 1191/1522/6788 1190/1521/6789
f 1178/1506/6790 1192/1523/6791 1186/1515/6792
f 1178/1506/6793 1184/1513/6794 1192/1523/6795
f 1184/1513/6796 1190/1521/6797 1192/1523/6798
f 1187/1516/6799 842/1524/6800 1185/1514/6801
f 1187/1516/6802 1186/1515/6803 1193/1525/6804
f 1187/1516/6805 841/1526/6806 842/1524/6807
f 1187/1516/6808 1193/1525/6809 1194/1527/6810
f 1187/1516/6811 1194/1527/6812 841/1526/6813
f 1186/1515/6814 1192/1523/6815 1193/1525/6816
f 1185/1514/6817 842/1524/6818 1188/1517/6819
f 1181/1509/6820 840/1528/6821 837/1518/6822
f 1181/1509/6823 1188/1517/6824 840/1528/6825
f 840/1528/6826 1188/1517/6827 842/1524/6828
f 1189/1520/6829 1195/1529/6830 1183/1512/6831
f 1183/1512/6832 1195/1529/6833 1191/1522/6834
f 1190/1521/6835 1196/1530/6836 1192/1523/6837
f 1190/1521/6838 1191/1522/6839 1196/1530/6840
f 1194/1527/6841 1097/1531/6842 841/1526/6843
f 1194/1527/6844 1193/1525/6845 1197/1532/6846
f 1194/1527/6847 1198/1533/6848 1097/1531/6849
f 1194/1527/6850 1197/1532/6851 1198/1533/6852
f 1195/1529/6853 1199/1534/6854 1191/1522/6855
f 1191/1522/6856 1199/1534/6857 1196/1530/6858
f 1192/1523/6859 1200/1535/6860 1193/1525/6861
f 1192/1523/6862 1196/1530/6863 1200/1535/6864
f 1193/1525/6865 1200/1535/6866 1197/1532/6867
f 1097/1531/6868 1198/1533/6869 1095/1536/6870
f 1199/1534/6871 1201/1537/6872 1196/1530/6873
f 1201/1537/6874 1197/1532/6875 1200/1535/6876
f 1201/1537/6877 1200/1535/6878 1196/1530/6879
f 893/1538/6880 896/1539/6881 1162/1540/6882
f 896/1539/6883 1202/1541/6884 1162/1540/6885
f 896/1539/6886 902/1542/6887 1202/1541/6888
f 1162/1540/6889 1202/1541/6890 1164/1543/6891
f 902/1542/6892 1203/1544/6893 1202/1541/6894
f 902/1542/6895 1204/1545/6896 1203/1544/6897
f 902/1542/6898 1205/1546/6899 1204/1545/6900
f 902/1542/6901 898/1547/6902 1205/1546/6903
f 1164/1543/6904 1202/1541/6905 1206/1548/6906
f 1164/1543/6907 1206/1548/6908 1166/1549/6909
f 1202/1541/6910 1203/1544/6911 1206/1548/6912
f 1204/1545/6913 1205/1546/6914 1207/1550/6915
f 1204/1545/6916 1208/1551/6917 1203/1544/6918
f 1204/1545/6919 1207/1550/6920 1209/1552/6921
f 1204/1545/6922 1209/1552/6923 1208/1551/6924
f 898/1547/6925 1210/1553/6926 1205/1546/6927
f 898/1547/6928 897/1554/6929 1210/1553/6930
f 1166/1549/6931 1206/1548/6932 1211/1555/6933
f 1166/1549/6934 1211/1555/6935 1171/1556/6936
f 1203/1544/6937 1208/1551/6938 1212/1557/6939
f 1203/1544/6940 1212/1557/6941 1206/1548/6942
f 1206/1548/6943 1212/1557/6944 1211/1555/6945
f 1207/1550/6946 1213/1558/6947 1209/1552/6948
f 1207/1550/6949 1205/1546/6950 1214/1559/6951
f 1207/1550/6952 1215/1560/6953 1213/1558/6954
f 1207/1550/6955 1214/1559/6956 1215/1560/6957
f 1205/1546/6958 1210/1553/6959 1214/1559/6960
f 897/1554/6961 1216/1561/6962 1210/1553/6963
f 897/1554/6964 895/1562/6965 1216/1561/6966
f 1171/1556/6967 1211/1555/6968 1217/1563/6969
f 1208/1551/6970 1218/1564/6971 1212/1557/6972
f 1208/1551/6973 1209/1552/6974 1219/1565/6975
f 1208/1551/6976 1219/1565/6977 1218/1564/6978
f 1209/1552/6979 1213/1558/6980 1219/1565/6981
f 1215/1560/6982 1214/1559/6983 1220/1566/6984
f 1215/1560/6985 1221/1567/6986 1213/1558/6987
f 1215/1560/6988 1220/1566/6989 1222/1568/6990
f 1215/1560/6991 1222/1568/6992 1221/1567/6993
f 1210/1553/6994 1216/1561/6995 1223/1569/6996
f 1210/1553/6997 1223/1569/6998 1214/1559/6999
f 1214/1559/7000 1223/1569/7001 1220/1566/7002
f 895/1562/7003 871/1570/7004 1216/1561/7005
f 895/1562/7006 873/1571/7007 871/1570/7008
f 1211/1555/7009 1224/1572/7010 1217/1563/7011
f 1211/1555/7012 1212/1557/7013 1224/1572/7014
f 1212/1557/7015 1218/1564/7016 1224/1572/7017
f 1219/1565/7018 1213/1558/7019 1225/1573/7020
f 1219/1565/7021 1226/1574/7022 1218/1564/7023
f 1219/1565/7024 1225/1573/7025 1226/1574/7026
f 1213/1558/7027 1221/1567/7028 1225/1573/7029
f 1222/1568/7030 1220/1566/7031 877/1575/7032
f 1222/1568/7033 1227/1576/7034 1221/1567/7035
f 1222/1568/7036 877/1575/7037 874/1577/7038
f 1222/1568/7039 1228/1578/7040 1227/1576/7041
f 1222/1568/7042 874/1577/7043 1228/1578/7044
f 1221/1567/7045 1227/1576/7046 1225/1573/7047
f 1220/1566/7048 1223/1569/7049 877/1575/7050
f 1216/1561/7051 871/1570/7052 872/1579/7053
f 1216/1561/7054 872/1579/7055 1223/1569/7056
f 1223/1569/7057 872/1579/7058 877/1575/7059
f 1217/1563/7060 1224/1572/7061 1229/1580/7062
f 1218/1564/7063 1226/1574/7064 1230/1581/7065
f 1218/1564/7066 1230/1581/7067 1224/1572/7068
f 874/1577/7069 1161/1582/7070 1228/1578/7071
f 1227/1576/7072 1231/1583/7073 1225/1573/7074
f 1227/1576/7075 1228/1578/7076 1232/1584/7077
f 1227/1576/7078 1232/1584/7079 1231/1583/7080
f 1229/1580/7081 1224/1572/7082 1233/1585/7083
f 1224/1572/7084 1230/1581/7085 1233/1585/7086
f 1226/1574/7087 1225/1573/7088 1234/1586/7089
f 1226/1574/7090 1234/1586/7091 1230/1581/7092
f 1225/1573/7093 1231/1583/7094 1234/1586/7095
f 1161/1582/7096 1235/1587/7097 1228/1578/7098
f 1161/1582/7099 1160/1588/7100 1235/1587/7101
f 1235/1587/7102 1232/1584/7103 1228/1578/7104
f 1233/1585/7105 1230/1581/7106 1236/1589/7107
f 1230/1581/7108 1234/1586/7109 1236/1589/7110
f 1231/1583/7111 1232/1584/7112 1237/1590/7113
f 1231/1583/7114 1237/1590/7115 1234/1586/7116
f 1234/1586/7117 1237/1590/7118 1236/1589/7119
f 1238/1591/7120 1239/1592/7121 1240/1593/7122
f 1239/1592/7123 1241/1594/7124 1240/1593/7125
f 1239/1592/7126 1242/1595/7127 1241/1594/7128
f 1239/1592/7129 1243/1596/7130 1242/1595/7131
f 1239/1592/7132 1244/1597/7133 1243/1596/7134
f 1239/1592/7135 1245/1598/7136 1244/1597/7137
f 1239/1592/7138 1238/1591/7139 1245/1598/7140
f 1241/1594/7141 1242/1595/7142 1246/1599/7143
f 1241/1594/7144 1246/1599/7145 1247/1600/7146
f 1243/1596/7147 1244/1597/7148 1248/1601/7149
f 1243/1596/7150 1249/1602/7151 1242/1595/7152
f 1243/1596/7153 1248/1601/7154 1250/1603/7155
f 1243/1596/7156 1250/1603/7157 1249/1602/7158
f 1238/1591/7159 1251/1604/7160 1245/1598/7161
f 1247/1600/7162 1148/1605/7163 1240/1593/7164
f 1247/1600/7165 1240/1593/7166 1241/1594/7167
f 1244/1597/7168 1252/1606/7169 1248/1601/7170
f 1244/1597/7171 1245/1598/7172 1253/1607/7173
f 1244/1597/7174 1253/1607/7175 1252/1606/7176
f 1242/1595/7177 1249/1602/7178 1254/1608/7179
f 1242/1595/7180 1254/1608/7181 1246/1599/7182
f 1250/1603/7183 1248/1601/7184 1255/1609/7185
f 1250/1603/7186 1256/1610/7187 1249/1602/7188
f 1250/1603/7189 1255/1609/7190 1257/1611/7191
f 1250/1603/7192 1257/1611/7193 1256/1610/7194
f 1245/1598/7195 1258/1612/7196 1253/1607/7197
f 1245/1598/7198 1251/1604/7199 1258/1612/7200
f 1252/1606/7201 1259/1613/7202 1248/1601/7203
f 1248/1601/7204 1259/1613/7205 1255/1609/7206
f 1254/1608/7207 1249/1602/7208 1260/1614/7209
f 1249/1602/7210 1256/1610/7211 1260/1614/7212
f 1257/1611/7213 1255/1609/7214 1261/1615/7215
f 1257/1611/7216 1262/1616/7217 1256/1610/7218
f 1257/1611/7219 1261/1615/7220 1262/1616/7221
f 1251/1604/7222 1149/1617/7223 1258/1612/7224
f 1259/1613/7225 1263/1618/7226 1255/1609/7227
f 1255/1609/7228 1263/1618/7229 1261/1615/7230
f 1260/1614/7231 1256/1610/7232 1264/1619/7233
f 1262/1616/7234 1261/1615/7235 1265/1620/7236
f 1262/1616/7237 1266/1621/7238 1256/1610/7239
f 1262/1616/7240 1265/1620/7241 1267/1622/7242
f 1262/1616/7243 1267/1622/7244 1266/1621/7245
f 1256/1610/7246 1266/1621/7247 1264/1619/7248
f 1263/1618/7249 1268/1623/7250 1261/1615/7251
f 1261/1615/7252 1268/1623/7253 1265/1620/7254
f 1267/1622/7255 1269/1624/7256 1266/1621/7257
f 1267/1622/7258 1265/1620/7259 1270/1625/7260
f 1267/1622/7261 1271/1626/7262 1269/1624/7263
f 1267/1622/7264 1270/1625/7265 1271/1626/7266
f 1264/1619/7267 1266/1621/7268 1272/1627/7269
f 1266/1621/7270 1269/1624/7271 1272/1627/7272
f 1268/1623/7273 1273/1628/7274 1265/1620/7275
f 1265/1620/7276 1273/1628/7277 1270/1625/7278
f 1271/1626/7279 1274/1629/7280 1269/1624/7281
f 1271/1626/7282 1270/1625/7283 1275/1630/7284
f 1271/1626/7285 1276/1631/7286 1274/1629/7287
f 1271/1626/7288 1275/1630/7289 1276/1631/7290
f 1272/1627/7291 1269/1624/7292 1277/1632/7293
f 1269/1624/7294 1274/1629/7295 1277/1632/7296
f 1273/1628/7297 1278/1633/7298 1270/1625/7299
f 1270/1625/7300 1278/1633/7301 1275/1630/7302
f 1276/1631/7303 1279/1634/7304 1274/1629/7305
f 1276/1631/7306 1275/1630/7307 1280/1635/7308
f 1276/1631/7309 1281/1636/7310 1279/1634/7311
f 1276/1631/7312 1280/1635/7313 1281/1636/7314
f 1277/1632/7315 1274/1629/7316 1282/1637/7317
f 1274/1629/7318 1279/1634/7319 1282/1637/7320
f 1278/1633/7321 1283/1638/7322 1275/1630/7323
f 1275/1630/7324 1283/1638/7325 1280/1635/7326
f 1281/1636/7327 1284/1639/7328 1279/1634/7329
f 1281/1636/7330 1280/1635/7331 1285/1640/7332
f 1281/1636/7333 1286/1641/7334 1284/1639/7335
f 1281/1636/7336 1285/1640/7337 1286/1641/7338
f 1282/1637/7339 1279/1634/7340 1287/1642/7341
f 1279/1634/7342 1284/1639/7343 1287/1642/7344
f 1283/1638/7345 1288/1643/7346 1280/1635/7347
f 1280/1635/7348 1288/1643/7349 1285/1640/7350
f 1286/1641/7351 1289/1644/7352 1284/1639/7353
f 1286/1641/7354 1285/1640/7355 1290/1645/7356
f 1286/1641/7357 1290/1645/7358 1289/1644/7359
f 1285/1640/7360 1288/1643/7361 1290/1645/7362
f 1284/1639/7363 1289/1644/7364 1287/1642/7365
f 1290/1645/7366 1291/1646/7367 1289/1644/7368
f 1289/1644/7369 1291/1646/7370 1287/1642/7371
f 1247/1647/7372 1246/1648/7373 1292/1649/7374
f 1246/1648/7375 1293/1650/7376 1292/1649/7377
f 1246/1648/7378 1254/1651/7379 1293/1650/7380
f 1292/1649/7381 1293/1650/7382 1294/1652/7383
f 1292/1649/7384 1294/1652/7385 1295/1653/7386
f 1292/1649/7387 1295/1653/7388 1296/1654/7389
f 1292/1649/7390 1296/1654/7391 1154/1655/7392
f 1254/1651/7393 1297/1656/7394 1293/1650/7395
f 1254/1651/7396 1298/1657/7397 1297/1656/7398
f 1254/1651/7399 1260/1658/7400 1298/1657/7401
f 1294/1652/7402 1299/1659/7403 1295/1653/7404
f 1294/1652/7405 1293/1650/7406 1300/1660/7407
f 1294/1652/7408 1301/1661/7409 1299/1659/7410
f 1294/1652/7411 1300/1660/7412 1301/1661/7413
f 1293/1650/7414 1297/1656/7415 1300/1660/7416
f 1296/1654/7417 1302/1662/7418 1154/1655/7419
f 1296/1654/7420 1295/1653/7421 1303/1663/7422
f 1296/1654/7423 1304/1664/7424 1302/1662/7425
f 1296/1654/7426 1303/1663/7427 1304/1664/7428
f 1295/1653/7429 1299/1659/7430 1303/1663/7431
f 1260/1658/7432 1305/1665/7433 1298/1657/7434
f 1260/1658/7435 1264/1666/7436 1305/1665/7437
f 1301/1661/7438 1300/1660/7439 1306/1667/7440
f 1301/1661/7441 1307/1668/7442 1299/1659/7443
f 1301/1661/7444 1306/1667/7445 1308/1669/7446
f 1301/1661/7447 1308/1669/7448 1307/1668/7449
f 1297/1656/7450 1298/1657/7451 1309/1670/7452
f 1297/1656/7453 1309/1670/7454 1300/1660/7455
f 1300/1660/7456 1309/1670/7457 1306/1667/7458
f 1298/1657/7459 1305/1665/7460 1309/1670/7461
f 1154/1655/7462 1148/1671/7463 1292/1649/7464
f 1302/1662/7465 1304/1664/7466 1156/1672/7467
f 1303/1663/7468 1299/1659/7469 1310/1673/7470
f 1303/1663/7471 1311/1674/7472 1304/1664/7473
f 1303/1663/7474 1310/1673/7475 1311/1674/7476
f 1299/1659/7477 1307/1668/7478 1310/1673/7479
f 1264/1666/7480 1312/1675/7481 1305/1665/7482
f 1264/1666/7483 1272/1676/7484 1312/1675/7485
f 1308/1669/7486 1306/1667/7487 1313/1677/7488
f 1308/1669/7489 1314/1678/7490 1307/1668/7491
f 1308/1669/7492 1313/1677/7493 1315/1679/7494
f 1308/1669/7495 1315/1679/7496 1314/1678/7497
f 1309/1670/7498 1305/1665/7499 1316/1680/7500
f 1309/1670/7501 1317/1681/7502 1306/1667/7503
f 1309/1670/7504 1316/1680/7505 1317/1681/7506
f 1306/1667/7507 1317/1681/7508 1313/1677/7509
f 1305/1665/7510 1312/1675/7511 1316/1680/7512
f 1148/1671/7513 1247/1647/7514 1292/1649/7515
f 1156/1672/7516 1304/1664/7517 1318/1682/7518
f 1311/1674/7519 1310/1673/7520 1319/1683/7521
f 1311/1674/7522 1320/1684/7523 1304/1664/7524
f 1311/1674/7525 1319/1683/7526 1321/1685/7527
f 1311/1674/7528 1321/1685/7529 1320/1684/7530
f 1304/1664/7531 1320/1684/7532 1318/1682/7533
f 1272/1676/7534 1322/1686/7535 1312/1675/7536
f 1272/1676/7537 1277/1687/7538 1322/1686/7539
f 1307/1668/7540 1314/1678/7541 1323/1688/7542
f 1307/1668/7543 1323/1688/7544 1310/1673/7545
f 1310/1673/7546 1323/1688/7547 1319/1683/7548
f 1315/1679/7549 1313/1677/7550 1324/1689/7551
f 1315/1679/7552 1263/1690/7553 1314/1678/7554
f 1315/1679/7555 1324/1689/7556 1268/1691/7557
f 1315/1679/7558 1268/1691/7559 1263/1690/7560
f 1317/1681/7561 1316/1680/7562 1325/1692/7563
f 1317/1681/7564 1326/1693/7565 1313/1677/7566
f 1317/1681/7567 1325/1692/7568 1326/1693/7569
f 1313/1677/7570 1326/1693/7571 1324/1689/7572
f 1321/1685/7573 1151/1694/7574 1320/1684/7575
f 1321/1685/7576 1319/1683/7577 1258/1695/7578
f 1321/1685/7579 1258/1695/7580 1151/1694/7581
f 1320/1684/7582 1151/1694/7583 1318/1682/7584
f 1312/1675/7585 1322/1686/7586 1327/1696/7587
f 1312/1675/7588 1327/1696/7589 1316/1680/7590
f 1316/1680/7591 1327/1696/7592 1325/1692/7593
f 1277/1687/7594 1328/1697/7595 1322/1686/7596
f 1277/1687/7597 1282/1698/7598 1328/1697/7599
f 1323/1688/7600 1314/1678/7601 1252/1699/7602
f 1323/1688/7603 1253/1700/7604 1319/1683/7605
f 1323/1688/7606 1252/1699/7607 1253/1700/7608
f 1253/1700/7609 1258/1695/7610 1319/1683/7611
f 1268/1691/7612 1324/1689/7613 1273/1701/7614
f 1263/1690/7615 1259/1702/7616 1314/1678/7617
f 1314/1678/7618 1259/1702/7619 1252/1699/7620
f 1326/1693/7621 1325/1692/7622 1329/1703/7623
f 1326/1693/7624 1330/1704/7625 1324/1689/7626
f 1326/1693/7627 1329/1703/7628 1330/1704/7629
f 1324/1689/7630 1330/1704/7631 1273/1701/7632
f 1151/1694/7633 1258/1695/7634 1149/1705/7635
f 1327/1696/7636 1322/1686/7637 1331/1706/7638
f 1327/1696/7639 1332/1707/7640 1325/1692/7641
f 1327/1696/7642 1331/1706/7643 1332/1707/7644
f 1325/1692/7645 1332/1707/7646 1329/1703/7647
f 1282/1698/7648 1333/1708/7649 1328/1697/7650
f 1282/1698/7651 1287/1709/7652 1333/1708/7653
f 1330/1704/7654 1278/1710/7655 1273/1701/7656
f 1330/1704/7657 1329/1703/7658 1334/1711/7659
f 1330/1704/7660 1335/1712/7661 1278/1710/7662
f 1330/1704/7663 1334/1711/7664 1335/1712/7665
f 1322/1686/7666 1336/1713/7667 1331/1706/7668
f 1322/1686/7669 1328/1697/7670 1336/1713/7671
f 1332/1707/7672 1337/1714/7673 1329/1703/7674
f 1332/1707/7675 1331/1706/7676 1337/1714/7677
f 1337/1714/7678 1334/1711/7679 1329/1703/7680
f 1337/1714/7681 1331/1706/7682 1336/1713/7683
f 1337/1714/7684 1336/1713/7685 1334/1711/7686
f 1287/1709/7687 1338/1715/7688 1333/1708/7689
f 1287/1709/7690 1291/1716/7691 1338/1715/7692
f 1278/1710/7693 1335/1712/7694 1283/1717/7695
f 1328/1697/7696 1339/1718/7697 1336/1713/7698
f 1328/1697/7699 1333/1708/7700 1339/1718/7701
f 1339/1718/7702 1334/1711/7703 1336/1713/7704
f 1339/1718/7705 1335/1712/7706 1334/1711/7707
f 1339/1718/7708 1333/1708/7709 1335/1712/7710
f 1333/1708/7711 1338/1715/7712 1283/1717/7713
f 1333/1708/7714 1283/1717/7715 1335/1712/7716
f 1291/1716/7717 1290/1719/7718 1338/1715/7719
f 1283/1717/7720 1338/1715/7721 1288/1720/7722
f 1288/1720/7723 1338/1715/7724 1290/1719/7725
f 1340/1721/7726 1302/1722/7727 1341/1723/7728
f 1302/1722/7729 1156/1724/7730 1341/1723/7731
f 1340/1725/7732 1342/1726/7733 1302/1727/7734
f 1342/1726/7735 1154/1728/7736 1302/1727/7737
f 1340/1725/7738 1343/1729/7739 1342/1726/7740
f 1343/1729/7741 1344/1730/7742 1342/1726/7743
f 1343/1729/7744 1341/1723/7745 1344/1730/7746
f 1343/1729/7747 1340/1721/7748 1341/1723/7749
f 1342/1726/7750 1344/1730/7751 1154/1728/7752
f 1341/1723/7753 1156/1724/7754 1344/1730/7755
f 1154/1728/7756 1344/1730/7757 1150/1731/7758
f 1150/1731/7759 1344/1730/7760 1156/1724/7761
f 1345/1732/7762 1346/1733/7763 1318/1734/7764
f 1346/1733/7765 1156/1735/7766 1318/1734/7767
f 1345/1736/7768 1347/1737/7769 1348/1738/7770
f 1347/1737/7771 1349/1739/7772 1348/1738/7773
f 1347/1737/7774 1152/1740/7775 1349/1739/7776
f 1347/1737/7777 1151/1741/7778 1152/1740/7779
f 1348/1738/7780 1349/1739/7781 1346/1733/7782
f 1348/1738/7783 1346/1733/7784 1345/1732/7785
f 1152/1740/7786 1156/1735/7787 1349/1739/7788
f 1349/1739/7789 1156/1735/7790 1346/1733/7791
f 1151/1741/7792 1347/1737/7793 1318/1742/7794
f 1347/1737/7795 1345/1736/7796 1318/1742/7797
f 926/1743/7798 942/1188/7799 935/1181/7800
f 943/1744/7801 929/1745/7802 1350/1746/7803
f 929/1745/7804 1351/1747/7805 1350/1746/7806
f 929/1745/7807 1352/1748/7808 1351/1747/7809
f 929/1745/7810 928/1749/7811 1352/1748/7812
f 1350/1746/7813 1351/1747/7814 1353/1750/7815
f 1350/1746/7816 1353/1750/7817 1354/1751/7818
f 1351/1747/7819 1352/1748/7820 1353/1750/7821
f 928/1749/7822 1355/1752/7823 1352/1748/7824
f 928/1749/7825 932/1753/7826 1355/1752/7827
f 1354/1751/7828 1353/1750/7829 1356/1754/7830
f 1354/1751/7831 1356/1754/7832 1357/1755/7833
f 1352/1748/7834 1355/1752/7835 1358/1756/7836
f 1352/1748/7837 1358/1756/7838 1353/1750/7839
f 932/1753/7840 931/1757/7841 1355/1752/7842
f 1356/1754/7843 1359/1758/7844 1357/1755/7845
f 1356/1754/7846 1353/1750/7847 1360/1759/7848
f 1356/1754/7849 1360/1759/7850 1359/1758/7851
f 1353/1750/7852 1358/1756/7853 1360/1759/7854
f 931/1757/7855 1361/1760/7856 1355/1752/7857
f 931/1757/7858 1362/1761/7859 1361/1760/7860
f 931/1757/7861 941/1762/7862 1362/1761/7863
f 1355/1752/7864 1361/1760/7865 1358/1756/7866
f 1357/1755/7867 1359/1758/7868 1363/1763/7869
f 1360/1759/7870 1358/1756/7871 1364/1764/7872
f 1360/1759/7873 1365/1765/7874 1359/1758/7875
f 1360/1759/7876 1364/1764/7877 1365/1765/7878
f 1361/1760/7879 1362/1761/7880 1364/1764/7881
f 1361/1760/7882 1364/1764/7883 1358/1756/7884
f 941/1762/7885 1093/1766/7886 1362/1761/7887
f 1363/1763/7888 1359/1758/7889 1366/1767/7890
f 1363/1763/7891 1366/1767/7892 1367/1768/7893
f 1365/1765/7894 1364/1764/7895 1368/1769/7896
f 1365/1765/7897 1369/1770/7898 1359/1758/7899
f 1365/1765/7900 1368/1769/7901 1370/1771/7902
f 1365/1765/7903 1370/1771/7904 1369/1770/7905
f 1359/1758/7906 1369/1770/7907 1366/1767/7908
f 1093/1766/7909 1371/1772/7910 1362/1761/7911
f 1093/1766/7912 1089/1773/7913 1371/1772/7914
f 1362/1761/7915 1371/1772/7916 1364/1764/7917
f 1367/1768/7918 1366/1767/7919 1372/1774/7920
f 1368/1769/7921 1373/1775/7922 1370/1771/7923
f 1368/1769/7924 1364/1764/7925 1374/1776/7926
f 1368/1769/7927 1374/1776/7928 1373/1775/7929
f 1364/1764/7930 1371/1772/7931 1374/1776/7932
f 1369/1770/7933 1375/1777/7934 1366/1767/7935
f 1369/1770/7936 1370/1771/7937 1376/1778/7938
f 1369/1770/7939 1376/1778/7940 1375/1777/7941
f 1089/1773/7942 1377/1779/7943 1371/1772/7944
f 1089/1773/7945 1079/1780/7946 1377/1779/7947
f 1372/1774/7948 1366/1767/7949 1378/1781/7950
f 1372/1774/7951 1378/1781/7952 1379/1782/7953
f 1366/1767/7954 1375/1777/7955 1378/1781/7956
f 1373/1775/7957 1374/1776/7958 1380/1783/7959
f 1373/1775/7960 1381/1784/7961 1370/1771/7962
f 1373/1775/7963 1380/1783/7964 1382/1785/7965
f 1373/1775/7966 1382/1785/7967 1381/1784/7968
f 1370/1771/7969 1381/1784/7970 1376/1778/7971
f 1371/1772/7972 1377/1779/7973 1383/1786/7974
f 1371/1772/7975 1383/1786/7976 1374/1776/7977
f 1374/1776/7978 1383/1786/7979 1380/1783/7980
f 1079/1780/7981 960/1787/7982 1377/1779/7983
f 1379/1782/7984 1378/1781/7985 1384/1788/7986
f 1379/1782/7987 1384/1788/7988 1385/1789/7989
f 1378/1781/7990 1375/1777/7991 1384/1788/7992
f 1382/1785/7993 1386/1790/7994 1381/1784/7995
f 1382/1785/7996 1380/1783/7997 1387/1791/7998
f 1382/1785/7999 1388/1792/8000 1386/1790/8001
f 1382/1785/8002 1387/1791/8003 1389/1793/8004
f 1382/1785/8005 1389/1793/8006 1388/1792/8007
f 1383/1786/8008 1377/1779/8009 1387/1791/8010
f 1383/1786/8011 1387/1791/8012 1380/1783/8013
f 1376/1778/8014 1390/1794/8015 1375/1777/8016
f 1376/1778/8017 1381/1784/8018 1391/1795/8019
f 1376/1778/8020 1391/1795/8021 1390/1794/8022
f 1381/1784/8023 1386/1790/8024 1391/1795/8025
f 1375/1777/8026 1390/1794/8027 1384/1788/8028
f 960/1787/8029 957/1796/8030 1377/1779/8031
f 1385/1789/8032 1384/1788/8033 1392/1797/8034
f 1385/1789/8035 1392/1797/8036 1393/1798/8037
f 1384/1788/8038 1390/1794/8039 1392/1797/8040
f 1389/1793/8041 1394/1799/8042 1388/1792/8043
f 1389/1793/8044 1387/1791/8045 971/1800/8046
f 1389/1793/8047 1080/1801/8048 1394/1799/8049
f 1389/1793/8050 971/1800/8051 978/1802/8052
f 1389/1793/8053 978/1802/8054 1080/1801/8055
f 1386/1790/8056 1395/1803/8057 1391/1795/8058
f 1386/1790/8059 1388/1792/8060 1396/1804/8061
f 1386/1790/8062 1396/1804/8063 1395/1803/8064
f 957/1796/8065 956/1805/8066 1377/1779/8067
f 956/1805/8068 1387/1791/8069 1377/1779/8070
f 956/1805/8071 971/1800/8072 1387/1791/8073
f 1393/1798/8074 1392/1797/8075 1397/1806/8076
f 1393/1798/8077 1397/1806/8078 1398/1807/8079
f 1390/1794/8080 1391/1795/8081 1399/1808/8082
f 1390/1794/8083 1399/1808/8084 1392/1797/8085
f 1392/1797/8086 1399/1808/8087 1397/1806/8088
f 1391/1795/8089 1395/1803/8090 1399/1808/8091
f 1394/1799/8092 1080/1801/8093 1085/1809/8094
f 1394/1799/8095 1400/1810/8096 1388/1792/8097
f 1394/1799/8098 1085/1809/8099 1401/1811/8100
f 1394/1799/8101 1401/1811/8102 1400/1810/8103
f 1388/1792/8104 1400/1810/8105 1396/1804/8106
f 1398/1807/8107 1397/1806/8108 1402/1812/8109
f 1398/1807/8110 1402/1812/8111 1403/1813/8112
f 1395/1803/8113 1404/1814/8114 1399/1808/8115
f 1395/1803/8116 1396/1804/8117 1405/1815/8118
f 1395/1803/8119 1405/1815/8120 1404/1814/8121
f 1397/1806/8122 1404/1814/8123 1402/1812/8124
f 1397/1806/8125 1399/1808/8126 1404/1814/8127
f 1085/1809/8128 1090/1816/8129 1401/1811/8130
f 1400/1810/8131 1406/1817/8132 1396/1804/8133
f 1400/1810/8134 1401/1811/8135 1407/1818/8136
f 1400/1810/8137 1407/1818/8138 1406/1817/8139
f 1396/1804/8140 1406/1817/8141 1405/1815/8142
f 1403/1813/8143 1402/1812/8144 1408/1819/8145
f 1403/1813/8146 1408/1819/8147 1171/1820/8148
f 1404/1814/8149 1405/1815/8150 1409/1821/8151
f 1404/1814/8152 1409/1821/8153 1402/1812/8154
f 1090/1816/8155 1410/1822/8156 1401/1811/8157
f 1090/1816/8158 1095/1823/8159 1410/1822/8160
f 1401/1811/8161 1410/1822/8162 1407/1818/8163
f 1406/1817/8164 1411/1824/8165 1405/1815/8166
f 1406/1817/8167 1407/1818/8168 1412/1825/8169
f 1406/1817/8170 1412/1825/8171 1411/1824/8172
f 1405/1815/8173 1411/1824/8174 1409/1821/8175
f 1408/1819/8176 1177/1826/8177 1171/1820/8178
f 1408/1819/8179 1402/1812/8180 1413/1827/8181
f 1408/1819/8182 1413/1827/8183 1177/1826/8184
f 1409/1821/8185 1411/1824/8186 1413/1827/8187
f 1409/1821/8188 1413/1827/8189 1402/1812/8190
f 1095/1823/8191 1414/1828/8192 1410/1822/8193
f 1095/1823/8194 1198/1829/8195 1414/1828/8196
f 1407/1818/8197 1415/1830/8198 1412/1825/8199
f 1407/1818/8200 1410/1822/8201 1415/1830/8202
f 1410/1822/8203 1414/1828/8204 1415/1830/8205
f 1177/1826/8206 1413/1827/8207 1189/1831/8208
f 1411/1824/8209 1412/1825/8210 1416/1832/8211
f 1411/1824/8212 1416/1832/8213 1413/1827/8214
f 1413/1827/8215 1416/1832/8216 1189/1831/8217
f 1198/1829/8218 1417/1833/8219 1414/1828/8220
f 1198/1829/8221 1197/1834/8222 1417/1833/8223
f 1415/1830/8224 1418/1835/8225 1412/1825/8226
f 1415/1830/8227 1414/1828/8228 1419/1836/8229
f 1415/1830/8230 1419/1836/8231 1418/1835/8232
f 1414/1828/8233 1417/1833/8234 1419/1836/8235
f 1412/1825/8236 1418/1835/8237 1416/1832/8238
f 1189/1831/8239 1416/1832/8240 1195/1837/8241
f 1416/1832/8242 1418/1835/8243 1195/1837/8244
f 1197/1834/8245 1201/1838/8246 1417/1833/8247
f 1417/1833/8248 1201/1838/8249 1419/1836/8250
f 1418/1835/8251 1199/1839/8252 1195/1837/8253
f 1418/1835/8254 1419/1836/8255 1199/1839/8256
f 1199/1839/8257 1419/1836/8258 1201/1838/8259
f 905/1840/8260 907/1841/8261 906/1842/8262
f 907/1841/8263 1096/1843/8264 906/1842/8265
f 907/1841/8266 1100/1844/8267 1096/1843/8268
f 907/1841/8269 914/1845/8270 1100/1844/8271
f 906/1842/8272 1096/1843/8273 916/1846/8274
f 906/1842/8275 916/1846/8276 908/1847/8277
f 914/1845/8278 1420/1848/8279 1100/1844/8280
f 914/1845/8281 925/1849/8282 1420/1848/8283
f 1096/1843/8284 926/1850/8285 916/1846/8286
f 1100/1844/8287 1420/1848/8288 1103/1851/8289
f 925/1849/8290 940/1852/8291 1420/1848/8292
f 1420/1848/8293 940/1852/8294 1103/1851/8295
f 940/1852/8296 946/1853/8297 1103/1851/8298
f 946/1853/8299 948/1854/8300 1103/1851/8301
f 948/1854/8302 1421/1855/8303 1103/1851/8304
f 948/1854/8305 953/1856/8306 1421/1855/8307
f 1103/1851/8308 1421/1855/8309 1105/1857/8310
f 953/1856/8311 955/1858/8312 1421/1855/8313
f 1105/1857/8314 1421/1855/8315 1422/1859/8316
f 1422/1859/8317 1421/1855/8318 955/1858/8319
f 1120/1860/8320 1423/1861/8321 1125/1862/8322
f 1423/1861/8323 1139/1863/8324 1125/1862/8325
f 1423/1861/8326 1424/1864/8327 1139/1863/8328
f 1423/1861/8329 1120/1865/8330 1424/1864/8331
f 1125/1862/8332 1139/1863/8333 1130/1866/8334
f 1120/1865/8335 1425/1867/8336 1424/1864/8337
f 1120/1865/8338 1426/1868/8339 1425/1867/8340
f 1139/1863/8341 1424/1864/8342 1427/1869/8343
f 1139/1863/8344 1427/1869/8345 1428/1870/8346
f 1426/1868/8347 1429/1871/8348 1425/1867/8349
f 1424/1864/8350 1430/1872/8351 1427/1869/8352
f 1424/1864/8353 1425/1867/8354 1430/1872/8355
f 1425/1867/8356 1429/1871/8357 1430/1872/8358
f 1428/1870/8359 1427/1869/8360 1431/1873/8361
f 1428/1870/8362 1431/1873/8363 1432/1874/8364
f 1428/1870/8365 1432/1874/8366 1433/1875/8367
f 1429/1871/8368 1434/1876/8369 1430/1872/8370
f 1427/1869/8371 1435/1877/8372 1431/1873/8373
f 1427/1869/8374 1430/1872/8375 1436/1878/8376
f 1427/1869/8377 1436/1878/8378 1435/1877/8379
f 1432/1874/8380 1437/1879/8381 1433/1875/8382
f 1432/1874/8383 1438/1880/8384 1437/1879/8385
f 1435/1877/8386 1436/1878/8387 1438/1880/8388
f 1434/1876/8389 1439/1881/8390 1430/1872/8391
f 1434/1876/8392 1440/1882/8393 1439/1881/8394
f 1434/1876/8395 1441/1883/8396 1440/1882/8397
f 1434/1876/8398 1442/1884/8399 1441/1883/8400
f 1434/1876/8401 1443/1885/8402 1442/1884/8403
f 1434/1876/8404 1444/1886/8405 1443/1885/8406
f 1434/1876/8407 1445/1887/8408 1444/1886/8409
f 1434/1876/8410 1446/1888/8411 1445/1887/8412
f 1439/1881/8413 1438/1880/8414 1436/1878/8415
f 1439/1881/8416 1436/1878/8417 1430/1872/8418
f 1439/1881/8419 1440/1882/8420 1438/1880/8421
f 1433/1875/8422 1437/1879/8423 1447/1889/8424
f 1441/1883/8425 1442/1884/8426 1448/1890/8427
f 1441/1883/8428 1449/1891/8429 1440/1882/8430
f 1441/1883/8431 1448/1890/8432 1450/1892/8433
f 1441/1883/8434 1451/1893/8435 1449/1891/8436
f 1441/1883/8437 1450/1892/8438 1451/1893/8439
f 1443/1885/8440 1444/1886/8441 1452/1894/8442
f 1443/1885/8443 1453/1895/8444 1442/1884/8445
f 1443/1885/8446 1452/1894/8447 1453/1895/8448
f 1442/1884/8449 1453/1895/8450 1448/1890/8451
f 1438/1880/8452 1454/1896/8453 1437/1879/8454
f 1438/1880/8455 1440/1882/8456 1454/1896/8457
f 1454/1896/8458 1447/1889/8459 1437/1879/8460
f 1454/1896/8461 1440/1882/8462 1449/1891/8463
f 1454/1896/8464 1449/1891/8465 1447/1889/8466
f 1449/1891/8467 1451/1893/8468 1447/1889/8469
f 1450/1892/8470 1448/1890/8471 1455/1897/8472
f 1450/1892/8473 1456/1898/8474 1451/1893/8475
f 1450/1892/8476 1455/1897/8477 1456/1898/8478
f 1451/1893/8479 1456/1898/8480 1447/1889/8481
f 1453/1895/8482 1457/1899/8483 1448/1890/8484
f 1448/1890/8485 1457/1899/8486 1455/1897/8487
f 1456/1898/8488 1458/1900/8489 1447/1889/8490
f 1456/1898/8491 1455/1897/8492 1459/1901/8493
f 1456/1898/8494 1460/1902/8495 1458/1900/8496
f 1456/1898/8497 1459/1901/8498 1461/1903/8499
f 1456/1898/8500 1461/1903/8501 1460/1902/8502
f 1457/1899/8503 1462/1904/8504 1455/1897/8505
f 1458/1900/8506 1460/1902/8507 943/1905/8508
f 1459/1901/8509 1463/1906/8510 1461/1903/8511
f 1459/1901/8512 1455/1897/8513 1464/1907/8514
f 1459/1901/8515 951/1908/8516 1463/1906/8517
f 1459/1901/8518 1464/1907/8519 954/1909/8520
f 1459/1901/8521 954/1909/8522 951/1908/8523
f 1462/1904/8524 1465/1910/8525 1455/1897/8526
f 1455/1897/8527 1465/1910/8528 1464/1907/8529
f 1460/1902/8530 950/1911/8531 943/1905/8532
f 1460/1902/8533 1461/1903/8534 945/1912/8535
f 1460/1902/8536 945/1912/8537 950/1911/8538
f 1461/1903/8539 1463/1906/8540 945/1912/8541
f 954/1909/8542 1464/1907/8543 955/1913/8544
f 951/1908/8545 952/1914/8546 1463/1906/8547
f 1463/1906/8548 952/1914/8549 945/1912/8550
f 1465/1910/8551 1466/1915/8552 1464/1907/8553
f 1464/1907/8554 1466/1915/8555 955/1913/8556
f 943/1916/8557 1350/1917/8558 1458/1918/8559
f 1350/1917/8560 1467/1919/8561 1458/1918/8562
f 1350/1917/8563 1468/1920/8564 1467/1919/8565
f 1350/1917/8566 1354/1921/8567 1468/1920/8568
f 1458/1918/8569 1467/1919/8570 1469/1922/8571
f 1458/1918/8572 1469/1922/8573 1447/1923/8574
f 1467/1919/8575 1468/1920/8576 1469/1922/8577
f 1354/1921/8578 1470/1924/8579 1468/1920/8580
f 1354/1921/8581 1357/1925/8582 1470/1924/8583
f 1447/1923/8584 1469/1922/8585 1471/1926/8586
f 1447/1923/8587 1471/1926/8588 1433/1927/8589
f 1468/1920/8590 1470/1924/8591 1472/1928/8592
f 1468/1920/8593 1473/1929/8594 1469/1922/8595
f 1468/1920/8596 1472/1928/8597 1473/1929/8598
f 1469/1922/8599 1473/1929/8600 1471/1926/8601
f 1357/1925/8602 1474/1930/8603 1470/1924/8604
f 1357/1925/8605 1363/1931/8606 1474/1930/8607
f 1470/1924/8608 1474/1930/8609 1472/1928/8610
f 1433/1927/8611 1471/1926/8612 1428/1932/8613
f 1473/1929/8614 1472/1928/8615 1475/1933/8616
f 1473/1929/8617 1476/1934/8618 1471/1926/8619
f 1473/1929/8620 1475/1933/8621 1476/1934/8622
f 1471/1926/8623 1476/1934/8624 1428/1932/8625
f 1363/1931/8626 1477/1935/8627 1474/1930/8628
f 1363/1931/8629 1367/1936/8630 1477/1935/8631
f 1472/1928/8632 1478/1937/8633 1475/1933/8634
f 1472/1928/8635 1474/1930/8636 1478/1937/8637
f 1476/1934/8638 1479/1938/8639 1428/1932/8640
f 1476/1934/8641 1475/1933/8642 1479/1938/8643
f 1367/1936/8644 1372/1939/8645 1477/1935/8646
f 1474/1930/8647 1480/1940/8648 1478/1937/8649
f 1474/1930/8650 1477/1935/8651 1480/1940/8652
f 1428/1932/8653 1479/1938/8654 1139/1941/8655
f 1475/1933/8656 1478/1937/8657 1481/1942/8658
f 1475/1933/8659 1482/1943/8660 1479/1938/8661
f 1475/1933/8662 1481/1942/8663 1483/1944/8664
f 1475/1933/8665 1483/1944/8666 1482/1943/8667
f 1372/1939/8668 1484/1945/8669 1477/1935/8670
f 1372/1939/8671 1379/1946/8672 1484/1945/8673
f 1480/1940/8674 1485/1947/8675 1478/1937/8676
f 1480/1940/8677 1477/1935/8678 1486/1948/8679
f 1480/1940/8680 1487/1949/8681 1485/1947/8682
f 1480/1940/8683 1486/1948/8684 1487/1949/8685
f 1477/1935/8686 1484/1945/8687 1486/1948/8688
f 1478/1937/8689 1485/1947/8690 1481/1942/8691
f 1139/1941/8692 1479/1938/8693 1138/1950/8694
f 1479/1938/8695 1482/1943/8696 1138/1950/8697
f 1483/1944/8698 1481/1942/8699 1488/1951/8700
f 1483/1944/8701 1489/1952/8702 1482/1943/8703
f 1483/1944/8704 1488/1951/8705 1490/1953/8706
f 1483/1944/8707 1490/1953/8708 1489/1952/8709
f 1481/1942/8710 1485/1947/8711 1488/1951/8712
f 1379/1946/8713 1491/1954/8714 1484/1945/8715
f 1379/1946/8716 1385/1955/8717 1491/1954/8718
f 1484/1945/8719 1491/1954/8720 1486/1948/8721
f 1487/1949/8722 1492/1956/8723 1485/1947/8724
f 1487/1949/8725 1486/1948/8726 1493/1957/8727
f 1487/1949/8728 1494/1958/8729 1492/1956/8730
f 1487/1949/8731 1493/1957/8732 1494/1958/8733
f 1486/1948/8734 1491/1954/8735 1493/1957/8736
f 1485/1947/8737 1492/1956/8738 1488/1951/8739
f 1138/1950/8740 1482/1943/8741 1137/1959/8742
f 1490/1953/8743 1495/1960/8744 1489/1952/8745
f 1490/1953/8746 1488/1951/8747 1496/1961/8748
f 1490/1953/8749 1496/1961/8750 1495/1960/8751
f 1488/1951/8752 1492/1956/8753 1496/1961/8754
f 1385/1955/8755 1497/1962/8756 1491/1954/8757
f 1385/1955/8758 1393/1963/8759 1497/1962/8760
f 1491/1954/8761 1497/1962/8762 1493/1957/8763
f 1494/1958/8764 1498/1964/8765 1492/1956/8766
f 1494/1958/8767 1493/1957/8768 1499/1965/8769
f 1494/1958/8770 1500/1966/8771 1498/1964/8772
f 1494/1958/8773 1499/1965/8774 1500/1966/8775
f 1493/1957/8776 1497/1962/8777 1499/1965/8778
f 1492/1956/8779 1498/1964/8780 1496/1961/8781
f 1482/1943/8782 1501/1967/8783 1137/1959/8784
f 1482/1943/8785 1489/1952/8786 1501/1967/8787
f 1489/1952/8788 1495/1960/8789 1501/1967/8790
f 1393/1963/8791 1502/1968/8792 1497/1962/8793
f 1393/1963/8794 1398/1969/8795 1502/1968/8796
f 1497/1962/8797 1502/1968/8798 1499/1965/8799
f 1500/1966/8800 1503/1970/8801 1498/1964/8802
f 1500/1966/8803 1499/1965/8804 1504/1971/8805
f 1500/1966/8806 1505/1972/8807 1503/1970/8808
f 1500/1966/8809 1504/1971/8810 1505/1972/8811
f 1499/1965/8812 1502/1968/8813 1504/1971/8814
f 1496/1961/8815 1506/1973/8816 1495/1960/8817
f 1496/1961/8818 1498/1964/8819 1507/1974/8820
f 1496/1961/8821 1507/1974/8822 1506/1973/8823
f 1498/1964/8824 1503/1970/8825 1507/1974/8826
f 1137/1959/8827 1501/1967/8828 1144/1975/8829
f 1398/1969/8830 1508/1976/8831 1502/1968/8832
f 1398/1969/8833 1403/1977/8834 1508/1976/8835
f 1502/1968/8836 1508/1976/8837 1504/1971/8838
f 1505/1972/8839 1509/1978/8840 1503/1970/8841
f 1505/1972/8842 1504/1971/8843 1510/1979/8844
f 1505/1972/8845 1511/1980/8846 1509/1978/8847
f 1505/1972/8848 1510/1979/8849 1511/1980/8850
f 1504/1971/8851 1508/1976/8852 1510/1979/8853
f 1495/1960/8854 1506/1973/8855 1251/1981/8856
f 1495/1960/8857 1238/1982/8858 1501/1967/8859
f 1495/1960/8860 1251/1981/8861 1238/1982/8862
f 1507/1974/8863 1503/1970/8864 1512/1983/8865
f 1507/1974/8866 1513/1984/8867 1506/1973/8868
f 1507/1974/8869 1512/1983/8870 1513/1984/8871
f 1503/1970/8872 1509/1978/8873 1512/1983/8874
f 1144/1975/8875 1501/1967/8876 1148/1985/8877
f 1403/1977/8878 1514/1986/8879 1508/1976/8880
f 1403/1977/8881 1171/1987/8882 1514/1986/8883
f 1511/1980/8884 1510/1979/8885 1515/1988/8886
f 1511/1980/8887 1516/1989/8888 1509/1978/8889
f 1511/1980/8890 1515/1988/8891 1517/1990/8892
f 1511/1980/8893 1517/1990/8894 1516/1989/8895
f 1508/1976/8896 1514/1986/8897 1515/1988/8898
f 1508/1976/8899 1515/1988/8900 1510/1979/8901
f 1251/1981/8902 1506/1973/8903 1149/1991/8904
f 1238/1982/8905 1240/1992/8906 1501/1967/8907
f 1501/1967/8908 1240/1992/8909 1148/1985/8910
f 1513/1984/8911 1512/1983/8912 1518/1993/8913
f 1513/1984/8914 1155/1994/8915 1506/1973/8916
f 1513/1984/8917 1518/1993/8918 1158/1995/8919
f 1513/1984/8920 1158/1995/8921 1155/1994/8922
f 1155/1994/8923 1149/1991/8924 1506/1973/8925
f 1171/1987/8926 1217/1996/8927 1514/1986/8928
f 1514/1986/8929 1217/1996/8930 1515/1988/8931
f 1509/1978/8932 1516/1989/8933 1519/1997/8934
f 1509/1978/8935 1519/1997/8936 1512/1983/8937
f 1512/1983/8938 1519/1997/8939 1518/1993/8940
f 1517/1990/8941 1515/1988/8942 1229/1998/8943
f 1517/1990/8944 1520/1999/8945 1516/1989/8946
f 1517/1990/8947 1229/1998/8948 1233/2000/8949
f 1517/1990/8950 1233/2000/8951 1520/1999/8952
f 1229/1998/8953 1515/1988/8954 1217/1996/8955
f 1158/1995/8956 1518/1993/8957 1159/2001/8958
f 1519/1997/8959 1516/1989/8960 1521/2002/8961
f 1519/1997/8962 1522/2003/8963 1518/1993/8964
f 1519/1997/8965 1521/2002/8966 1522/2003/8967
f 1518/1993/8968 1522/2003/8969 1159/2001/8970
f 1516/1989/8971 1520/1999/8972 1521/2002/8973
f 1233/2000/8974 1236/2004/8975 1520/1999/8976
f 1522/2003/8977 1160/2005/8978 1159/2001/8979
f 1522/2003/8980 1521/2002/8981 1523/2006/8982
f 1522/2003/8983 1523/2006/8984 1160/2005/8985
f 1236/2004/8986 1524/2007/8987 1520/1999/8988
f 1236/2004/8989 1237/2008/8990 1524/2007/8991
f 1521/2002/8992 1524/2007/8993 1523/2006/8994
f 1521/2002/8995 1520/1999/8996 1524/2007/8997
f 1160/2005/8998 1523/2006/8999 1235/2009/9000
f 1237/2008/9001 1525/2010/9002 1524/2007/9003
f 1237/2008/9004 1232/2011/9005 1525/2010/9006
f 1525/2010/9007 1235/2009/9008 1523/2006/9009
f 1525/2010/9010 1523/2006/9011 1524/2007/9012
f 1525/2010/9013 1232/2011/9014 1235/2009/9015
f 1445/2012/9016 1446/2013/9017 1444/2014/9018
f 1446/2013/9019 1117/2015/9020 1444/2014/9021
f 1117/2015/9022 1113/2016/9023 1444/2014/9024
f 1117/2015/9025 1446/2013/9026 1120/2017/9027
f 1113/2016/9028 1526/2018/9029 1444/2014/9030
f 1113/2016/9031 1457/2019/9032 1526/2018/9033
f 1113/2016/9034 1109/2020/9035 1457/2019/9036
f 1446/2013/9037 1426/2021/9038 1120/2017/9039
f 1446/2013/9040 1429/2022/9041 1426/2021/9042
f 1444/2014/9043 1526/2018/9044 1452/2023/9045
f 1109/2020/9046 1462/2024/9047 1457/2019/9048
f 1109/2020/9049 1465/2025/9050 1462/2024/9051
f 1109/2020/9052 1527/2026/9053 1465/2025/9054
f 1109/2020/9055 1422/2027/9056 1527/2026/9057
f 1109/2020/9058 1105/2028/9059 1422/2027/9060
f 1526/2018/9061 1453/2029/9062 1452/2023/9063
f 1526/2018/9064 1457/2019/9065 1453/2029/9066
f 1465/2025/9067 1527/2026/9068 1466/2030/9069
f 1422/2027/9070 955/2031/9071 1527/2026/9072
f 1527/2026/9073 955/2031/9074 1466/2030/9075
f 1432/1874/9076 1431/1873/9077 1438/1880/9078
f 1431/1873/9079 1435/1877/9080 1438/1880/9081
f 1446/1888/9082 1434/1876/9083 1429/1871/9084
f 1127/1439/9085 1528/2032/9086 1132/1446/9087
f 1127/1439/9088 1134/1450/9089 1528/2032/9090
f 1132/1446/9091 1528/2032/9092 1529/2033/9093
f 1132/1446/9094 1529/2033/9095 1133/1447/9096
f 1134/1450/9097 1530/2034/9098 1528/2032/9099
f 1134/1450/9100 1531/2035/9101 1530/2034/9102
f 1134/1450/9103 1135/1451/9104 1531/2035/9105
f 1529/2033/9106 1532/2036/9107 1133/1447/9108
f 1529/2033/9109 1528/2032/9110 1533/2037/9111
f 1529/2033/9112 1533/2037/9113 1532/2036/9114
f 1530/2034/9115 1531/2035/9116 1533/2037/9117
f 1530/2034/9118 1533/2037/9119 1528/2032/9120
f 1135/1451/9121 1142/1460/9122 1531/2035/9123
f 1133/1447/9124 1532/2036/9125 1141/1459/9126
f 1533/2037/9127 1531/2035/9128 1534/2038/9129
f 1533/2037/9130 1535/2039/9131 1532/2036/9132
f 1533/2037/9133 1534/2038/9134 1536/2040/9135
f 1533/2037/9136 1536/2040/9137 1535/2039/9138
f 1535/2039/9139 1141/1459/9140 1532/2036/9141
f 1535/2039/9142 1536/2040/9143 1141/1459/9144
f 1531/2035/9145 1142/1460/9146 1534/2038/9147
f 1536/2040/9148 1143/1461/9149 1141/1459/9150
f 1536/2040/9151 1534/2038/9152 1143/1461/9153
f 1143/1461/9154 1534/2038/9155 1142/1460/9156
f 1537/2041/9157 1538/2042/9158 1539/2043/9159
f 1538/2042/9160 1540/2044/9161 1541/2045/9162
f 1539/2043/9163 1538/2042/9164 1542/2046/9165
f 1540/2044/9166 1538/2042/9167 1543/2047/9168
f 1541/2045/9169 1544/2048/9170 1538/2042/9171
f 1542/2046/9172 1538/2042/9173 1545/2049/9174
f 1540/2044/9175 1546/2050/9176 1547/2051/9177
f 1540/2044/9178 1543/2047/9179 1546/2050/9180
f 1544/2048/9181 1548/2052/9182 1538/2042/9183
f 1545/2049/9184 1538/2042/9185 1549/2053/9186
f 1547/2051/9187 1550/2054/9188 1551/2055/9189
f 1547/2051/9190 1546/2050/9191 1550/2054/9192
f 1543/2047/9193 1538/2042/9194 1552/2056/9195
f 1544/2048/9196 1553/2057/9197 1548/2052/9198
f 1549/2053/9199 1538/2042/9200 1554/2058/9201
f 1546/2050/9202 1555/2059/9203 1550/2054/9204
f 1543/2047/9205 1556/2060/9206 1546/2050/9207
f 1546/2050/9208 1556/2060/9209 1555/2059/9210
f 1552/2056/9211 1557/2061/9212 1543/2047/9213
f 1543/2047/9214 1557/2061/9215 1556/2060/9216
f 1548/2052/9217 1558/2062/9218 1538/2042/9219
f 1554/2058/9220 1538/2042/9221 1559/2063/9222
f 1550/2054/9223 1555/2059/9224 1560/2064/9225
f 1552/2056/9226 1561/2065/9227 1557/2061/9228
f 1556/2060/9229 1562/2066/9230 1563/2067/9231
f 1556/2060/9232 1563/2067/9233 1555/2059/9234
f 1557/2061/9235 1561/2065/9236 1562/2066/9237
f 1557/2061/9238 1562/2066/9239 1556/2060/9240
f 1555/2059/9241 1563/2067/9242 1560/2064/9243
f 1548/2052/9244 1564/2068/9245 1558/2062/9246
f 1554/2058/9247 1559/2063/9248 1565/2069/9249
f 1538/2042/9250 1558/2062/9251 1566/2070/9252
f 1538/2042/9253 1566/2070/9254 1559/2063/9255
f 1550/2054/9256 1560/2064/9257 1567/2071/9258
f 1561/2065/9259 1568/2072/9260 1562/2066/9261
f 1562/2066/9262 1568/2072/9263 1563/2067/9264
f 1564/2068/9265 1569/2073/9266 1558/2062/9267
f 1566/2070/9268 1558/2062/9269 1569/2073/9270
f 1566/2070/9271 1569/2073/9272 1559/2063/9273
f 1565/2069/9274 1559/2063/9275 1570/2074/9276
f 1570/2074/9277 1559/2063/9278 1569/2073/9279
f 1560/2064/9280 1563/2067/9281 1571/2075/9282
f 1571/2075/9283 1563/2067/9284 1568/2072/9285
f 1540/2076/9286 1547/2077/9287 1572/2078/9288
f 1547/2077/9289 1573/2079/9290 1572/2078/9291
f 1547/2077/9292 1574/2080/9293 1573/2079/9294
f 1572/2078/9295 1573/2079/9296 1575/2081/9297
f 1547/2077/9298 1551/2082/9299 1574/2080/9300
f 1573/2079/9301 1574/2080/9302 1575/2081/9303
f 1576/2083/9304 1577/2084/9305 1578/2085/9306
f 1577/2084/9307 1579/2086/9308 1578/2085/9309
f 1579/2086/9310 1580/2087/9311 1578/2085/9312
f 1579/2086/9313 1581/2088/9314 1580/2087/9315
f 1578/2085/9316 1582/2089/9317 1583/2090/9318
f 1581/2088/9319 1584/2091/9320 1580/2087/9321
f 1578/2085/9322 1585/2092/9323 1586/2093/9324
f 1578/2085/9325 1580/2087/9326 1582/2089/9327
f 1578/2085/9328 1583/2090/9329 1585/2092/9330
f 1581/2088/9331 1587/2094/9332 1588/2095/9333
f 1581/2088/9334 1588/2095/9335 1584/2091/9336
f 1586/2093/9337 1585/2092/9338 1589/2096/9339
f 1580/2087/9340 1584/2091/9341 1590/2097/9342
f 1580/2087/9343 1590/2097/9344 1582/2089/9345
f 1583/2090/9346 1582/2089/9347 1591/2098/9348
f 1582/2089/9349 1590/2097/9350 1591/2098/9351
f 1587/2094/9352 1592/2099/9353 1593/2100/9354
f 1588/2095/9355 1587/2094/9356 1593/2100/9357
f 1585/2092/9358 1594/2101/9359 1589/2096/9360
f 1583/2090/9361 1594/2101/9362 1585/2092/9363
f 1583/2090/9364 1591/2098/9365 1594/2101/9366
f 1584/2091/9367 1588/2095/9368 1595/2102/9369
f 1584/2091/9370 1595/2102/9371 1590/2097/9372
f 1592/2099/9373 1587/2094/9374 1596/2103/9375
f 1593/2100/9376 1597/2104/9377 1588/2095/9378
f 1588/2095/9379 1597/2104/9380 1595/2102/9381
f 1589/2096/9382 1594/2101/9383 1598/2105/9384
f 1591/2098/9385 1599/2106/9386 1600/2107/9387
f 1591/2098/9388 1590/2097/9389 1599/2106/9390
f 1594/2101/9391 1600/2107/9392 1598/2105/9393
f 1594/2101/9394 1591/2098/9395 1600/2107/9396
f 1590/2097/9397 1595/2102/9398 1599/2106/9399
f 1592/2099/9400 1596/2103/9401 1601/2108/9402
f 1587/2094/9403 1602/2109/9404 1596/2103/9405
f 1593/2100/9406 1592/2099/9407 1603/2110/9408
f 1597/2104/9409 1604/2111/9410 1595/2102/9411
f 1595/2102/9412 1604/2111/9413 1599/2106/9414
f 1598/2105/9415 1600/2107/9416 1605/2112/9417
f 1601/2108/9418 1606/2113/9419 1607/2114/9420
f 1602/2109/9421 1608/2115/9422 1609/2116/9423
f 1596/2103/9424 1602/2109/9425 1609/2116/9426
f 1596/2103/9427 1606/2113/9428 1601/2108/9429
f 1596/2103/9430 1609/2116/9431 1606/2113/9432
f 1593/2100/9433 1603/2110/9434 1610/2117/9435
f 1593/2100/9436 1610/2117/9437 1597/2104/9438
f 1592/2099/9439 1601/2108/9440 1611/2118/9441
f 1592/2099/9442 1611/2118/9443 1603/2110/9444
f 1604/2111/9445 1612/2119/9446 1599/2106/9447
f 1600/2107/9448 1612/2119/9449 1605/2112/9450
f 1600/2107/9451 1599/2106/9452 1612/2119/9453
f 1607/2114/9454 1613/2120/9455 1614/2121/9456
f 1601/2108/9457 1607/2114/9458 1614/2121/9459
f 1601/2108/9460 1614/2121/9461 1611/2118/9462
f 1608/2115/9463 1615/2122/9464 1609/2116/9465
f 1606/2113/9466 1616/2123/9467 1617/2124/9468
f 1606/2113/9469 1617/2124/9470 1607/2114/9471
f 1609/2116/9472 1615/2122/9473 1616/2123/9474
f 1609/2116/9475 1616/2123/9476 1606/2113/9477
f 1610/2117/9478 1618/2125/9479 1619/2126/9480
f 1597/2104/9481 1619/2126/9482 1604/2111/9483
f 1597/2104/9484 1610/2117/9485 1619/2126/9486
f 1603/2110/9487 1620/2127/9488 1621/2128/9489
f 1611/2118/9490 1614/2121/9491 1620/2127/9492
f 1611/2118/9493 1620/2127/9494 1603/2110/9495
f 1605/2112/9496 1612/2119/9497 1622/2129/9498
f 1613/2120/9499 1623/2130/9500 1624/2131/9501
f 1608/2115/9502 1625/2132/9503 1615/2122/9504
f 1617/2124/9505 1626/2133/9506 1607/2114/9507
f 1607/2114/9508 1626/2133/9509 1613/2120/9510
f 1616/2123/9511 1627/2134/9512 1617/2124/9513
f 1618/2125/9514 1628/2135/9515 1629/2136/9516
f 1603/2110/9517 1628/2135/9518 1610/2117/9519
f 1610/2117/9520 1628/2135/9521 1618/2125/9522
f 1603/2110/9523 1621/2128/9524 1628/2135/9525
f 1604/2111/9526 1619/2126/9527 1630/2137/9528
f 1612/2119/9529 1630/2137/9530 1622/2129/9531
f 1612/2119/9532 1604/2111/9533 1630/2137/9534
f 1614/2121/9535 1613/2120/9536 1631/2138/9537
f 1620/2127/9538 1632/2139/9539 1621/2128/9540
f 1614/2121/9541 1632/2139/9542 1620/2127/9543
f 1614/2121/9544 1631/2138/9545 1632/2139/9546
f 1623/2130/9547 1613/2120/9548 1626/2133/9549
f 1624/2131/9550 1633/2140/9551 1613/2120/9552
f 1613/2120/9553 1633/2140/9554 1631/2138/9555
f 1625/2132/9556 1634/2141/9557 1615/2122/9558
f 1616/2123/9559 1635/2142/9560 1627/2134/9561
f 1615/2122/9562 1634/2141/9563 1635/2142/9564
f 1615/2122/9565 1635/2142/9566 1616/2123/9567
f 1617/2124/9568 1636/2143/9569 1626/2133/9570
f 1617/2124/9571 1627/2134/9572 1636/2143/9573
f 1629/2136/9574 1628/2135/9575 1637/2144/9576
f 1628/2135/9577 1621/2128/9578 1637/2144/9579
f 1618/2125/9580 1629/2136/9581 1638/2145/9582
f 1630/2137/9583 1619/2126/9584 1638/2145/9585
f 1619/2126/9586 1618/2125/9587 1638/2145/9588
f 1630/2137/9589 1638/2145/9590 1622/2129/9591
f 1632/2139/9592 1639/2146/9593 1621/2128/9594
f 1621/2128/9595 1639/2146/9596 1637/2144/9597
f 1623/2130/9598 1570/2147/9599 1569/2148/9600
f 1570/2147/9601 1623/2130/9602 1626/2133/9603
f 1624/2131/9604 1569/2148/9605 1633/2140/9606
f 1624/2131/9607 1623/2130/9608 1569/2148/9609
f 1626/2133/9610 1636/2143/9611 1570/2147/9612
f 1631/2138/9613 1564/2149/9614 1632/2139/9615
f 1633/2140/9616 1564/2149/9617 1631/2138/9618
f 1633/2140/9619 1569/2148/9620 1564/2149/9621
f 1632/2139/9622 1564/2149/9623 1639/2146/9624
f 1625/2132/9625 1640/2150/9626 1634/2141/9627
f 1635/2142/9628 1641/2151/9629 1642/2152/9630
f 1635/2142/9631 1642/2152/9632 1627/2134/9633
f 1635/2142/9634 1634/2141/9635 1641/2151/9636
f 1629/2136/9637 1637/2144/9638 1553/2153/9639
f 1629/2136/9640 1643/2154/9641 1638/2145/9642
f 1622/2129/9643 1638/2145/9644 1644/2155/9645
f 1638/2145/9646 1643/2154/9647 1644/2155/9648
f 1636/2143/9649 1627/2134/9650 1645/2156/9651
f 1627/2134/9652 1642/2152/9653 1645/2156/9654
f 1564/2149/9655 1646/2157/9656 1647/2158/9657
f 1564/2149/9658 1647/2158/9659 1639/2146/9660
f 1625/2132/9661 1648/2159/9662 1640/2150/9663
f 1634/2141/9664 1640/2150/9665 1649/2160/9666
f 1634/2141/9667 1649/2160/9668 1641/2151/9669
f 1637/2144/9670 1639/2146/9671 1650/2161/9672
f 1650/2161/9673 1553/2153/9674 1637/2144/9675
f 1650/2161/9676 1647/2158/9677 1646/2157/9678
f 1650/2161/9679 1639/2146/9680 1647/2158/9681
f 1650/2161/9682 1646/2157/9683 1553/2153/9684
f 1629/2136/9685 1553/2153/9686 1643/2154/9687
f 1644/2155/9688 1643/2154/9689 1541/2162/9690
f 1636/2143/9691 1645/2156/9692 1570/2147/9693
f 1642/2152/9694 1651/2163/9695 1652/2164/9696
f 1642/2152/9697 1641/2151/9698 1651/2163/9699
f 1642/2152/9700 1652/2164/9701 1645/2156/9702
f 1648/2159/9703 1653/2165/9704 1654/2166/9705
f 1648/2159/9706 1654/2166/9707 1640/2150/9708
f 1649/2160/9709 1640/2150/9710 1655/2167/9711
f 1640/2150/9712 1654/2166/9713 1655/2167/9714
f 1553/2153/9715 1656/2168/9716 1657/2169/9717
f 1553/2153/9718 1657/2169/9719 1643/2154/9720
f 1541/2162/9721 1643/2154/9722 1658/2170/9723
f 1658/2170/9724 1657/2169/9725 1656/2168/9726
f 1657/2169/9727 1658/2170/9728 1643/2154/9729
f 1570/2147/9730 1659/2171/9731 1660/2172/9732
f 1570/2147/9733 1645/2156/9734 1659/2171/9735
f 1641/2151/9736 1661/2173/9737 1651/2163/9738
f 1641/2151/9739 1649/2160/9740 1661/2173/9741
f 1652/2164/9742 1662/2174/9743 1565/2175/9744
f 1653/2165/9745 1663/2176/9746 1578/2177/9747
f 1654/2166/9748 1664/2178/9749 1665/2179/9750
f 1654/2166/9751 1665/2179/9752 1655/2167/9753
f 1653/2165/9754 1578/2177/9755 1664/2178/9756
f 1653/2165/9757 1664/2178/9758 1654/2166/9759
f 1660/2172/9760 1666/2180/9761 1565/2175/9762
f 1666/2180/9763 1659/2171/9764 1645/2156/9765
f 1666/2180/9766 1652/2164/9767 1565/2175/9768
f 1652/2164/9769 1651/2163/9770 1662/2174/9771
f 1666/2180/9772 1660/2172/9773 1659/2171/9774
f 1666/2180/9775 1645/2156/9776 1652/2164/9777
f 1649/2160/9778 1655/2167/9779 1667/2181/9780
f 1649/2160/9781 1667/2181/9782 1661/2173/9783
f 1663/2176/9784 1576/2182/9785 1578/2177/9786
f 1665/2179/9787 1668/2183/9788 1669/2184/9789
f 1664/2178/9790 1578/2177/9791 1668/2183/9792
f 1664/2178/9793 1668/2183/9794 1665/2179/9795
f 1651/2163/9796 1670/2185/9797 1662/2174/9798
f 1651/2163/9799 1661/2173/9800 1670/2185/9801
f 1655/2167/9802 1665/2179/9803 1671/2186/9804
f 1665/2179/9805 1669/2184/9806 1671/2186/9807
f 1655/2167/9808 1671/2186/9809 1667/2181/9810
f 1578/2177/9811 1672/2187/9812 1673/2188/9813
f 1668/2183/9814 1578/2177/9815 1674/2189/9816
f 1668/2183/9817 1674/2189/9818 1669/2184/9819
f 1662/2174/9820 1670/2185/9821 1675/2190/9822
f 1661/2173/9823 1676/2191/9824 1670/2185/9825
f 1661/2173/9826 1667/2181/9827 1676/2191/9828
f 1671/2186/9829 1669/2184/9830 1677/2192/9831
f 1672/2187/9832 1578/2177/9833 1678/2193/9834
f 1673/2188/9835 1679/2194/9836 1578/2177/9837
f 1674/2189/9838 1578/2177/9839 1679/2194/9840
f 1674/2189/9841 1679/2194/9842 1669/2184/9843
f 1662/2174/9844 1680/2195/9845 1565/2175/9846
f 1662/2174/9847 1675/2190/9848 1680/2195/9849
f 1670/2185/9850 1681/2196/9851 1675/2190/9852
f 1667/2181/9853 1671/2186/9854 1682/2197/9855
f 1682/2197/9856 1676/2191/9857 1667/2181/9858
f 1682/2197/9859 1671/2186/9860 1677/2192/9861
f 1679/2194/9862 1683/2198/9863 1669/2184/9864
f 1669/2184/9865 1683/2198/9866 1677/2192/9867
f 1565/2175/9868 1680/2195/9869 1684/2199/9870
f 1681/2196/9871 1549/2200/9872 1675/2190/9873
f 1680/2195/9874 1675/2190/9875 1554/2201/9876
f 1554/2201/9877 1684/2199/9878 1680/2195/9879
f 1554/2201/9880 1675/2190/9881 1549/2200/9882
f 1681/2196/9883 1545/2202/9884 1549/2200/9885
f 1679/2203/9886 1673/2204/9887 1683/2205/9888
f 1673/2204/9889 1672/2206/9890 1685/2207/9891
f 1673/2204/9892 1685/2207/9893 1683/2205/9894
f 1672/2206/9895 1686/2208/9896 1685/2207/9897
f 1683/2205/9898 1685/2207/9899 1687/2209/9900
f 1672/2206/9901 1678/2210/9902 1686/2208/9903
f 1683/2205/9904 1687/2209/9905 1677/2211/9906
f 1685/2207/9907 1686/2208/9908 1688/2212/9909
f 1685/2207/9910 1688/2212/9911 1687/2209/9912
f 1678/2210/9913 1689/2213/9914 1686/2208/9915
f 1677/2211/9916 1687/2209/9917 1690/2214/9918
f 1688/2212/9919 1686/2208/9920 1691/2215/9921
f 1686/2208/9922 1689/2213/9923 1691/2215/9924
f 1677/2211/9925 1690/2214/9926 1682/2216/9927
f 1687/2209/9928 1688/2212/9929 1692/2217/9930
f 1687/2209/9931 1692/2217/9932 1690/2214/9933
f 1691/2215/9934 1539/2218/9935 1688/2212/9936
f 1688/2212/9937 1539/2218/9938 1692/2217/9939
f 1682/2216/9940 1690/2214/9941 1693/2219/9942
f 1691/2215/9943 1537/2220/9944 1539/2218/9945
f 1692/2217/9946 1542/2221/9947 1694/2222/9948
f 1692/2217/9949 1694/2222/9950 1690/2214/9951
f 1690/2214/9952 1694/2222/9953 1693/2219/9954
f 1692/2217/9955 1539/2218/9956 1542/2221/9957
f 1682/2216/9958 1693/2219/9959 1676/2223/9960
f 1694/2222/9961 1695/2224/9962 1693/2219/9963
f 1542/2221/9964 1545/2225/9965 1694/2222/9966
f 1694/2222/9967 1545/2225/9968 1695/2224/9969
f 1676/2223/9970 1693/2219/9971 1696/2226/9972
f 1693/2219/9973 1695/2224/9974 1696/2226/9975
f 1545/2225/9976 1697/2227/9977 1695/2224/9978
f 1676/2223/9979 1696/2226/9980 1670/2228/9981
f 1697/2227/9982 1698/2229/9983 1695/2224/9984
f 1695/2224/9985 1698/2229/9986 1696/2226/9987
f 1670/2228/9988 1696/2226/9989 1699/2230/9990
f 1697/2227/9991 1700/2231/9992 1698/2229/9993
f 1696/2226/9994 1698/2229/9995 1701/2232/9996
f 1701/2232/9997 1699/2230/9998 1696/2226/9999
f 1701/2232/10000 1698/2229/10001 1700/2231/10002
f 1700/2231/10003 1699/2230/10004 1701/2232/10005
f 1587/2233/10006 1702/2234/10007 1602/2235/10008
f 1702/2234/10009 1703/2236/10010 1602/2235/10011
f 1703/2236/10012 1704/2237/10013 1602/2235/10014
f 1704/2237/10015 1705/2238/10016 1608/2239/10017
f 1704/2237/10018 1608/2239/10019 1602/2235/10020
f 1705/2238/10021 1706/2240/10022 1608/2239/10023
f 1706/2240/10024 1625/2241/10025 1608/2239/10026
f 1707/2242/10027 1708/2243/10028 1567/2244/10029
f 1708/2243/10030 1709/2245/10031 1567/2244/10032
f 1708/2243/10033 1710/2246/10034 1709/2245/10035
f 1567/2244/10036 1709/2245/10037 1711/2247/10038
f 1710/2246/10039 1712/2248/10040 1713/2249/10041
f 1713/2249/10042 1711/2247/10043 1709/2245/10044
f 1713/2249/10045 1709/2245/10046 1710/2246/10047
f 1713/2249/10048 1712/2248/10049 1711/2247/10050
f 1710/2246/10051 1714/2250/10052 1712/2248/10053
f 1711/2247/10054 1712/2248/10055 1550/2251/10056
f 1712/2248/10057 1714/2250/10058 1550/2251/10059
f 1714/2250/10060 1551/2252/10061 1550/2251/10062
f 1567/2253/10063 1560/2254/10064 1715/2255/10065
f 1560/2254/10066 1716/2256/10067 1715/2255/10068
f 1560/2254/10069 1717/2257/10070 1716/2256/10071
f 1715/2255/10072 1716/2256/10073 1718/2258/10074
f 1717/2257/10075 1719/2259/10076 1716/2256/10077
f 1716/2256/10078 1719/2259/10079 1718/2258/10080
f 1715/2255/10081 1718/2258/10082 1720/2260/10083
f 1550/2261/10084 1567/2244/10085 1711/2247/10086
f 1707/2262/10087 1721/2263/10088 1708/2264/10089
f 1721/2263/10090 1722/2265/10091 1708/2264/10092
f 1722/2265/10093 1723/2266/10094 1724/2267/10095
f 1722/2265/10096 1724/2267/10097 1708/2264/10098
f 1723/2266/10099 1725/2268/10100 1724/2267/10101
f 1708/2264/10102 1724/2267/10103 1710/2269/10104
f 1725/2268/10105 1714/2270/10106 1724/2267/10107
f 1724/2267/10108 1714/2270/10109 1710/2269/10110
f 1725/2268/10111 1726/2271/10112 1714/2270/10113
f 1726/2271/10114 1551/2272/10115 1714/2270/10116
f 1720/2273/10117 1727/2274/10118 1715/2275/10119
f 1727/2274/10120 1728/2276/10121 1715/2275/10122
f 1728/2276/10123 1729/2277/10124 1715/2275/10125
f 1729/2277/10126 1730/2278/10127 1715/2275/10128
f 1730/2278/10129 1731/2279/10130 1715/2275/10131
f 1731/2279/10132 1567/2280/10133 1715/2275/10134
f 1717/2257/10135 1560/2254/10136 1571/2281/10137
f 1732/2282/10138 1733/2283/10139 1734/2284/10140
f 1733/2283/10141 1735/2285/10142 1734/2284/10143
f 1733/2283/10144 1736/2286/10145 1735/2285/10146
f 1734/2284/10147 1735/2285/10148 1737/2287/10149
f 1736/2286/10150 1738/2288/10151 1739/2289/10152
f 1739/2289/10153 1735/2285/10154 1736/2286/10155
f 1739/2289/10156 1738/2288/10157 1737/2287/10158
f 1739/2289/10159 1737/2287/10160 1735/2285/10161
f 1736/2286/10162 1740/2290/10163 1738/2288/10164
f 1737/2287/10165 1738/2288/10166 1741/2291/10167
f 1738/2288/10168 1740/2290/10169 1741/2291/10170
f 1740/2290/10171 1742/2292/10172 1741/2291/10173
f 1733/2293/10174 1743/2294/10175 1740/2295/10176
f 1743/2294/10177 1744/2296/10178 1740/2295/10179
f 1743/2294/10180 1745/2297/10181 1744/2296/10182
f 1740/2295/10183 1746/2298/10184 1742/2299/10185
f 1743/2294/10186 1571/2300/10187 1745/2297/10188
f 1744/2296/10189 1747/2301/10190 1740/2295/10191
f 1740/2295/10192 1747/2301/10193 1746/2298/10194
f 1571/2300/10195 1568/2302/10196 1745/2297/10197
f 1744/2296/10198 1748/2303/10199 1747/2301/10200
f 1744/2296/10201 1745/2297/10202 1748/2303/10203
f 1746/2298/10204 1747/2301/10205 1749/2304/10206
f 1568/2302/10207 1561/2305/10208 1750/2306/10209
f 1745/2297/10210 1750/2306/10211 1748/2303/10212
f 1745/2297/10213 1568/2302/10214 1750/2306/10215
f 1747/2301/10216 1748/2303/10217 1751/2307/10218
f 1747/2301/10219 1751/2307/10220 1749/2304/10221
f 1561/2305/10222 1752/2308/10223 1750/2306/10224
f 1748/2303/10225 1750/2306/10226 1752/2308/10227
f 1748/2303/10228 1752/2308/10229 1751/2307/10230
f 1749/2304/10231 1538/2309/10232 1753/2310/10233
f 1749/2304/10234 1751/2307/10235 1538/2309/10236
f 1561/2305/10237 1552/2311/10238 1752/2308/10239
f 1552/2311/10240 1538/2309/10241 1751/2307/10242
f 1751/2307/10243 1752/2308/10244 1552/2311/10245
f 1753/2310/10246 1538/2309/10247 1754/2312/10248
f 1538/2309/10249 1755/2313/10250 1756/2314/10251
f 1754/2312/10252 1538/2309/10253 1757/2315/10254
f 1755/2313/10255 1538/2309/10256 1758/2316/10257
f 1756/2314/10258 1759/2317/10259 1538/2309/10260
f 1754/2312/10261 1757/2315/10262 1760/2318/10263
f 1759/2317/10264 1761/2319/10265 1538/2309/10266
f 1757/2315/10267 1538/2309/10268 1762/2320/10269
f 1761/2319/10270 1763/2321/10271 1538/2309/10272
f 1757/2315/10273 1762/2320/10274 1764/2322/10275
f 1763/2321/10276 1765/2323/10277 1538/2309/10278
f 1762/2320/10279 1538/2309/10280 1766/2324/10281
f 1538/2309/10282 1765/2323/10283 1766/2324/10284
f 1764/2322/10285 1762/2320/10286 1767/2325/10287
f 1766/2324/10288 1765/2323/10289 1767/2325/10290
f 1766/2324/10291 1767/2325/10292 1762/2320/10293
f 1763/2321/10294 1768/2326/10295 1765/2323/10296
f 1767/2325/10297 1765/2323/10298 1769/2327/10299
f 1769/2327/10300 1765/2323/10301 1768/2326/10302
f 1733/2328/10303 1770/2329/10304 1743/2330/10305
f 1770/2329/10306 1718/2331/10307 1771/2332/10308
f 1743/2330/10309 1770/2329/10310 1771/2332/10311
f 1718/2331/10312 1719/2333/10313 1771/2332/10314
f 1743/2330/10315 1771/2332/10316 1717/2334/10317
f 1717/2334/10318 1771/2332/10319 1719/2333/10320
f 1770/2329/10321 1720/2335/10322 1718/2331/10323
f 1740/2336/10324 1736/2286/10325 1733/2283/10326
f 1772/2337/10327 1773/2338/10328 1774/2339/10329
f 1773/2338/10330 1746/2340/10331 1774/2339/10332
f 1773/2338/10333 1742/2341/10334 1746/2340/10335
f 1774/2339/10336 1746/2340/10337 1775/2342/10338
f 1746/2340/10339 1749/2343/10340 1775/2342/10341
f 1732/2344/10342 1734/2345/10343 1776/2346/10344
f 1734/2345/10345 1777/2347/10346 1776/2346/10347
f 1734/2345/10348 1737/2348/10349 1778/2349/10350
f 1734/2345/10351 1778/2349/10352 1777/2347/10353
f 1737/2348/10354 1741/2350/10355 1778/2349/10356
f 1777/2347/10357 1778/2349/10358 1779/2351/10359
f 1741/2350/10360 1780/2352/10361 1778/2349/10362
f 1778/2349/10363 1780/2352/10364 1779/2351/10365
f 1741/2350/10366 1742/2353/10367 1781/2354/10368
f 1781/2354/10369 1780/2352/10370 1741/2350/10371
f 1720/2355/10372 1770/2356/10373 1782/2357/10374
f 1770/2356/10375 1783/2358/10376 1784/2359/10377
f 1784/2359/10378 1782/2357/10379 1770/2356/10380
f 1783/2358/10381 1770/2356/10382 1785/2360/10383
f 1770/2356/10384 1733/2361/10385 1786/2362/10386
f 1786/2362/10387 1785/2360/10388 1770/2356/10389
f 1717/2334/10390 1571/2363/10391 1743/2330/10392
f 1541/2364/10393 1658/2365/10394 1544/2366/10395
f 1544/2366/10396 1656/2367/10397 1553/2368/10398
f 1787/2369/10399 1578/2370/10400 1788/2371/10401
f 1578/2370/10402 1789/2372/10403 1790/2373/10404
f 1788/2371/10405 1578/2370/10406 1791/2374/10407
f 1789/2372/10408 1792/2375/10409 1790/2373/10410
f 1578/2370/10411 1793/2376/10412 1791/2374/10413
f 1789/2372/10414 1794/2377/10415 1795/2378/10416
f 1789/2372/10417 1795/2378/10418 1792/2375/10419
f 1789/2372/10420 1578/2370/10421 1794/2377/10422
f 1790/2373/10423 1792/2375/10424 1796/2379/10425
f 1790/2373/10426 1796/2379/10427 1793/2376/10428
f 1790/2373/10429 1793/2376/10430 1578/2370/10431
f 1791/2374/10432 1793/2376/10433 1797/2380/10434
f 1795/2378/10435 1794/2377/10436 1798/2381/10437
f 1792/2375/10438 1795/2378/10439 1799/2382/10440
f 1796/2379/10441 1800/2383/10442 1793/2376/10443
f 1793/2376/10444 1800/2383/10445 1797/2380/10446
f 1578/2370/10447 1801/2384/10448 1794/2377/10449
f 1794/2377/10450 1801/2384/10451 1798/2381/10452
f 1792/2375/10453 1799/2382/10454 1802/2385/10455
f 1792/2375/10456 1802/2385/10457 1796/2379/10458
f 1795/2378/10459 1803/2386/10460 1799/2382/10461
f 1795/2378/10462 1798/2381/10463 1803/2386/10464
f 1800/2383/10465 1796/2379/10466 1804/2387/10467
f 1796/2379/10468 1802/2385/10469 1804/2387/10470
f 1797/2380/10471 1805/2388/10472 1806/2389/10473
f 1800/2383/10474 1804/2387/10475 1805/2388/10476
f 1800/2383/10477 1805/2388/10478 1797/2380/10479
f 1799/2382/10480 1803/2386/10481 1807/2390/10482
f 1802/2385/10483 1808/2391/10484 1804/2387/10485
f 1806/2389/10486 1809/2392/10487 1810/2393/10488
f 1805/2388/10489 1809/2392/10490 1806/2389/10491
f 1799/2382/10492 1807/2390/10493 1811/2394/10494
f 1802/2385/10495 1799/2382/10496 1811/2394/10497
f 1802/2385/10498 1811/2394/10499 1808/2391/10500
f 1804/2387/10501 1808/2391/10502 1812/2395/10503
f 1805/2388/10504 1804/2387/10505 1812/2395/10506
f 1805/2388/10507 1812/2395/10508 1809/2392/10509
f 1810/2393/10510 1813/2396/10511 1806/2389/10512
f 1807/2390/10513 1814/2397/10514 1811/2394/10515
f 1808/2391/10516 1815/2398/10517 1812/2395/10518
f 1809/2392/10519 1816/2399/10520 1810/2393/10521
f 1813/2396/10522 1817/2400/10523 1806/2389/10524
f 1814/2397/10525 1818/2401/10526 1819/2402/10527
f 1819/2402/10528 1811/2394/10529 1814/2397/10530
f 1819/2402/10531 1808/2391/10532 1811/2394/10533
f 1819/2402/10534 1818/2401/10535 1815/2398/10536
f 1819/2402/10537 1815/2398/10538 1808/2391/10539
f 1812/2395/10540 1820/2403/10541 1809/2392/10542
f 1809/2392/10543 1820/2403/10544 1816/2399/10545
f 1812/2395/10546 1815/2398/10547 1820/2403/10548
f 1810/2393/10549 1821/2404/10550 1822/2405/10551
f 1810/2393/10552 1822/2405/10553 1813/2396/10554
f 1810/2393/10555 1816/2399/10556 1821/2404/10557
f 1817/2400/10558 1813/2396/10559 1823/2406/10560
f 1814/2397/10561 1824/2407/10562 1818/2401/10563
f 1815/2398/10564 1825/2408/10565 1820/2403/10566
f 1815/2398/10567 1818/2401/10568 1825/2408/10569
f 1822/2405/10570 1826/2409/10571 1827/2410/10572
f 1813/2396/10573 1827/2410/10574 1823/2406/10575
f 1813/2396/10576 1822/2405/10577 1827/2410/10578
f 1816/2399/10579 1828/2411/10580 1821/2404/10581
f 1817/2400/10582 1823/2406/10583 1829/2412/10584
f 1824/2407/10585 1830/2413/10586 1818/2401/10587
f 1820/2403/10588 1825/2408/10589 1831/2414/10590
f 1820/2403/10591 1831/2414/10592 1816/2399/10593
f 1826/2409/10594 1832/2415/10595 1833/2416/10596
f 1821/2404/10597 1832/2415/10598 1822/2405/10599
f 1822/2405/10600 1832/2415/10601 1826/2409/10602
f 1821/2404/10603 1828/2411/10604 1832/2415/10605
f 1827/2410/10606 1826/2409/10607 1834/2417/10608
f 1823/2406/10609 1835/2418/10610 1829/2412/10611
f 1824/2407/10612 1753/2419/10613 1830/2413/10614
f 1818/2401/10615 1836/2420/10616 1825/2408/10617
f 1818/2401/10618 1830/2413/10619 1836/2420/10620
f 1831/2414/10621 1837/2421/10622 1838/2422/10623
f 1816/2399/10624 1838/2422/10625 1828/2411/10626
f 1816/2399/10627 1831/2414/10628 1838/2422/10629
f 1833/2416/10630 1839/2423/10631 1840/2424/10632
f 1826/2409/10633 1833/2416/10634 1840/2424/10635
f 1826/2409/10636 1840/2424/10637 1834/2417/10638
f 1832/2415/10639 1841/2425/10640 1833/2416/10641
f 1827/2410/10642 1834/2417/10643 1842/2426/10644
f 1823/2406/10645 1827/2410/10646 1842/2426/10647
f 1823/2406/10648 1842/2426/10649 1835/2418/10650
f 1829/2412/10651 1835/2418/10652 1843/2427/10653
f 1753/2419/10654 1844/2428/10655 1830/2413/10656
f 1825/2408/10657 1836/2420/10658 1831/2414/10659
f 1831/2414/10660 1836/2420/10661 1837/2421/10662
f 1836/2420/10663 1830/2413/10664 1760/2429/10665
f 1828/2411/10666 1838/2422/10667 1845/2430/10668
f 1832/2415/10669 1828/2411/10670 1845/2430/10671
f 1832/2415/10672 1845/2430/10673 1841/2425/10674
f 1839/2423/10675 1833/2416/10676 1846/2431/10677
f 1840/2424/10678 1769/2432/10679 1847/2433/10680
f 1840/2424/10681 1847/2433/10682 1834/2417/10683
f 1840/2424/10684 1839/2423/10685 1769/2432/10686
f 1842/2426/10687 1848/2434/10688 1849/2435/10689
f 1842/2426/10690 1849/2435/10691 1835/2418/10692
f 1834/2417/10693 1847/2433/10694 1848/2434/10695
f 1834/2417/10696 1848/2434/10697 1842/2426/10698
f 1843/2427/10699 1850/2436/10700 1851/2437/10701
f 1835/2418/10702 1849/2435/10703 1850/2436/10704
f 1835/2418/10705 1850/2436/10706 1843/2427/10707
f 1844/2428/10708 1852/2438/10709 1853/2439/10710
f 1853/2439/10711 1760/2429/10712 1830/2413/10713
f 1853/2439/10714 1830/2413/10715 1844/2428/10716
f 1853/2439/10717 1852/2438/10718 1760/2429/10719
f 1836/2420/10720 1760/2429/10721 1837/2421/10722
f 1838/2422/10723 1837/2421/10724 1854/2440/10725
f 1838/2422/10726 1854/2440/10727 1845/2430/10728
f 1841/2425/10729 1855/2441/10730 1833/2416/10731
f 1833/2416/10732 1855/2441/10733 1846/2431/10734
f 1839/2423/10735 1767/2442/10736 1769/2432/10737
f 1846/2431/10738 1855/2441/10739 1767/2442/10740
f 1846/2431/10741 1767/2442/10742 1839/2423/10743
f 1847/2433/10744 1856/2443/10745 1848/2434/10746
f 1851/2437/10747 1857/2444/10748 1858/2445/10749
f 1849/2435/10750 1848/2434/10751 1859/2446/10752
f 1848/2434/10753 1856/2443/10754 1859/2446/10755
f 1850/2436/10756 1860/2447/10757 1851/2437/10758
f 1843/2427/10759 1851/2437/10760 1861/2448/10761
f 1851/2437/10762 1860/2447/10763 1857/2444/10764
f 1851/2437/10765 1858/2445/10766 1861/2448/10767
f 1760/2429/10768 1862/2449/10769 1837/2421/10770
f 1837/2421/10771 1862/2449/10772 1854/2440/10773
f 1845/2430/10774 1854/2440/10775 1764/2450/10776
f 1855/2441/10777 1841/2425/10778 1764/2450/10779
f 1841/2425/10780 1845/2430/10781 1764/2450/10782
f 1855/2441/10783 1764/2450/10784 1767/2442/10785
f 1847/2433/10786 1769/2432/10787 1856/2443/10788
f 1849/2435/10789 1859/2446/10790 1863/2451/10791
f 1850/2436/10792 1849/2435/10793 1863/2451/10794
f 1850/2436/10795 1863/2451/10796 1860/2447/10797
f 1857/2444/10798 1864/2452/10799 1865/2453/10800
f 1858/2445/10801 1865/2453/10802 1866/2454/10803
f 1861/2448/10804 1858/2445/10805 1867/2455/10806
f 1858/2445/10807 1857/2444/10808 1865/2453/10809
f 1858/2445/10810 1866/2454/10811 1867/2455/10812
f 1760/2429/10813 1868/2456/10814 1862/2449/10815
f 1854/2440/10816 1862/2449/10817 1869/2457/10818
f 1869/2457/10819 1868/2456/10820 1764/2450/10821
f 1869/2457/10822 1764/2450/10823 1854/2440/10824
f 1869/2457/10825 1862/2449/10826 1868/2456/10827
f 1769/2432/10828 1870/2458/10829 1871/2459/10830
f 1769/2432/10831 1871/2459/10832 1856/2443/10833
f 1859/2446/10834 1872/2460/10835 1873/2461/10836
f 1859/2446/10837 1873/2461/10838 1863/2451/10839
f 1859/2446/10840 1856/2443/10841 1872/2460/10842
f 1860/2447/10843 1874/2462/10844 1857/2444/10845
f 1857/2444/10846 1874/2462/10847 1864/2452/10848
f 1865/2453/10849 1875/2463/10850 1876/2464/10851
f 1865/2453/10852 1876/2464/10853 1866/2454/10854
f 1865/2453/10855 1864/2452/10856 1875/2463/10857
f 1867/2455/10858 1578/2465/10859 1877/2466/10860
f 1866/2454/10861 1876/2464/10862 1578/2465/10863
f 1866/2454/10864 1578/2465/10865 1867/2455/10866
f 1870/2458/10867 1768/2467/10868 1878/2468/10869
f 1878/2468/10870 1856/2443/10871 1871/2459/10872
f 1878/2468/10873 1768/2467/10874 1872/2460/10875
f 1878/2468/10876 1871/2459/10877 1870/2458/10878
f 1878/2468/10879 1872/2460/10880 1856/2443/10881
f 1873/2461/10882 1879/2469/10883 1863/2451/10884
f 1860/2447/10885 1863/2451/10886 1879/2469/10887
f 1860/2447/10888 1879/2469/10889 1874/2462/10890
f 1864/2452/10891 1880/2470/10892 1875/2463/10893
f 1877/2466/10894 1578/2465/10895 1787/2471/10896
f 1876/2464/10897 1881/2472/10898 1578/2465/10899
f 1876/2464/10900 1875/2463/10901 1881/2472/10902
f 1768/2467/10903 1882/2473/10904 1883/2474/10905
f 1872/2460/10906 1768/2467/10907 1883/2474/10908
f 1872/2460/10909 1883/2474/10910 1873/2461/10911
f 1879/2469/10912 1884/2475/10913 1885/2476/10914
f 1879/2469/10915 1885/2476/10916 1874/2462/10917
f 1873/2461/10918 1883/2474/10919 1884/2475/10920
f 1873/2461/10921 1884/2475/10922 1879/2469/10923
f 1864/2452/10924 1886/2477/10925 1880/2470/10926
f 1886/2477/10927 1874/2462/10928 1885/2476/10929
f 1874/2462/10930 1886/2477/10931 1864/2452/10932
f 1578/2465/10933 1887/2478/10934 1888/2479/10935
f 1875/2463/10936 1889/2480/10937 1890/2481/10938
f 1890/2481/10939 1578/2465/10940 1881/2472/10941
f 1890/2481/10942 1887/2478/10943 1578/2465/10944
f 1875/2463/10945 1880/2470/10946 1889/2480/10947
f 1875/2463/10948 1890/2481/10949 1881/2472/10950
f 1882/2473/10951 1763/2482/10952 1891/2483/10953
f 1883/2474/10954 1891/2483/10955 1884/2475/10956
f 1883/2474/10957 1882/2473/10958 1891/2483/10959
f 1768/2467/10960 1892/2484/10961 1882/2473/10962
f 1882/2473/10963 1892/2484/10964 1763/2482/10965
f 1888/2479/10966 1893/2485/10967 1578/2465/10968
f 1884/2475/10969 1891/2483/10970 1894/2486/10971
f 1763/2482/10972 1761/2487/10973 1891/2483/10974
f 1891/2483/10975 1761/2487/10976 1894/2486/10977
f 1761/2487/10978 1759/2488/10979 1894/2486/10980
f 1890/2489/10981 1889/2490/10982 1887/2491/10983
f 1889/2490/10984 1895/2492/10985 1887/2491/10986
f 1889/2490/10987 1880/2493/10988 1896/2494/10989
f 1889/2490/10990 1896/2494/10991 1895/2492/10992
f 1887/2491/10993 1895/2492/10994 1888/2495/10995
f 1880/2493/10996 1897/2496/10997 1896/2494/10998
f 1895/2492/10999 1898/2497/11000 1888/2495/11001
f 1880/2493/11002 1886/2498/11003 1897/2496/11004
f 1896/2494/11005 1899/2499/11006 1895/2492/11007
f 1895/2492/11008 1899/2499/11009 1898/2497/11010
f 1888/2495/11011 1898/2497/11012 1893/2500/11013
f 1886/2498/11014 1885/2501/11015 1900/2502/11016
f 1886/2498/11017 1900/2502/11018 1897/2496/11019
f 1896/2494/11020 1901/2503/11021 1899/2499/11022
f 1896/2494/11023 1897/2496/11024 1901/2503/11025
f 1898/2497/11026 1899/2499/11027 1902/2504/11028
f 1893/2500/11029 1898/2497/11030 1903/2505/11031
f 1903/2505/11032 1898/2497/11033 1902/2504/11034
f 1885/2501/11035 1884/2506/11036 1904/2507/11037
f 1885/2501/11038 1904/2507/11039 1900/2502/11040
f 1897/2496/11041 1905/2508/11042 1901/2503/11043
f 1897/2496/11044 1900/2502/11045 1905/2508/11046
f 1899/2499/11047 1755/2509/11048 1902/2504/11049
f 1899/2499/11050 1901/2503/11051 1755/2509/11052
f 1884/2506/11053 1906/2510/11054 1904/2507/11055
f 1900/2502/11056 1907/2511/11057 1905/2508/11058
f 1900/2502/11059 1904/2507/11060 1907/2511/11061
f 1902/2504/11062 1755/2509/11063 1758/2512/11064
f 1901/2503/11065 1756/2513/11066 1755/2509/11067
f 1901/2503/11068 1905/2508/11069 1756/2513/11070
f 1906/2510/11071 1908/2514/11072 1904/2507/11073
f 1907/2511/11074 1904/2507/11075 1909/2515/11076
f 1904/2507/11077 1908/2514/11078 1909/2515/11079
f 1905/2508/11080 1759/2516/11081 1756/2513/11082
f 1905/2508/11083 1907/2511/11084 1759/2516/11085
f 1906/2510/11086 1910/2517/11087 1908/2514/11088
f 1908/2514/11089 1910/2517/11090 1909/2515/11091
f 1907/2511/11092 1911/2518/11093 1759/2516/11094
f 1911/2518/11095 1909/2515/11096 1910/2517/11097
f 1909/2515/11098 1911/2518/11099 1907/2511/11100
f 1772/2337/11101 1774/2339/11102 1775/2342/11103
f 1817/2519/11104 1829/2520/11105 1912/2521/11106
f 1806/2522/11107 1817/2519/11108 1913/2523/11109
f 1817/2519/11110 1912/2521/11111 1914/2524/11112
f 1914/2524/11113 1913/2523/11114 1817/2519/11115
f 1912/2521/11116 1829/2520/11117 1915/2525/11118
f 1829/2520/11119 1916/2526/11120 1915/2525/11121
f 1829/2520/11122 1843/2527/11123 1916/2526/11124
f 1753/2528/11125 1754/2529/11126 1844/2530/11127
f 1754/2529/11128 1760/2531/11129 1852/2532/11130
f 1681/2533/11131 1670/2228/11132 1917/2534/11133
f 1670/2228/11134 1699/2230/11135 1917/2534/11136
f 1699/2230/11137 1700/2231/11138 1917/2534/11139
f 1700/2231/11140 1697/2227/11141 1917/2535/11142
f 1697/2227/11143 1681/2536/11144 1917/2535/11145
f 1697/2227/11146 1545/2225/11147 1681/2536/11148
f 1570/2074/11149 1660/2537/11150 1565/2069/11151
f 1565/2069/11152 1684/2538/11153 1554/2058/11154
f 1564/2068/11155 1548/2052/11156 1646/2539/11157
f 1548/2052/11158 1553/2057/11159 1646/2539/11160
f 1656/2367/11161 1544/2366/11162 1658/2365/11163
f 1918/2540/11164 1919/2541/11165 1920/2542/11166
f 1919/2541/11167 1921/2543/11168 1920/2542/11169
f 1919/2541/11170 1922/2544/11171 1921/2543/11172
f 1919/2541/11173 1923/2545/11174 1922/2544/11175
f 1921/2543/11176 1924/2546/11177 1925/2547/11178
f 1919/2541/11179 1926/2548/11180 1923/2545/11181
f 1922/2544/11182 1927/2549/11183 1921/2543/11184
f 1924/2546/11185 1921/2543/11186 1928/2550/11187
f 1921/2543/11188 1927/2549/11189 1928/2550/11190
f 1926/2548/11191 1929/2551/11192 1923/2545/11193
f 1922/2544/11194 1930/2552/11195 1927/2549/11196
f 1928/2550/11197 1927/2549/11198 1931/2553/11199
f 1929/2551/11200 1932/2554/11201 1933/2555/11202
f 1929/2551/11203 1933/2555/11204 1923/2545/11205
f 1922/2544/11206 1923/2545/11207 1934/2556/11208
f 1923/2545/11209 1933/2555/11210 1934/2556/11211
f 1930/2552/11212 1935/2557/11213 1927/2549/11214
f 1927/2549/11215 1935/2557/11216 1931/2553/11217
f 1928/2550/11218 1931/2553/11219 1936/2558/11220
f 1932/2554/11221 1937/2559/11222 1933/2555/11223
f 1933/2555/11224 1937/2559/11225 1934/2556/11226
f 1935/2557/11227 1537/2560/11228 1931/2553/11229
f 1938/2561/11230 1939/2562/11231 1928/2563/11232
f 1939/2562/11233 1940/2564/11234 1928/2563/11235
f 1936/2558/11236 1938/2565/11237 1928/2550/11238
f 1925/2566/11239 1941/2567/11240 1921/2568/11241
f 1942/2569/11242 1919/2570/11243 1918/2571/11244
f 1921/2568/11245 1941/2567/11246 1920/2572/11247
f 1941/2567/11248 1943/2573/11249 1944/2574/11250
f 1920/2572/11251 1945/2575/11252 1918/2571/11253
f 1941/2567/11254 1945/2575/11255 1920/2572/11256
f 1941/2567/11257 1944/2574/11258 1945/2575/11259
f 1943/2573/11260 1946/2576/11261 1944/2574/11262
f 1918/2571/11263 1947/2577/11264 1942/2569/11265
f 1947/2577/11266 1918/2571/11267 1945/2575/11268
f 1947/2577/11269 1944/2574/11270 1942/2569/11271
f 1947/2577/11272 1945/2575/11273 1944/2574/11274
f 1943/2573/11275 1948/2578/11276 1946/2576/11277
f 1942/2569/11278 1944/2574/11279 1949/2579/11280
f 1944/2574/11281 1946/2576/11282 1949/2579/11283
f 1943/2573/11284 1941/2567/11285 1950/2580/11286
f 1948/2578/11287 1951/2581/11288 1946/2576/11289
f 1949/2579/11290 1946/2576/11291 1952/2582/11292
f 1946/2576/11293 1951/2581/11294 1952/2582/11295
f 1943/2573/11296 1950/2580/11297 1953/2583/11298
f 1943/2573/11299 1953/2583/11300 1948/2578/11301
f 1941/2567/11302 1925/2566/11303 1954/2584/11304
f 1941/2567/11305 1954/2584/11306 1950/2580/11307
f 1949/2579/11308 1952/2582/11309 1955/2585/11310
f 1951/2581/11311 1956/2586/11312 1952/2582/11313
f 1953/2583/11314 1950/2580/11315 1940/2564/11316
f 1948/2578/11317 1957/2587/11318 1951/2581/11319
f 1925/2566/11320 1924/2588/11321 1958/2589/11322
f 1925/2566/11323 1958/2589/11324 1954/2584/11325
f 1949/2579/11326 1955/2585/11327 1959/2590/11328
f 1956/2586/11329 1960/2591/11330 1952/2582/11331
f 1952/2582/11332 1960/2591/11333 1955/2585/11334
f 1953/2583/11335 1940/2564/11336 1961/2592/11337
f 1950/2580/11338 1962/2593/11339 1940/2564/11340
f 1954/2584/11341 1958/2589/11342 1962/2593/11343
f 1958/2589/11344 1924/2588/11345 1962/2593/11346
f 1954/2584/11347 1962/2593/11348 1950/2580/11349
f 1948/2578/11350 1963/2594/11351 1957/2587/11352
f 1948/2578/11353 1953/2583/11354 1963/2594/11355
f 1951/2581/11356 1957/2587/11357 1964/2595/11358
f 1951/2581/11359 1964/2595/11360 1956/2586/11361
f 1949/2579/11362 1959/2590/11363 1942/2569/11364
f 1960/2591/11365 1965/2596/11366 1966/2597/11367
f 1955/2585/11368 1966/2597/11369 1967/2598/11370
f 1955/2585/11371 1967/2598/11372 1959/2590/11373
f 1955/2585/11374 1960/2591/11375 1966/2597/11376
f 1961/2592/11377 1968/2599/11378 1953/2583/11379
f 1953/2583/11380 1968/2599/11381 1963/2594/11382
f 1940/2564/11383 1962/2593/11384 1928/2563/11385
f 1928/2563/11386 1962/2593/11387 1924/2588/11388
f 1957/2587/11389 1969/2600/11390 1970/2601/11391
f 1957/2587/11392 1970/2601/11393 1964/2595/11394
f 1957/2587/11395 1963/2594/11396 1969/2600/11397
f 1956/2586/11398 1964/2595/11399 1971/2602/11400
f 1960/2591/11401 1971/2602/11402 1965/2596/11403
f 1960/2591/11404 1956/2586/11405 1971/2602/11406
f 1942/2569/11407 1959/2590/11408 1972/2603/11409
f 1967/2598/11410 1973/2604/11411 1959/2590/11412
f 1959/2590/11413 1973/2604/11414 1972/2603/11415
f 1966/2597/11416 1974/2605/11417 1967/2598/11418
f 1961/2592/11419 1975/2606/11420 1976/2607/11421
f 1968/2599/11422 1976/2607/11423 1977/2608/11424
f 1968/2599/11425 1977/2608/11426 1963/2594/11427
f 1963/2594/11428 1977/2608/11429 1969/2600/11430
f 1968/2599/11431 1961/2592/11432 1976/2607/11433
f 1940/2564/11434 1978/2609/11435 1979/2610/11436
f 1961/2592/11437 1979/2610/11438 1975/2606/11439
f 1961/2592/11440 1940/2564/11441 1979/2610/11442
f 1970/2601/11443 1969/2600/11444 1578/2611/11445
f 1976/2607/11446 1578/2611/11447 1977/2608/11448
f 1977/2608/11449 1578/2611/11450 1969/2600/11451
f 1976/2607/11452 1975/2606/11453 1578/2611/11454
f 1964/2595/11455 1970/2601/11456 1980/2612/11457
f 1970/2601/11458 1578/2611/11459 1980/2612/11460
f 1964/2595/11461 1980/2612/11462 1971/2602/11463
f 1965/2596/11464 1971/2602/11465 1981/2613/11466
f 1980/2612/11467 1578/2611/11468 1981/2613/11469
f 1980/2612/11470 1981/2613/11471 1971/2602/11472
f 1942/2569/11473 1972/2603/11474 1919/2570/11475
f 1973/2604/11476 1982/2614/11477 1972/2603/11478
f 1966/2597/11479 1983/2615/11480 1974/2605/11481
f 1966/2597/11482 1965/2596/11483 1983/2615/11484
f 1967/2598/11485 1984/2616/11486 1973/2604/11487
f 1967/2598/11488 1974/2605/11489 1984/2616/11490
f 1978/2609/11491 1985/2617/11492 1979/2610/11493
f 1940/2564/11494 1939/2562/11495 1978/2609/11496
f 1975/2606/11497 1986/2618/11498 1578/2611/11499
f 1979/2610/11500 1985/2617/11501 1986/2618/11502
f 1979/2610/11503 1986/2618/11504 1975/2606/11505
f 1981/2613/11506 1578/2611/11507 1987/2619/11508
f 1965/2596/11509 1981/2613/11510 1987/2619/11511
f 1965/2596/11512 1987/2619/11513 1983/2615/11514
f 1919/2570/11515 1972/2603/11516 1926/2620/11517
f 1972/2603/11518 1982/2614/11519 1926/2620/11520
f 1973/2604/11521 1988/2621/11522 1982/2614/11523
f 1973/2604/11524 1984/2616/11525 1988/2621/11526
f 1974/2605/11527 1989/2622/11528 1984/2616/11529
f 1939/2562/11530 1938/2561/11531 1990/2623/11532
f 1939/2562/11533 1990/2623/11534 1978/2609/11535
f 1985/2617/11536 1678/2624/11537 1986/2618/11538
f 1986/2618/11539 1678/2624/11540 1578/2611/11541
f 1987/2619/11542 1578/2611/11543 1991/2625/11544
f 1987/2619/11545 1991/2625/11546 1983/2615/11547
f 1926/2620/11548 1982/2614/11549 1929/2626/11550
f 1988/2621/11551 1992/2627/11552 1993/2628/11553
f 1974/2605/11554 1994/2629/11555 1989/2622/11556
f 1994/2629/11557 1983/2615/11558 1991/2625/11559
f 1983/2615/11560 1994/2629/11561 1974/2605/11562
f 1984/2616/11563 1989/2622/11564 1995/2630/11565
f 1988/2621/11566 1993/2628/11567 1982/2614/11568
f 1988/2621/11569 1995/2630/11570 1992/2627/11571
f 1995/2630/11572 1988/2621/11573 1984/2616/11574
f 1938/2561/11575 1996/2631/11576 1997/2632/11577
f 1990/2623/11578 1938/2561/11579 1997/2632/11580
f 1978/2609/11581 1998/2633/11582 1985/2617/11583
f 1997/2632/11584 1996/2631/11585 1998/2633/11586
f 1990/2623/11587 1998/2633/11588 1978/2609/11589
f 1990/2623/11590 1997/2632/11591 1998/2633/11592
f 1678/2624/11593 1985/2617/11594 1689/2634/11595
f 1929/2626/11596 1999/2635/11597 1932/2636/11598
f 1982/2614/11599 1993/2628/11600 1999/2635/11601
f 1982/2614/11602 1999/2635/11603 1929/2626/11604
f 1992/2627/11605 2000/2637/11606 1993/2628/11607
f 1993/2628/11608 2000/2637/11609 1999/2635/11610
f 1938/2561/11611 1936/2638/11612 1996/2631/11613
f 1998/2633/11614 2001/2639/11615 1691/2640/11616
f 1998/2633/11617 1691/2640/11618 1985/2617/11619
f 1996/2631/11620 1936/2638/11621 2001/2639/11622
f 1996/2631/11623 2001/2639/11624 1998/2633/11625
f 1985/2617/11626 1691/2640/11627 1689/2634/11628
f 1932/2636/11629 1999/2635/11630 2002/2641/11631
f 1999/2635/11632 2000/2637/11633 2002/2641/11634
f 1936/2638/11635 1931/2642/11636 2001/2639/11637
f 1691/2640/11638 2001/2639/11639 1537/2643/11640
f 1537/2643/11641 2001/2639/11642 1931/2642/11643
f 1932/2636/11644 2002/2641/11645 1937/2644/11646
f 2003/2645/11647 2004/2646/11648 2005/2647/11649
f 2004/2646/11650 2006/2648/11651 2005/2647/11652
f 2006/2648/11653 2007/2649/11654 2008/2650/11655
f 2005/2647/11656 2006/2648/11657 1922/2651/11658
f 2008/2650/11659 2009/2652/11660 2006/2648/11661
f 2005/2647/11662 1922/2651/11663 2010/2653/11664
f 2009/2652/11665 2011/2654/11666 2012/2655/11667
f 2006/2648/11668 2012/2655/11669 1922/2651/11670
f 2006/2648/11671 2009/2652/11672 2012/2655/11673
f 2005/2647/11674 2010/2653/11675 2013/2656/11676
f 2011/2654/11677 2014/2657/11678 2012/2655/11679
f 1922/2651/11680 2012/2655/11681 1930/2658/11682
f 1930/2658/11683 2012/2655/11684 2014/2657/11685
f 2010/2653/11686 1922/2651/11687 1934/2659/11688
f 2013/2656/11689 2010/2653/11690 2015/2660/11691
f 2011/2654/11692 1758/2661/11693 2014/2657/11694
f 1934/2659/11695 1937/2662/11696 2016/2663/11697
f 2010/2653/11698 2016/2663/11699 2015/2660/11700
f 2010/2653/11701 1934/2659/11702 2016/2663/11703
f 1937/2662/11704 2017/2664/11705 2016/2663/11706
f 2016/2663/11707 2017/2664/11708 2015/2660/11709
f 2018/2665/11710 2009/2666/11711 2019/2667/11712
f 2009/2666/11713 2020/2668/11714 2019/2667/11715
f 2018/2669/11716 2021/2670/11717 2009/2652/11718
f 2021/2670/11719 2011/2654/11720 2009/2652/11721
f 2007/2671/11722 2006/2672/11723 2022/2673/11724
f 2023/2674/11725 2003/2675/11726 2005/2676/11727
f 2006/2672/11728 2004/2677/11729 2022/2673/11730
f 2004/2677/11731 2003/2675/11732 2024/2678/11733
f 2004/2677/11734 2024/2678/11735 2022/2673/11736
f 2003/2675/11737 2023/2674/11738 2025/2679/11739
f 2003/2675/11740 2025/2679/11741 2024/2678/11742
f 2022/2673/11743 2026/2680/11744 2027/2681/11745
f 2024/2678/11746 2025/2679/11747 2026/2680/11748
f 2025/2679/11749 2023/2674/11750 2026/2680/11751
f 2024/2678/11752 2026/2680/11753 2022/2673/11754
f 2027/2681/11755 2026/2680/11756 2028/2682/11757
f 2023/2674/11758 2029/2683/11759 2026/2680/11760
f 2026/2680/11761 2029/2683/11762 2028/2682/11763
f 2027/2681/11764 2028/2682/11765 2030/2684/11766
f 2029/2683/11767 2031/2685/11768 2028/2682/11769
f 2027/2681/11770 2032/2686/11771 2022/2673/11772
f 2030/2684/11773 2028/2682/11774 2033/2687/11775
f 2028/2682/11776 2031/2685/11777 2033/2687/11778
f 2029/2683/11779 2034/2688/11780 2035/2689/11781
f 2027/2681/11782 2030/2684/11783 2036/2690/11784
f 2027/2681/11785 2036/2690/11786 2032/2686/11787
f 2022/2673/11788 2037/2691/11789 2007/2671/11790
f 2022/2673/11791 2032/2686/11792 2037/2691/11793
f 2031/2685/11794 2038/2692/11795 2033/2687/11796
f 2029/2683/11797 2035/2689/11798 2031/2685/11799
f 2034/2688/11800 2039/2693/11801 2040/2694/11802
f 2030/2684/11803 2033/2687/11804 2041/2695/11805
f 2036/2690/11806 2020/2668/11807 2032/2686/11808
f 2007/2671/11809 2042/2696/11810 2008/2697/11811
f 2007/2671/11812 2037/2691/11813 2042/2696/11814
f 2038/2692/11815 2031/2685/11816 2043/2698/11817
f 2031/2685/11818 2035/2689/11819 2043/2698/11820
f 2029/2683/11821 2023/2674/11822 2034/2688/11823
f 2039/2693/11824 2044/2699/11825 2040/2694/11826
f 2030/2684/11827 2041/2695/11828 2045/2700/11829
f 2030/2684/11830 2045/2700/11831 2036/2690/11832
f 2033/2687/11833 2038/2692/11834 2046/2701/11835
f 2033/2687/11836 2046/2701/11837 2041/2695/11838
f 2020/2668/11839 2047/2702/11840 2032/2686/11841
f 2042/2696/11842 2047/2702/11843 2008/2697/11844
f 2037/2691/11845 2047/2702/11846 2042/2696/11847
f 2037/2691/11848 2032/2686/11849 2047/2702/11850
f 2035/2689/11851 2048/2703/11852 2049/2704/11853
f 2034/2688/11854 2023/2674/11855 2039/2693/11856
f 2034/2688/11857 2040/2694/11858 2048/2703/11859
f 2035/2689/11860 2049/2704/11861 2043/2698/11862
f 2035/2689/11863 2034/2688/11864 2048/2703/11865
f 2044/2699/11866 2013/2705/11867 2015/2706/11868
f 2045/2700/11869 2050/2707/11870 2036/2690/11871
f 2038/2692/11872 2043/2698/11873 2051/2708/11874
f 2038/2692/11875 2051/2708/11876 2046/2701/11877
f 2041/2695/11878 2046/2701/11879 2052/2709/11880
f 2020/2668/11881 2009/2666/11882 2047/2702/11883
f 2047/2702/11884 2009/2666/11885 2008/2697/11886
f 2023/2674/11887 2005/2676/11888 2039/2693/11889
f 2039/2693/11890 2013/2705/11891 2044/2699/11892
f 2013/2705/11893 2039/2693/11894 2005/2676/11895
f 2040/2694/11896 2044/2699/11897 2053/2710/11898
f 2049/2704/11899 2054/2711/11900 2043/2698/11901
f 2043/2698/11902 2054/2711/11903 2051/2708/11904
f 2048/2703/11905 2040/2694/11906 2055/2712/11907
f 2040/2694/11908 2053/2710/11909 2055/2712/11910
f 2015/2706/11911 2017/2713/11912 2056/2714/11913
f 2015/2706/11914 2056/2714/11915 2044/2699/11916
f 2045/2700/11917 2041/2695/11918 2057/2715/11919
f 2041/2695/11920 2052/2709/11921 2057/2715/11922
f 2050/2707/11923 2058/2716/11924 2036/2690/11925
f 2036/2690/11926 2058/2716/11927 2020/2668/11928
f 2046/2701/11929 2051/2708/11930 2059/2717/11931
f 2046/2701/11932 2059/2717/11933 2052/2709/11934
f 2049/2704/11935 2048/2703/11936 2060/2718/11937
f 2048/2703/11938 2055/2712/11939 2060/2718/11940
f 2054/2711/11941 2061/2719/11942 2051/2708/11943
f 2051/2708/11944 2061/2719/11945 2059/2717/11946
f 2053/2710/11947 2062/2720/11948 1992/2721/11949
f 2044/2699/11950 2056/2714/11951 2062/2720/11952
f 2044/2699/11953 2062/2720/11954 2053/2710/11955
f 2017/2713/11956 2002/2722/11957 2056/2714/11958
f 2045/2700/11959 2057/2715/11960 2063/2723/11961
f 2045/2700/11962 2063/2723/11963 2050/2707/11964
f 2058/2716/11965 2050/2707/11966 2064/2724/11967
f 2050/2707/11968 2063/2723/11969 2064/2724/11970
f 2020/2668/11971 2058/2716/11972 2065/2725/11973
f 2052/2709/11974 1578/2726/11975 2057/2715/11976
f 2063/2723/11977 2057/2715/11978 1578/2726/11979
f 2059/2717/11980 2061/2719/11981 1578/2726/11982
f 2059/2717/11983 1578/2726/11984 2052/2709/11985
f 2063/2723/11986 1578/2726/11987 2064/2724/11988
f 2049/2704/11989 2060/2718/11990 2066/2727/11991
f 2049/2704/11992 2066/2727/11993 2054/2711/11994
f 2055/2712/11995 1989/2728/11996 2060/2718/11997
f 1992/2721/11998 2062/2720/11999 2000/2729/12000
f 2000/2729/12001 2056/2714/12002 2002/2722/12003
f 2056/2714/12004 2000/2729/12005 2062/2720/12006
f 2053/2710/12007 1995/2730/12008 2055/2712/12009
f 1995/2730/12010 1989/2728/12011 2055/2712/12012
f 1995/2730/12013 2053/2710/12014 1992/2721/12015
f 2017/2713/12016 1937/2731/12017 2002/2722/12018
f 2020/2668/12019 2065/2725/12020 2067/2732/12021
f 2058/2716/12022 2064/2724/12023 2068/2733/12024
f 2064/2724/12025 1578/2726/12026 2068/2733/12027
f 2058/2716/12028 2068/2733/12029 2065/2725/12030
f 2061/2719/12031 2069/2734/12032 1578/2726/12033
f 2054/2711/12034 2066/2727/12035 2069/2734/12036
f 2054/2711/12037 2069/2734/12038 2061/2719/12039
f 2060/2718/12040 1994/2735/12041 2066/2727/12042
f 2060/2718/12043 1989/2728/12044 1994/2735/12045
f 2020/2668/12046 2067/2732/12047 2019/2667/12048
f 2068/2733/12049 1578/2726/12050 2070/2736/12051
f 2068/2733/12052 2070/2736/12053 2065/2725/12054
f 2069/2734/12055 1991/2737/12056 1578/2726/12057
f 1991/2737/12058 2069/2734/12059 2066/2727/12060
f 2066/2727/12061 1994/2735/12062 1991/2737/12063
f 2067/2732/12064 2071/2738/12065 2072/2739/12066
f 2065/2725/12067 2070/2736/12068 2071/2738/12069
f 2065/2725/12070 2071/2738/12071 2067/2732/12072
f 2019/2667/12073 2073/2740/12074 2018/2665/12075
f 2067/2732/12076 2072/2739/12077 2073/2740/12078
f 2067/2732/12079 2073/2740/12080 2019/2667/12081
f 1578/2726/12082 1893/2741/12083 2070/2736/12084
f 2070/2736/12085 1893/2741/12086 2071/2738/12087
f 2018/2665/12088 2074/2742/12089 2075/2743/12090
f 2074/2742/12091 2073/2740/12092 2072/2739/12093
f 2074/2742/12094 2018/2665/12095 2073/2740/12096
f 2074/2742/12097 2072/2739/12098 2075/2743/12099
f 1893/2741/12100 1903/2744/12101 2071/2738/12102
f 2018/2665/12103 2075/2743/12104 2021/2745/12105
f 2072/2739/12106 2076/2746/12107 2075/2743/12108
f 2075/2743/12109 2076/2746/12110 2021/2745/12111
f 1903/2744/12112 1902/2747/12113 2071/2738/12114
f 2072/2739/12115 2071/2738/12116 1902/2747/12117
f 2072/2739/12118 1902/2747/12119 2076/2746/12120
f 2021/2745/12121 2076/2746/12122 2011/2748/12123
f 1902/2747/12124 1758/2749/12125 2076/2746/12126
f 2076/2746/12127 1758/2749/12128 2011/2748/12129
f 1894/2750/12130 2077/2751/12131 1884/2506/12132
f 2077/2751/12133 1906/2510/12134 1884/2506/12135
f 2077/2751/12136 1910/2517/12137 1906/2510/12138
f 1910/2517/12139 2077/2752/12140 1911/2518/12141
f 2077/2752/12142 1894/2753/12143 1911/2518/12144
f 1894/2753/12145 1759/2516/12146 1911/2518/12147
f 1769/2327/12148 1768/2326/12149 1870/2754/12150
f 1768/2326/12151 1763/2321/12152 1892/2755/12153
f 1764/2322/12154 1868/2756/12155 1757/2315/12156
f 1868/2756/12157 1760/2318/12158 1757/2315/12159
f 1852/2532/12160 1844/2530/12161 1754/2529/12162
f 2078/2757/12163 2079/2758/12164 2080/2759/12165
f 2079/2758/12166 2081/2760/12167 2082/2761/12168
f 2080/2759/12169 2079/2758/12170 2082/2761/12171
f 2081/2760/12172 2083/2762/12173 2082/2761/12174
f 2080/2759/12175 2082/2761/12176 2084/2763/12177
f 2082/2761/12178 2083/2762/12179 2084/2763/12180
f 2079/2758/12181 2085/2764/12182 2081/2760/12183
f 2080/2759/12184 2084/2763/12185 2086/2765/12186
f 2083/2762/12187 2087/2766/12188 2088/2767/12189
f 2079/2758/12190 2078/2768/12191 2085/2764/12192
f 2081/2760/12193 2089/2769/12194 2083/2762/12195
f 2080/2759/12196 2086/2765/12197 2078/2770/12198
f 2084/2763/12199 2083/2762/12200 2090/2771/12201
f 2083/2762/12202 2089/2769/12203 2087/2766/12204
f 2083/2762/12205 2088/2767/12206 2090/2771/12207
f 2085/2764/12208 2091/2772/12209 2092/2773/12210
f 2081/2760/12211 2093/2774/12212 2089/2769/12213
f 2081/2760/12214 2085/2764/12215 2092/2773/12216
f 2081/2760/12217 2092/2773/12218 2093/2774/12219
f 2086/2765/12220 2094/2775/12221 2095/2776/12222
f 2084/2763/12223 2090/2771/12224 2094/2775/12225
f 2084/2763/12226 2094/2775/12227 2086/2765/12228
f 2087/2766/12229 2096/2777/12230 2088/2767/12231
f 2091/2772/12232 2097/2778/12233 2092/2773/12234
f 2089/2769/12235 2098/2779/12236 2087/2766/12237
f 2087/2766/12238 2098/2779/12239 2096/2777/12240
f 2085/2764/12241 2078/2780/12242 2091/2772/12243
f 2093/2774/12244 2099/2781/12245 2089/2769/12246
f 2089/2769/12247 2099/2781/12248 2098/2779/12249
f 2095/2776/12250 2094/2775/12251 2100/2782/12252
f 2090/2771/12253 2088/2767/12254 2101/2783/12255
f 2086/2765/12256 2095/2776/12257 2078/2784/12258
f 2097/2778/12259 2102/2785/12260 2092/2773/12261
f 2092/2773/12262 2102/2785/12263 2093/2774/12264
f 2096/2777/12265 2103/2786/12266 2088/2767/12267
f 2091/2772/12268 2104/2787/12269 2097/2778/12270
f 2099/2781/12271 2105/2788/12272 2098/2779/12273
f 2094/2775/12274 2106/2789/12275 2100/2782/12276
f 2090/2771/12277 2101/2783/12278 2106/2789/12279
f 2090/2771/12280 2106/2789/12281 2094/2775/12282
f 2102/2785/12283 2107/2790/12284 2093/2774/12285
f 2099/2781/12286 2107/2790/12287 2105/2788/12288
f 2099/2781/12289 2093/2774/12290 2107/2790/12291
f 2096/2777/12292 2098/2779/12293 2108/2791/12294
f 2098/2779/12295 2105/2788/12296 2108/2791/12297
f 2103/2786/12298 2109/2792/12299 2088/2767/12300
f 2088/2767/12301 2109/2792/12302 2101/2783/12303
f 2091/2772/12304 2078/2793/12305 2104/2787/12306
f 2097/2778/12307 2110/2794/12308 2111/2795/12309
f 2100/2782/12310 2106/2789/12311 2112/2796/12312
f 2102/2785/12313 2113/2797/12314 2107/2790/12315
f 2096/2777/12316 2114/2798/12317 2115/2799/12318
f 2096/2777/12319 2108/2791/12320 2114/2798/12321
f 2096/2777/12322 2115/2799/12323 2103/2786/12324
f 2105/2788/12325 2107/2790/12326 2116/2800/12327
f 2107/2790/12328 2113/2797/12329 2116/2800/12330
f 2109/2792/12331 2117/2801/12332 2101/2783/12333
f 2104/2787/12334 2110/2794/12335 2097/2778/12336
f 2111/2795/12337 2118/2802/12338 2119/2803/12339
f 2097/2778/12340 2119/2803/12341 2102/2785/12342
f 2102/2785/12343 2119/2803/12344 2113/2797/12345
f 2097/2778/12346 2111/2795/12347 2119/2803/12348
f 2106/2789/12349 2101/2783/12350 2120/2804/12351
f 2120/2804/12352 2112/2796/12353 2106/2789/12354
f 2120/2804/12355 2101/2783/12356 2117/2801/12357
f 2108/2791/12358 2121/2805/12359 2114/2798/12360
f 2115/2799/12361 2114/2798/12362 2122/2806/12363
f 2103/2786/12364 2115/2799/12365 2123/2807/12366
f 2103/2786/12367 2123/2807/12368 2109/2792/12369
f 2105/2788/12370 2124/2808/12371 2108/2791/12372
f 2108/2791/12373 2124/2808/12374 2121/2805/12375
f 2116/2800/12376 2113/2797/12377 2125/2809/12378
f 2104/2787/12379 2078/2810/12380 2110/2794/12381
f 2118/2802/12382 2126/2811/12383 2119/2803/12384
f 2119/2803/12385 2126/2811/12386 2113/2797/12387
f 2111/2795/12388 2127/2812/12389 2118/2802/12390
f 2111/2795/12391 2110/2794/12392 2127/2812/12393
f 2117/2801/12394 2109/2792/12395 2128/2813/12396
f 2109/2792/12397 2123/2807/12398 2128/2813/12399
f 2114/2798/12400 2121/2805/12401 2129/2814/12402
f 2114/2798/12403 2129/2814/12404 2122/2806/12405
f 2115/2799/12406 2130/2815/12407 2123/2807/12408
f 2115/2799/12409 2122/2806/12410 2130/2815/12411
f 2105/2788/12412 2116/2800/12413 2131/2816/12414
f 2116/2800/12415 2125/2809/12416 2131/2816/12417
f 2105/2788/12418 2131/2816/12419 2124/2808/12420
f 2126/2811/12421 2132/2817/12422 2113/2797/12423
f 2110/2794/12424 2078/2818/12425 2127/2812/12426
f 2128/2813/12427 2123/2807/12428 2133/2819/12429
f 2123/2807/12430 2130/2815/12431 2133/2819/12432
f 2121/2805/12433 2134/2820/12434 2129/2814/12435
f 2121/2805/12436 2124/2808/12437 2134/2820/12438
f 2122/2806/12439 2135/2821/12440 2136/2822/12441
f 2122/2806/12442 2136/2822/12443 2130/2815/12444
f 2122/2806/12445 2129/2814/12446 2135/2821/12447
f 2125/2809/12448 2113/2797/12449 2137/2823/12450
f 2113/2797/12451 2132/2817/12452 2137/2823/12453
f 2131/2816/12454 2138/2824/12455 2139/2825/12456
f 2125/2809/12457 2138/2824/12458 2131/2816/12459
f 2125/2809/12460 2137/2823/12461 2138/2824/12462
f 2133/2819/12463 2140/2826/12464 2141/2827/12465
f 2130/2815/12466 2136/2822/12467 2140/2826/12468
f 2130/2815/12469 2140/2826/12470 2133/2819/12471
f 2124/2808/12472 2131/2816/12473 2142/2828/12474
f 2131/2816/12475 2139/2825/12476 2142/2828/12477
f 2124/2808/12478 2142/2828/12479 2134/2820/12480
f 2129/2814/12481 2143/2829/12482 2135/2821/12483
f 2129/2814/12484 2134/2820/12485 2143/2829/12486
f 2137/2823/12487 2144/2830/12488 2138/2824/12489
f 2141/2827/12490 2140/2826/12491 2145/2831/12492
f 2136/2822/12493 2146/2832/12494 2147/2833/12495
f 2136/2822/12496 2135/2821/12497 2146/2832/12498
f 2136/2822/12499 2147/2833/12500 2140/2826/12501
f 2139/2825/12502 2148/2834/12503 2142/2828/12504
f 2134/2820/12505 2142/2828/12506 2149/2835/12507
f 2142/2828/12508 2148/2834/12509 2149/2835/12510
f 2134/2820/12511 2149/2835/12512 2143/2829/12513
f 2144/2830/12514 2150/2836/12515 2138/2824/12516
f 2139/2825/12517 2150/2836/12518 2148/2834/12519
f 2139/2825/12520 2138/2824/12521 2150/2836/12522
f 2145/2831/12523 2140/2826/12524 2151/2837/12525
f 2140/2826/12526 2147/2833/12527 2151/2837/12528
f 2135/2821/12529 2143/2829/12530 2152/2838/12531
f 2135/2821/12532 2152/2838/12533 2146/2832/12534
f 2149/2835/12535 2153/2839/12536 2143/2829/12537
f 2143/2829/12538 2153/2839/12539 2152/2838/12540
f 2144/2830/12541 2154/2840/12542 2150/2836/12543
f 2148/2834/12544 2155/2841/12545 2149/2835/12546
f 2149/2835/12547 2155/2841/12548 2153/2839/12549
f 2145/2831/12550 2156/2842/12551 2157/2843/12552
f 2145/2831/12553 2151/2837/12554 2156/2842/12555
f 2147/2833/12556 2158/2844/12557 2151/2837/12558
f 2151/2837/12559 2158/2844/12560 2156/2842/12561
f 2146/2832/12562 2159/2845/12563 2147/2833/12564
f 2147/2833/12565 2159/2845/12566 2158/2844/12567
f 2152/2838/12568 2153/2839/12569 2160/2846/12570
f 2154/2840/12571 2161/2847/12572 2150/2836/12573
f 2150/2836/12574 2161/2847/12575 2148/2834/12576
f 2155/2841/12577 2148/2834/12578 2162/2848/12579
f 2148/2834/12580 2161/2847/12581 2162/2848/12582
f 2157/2843/12583 2163/2849/12584 2164/2850/12585
f 2157/2843/12586 2156/2842/12587 2163/2849/12588
f 2146/2832/12589 2165/2851/12590 2159/2845/12591
f 2152/2838/12592 2160/2846/12593 2165/2851/12594
f 2152/2838/12595 2165/2851/12596 2146/2832/12597
f 2158/2844/12598 2159/2845/12599 2166/2852/12600
f 2153/2839/12601 2155/2841/12602 2167/2853/12603
f 2153/2839/12604 2167/2853/12605 2160/2846/12606
f 2154/2840/12607 2168/2854/12608 2161/2847/12609
f 2162/2848/12610 2161/2847/12611 2169/2855/12612
f 2161/2847/12613 2168/2854/12614 2169/2855/12615
f 2164/2850/12616 2170/2856/12617 2171/2857/12618
f 2164/2850/12619 2163/2849/12620 2170/2856/12621
f 2156/2842/12622 2158/2844/12623 2172/2858/12624
f 2158/2844/12625 2166/2852/12626 2172/2858/12627
f 2156/2842/12628 2172/2858/12629 2163/2849/12630
f 2165/2851/12631 2160/2846/12632 2173/2859/12633
f 2159/2845/12634 2174/2860/12635 2166/2852/12636
f 2165/2851/12637 2173/2859/12638 2174/2860/12639
f 2165/2851/12640 2174/2860/12641 2159/2845/12642
f 2155/2841/12643 2162/2848/12644 2175/2861/12645
f 2155/2841/12646 2175/2861/12647 2167/2853/12648
f 2169/2855/12649 2176/2862/12650 2162/2848/12651
f 2162/2848/12652 2176/2862/12653 2175/2861/12654
f 2171/2857/12655 2170/2856/12656 2177/2863/12657
f 2172/2858/12658 2178/2864/12659 2179/2865/12660
f 2172/2858/12661 2179/2865/12662 2163/2849/12663
f 2163/2849/12664 2179/2865/12665 2170/2856/12666
f 2172/2858/12667 2166/2852/12668 2178/2864/12669
f 2160/2846/12670 2167/2853/12671 2180/2866/12672
f 2160/2846/12673 2180/2866/12674 2173/2859/12675
f 2174/2860/12676 2173/2859/12677 2181/2867/12678
f 2176/2862/12679 2182/2868/12680 2175/2861/12681
f 2171/2857/12682 2177/2863/12683 2183/2869/12684
f 2179/2865/12685 2178/2864/12686 2184/2870/12687
f 2170/2856/12688 2184/2870/12689 2177/2863/12690
f 2170/2856/12691 2179/2865/12692 2184/2870/12693
f 2166/2852/12694 2174/2860/12695 2185/2871/12696
f 2174/2860/12697 2181/2867/12698 2185/2871/12699
f 2166/2852/12700 2185/2871/12701 2178/2864/12702
f 2167/2853/12703 2175/2861/12704 2186/2872/12705
f 2175/2861/12706 2182/2868/12707 2186/2872/12708
f 2167/2853/12709 2186/2872/12710 2180/2866/12711
f 2173/2859/12712 2180/2866/12713 2187/2873/12714
f 2173/2859/12715 2187/2873/12716 2181/2867/12717
f 2183/2869/12718 2177/2863/12719 2188/2874/12720
f 2177/2863/12721 2184/2870/12722 2188/2874/12723
f 2185/2871/12724 2189/2875/12725 2178/2864/12726
f 2182/2868/12727 2190/2876/12728 2191/2877/12729
f 2180/2866/12730 2186/2872/12731 2191/2877/12732
f 2186/2872/12733 2182/2868/12734 2191/2877/12735
f 2180/2866/12736 2191/2877/12737 2187/2873/12738
f 2181/2867/12739 2192/2878/12740 2193/2879/12741
f 2181/2867/12742 2193/2879/12743 2185/2871/12744
f 2185/2871/12745 2193/2879/12746 2189/2875/12747
f 2181/2867/12748 2187/2873/12749 2192/2878/12750
f 2184/2870/12751 2194/2880/12752 2188/2874/12753
f 2178/2864/12754 2194/2880/12755 2184/2870/12756
f 2178/2864/12757 2189/2875/12758 2194/2880/12759
f 2190/2876/12760 2195/2881/12761 2191/2877/12762
f 2193/2879/12763 2192/2878/12764 2196/2882/12765
f 2189/2875/12766 2196/2882/12767 2194/2880/12768
f 2189/2875/12769 2193/2879/12770 2196/2882/12771
f 2187/2873/12772 2197/2883/12773 2192/2878/12774
f 2197/2883/12775 2191/2877/12776 2195/2881/12777
f 2197/2883/12778 2195/2881/12779 2196/2882/12780
f 2197/2883/12781 2187/2873/12782 2191/2877/12783
f 2197/2883/12784 2196/2882/12785 2192/2878/12786
f 2078/2884/12787 2198/2885/12788 2199/2886/12789
f 2198/2885/12790 2200/2887/12791 2199/2886/12792
f 2198/2885/12793 2201/2888/12794 2200/2887/12795
f 2199/2886/12796 2202/2889/12797 2203/2890/12798
f 2198/2885/12799 2204/2891/12800 2201/2888/12801
f 2200/2887/12802 2205/2892/12803 2202/2889/12804
f 2200/2887/12805 2202/2889/12806 2199/2886/12807
f 2200/2887/12808 2201/2888/12809 2205/2892/12810
f 2203/2890/12811 2206/2893/12812 2207/2894/12813
f 2198/2885/12814 2078/2895/12815 2204/2891/12816
f 2202/2889/12817 2205/2892/12818 2208/2896/12819
f 2199/2886/12820 2203/2890/12821 2078/2897/12822
f 2201/2888/12823 2209/2898/12824 2205/2892/12825
f 2206/2893/12826 2210/2899/12827 2211/2900/12828
f 2202/2889/12829 2208/2896/12830 2210/2899/12831
f 2202/2889/12832 2206/2893/12833 2203/2890/12834
f 2202/2889/12835 2210/2899/12836 2206/2893/12837
f 2207/2894/12838 2212/2901/12839 2213/2902/12840
f 2206/2893/12841 2211/2900/12842 2212/2901/12843
f 2206/2893/12844 2212/2901/12845 2207/2894/12846
f 2204/2891/12847 2095/2903/12848 2214/2904/12849
f 2201/2888/12850 2214/2904/12851 2209/2898/12852
f 2201/2888/12853 2204/2891/12854 2214/2904/12855
f 2205/2892/12856 2209/2898/12857 2215/2905/12858
f 2208/2896/12859 2205/2892/12860 2216/2906/12861
f 2205/2892/12862 2215/2905/12863 2216/2906/12864
f 2203/2890/12865 2207/2894/12866 2078/2907/12867
f 2210/2899/12868 2208/2896/12869 2217/2908/12870
f 2213/2902/12871 2212/2901/12872 2218/2909/12873
f 2211/2900/12874 2210/2899/12875 2219/2910/12876
f 2210/2899/12877 2217/2908/12878 2219/2910/12879
f 2095/2903/12880 2100/2911/12881 2214/2904/12882
f 2204/2891/12883 2078/2912/12884 2095/2903/12885
f 2209/2898/12886 2220/2913/12887 2221/2914/12888
f 2209/2898/12889 2221/2914/12890 2215/2905/12891
f 2214/2904/12892 2100/2911/12893 2220/2913/12894
f 2214/2904/12895 2220/2913/12896 2209/2898/12897
f 2216/2906/12898 2215/2905/12899 2222/2915/12900
f 2207/2894/12901 2213/2902/12902 2078/2916/12903
f 2208/2896/12904 2216/2906/12905 2223/2917/12906
f 2216/2906/12907 2222/2915/12908 2223/2917/12909
f 2208/2896/12910 2223/2917/12911 2217/2908/12912
f 2212/2901/12913 2224/2918/12914 2218/2909/12915
f 2211/2900/12916 2225/2919/12917 2226/2920/12918
f 2211/2900/12919 2219/2910/12920 2225/2919/12921
f 2212/2901/12922 2211/2900/12923 2226/2920/12924
f 2212/2901/12925 2226/2920/12926 2224/2918/12927
f 2221/2914/12928 2117/2921/12929 2227/2922/12930
f 2100/2911/12931 2112/2923/12932 2220/2913/12933
f 2215/2905/12934 2228/2924/12935 2222/2915/12936
f 2215/2905/12937 2221/2914/12938 2227/2922/12939
f 2215/2905/12940 2227/2922/12941 2228/2924/12942
f 2213/2902/12943 2218/2909/12944 2078/2925/12945
f 2223/2917/12946 2229/2926/12947 2217/2908/12948
f 2217/2908/12949 2229/2926/12950 2219/2910/12951
f 2225/2919/12952 2137/2927/12953 2132/2928/12954
f 2226/2920/12955 2225/2919/12956 2126/2929/12957
f 2132/2928/12958 2126/2929/12959 2225/2919/12960
f 2224/2918/12961 2226/2920/12962 2118/2930/12963
f 2226/2920/12964 2126/2929/12965 2118/2930/12966
f 2117/2921/12967 2221/2914/12968 2120/2931/12969
f 2120/2931/12970 2220/2913/12971 2112/2923/12972
f 2220/2913/12973 2120/2931/12974 2221/2914/12975
f 2222/2915/12976 2230/2932/12977 2223/2917/12978
f 2223/2917/12979 2230/2932/12980 2229/2926/12981
f 2227/2922/12982 2117/2921/12983 2128/2933/12984
f 2228/2924/12985 2231/2934/12986 2232/2935/12987
f 2228/2924/12988 2232/2935/12989 2222/2915/12990
f 2227/2922/12991 2128/2933/12992 2231/2934/12993
f 2227/2922/12994 2231/2934/12995 2228/2924/12996
f 2218/2909/12997 2224/2918/12998 2127/2936/12999
f 2224/2918/13000 2118/2930/13001 2127/2936/13002
f 2219/2910/13003 2229/2926/13004 2233/2937/13005
f 2219/2910/13006 2233/2937/13007 2225/2919/13008
f 2137/2927/13009 2225/2919/13010 2234/2938/13011
f 2225/2919/13012 2233/2937/13013 2234/2938/13014
f 2230/2932/13015 2222/2915/13016 2235/2939/13017
f 2222/2915/13018 2232/2935/13019 2235/2939/13020
f 2128/2933/13021 2133/2940/13022 2231/2934/13023
f 2218/2909/13024 2127/2936/13025 2078/2941/13026
f 2229/2926/13027 2230/2932/13028 2236/2942/13029
f 2137/2927/13030 2237/2943/13031 2144/2944/13032
f 2137/2927/13033 2234/2938/13034 2237/2943/13035
f 2233/2937/13036 2229/2926/13037 2238/2945/13038
f 2234/2938/13039 2233/2937/13040 2238/2945/13041
f 2234/2938/13042 2238/2945/13043 2237/2943/13044
f 2229/2926/13045 2236/2942/13046 2238/2945/13047
f 2232/2935/13048 2239/2946/13049 2235/2939/13050
f 2133/2940/13051 2141/2947/13052 2240/2948/13053
f 2231/2934/13054 2241/2949/13055 2232/2935/13056
f 2133/2940/13057 2240/2948/13058 2241/2949/13059
f 2133/2940/13060 2241/2949/13061 2231/2934/13062
f 2232/2935/13063 2241/2949/13064 2239/2946/13065
f 2230/2932/13066 2235/2939/13067 2242/2950/13068
f 2230/2932/13069 2242/2950/13070 2236/2942/13071
f 2144/2944/13072 2243/2951/13073 2154/2952/13074
f 2144/2944/13075 2237/2943/13076 2243/2951/13077
f 2238/2945/13078 2244/2953/13079 2237/2943/13080
f 2237/2943/13081 2244/2953/13082 2243/2951/13083
f 2141/2947/13084 2145/2954/13085 2240/2948/13086
f 2241/2949/13087 2240/2948/13088 2245/2955/13089
f 2241/2949/13090 2245/2955/13091 2239/2946/13092
f 2235/2939/13093 2246/2956/13094 2242/2950/13095
f 2235/2939/13096 2239/2946/13097 2246/2956/13098
f 2236/2942/13099 2247/2957/13100 2238/2945/13101
f 2238/2945/13102 2247/2957/13103 2244/2953/13104
f 2154/2952/13105 2243/2951/13106 2248/2958/13107
f 2145/2954/13108 2249/2959/13109 2240/2948/13110
f 2245/2955/13111 2250/2960/13112 2239/2946/13113
f 2239/2946/13114 2250/2960/13115 2246/2956/13116
f 2242/2950/13117 2246/2956/13118 2251/2961/13119
f 2236/2942/13120 2251/2961/13121 2247/2957/13122
f 2236/2942/13123 2242/2950/13124 2251/2961/13125
f 2244/2953/13126 2247/2957/13127 2252/2962/13128
f 2243/2951/13129 2252/2962/13130 2248/2958/13131
f 2243/2951/13132 2244/2953/13133 2252/2962/13134
f 2154/2952/13135 2248/2958/13136 2168/2963/13137
f 2145/2954/13138 2253/2964/13139 2249/2959/13140
f 2240/2948/13141 2254/2965/13142 2245/2955/13143
f 2240/2948/13144 2249/2959/13145 2254/2965/13146
f 2250/2960/13147 2255/2966/13148 2246/2956/13149
f 2246/2956/13150 2255/2966/13151 2251/2961/13152
f 2247/2957/13153 2251/2961/13154 2256/2967/13155
f 2251/2961/13156 2255/2966/13157 2256/2967/13158
f 2247/2957/13159 2256/2967/13160 2252/2962/13161
f 2248/2958/13162 2169/2968/13163 2168/2963/13164
f 2145/2954/13165 2157/2969/13166 2253/2964/13167
f 2245/2955/13168 2257/2970/13169 2250/2960/13170
f 2245/2955/13171 2254/2965/13172 2257/2970/13173
f 2249/2959/13174 2253/2964/13175 2258/2971/13176
f 2249/2959/13177 2258/2971/13178 2254/2965/13179
f 2255/2966/13180 2259/2972/13181 2256/2967/13182
f 2252/2962/13183 2256/2967/13184 2260/2973/13185
f 2256/2967/13186 2259/2972/13187 2260/2973/13188
f 2248/2958/13189 2261/2974/13190 2169/2968/13191
f 2252/2962/13192 2261/2974/13193 2248/2958/13194
f 2252/2962/13195 2260/2973/13196 2261/2974/13197
f 2157/2969/13198 2164/2975/13199 2262/2976/13200
f 2157/2969/13201 2262/2976/13202 2253/2964/13203
f 2250/2960/13204 2263/2977/13205 2255/2966/13206
f 2255/2966/13207 2263/2977/13208 2259/2972/13209
f 2250/2960/13210 2257/2970/13211 2263/2977/13212
f 2258/2971/13213 2264/2978/13214 2265/2979/13215
f 2253/2964/13216 2262/2976/13217 2264/2978/13218
f 2253/2964/13219 2264/2978/13220 2258/2971/13221
f 2254/2965/13222 2258/2971/13223 2266/2980/13224
f 2258/2971/13225 2265/2979/13226 2266/2980/13227
f 2254/2965/13228 2266/2980/13229 2257/2970/13230
f 2169/2968/13231 2261/2974/13232 2176/2981/13233
f 2260/2973/13234 2259/2972/13235 2267/2982/13236
f 2164/2975/13237 2171/2983/13238 2268/2984/13239
f 2164/2975/13240 2268/2984/13241 2262/2976/13242
f 2263/2977/13243 2269/2985/13244 2270/2986/13245
f 2263/2977/13246 2257/2970/13247 2269/2985/13248
f 2259/2972/13249 2263/2977/13250 2270/2986/13251
f 2259/2972/13252 2270/2986/13253 2267/2982/13254
f 2257/2970/13255 2266/2980/13256 2269/2985/13257
f 2264/2978/13258 2271/2987/13259 2272/2988/13260
f 2264/2978/13261 2272/2988/13262 2265/2979/13263
f 2262/2976/13264 2268/2984/13265 2271/2987/13266
f 2262/2976/13267 2271/2987/13268 2264/2978/13269
f 2261/2974/13270 2260/2973/13271 2273/2989/13272
f 2260/2973/13273 2267/2982/13274 2273/2989/13275
f 2261/2974/13276 2273/2989/13277 2176/2981/13278
f 2171/2983/13279 2183/2990/13280 2274/2991/13281
f 2171/2983/13282 2274/2991/13283 2268/2984/13284
f 2270/2986/13285 2275/2992/13286 2267/2982/13287
f 2266/2980/13288 2265/2979/13289 2276/2993/13290
f 2266/2980/13291 2276/2993/13292 2269/2985/13293
f 2272/2988/13294 2277/2994/13295 2265/2979/13296
f 2265/2979/13297 2277/2994/13298 2276/2993/13299
f 2271/2987/13300 2278/2995/13301 2272/2988/13302
f 2268/2984/13303 2274/2991/13304 2278/2995/13305
f 2268/2984/13306 2278/2995/13307 2271/2987/13308
f 2273/2989/13309 2182/2996/13310 2176/2981/13311
f 2183/2990/13312 2188/2997/13313 2274/2991/13314
f 2274/2991/13315 2188/2997/13316 2278/2995/13317
f 2270/2986/13318 2279/2998/13319 2275/2992/13320
f 2269/2985/13321 2276/2993/13322 2279/2998/13323
f 2269/2985/13324 2279/2998/13325 2270/2986/13326
f 2267/2982/13327 2280/2999/13328 2273/2989/13329
f 2273/2989/13330 2280/2999/13331 2182/2996/13332
f 2267/2982/13333 2275/2992/13334 2280/2999/13335
f 2277/2994/13336 2281/3000/13337 2276/2993/13338
f 2276/2993/13339 2281/3000/13340 2279/2998/13341
f 2272/2988/13342 2278/2995/13343 2194/3001/13344
f 2278/2995/13345 2188/2997/13346 2194/3001/13347
f 2182/2996/13348 2282/3002/13349 2190/3003/13350
f 2280/2999/13351 2275/2992/13352 2282/3002/13353
f 2280/2999/13354 2282/3002/13355 2182/2996/13356
f 2277/2994/13357 2272/2988/13358 2283/3004/13359
f 2272/2988/13360 2194/3001/13361 2283/3004/13362
f 2281/3000/13363 2284/3005/13364 2285/3006/13365
f 2277/2994/13366 2284/3005/13367 2281/3000/13368
f 2277/2994/13369 2283/3004/13370 2284/3005/13371
f 2279/2998/13372 2281/3000/13373 2286/3007/13374
f 2275/2992/13375 2279/2998/13376 2286/3007/13377
f 2275/2992/13378 2286/3007/13379 2282/3002/13380
f 2281/3000/13381 2285/3006/13382 2286/3007/13383
f 2190/3003/13384 2282/3002/13385 2195/3008/13386
f 2194/3001/13387 2196/3009/13388 2283/3004/13389
f 2284/3005/13390 2196/3009/13391 2285/3006/13392
f 2284/3005/13393 2283/3004/13394 2196/3009/13395
f 2286/3007/13396 2285/3006/13397 2287/3010/13398
f 2287/3010/13399 2195/3008/13400 2282/3002/13401
f 2287/3010/13402 2196/3009/13403 2195/3008/13404
f 2287/3010/13405 2282/3002/13406 2286/3007/13407
f 2287/3010/13408 2285/3006/13409 2196/3009/13410
f 1575/3011/13411 2288/3012/13412 1572/3013/13413
f 1575/3011/13414 1574/3014/13415 2288/3012/13416
f 1572/3013/13417 2289/3015/13418 1540/3016/13419
f 1572/3013/13420 2288/3012/13421 2289/3015/13422
f 1574/3014/13423 1551/3017/13424 2288/3012/13425
f 2288/3012/13426 1551/3017/13427 2289/3015/13428
f 1540/3016/13429 2289/3015/13430 1541/2162/13431
f 1551/3017/13432 2290/3018/13433 2289/3015/13434
f 2289/3015/13435 2290/3018/13436 1541/2162/13437
f 1551/3017/13438 2291/3019/13439 2290/3018/13440
f 1541/2162/13441 2290/3018/13442 1644/2155/13443
f 2291/3019/13444 2292/3020/13445 2290/3018/13446
f 2290/3018/13447 2292/3020/13448 1644/2155/13449
f 2291/3019/13450 2293/3021/13451 2292/3020/13452
f 1644/2155/13453 2292/3020/13454 1622/2129/13455
f 2291/3019/13456 1551/3017/13457 2294/3022/13458
f 2293/3021/13459 2295/3023/13460 2296/3024/13461
f 2292/3020/13462 2293/3021/13463 2296/3024/13464
f 2292/3020/13465 2296/3024/13466 1622/2129/13467
f 2291/3019/13468 2294/3022/13469 2297/3025/13470
f 2291/3019/13471 2297/3025/13472 2293/3021/13473
f 1551/3017/13474 1726/3026/13475 2294/3022/13476
f 2295/3023/13477 2298/3027/13478 2299/3028/13479
f 2296/3024/13480 2299/3028/13481 1605/2112/13482
f 2296/3024/13483 1605/2112/13484 1622/2129/13485
f 2296/3024/13486 2295/3023/13487 2299/3028/13488
f 2297/3025/13489 2300/3029/13490 2301/3030/13491
f 2293/3021/13492 2297/3025/13493 2302/3031/13494
f 2297/3025/13495 2294/3022/13496 2300/3029/13497
f 2297/3025/13498 2301/3030/13499 2302/3031/13500
f 2293/3021/13501 2302/3031/13502 2295/3023/13503
f 1726/3026/13504 2303/3032/13505 2294/3022/13506
f 2298/3027/13507 2304/3033/13508 2299/3028/13509
f 2299/3028/13510 2304/3033/13511 1605/2112/13512
f 2300/3029/13513 2294/3022/13514 2305/3034/13515
f 2294/3022/13516 2303/3032/13517 2305/3034/13518
f 2301/3030/13519 2306/3035/13520 2307/3036/13521
f 2302/3031/13522 2301/3030/13523 2307/3036/13524
f 2295/3023/13525 2302/3031/13526 2308/3037/13527
f 2302/3031/13528 2307/3036/13529 2308/3037/13530
f 2295/3023/13531 2308/3037/13532 2298/3027/13533
f 1726/3026/13534 1725/3038/13535 2303/3032/13536
f 2304/3033/13537 2298/3027/13538 2309/3039/13539
f 1605/2112/13540 2304/3033/13541 1598/2105/13542
f 2300/3029/13543 2310/3040/13544 2301/3030/13545
f 2301/3030/13546 2310/3040/13547 2306/3035/13548
f 2305/3034/13549 2311/3041/13550 2300/3029/13551
f 2300/3029/13552 2311/3041/13553 2310/3040/13554
f 2307/3036/13555 2312/3042/13556 2313/3043/13557
f 2307/3036/13558 2313/3043/13559 2308/3037/13560
f 2307/3036/13561 2306/3035/13562 2312/3042/13563
f 1725/3038/13564 1723/3044/13565 2314/3045/13566
f 1725/3038/13567 2314/3045/13568 2303/3032/13569
f 2298/3027/13570 2315/3046/13571 2309/3039/13572
f 2308/3037/13573 2313/3043/13574 2315/3046/13575
f 2308/3037/13576 2315/3046/13577 2298/3027/13578
f 2304/3033/13579 2309/3039/13580 2316/3047/13581
f 2304/3033/13582 2316/3047/13583 1598/2105/13584
f 2305/3034/13585 2317/3048/13586 2311/3041/13587
f 2310/3040/13588 1707/3049/13589 2306/3035/13590
f 2312/3042/13591 2318/3050/13592 2313/3043/13593
f 1723/3044/13594 2319/3051/13595 2314/3045/13596
f 2319/3051/13597 2303/3032/13598 2314/3045/13599
f 2319/3051/13600 2317/3048/13601 2305/3034/13602
f 2319/3051/13603 1723/3044/13604 2317/3048/13605
f 2319/3051/13606 2305/3034/13607 2303/3032/13608
f 2315/3046/13609 2320/3052/13610 2309/3039/13611
f 2316/3047/13612 2321/3053/13613 1589/2096/13614
f 1598/2105/13615 2316/3047/13616 1589/2096/13617
f 2311/3041/13618 1721/3054/13619 2310/3040/13620
f 2310/3040/13621 1721/3054/13622 1707/3049/13623
f 2306/3035/13624 2322/3055/13625 2312/3042/13626
f 2306/3035/13627 1707/3049/13628 2322/3055/13629
f 2318/3050/13630 2312/3042/13631 2323/3056/13632
f 2312/3042/13633 2322/3055/13634 2323/3056/13635
f 2313/3043/13636 2324/3057/13637 2315/3046/13638
f 2315/3046/13639 2324/3057/13640 2320/3052/13641
f 2313/3043/13642 2318/3050/13643 2324/3057/13644
f 1723/3044/13645 1722/3058/13646 2317/3048/13647
f 1722/3058/13648 1721/3054/13649 2311/3041/13650
f 2311/3041/13651 2317/3048/13652 1722/3058/13653
f 2309/3039/13654 2320/3052/13655 2325/3059/13656
f 2316/3047/13657 2325/3059/13658 2321/3053/13659
f 2316/3047/13660 2309/3039/13661 2325/3059/13662
f 1589/2096/13663 2321/3053/13664 1586/2093/13665
f 2323/3056/13666 2326/3060/13667 2327/3061/13668
f 2318/3050/13669 2323/3056/13670 2327/3061/13671
f 2324/3057/13672 2328/3062/13673 2329/3063/13674
f 2324/3057/13675 2329/3063/13676 2320/3052/13677
f 2318/3050/13678 2328/3062/13679 2324/3057/13680
f 2318/3050/13681 2327/3061/13682 2328/3062/13683
f 2325/3059/13684 2330/3064/13685 2321/3053/13686
f 1586/2093/13687 2321/3053/13688 1578/3065/13689
f 2321/3053/13690 2330/3064/13691 1578/3065/13692
f 2326/3060/13693 2331/3066/13694 2332/3067/13695
f 2323/3056/13696 2322/3055/13697 2333/3068/13698
f 2323/3056/13699 2333/3068/13700 2326/3060/13701
f 2329/3063/13702 2328/3062/13703 2334/3069/13704
f 2320/3052/13705 2335/3070/13706 2325/3059/13707
f 2325/3059/13708 2335/3070/13709 2330/3064/13710
f 2320/3052/13711 2329/3063/13712 2335/3070/13713
f 2327/3061/13714 2326/3060/13715 2336/3071/13716
f 2326/3060/13717 2333/3068/13718 2331/3066/13719
f 2326/3060/13720 2332/3067/13721 2336/3071/13722
f 1578/3065/13723 2330/3064/13724 2337/3072/13725
f 2330/3064/13726 2335/3070/13727 2337/3072/13728
f 2322/3055/13729 1707/3049/13730 2333/3068/13731
f 2328/3062/13732 2338/3073/13733 2334/3069/13734
f 2327/3061/13735 2338/3073/13736 2328/3062/13737
f 2327/3061/13738 2336/3071/13739 2338/3073/13740
f 2329/3063/13741 2334/3069/13742 2339/3074/13743
f 2329/3063/13744 2339/3074/13745 2335/3070/13746
f 2331/3066/13747 2340/3075/13748 2332/3067/13749
f 1578/3065/13750 2341/3076/13751 2342/3077/13752
f 2337/3072/13753 2335/3070/13754 2343/3078/13755
f 2335/3070/13756 2339/3074/13757 2343/3078/13758
f 2337/3072/13759 2343/3078/13760 1578/3065/13761
f 1707/3049/13762 1567/3079/13763 2344/3080/13764
f 2333/3068/13765 2344/3080/13766 2331/3066/13767
f 2333/3068/13768 1707/3049/13769 2344/3080/13770
f 2336/3071/13771 2332/3067/13772 2345/3081/13773
f 2332/3067/13774 2340/3075/13775 2345/3081/13776
f 2338/3073/13777 2346/3082/13778 2347/3083/13779
f 2338/3073/13780 2347/3083/13781 2334/3069/13782
f 2336/3071/13783 2346/3082/13784 2338/3073/13785
f 2336/3071/13786 2345/3081/13787 2346/3082/13788
f 2341/3076/13789 2348/3084/13790 2342/3077/13791
f 2339/3074/13792 2349/3085/13793 2343/3078/13794
f 2343/3078/13795 2349/3085/13796 1578/3065/13797
f 1567/3079/13798 2350/3086/13799 2344/3080/13800
f 2331/3066/13801 2351/3087/13802 2340/3075/13803
f 2347/3083/13804 2346/3082/13805 2352/3088/13806
f 2334/3069/13807 2347/3083/13808 2353/3089/13809
f 2339/3074/13810 2353/3089/13811 2349/3085/13812
f 2339/3074/13813 2334/3069/13814 2353/3089/13815
f 2345/3081/13816 2340/3075/13817 2354/3090/13818
f 2341/3076/13819 2355/3091/13820 2356/3092/13821
f 2341/3076/13822 2356/3092/13823 2348/3084/13824
f 2341/3076/13825 1578/3065/13826 2355/3091/13827
f 2342/3077/13828 2348/3084/13829 2357/3093/13830
f 1567/3079/13831 1731/3094/13832 2350/3086/13833
f 2344/3080/13834 2358/3095/13835 2331/3066/13836
f 2331/3066/13837 2358/3095/13838 2351/3087/13839
f 2344/3080/13840 2350/3086/13841 2358/3095/13842
f 2346/3082/13843 2359/3096/13844 2352/3088/13845
f 2345/3081/13846 2359/3096/13847 2346/3082/13848
f 2345/3081/13849 2354/3090/13850 2359/3096/13851
f 2347/3083/13852 2352/3088/13853 2360/3097/13854
f 2347/3083/13855 2360/3097/13856 2353/3089/13857
f 2349/3085/13858 2361/3098/13859 1578/3065/13860
f 2361/3098/13861 2360/3097/13862 2355/3091/13863
f 2360/3097/13864 2356/3092/13865 2355/3091/13866
f 2361/3098/13867 2349/3085/13868 2353/3089/13869
f 2361/3098/13870 2355/3091/13871 1578/3065/13872
f 2360/3097/13873 2352/3088/13874 2356/3092/13875
f 2360/3097/13876 2361/3098/13877 2353/3089/13878
f 2340/3075/13879 2351/3087/13880 2362/3099/13881
f 2342/3077/13882 2357/3093/13883 2363/3100/13884
f 2348/3084/13885 2364/3101/13886 2357/3093/13887
f 2357/3093/13888 2364/3101/13889 2363/3100/13890
f 1731/3094/13891 2365/3102/13892 2350/3086/13893
f 2358/3095/13894 2366/3103/13895 2351/3087/13896
f 2354/3090/13897 2367/3104/13898 2359/3096/13899
f 2352/3088/13900 2359/3096/13901 2368/3105/13902
f 2368/3105/13903 2356/3092/13904 2352/3088/13905
f 2368/3105/13906 2364/3101/13907 2348/3084/13908
f 2368/3105/13909 2367/3104/13910 2364/3101/13911
f 2368/3105/13912 2359/3096/13913 2367/3104/13914
f 2368/3105/13915 2348/3084/13916 2356/3092/13917
f 2340/3075/13918 2362/3099/13919 2369/3106/13920
f 2342/3077/13921 2363/3100/13922 2370/3107/13923
f 1731/3094/13924 1730/3108/13925 2365/3102/13926
f 2350/3086/13927 2371/3109/13928 2358/3095/13929
f 2358/3095/13930 2371/3109/13931 2366/3103/13932
f 2350/3086/13933 2365/3102/13934 2371/3109/13935
f 2351/3087/13936 2366/3103/13937 2372/3110/13938
f 2351/3087/13939 2372/3110/13940 2362/3099/13941
f 2354/3090/13942 2340/3075/13943 2373/3111/13944
f 2340/3075/13945 2369/3106/13946 2373/3111/13947
f 2364/3101/13948 2367/3104/13949 2374/3112/13950
f 2364/3101/13951 2374/3112/13952 2363/3100/13953
f 2342/3077/13954 2370/3107/13955 1578/3113/13956
f 1730/3108/13957 1729/3114/13958 2375/3115/13959
f 1730/3108/13960 2375/3115/13961 2365/3102/13962
f 2371/3109/13963 1720/3116/13964 2366/3103/13965
f 2372/3110/13966 2366/3103/13967 2376/3117/13968
f 2366/3103/13969 1720/3116/13970 2376/3117/13971
f 2362/3099/13972 2372/3110/13973 2377/3118/13974
f 2354/3090/13975 2378/3119/13976 2367/3104/13977
f 2367/3104/13978 2378/3119/13979 2374/3112/13980
f 2354/3090/13981 2373/3111/13982 2378/3119/13983
f 2369/3106/13984 2362/3099/13985 2379/3120/13986
f 2363/3100/13987 2380/3121/13988 2370/3107/13989
f 2363/3100/13990 2374/3112/13991 2380/3121/13992
f 1578/3113/13993 2370/3107/13994 2381/3122/13995
f 2370/3107/13996 2380/3121/13997 2381/3122/13998
f 1729/3114/13999 2382/3123/14000 2375/3115/14001
f 2375/3115/14002 2382/3123/14003 2365/3102/14004
f 2371/3109/14005 2365/3102/14006 2383/3124/14007
f 2365/3102/14008 2382/3123/14009 2383/3124/14010
f 1720/3116/14011 2371/3109/14012 1727/3125/14013
f 2383/3124/14014 2382/3123/14015 1727/3125/14016
f 2383/3124/14017 1727/3125/14018 2371/3109/14019
f 2376/3117/14020 2384/3126/14021 2372/3110/14022
f 2372/3110/14023 2384/3126/14024 2377/3118/14025
f 2373/3111/14026 2369/3106/14027 2385/3127/14028
f 2369/3106/14029 2379/3120/14030 2385/3127/14031
f 2378/3119/14032 2386/3128/14033 2374/3112/14034
f 2374/3112/14035 2386/3128/14036 2380/3121/14037
f 2362/3099/14038 2377/3118/14039 2387/3129/14040
f 2362/3099/14041 2387/3129/14042 2379/3120/14043
f 1578/3113/14044 2381/3122/14045 2388/3130/14046
f 1729/3114/14047 1728/3131/14048 2382/3123/14049
f 2382/3123/14050 1728/3131/14051 1727/3125/14052
f 1720/3116/14053 1782/3132/14054 2376/3117/14055
f 2384/3126/14056 1733/3133/14057 2377/3118/14058
f 2373/3111/14059 2389/3134/14060 2378/3119/14061
f 2378/3119/14062 2389/3134/14063 2386/3128/14064
f 2373/3111/14065 2385/3127/14066 2389/3134/14067
f 2380/3121/14068 2390/3135/14069 2381/3122/14070
f 2381/3122/14071 2390/3135/14072 2388/3130/14073
f 2380/3121/14074 2386/3128/14075 2390/3135/14076
f 2387/3129/14077 1732/3136/14078 2391/3137/14079
f 1732/3136/14080 2377/3118/14081 1733/3133/14082
f 2377/3118/14083 1732/3136/14084 2387/3129/14085
f 2379/3120/14086 2392/3138/14087 2393/3139/14088
f 2379/3120/14089 2393/3139/14090 2385/3127/14091
f 2387/3129/14092 2391/3137/14093 2392/3138/14094
f 2387/3129/14095 2392/3138/14096 2379/3120/14097
f 1578/3113/14098 2394/3140/14099 2395/3141/14100
f 1782/3132/14101 2396/3142/14102 2376/3117/14103
f 2384/3126/14104 2376/3117/14105 2397/3143/14106
f 2376/3117/14107 2396/3142/14108 2397/3143/14109
f 2389/3134/14110 2398/3144/14111 2386/3128/14112
f 2386/3128/14113 2398/3144/14114 2390/3135/14115
f 2388/3130/14116 2394/3140/14117 1578/3113/14118
f 1733/3133/14119 2384/3126/14120 1786/3145/14121
f 2384/3126/14122 2397/3143/14123 1786/3145/14124
f 2393/3139/14125 2392/3138/14126 2399/3146/14127
f 2385/3127/14128 2393/3139/14129 2400/3147/14130
f 2389/3134/14131 2400/3147/14132 2398/3144/14133
f 2389/3134/14134 2385/3127/14135 2400/3147/14136
f 2395/3141/14137 2394/3140/14138 2401/3148/14139
f 1782/3132/14140 2402/3149/14141 2396/3142/14142
f 2396/3142/14143 2402/3149/14144 2397/3143/14145
f 2390/3135/14146 2403/3150/14147 2388/3130/14148
f 2394/3140/14149 2403/3150/14150 2401/3148/14151
f 2394/3140/14152 2388/3130/14153 2403/3150/14154
f 2390/3135/14155 2398/3144/14156 2403/3150/14157
f 1578/3113/14158 2395/3141/14159 2404/3151/14160
f 1786/3145/14161 2397/3143/14162 1785/3152/14163
f 2392/3138/14164 2391/3137/14165 2405/3153/14166
f 2392/3138/14167 2405/3153/14168 2399/3146/14169
f 2393/3139/14170 2399/3146/14171 2406/3154/14172
f 2393/3139/14173 2406/3154/14174 2400/3147/14175
f 1782/3132/14176 1784/3155/14177 2402/3149/14178
f 2401/3148/14179 2407/3156/14180 2395/3141/14181
f 2395/3141/14182 2407/3156/14183 2404/3151/14184
f 2398/3144/14185 2400/3147/14186 2408/3157/14187
f 2403/3150/14188 2398/3144/14189 2408/3157/14190
f 2403/3150/14191 2408/3157/14192 2401/3148/14193
f 2400/3147/14194 2406/3154/14195 2408/3157/14196
f 1578/3113/14197 2409/3158/14198 1801/2384/14199
f 2397/3143/14200 2402/3149/14201 2410/3159/14202
f 2397/3143/14203 2410/3159/14204 1785/3152/14205
f 2391/3137/14206 2411/3160/14207 2405/3153/14208
f 2399/3146/14209 2405/3153/14210 2412/3161/14211
f 1784/3155/14212 1783/3162/14213 2402/3149/14214
f 1783/3162/14215 2410/3159/14216 2402/3149/14217
f 2410/3159/14218 1783/3162/14219 1785/3152/14220
f 2407/3156/14221 2401/3148/14222 2413/3163/14223
f 2408/3157/14224 2406/3154/14225 2413/3163/14226
f 2408/3157/14227 2413/3163/14228 2401/3148/14229
f 2404/3151/14230 2407/3156/14231 2414/3164/14232
f 1578/3113/14233 2414/3164/14234 2409/3158/14235
f 1578/3113/14236 2404/3151/14237 2414/3164/14238
f 1801/2384/14239 2409/3158/14240 1798/2381/14241
f 2391/3137/14242 1732/3136/14243 2411/3160/14244
f 2399/3146/14245 2412/3161/14246 2415/3165/14247
f 2406/3154/14248 2415/3165/14249 2413/3163/14250
f 2406/3154/14251 2399/3146/14252 2415/3165/14253
f 2405/3153/14254 2416/3166/14255 2412/3161/14256
f 2405/3153/14257 2411/3160/14258 2416/3166/14259
f 2407/3156/14260 2413/3163/14261 2417/3167/14262
f 2413/3163/14263 2415/3165/14264 2417/3167/14265
f 2414/3164/14266 2418/3168/14267 2409/3158/14268
f 2407/3156/14269 2418/3168/14270 2414/3164/14271
f 2407/3156/14272 2417/3167/14273 2418/3168/14274
f 1798/2381/14275 2409/3158/14276 2419/3169/14277
f 2409/3158/14278 2418/3168/14279 2419/3169/14280
f 1732/3136/14281 2420/3170/14282 2411/3160/14283
f 2412/3161/14284 2416/3166/14285 2421/3171/14286
f 2415/3165/14287 2422/3172/14288 2417/3167/14289
f 2412/3161/14290 2421/3171/14291 2422/3172/14292
f 2412/3161/14293 2422/3172/14294 2415/3165/14295
f 1798/2381/14296 2419/3169/14297 1803/2386/14298
f 2418/3168/14299 2417/3167/14300 2423/3173/14301
f 2417/3167/14302 2422/3172/14303 2423/3173/14304
f 2418/3168/14305 2423/3173/14306 2419/3169/14307
f 1732/3136/14308 1776/3174/14309 2420/3170/14310
f 2411/3160/14311 2424/3175/14312 2416/3166/14313
f 2411/3160/14314 2420/3170/14315 2424/3175/14316
f 2421/3171/14317 2416/3166/14318 2425/3176/14319
f 2416/3166/14320 2424/3175/14321 2425/3176/14322
f 1803/2386/14323 2426/3177/14324 1807/2390/14325
f 2419/3169/14326 2423/3173/14327 2426/3177/14328
f 2419/3169/14329 2426/3177/14330 1803/2386/14331
f 2422/3172/14332 2421/3171/14333 2427/3178/14334
f 2423/3173/14335 2427/3178/14336 2426/3177/14337
f 2423/3173/14338 2422/3172/14339 2427/3178/14340
f 1776/3174/14341 2428/3179/14342 2420/3170/14343
f 2424/3175/14344 2420/3170/14345 2429/3180/14346
f 2420/3170/14347 2428/3179/14348 2429/3180/14349
f 2425/3176/14350 2424/3175/14351 2430/3181/14352
f 2424/3175/14353 2429/3180/14354 2430/3181/14355
f 1807/2390/14356 2426/3177/14357 2431/3182/14358
f 2426/3177/14359 2427/3178/14360 2431/3182/14361
f 2421/3171/14362 2425/3176/14363 2432/3183/14364
f 2427/3178/14365 2421/3171/14366 2432/3183/14367
f 2427/3178/14368 2432/3183/14369 2431/3182/14370
f 1776/3174/14371 1777/3184/14372 2428/3179/14373
f 2429/3180/14374 2433/3185/14375 2434/3186/14376
f 2429/3180/14377 2434/3186/14378 2430/3181/14379
f 2429/3180/14380 2428/3179/14381 2433/3185/14382
f 1807/2390/14383 2431/3182/14384 2435/3187/14385
f 2431/3182/14386 2432/3183/14387 2435/3187/14388
f 2425/3176/14389 2430/3181/14390 2436/3188/14391
f 2432/3183/14392 2425/3176/14393 2436/3188/14394
f 2432/3183/14395 2436/3188/14396 2435/3187/14397
f 1777/3184/14398 1779/3189/14399 2437/3190/14400
f 2428/3179/14401 1777/3184/14402 2437/3190/14403
f 2428/3179/14404 2437/3190/14405 2433/3185/14406
f 2434/3186/14407 2433/3185/14408 2438/3191/14409
f 1807/2390/14410 2435/3187/14411 1814/2397/14412
f 2430/3181/14413 2434/3186/14414 2439/3192/14415
f 2430/3181/14416 2439/3192/14417 2436/3188/14418
f 1779/3189/14419 2440/3193/14420 2441/3194/14421
f 2441/3194/14422 2437/3190/14423 1779/3189/14424
f 2441/3194/14425 2433/3185/14426 2437/3190/14427
f 2441/3194/14428 2440/3193/14429 2438/3191/14430
f 2441/3194/14431 2438/3191/14432 2433/3185/14433
f 2435/3187/14434 2436/3188/14435 2442/3195/14436
f 2436/3188/14437 2439/3192/14438 2442/3195/14439
f 2435/3187/14440 2442/3195/14441 1814/2397/14442
f 2434/3186/14443 1742/3196/14444 2439/3192/14445
f 1779/3189/14446 1780/3197/14447 2440/3193/14448
f 2440/3193/14449 1780/3197/14450 2438/3191/14451
f 2442/3195/14452 2439/3192/14453 2443/3198/14454
f 1814/2397/14455 2442/3195/14456 1824/2407/14457
f 2442/3195/14458 2443/3198/14459 1824/2407/14460
f 2434/3186/14461 1781/3199/14462 1742/3196/14463
f 1781/3199/14464 2438/3191/14465 1780/3197/14466
f 2438/3191/14467 1781/3199/14468 2434/3186/14469
f 2439/3192/14470 1742/3196/14471 2443/3198/14472
f 1824/2407/14473 2443/3198/14474 1753/2419/14475
f 1742/3196/14476 1773/3200/14477 2444/3201/14478
f 2443/3198/14479 1742/3196/14480 2445/3202/14481
f 1742/3196/14482 2444/3201/14483 2445/3202/14484
f 2443/3198/14485 2445/3202/14486 1753/2419/14487
f 1773/3200/14488 1772/3203/14489 2444/3201/14490
f 2445/3202/14491 1775/3204/14492 1749/3205/14493
f 1775/3204/14494 2444/3201/14495 1772/3203/14496
f 2445/3202/14497 1749/3205/14498 1753/2419/14499
f 2445/3202/14500 2444/3201/14501 1775/3204/14502
f 1653/3206/14503 2446/3207/14504 1663/3208/14505
f 1653/3206/14506 1648/3209/14507 2446/3207/14508
f 1663/3208/14509 2446/3207/14510 2447/3210/14511
f 1648/3209/14512 2448/3211/14513 2446/3207/14514
f 2446/3207/14515 2448/3211/14516 2447/3210/14517
f 1663/3208/14518 2447/3210/14519 1576/3212/14520
f 1648/3209/14521 2449/3213/14522 2448/3211/14523
f 2447/3210/14524 2450/3214/14525 1576/3212/14526
f 1648/3209/14527 1625/3215/14528 2449/3213/14529
f 2448/3211/14530 2449/3213/14531 2451/3216/14532
f 2447/3210/14533 2451/3216/14534 2450/3214/14535
f 2447/3210/14536 2448/3211/14537 2451/3216/14538
f 1576/3212/14539 2450/3214/14540 2452/3217/14541
f 1625/3215/14542 1706/3218/14543 2453/3219/14544
f 1625/3215/14545 2453/3219/14546 2449/3213/14547
f 2451/3216/14548 2449/3213/14549 2454/3220/14550
f 1576/3212/14551 2452/3217/14552 1577/3221/14553
f 2450/3214/14554 2455/3222/14555 2456/3223/14556
f 2450/3214/14557 2451/3216/14558 2455/3222/14559
f 2451/3216/14560 2454/3220/14561 2455/3222/14562
f 2450/3214/14563 2456/3223/14564 2452/3217/14565
f 1706/3218/14566 1705/3224/14567 2453/3219/14568
f 2449/3213/14569 2453/3219/14570 2457/3225/14571
f 2453/3219/14572 1705/3224/14573 2457/3225/14574
f 2449/3213/14575 2457/3225/14576 2454/3220/14577
f 1577/3221/14578 2458/3226/14579 1579/3227/14580
f 1577/3221/14581 2452/3217/14582 2458/3226/14583
f 2455/3222/14584 2459/3228/14585 2456/3223/14586
f 2454/3220/14587 2457/3225/14588 2459/3228/14589
f 2454/3220/14590 2459/3228/14591 2455/3222/14592
f 1705/3224/14593 1704/3229/14594 2457/3225/14595
f 2457/3225/14596 1704/3229/14597 2459/3228/14598
f 1579/3227/14599 2458/3226/14600 1581/3230/14601
f 2452/3217/14602 2460/3231/14603 2458/3226/14604
f 2458/3226/14605 2460/3231/14606 1581/3230/14607
f 2452/3217/14608 2456/3223/14609 2460/3231/14610
f 1704/3229/14611 1703/3232/14612 2461/3233/14613
f 1704/3229/14614 2461/3233/14615 2459/3228/14616
f 1581/3230/14617 2460/3231/14618 2462/3234/14619
f 2460/3231/14620 2456/3223/14621 2462/3234/14622
f 1703/3232/14623 2463/3235/14624 2461/3233/14625
f 2459/3228/14626 2464/3236/14627 2456/3223/14628
f 2464/3236/14629 2462/3234/14630 2456/3223/14631
f 2464/3236/14632 2461/3233/14633 2463/3235/14634
f 2464/3236/14635 2459/3228/14636 2461/3233/14637
f 2464/3236/14638 2463/3235/14639 2462/3234/14640
f 1581/3230/14641 2462/3234/14642 1587/3237/14643
f 2462/3234/14644 2463/3235/14645 1587/3237/14646
f 1703/3232/14647 1702/3238/14648 2463/3235/14649
f 2463/3235/14650 1702/3238/14651 1587/3237/14652
f 1867/3239/14653 1877/3240/14654 2465/3241/14655
f 1867/3239/14656 2465/3241/14657 1861/3242/14658
f 1877/3240/14659 2466/3243/14660 2465/3241/14661
f 1861/3242/14662 2465/3241/14663 2467/3244/14664
f 2465/3241/14665 2466/3243/14666 2467/3244/14667
f 1877/3240/14668 1787/3245/14669 2466/3243/14670
f 1861/3242/14671 2467/3244/14672 2468/3246/14673
f 1787/3245/14674 1788/3247/14675 2469/3248/14676
f 2466/3243/14677 1787/3245/14678 2470/3249/14679
f 1787/3245/14680 2469/3248/14681 2470/3249/14682
f 1861/3242/14683 2468/3246/14684 1843/3250/14685
f 2467/3244/14686 2471/3251/14687 2468/3246/14688
f 2466/3243/14689 2470/3249/14690 2471/3251/14691
f 2466/3243/14692 2471/3251/14693 2467/3244/14694
f 1788/3247/14695 1791/3252/14696 2472/3253/14697
f 1788/3247/14698 2472/3253/14699 2469/3248/14700
f 1843/3250/14701 2468/3246/14702 2473/3254/14703
f 2470/3249/14704 2469/3248/14705 2474/3255/14706
f 2471/3251/14707 2475/3256/14708 2468/3246/14709
f 1791/3252/14710 1797/3257/14711 2472/3253/14712
f 1843/3250/14713 2473/3254/14714 1916/3258/14715
f 2470/3249/14716 2474/3255/14717 2476/3259/14718
f 2471/3251/14719 2476/3259/14720 2475/3256/14721
f 2471/3251/14722 2470/3249/14723 2476/3259/14724
f 2469/3248/14725 2472/3253/14726 2477/3260/14727
f 2472/3253/14728 1797/3257/14729 2477/3260/14730
f 2469/3248/14731 2477/3260/14732 2474/3255/14733
f 2468/3246/14734 2475/3256/14735 2478/3261/14736
f 2468/3246/14737 2478/3261/14738 2473/3254/14739
f 1916/3258/14740 2473/3254/14741 1915/3262/14742
f 2473/3254/14743 2478/3261/14744 1915/3262/14745
f 2476/3259/14746 2474/3255/14747 2479/3263/14748
f 2475/3256/14749 2476/3259/14750 2479/3263/14751
f 2475/3256/14752 2479/3263/14753 2478/3261/14754
f 1797/3257/14755 2480/3264/14756 2477/3260/14757
f 2477/3260/14758 2480/3264/14759 2474/3255/14760
f 1915/3262/14761 2478/3261/14762 1912/3265/14763
f 2478/3261/14764 2479/3263/14765 1912/3265/14766
f 1797/3257/14767 1806/3266/14768 2480/3264/14769
f 2474/3255/14770 2481/3267/14771 2479/3263/14772
f 2474/3255/14773 2480/3264/14774 2481/3267/14775
f 1912/3265/14776 2482/3268/14777 1914/3269/14778
f 2479/3263/14779 2481/3267/14780 2482/3268/14781
f 2479/3263/14782 2482/3268/14783 1912/3265/14784
f 1806/3266/14785 2483/3270/14786 2480/3264/14787
f 2482/3268/14788 2483/3270/14789 1914/3269/14790
f 2481/3267/14791 2480/3264/14792 2483/3270/14793
f 2481/3267/14794 2483/3270/14795 2482/3268/14796
f 1806/3266/14797 1913/3271/14798 2483/3270/14799
f 2483/3270/14800 1913/3271/14801 1914/3269/14802
#4934 polygons

usemtl Material #13
s 2
f 819/1061/4861 820/1062/4862 821/1063/4863
f 819/1061/4864 822/1064/4865 820/1062/4866
f 819/1061/4867 821/1063/4868 823/1065/4869
f 819/1061/4870 824/1066/4871 822/1064/4872
f 819/1061/4873 823/1065/4874 825/1067/4875
f 819/1061/4876 826/1068/4877 824/1066/4878
f 819/1061/4879 825/1067/4880 826/1068/4881
f 820/1062/4882 827/1069/4883 821/1063/4884
f 820/1062/4885 822/1064/4886 828/1070/4887
f 820/1062/4888 829/1071/4889 827/1069/4890
f 820/1062/4891 828/1070/4892 829/1071/4893
f 823/1065/4894 821/1063/4895 830/1072/4896
f 824/1066/4897 831/1073/4898 822/1064/4899
f 822/1064/4900 831/1073/4901 828/1070/4902
f 827/1069/4903 829/1071/4904 832/1074/4905
f 827/1069/4906 833/1075/4907 821/1063/4908
f 827/1069/4909 832/1074/4910 834/1076/4911
f 827/1069/4912 835/1077/4913 833/1075/4914
f 827/1069/4915 834/1076/4916 835/1077/4917
f 821/1063/4918 833/1075/4919 830/1072/4920
f 831/1073/4921 836/1078/4922 828/1070/4923
f 829/1071/4924 837/1079/4925 832/1074/4926
f 829/1071/4927 828/1070/4928 838/1080/4929
f 829/1071/4930 838/1080/4931 837/1079/4932
f 838/1080/4933 828/1070/4934 836/1078/4935
f 834/1076/4936 839/1081/4937 835/1077/4938
f 834/1076/4939 832/1074/4940 840/1082/4941
f 834/1076/4942 841/1083/4943 839/1081/4944
f 834/1076/4945 840/1082/4946 842/1084/4947
f 834/1076/4948 842/1084/4949 841/1083/4950
f 840/1082/4951 832/1074/4952 837/1079/4953
f 833/1075/4954 843/1085/4955 830/1072/4956
f 833/1075/4957 835/1077/4958 844/1086/4959
f 833/1075/4960 844/1086/4961 843/1085/4962
f 839/1081/4963 845/1087/4964 835/1077/4965
f 835/1077/4966 845/1087/4967 844/1086/4968
f 843/1085/4969 844/1086/4970 846/1088/4971
f 845/1087/4972 847/1089/4973 844/1086/4974
f 844/1086/4975 847/1089/4976 846/1088/4977
f 847/1089/4978 848/1090/4979 846/1088/4980
f 849/1091/4981 850/1092/4982 851/1093/4983
f 849/1091/4984 852/1094/4985 850/1092/4986
f 849/1091/4987 851/1093/4988 853/1095/4989
f 849/1091/4990 854/1096/4991 852/1094/4992
f 849/1091/4993 853/1095/4994 855/1097/4995
f 849/1091/4996 856/1098/4997 854/1096/4998
f 849/1091/4999 855/1097/5000 856/1098/5001
f 850/1092/5002 857/1099/5003 851/1093/5004
f 850/1092/5005 852/1094/5006 858/1100/5007
f 850/1092/5008 859/1101/5009 857/1099/5010
f 850/1092/5011 858/1100/5012 859/1101/5013
f 853/1095/5014 860/1102/5015 855/1097/5016
f 853/1095/5017 851/1093/5018 861/1103/5019
f 853/1095/5020 861/1103/5021 860/1102/5022
f 857/1099/5023 859/1101/5024 862/1104/5025
f 857/1099/5026 863/1105/5027 851/1093/5028
f 857/1099/5029 862/1104/5030 864/1106/5031
f 857/1099/5032 865/1107/5033 863/1105/5034
f 857/1099/5035 864/1106/5036 865/1107/5037
f 851/1093/5038 863/1105/5039 861/1103/5040
f 858/1100/5041 866/1108/5042 859/1101/5043
f 860/1102/5044 861/1103/5045 867/1109/5046
f 862/1104/5047 868/1110/5048 864/1106/5049
f 862/1104/5050 859/1101/5051 869/1111/5052
f 862/1104/5053 870/1112/5054 868/1110/5055
f 862/1104/5056 869/1111/5057 870/1112/5058
f 859/1101/5059 866/1108/5060 869/1111/5061
f 865/1107/5062 871/1113/5063 863/1105/5064
f 865/1107/5065 864/1106/5066 872/1114/5067
f 865/1107/5068 872/1114/5069 871/1113/5070
f 861/1103/5071 873/1115/5072 867/1109/5073
f 861/1103/5074 863/1105/5075 873/1115/5076
f 873/1115/5077 863/1105/5078 871/1113/5079
f 868/1110/5080 874/1116/5081 864/1106/5082
f 870/1112/5083 869/1111/5084 875/1117/5085
f 866/1108/5086 876/1118/5087 869/1111/5088
f 869/1111/5089 876/1118/5090 875/1117/5091
f 872/1114/5092 864/1106/5093 877/1119/5094
f 877/1119/5095 864/1106/5096 874/1116/5097
f 876/1118/5098 878/1120/5099 875/1117/5100
#4934 polygons

usemtl Material #14
s 4
f 879/1121/5101 880/1122/5102 881/1123/5103
f 879/1121/5104 882/1124/5105 880/1122/5106
f 879/1121/5107 881/1123/5108 883/1125/5109
f 879/1121/5110 884/1126/5111 882/1124/5112
f 879/1121/5113 883/1125/5114 838/1127/5115
f 879/1121/5116 836/1128/5117 884/1126/5118
f 879/1121/5119 838/1127/5120 836/1128/5121
f 880/1122/5122 885/1129/5123 881/1123/5124
f 880/1122/5125 882/1124/5126 886/1130/5127
f 880/1122/5128 887/1131/5129 885/1129/5130
f 880/1122/5131 886/1130/5132 887/1131/5133
f 883/1125/5134 881/1123/5135 888/1132/5136
f 884/1126/5137 836/1128/5138 889/1133/5139
f 884/1126/5140 890/1134/5141 882/1124/5142
f 885/1129/5143 887/1131/5144 891/1135/5145
f 885/1129/5146 892/1136/5147 881/1123/5148
f 885/1129/5149 891/1135/5150 893/1137/5151
f 885/1129/5152 893/1137/5153 892/1136/5154
f 881/1123/5155 892/1136/5156 888/1132/5157
f 886/1130/5158 882/1124/5159 894/1138/5160
f 886/1130/5161 895/1139/5162 887/1131/5163
f 886/1130/5164 894/1138/5165 867/1140/5166
f 886/1130/5167 873/1141/5168 895/1139/5169
f 886/1130/5170 867/1140/5171 873/1141/5172
f 882/1124/5173 890/1134/5174 894/1138/5175
f 891/1135/5176 896/1142/5177 893/1137/5178
f 891/1135/5179 887/1131/5180 897/1143/5181
f 891/1135/5182 898/1144/5183 896/1142/5184
f 891/1135/5185 897/1143/5186 898/1144/5187
f 897/1143/5188 887/1131/5189 895/1139/5190
f 892/1136/5191 899/1145/5192 888/1132/5193
f 892/1136/5194 893/1137/5195 900/1146/5196
f 892/1136/5197 900/1146/5198 899/1145/5199
f 867/1140/5200 894/1138/5201 901/1147/5202
f 896/1142/5203 898/1144/5204 902/1148/5205
f 900/1146/5206 903/1149/5207 899/1145/5208
#4934 polygons

